"n","x0","eta","c","r","Weight","Power","MCSE","Power_MCSE"
50,0.25,0.05,0.5,1,"Uniform",0.05,0.00308220700148449,"0.0500 (0.0031)"
50,0.25,0.05,0.5,1,"Central",0.0514,0.00312275647465504,"0.0514 (0.0031)"
50,0.25,0.05,0.5,1,"Tail",0.0508,0.00310545842026584,"0.0508 (0.0031)"
50,0.25,0.05,0.5,2,"Uniform",0.0554,0.00323514574633045,"0.0554 (0.0032)"
50,0.25,0.05,0.5,2,"Central",0.044,0.00290048271844533,"0.0440 (0.0029)"
50,0.25,0.05,0.5,2,"Tail",0.0502,0.00308804015517933,"0.0502 (0.0031)"
50,0.25,0.05,0.5,3,"Uniform",0.0506,0.00309966578843591,"0.0506 (0.0031)"
50,0.25,0.05,0.5,3,"Central",0.0538,0.00319078548323136,"0.0538 (0.0032)"
50,0.25,0.05,0.5,3,"Tail",0.0462,0.00296868859936505,"0.0462 (0.0030)"
50,0.25,0.05,0.5,5,"Uniform",0.0514,0.00312275647465504,"0.0514 (0.0031)"
50,0.25,0.05,0.5,5,"Central",0.05,0.00308220700148449,"0.0500 (0.0031)"
50,0.25,0.05,0.5,5,"Tail",0.0516,0.00312849612433834,"0.0516 (0.0031)"
50,0.25,0.05,0.5,8,"Uniform",0.0494,0.0030646252625729,"0.0494 (0.0031)"
50,0.25,0.05,0.5,8,"Central",0.0504,0.00309385972532693,"0.0504 (0.0031)"
50,0.25,0.05,0.5,8,"Tail",0.0448,0.00292550713552369,"0.0448 (0.0029)"
50,0.25,0.05,1,1,"Uniform",0.0502,0.00308804015517933,"0.0502 (0.0031)"
50,0.25,0.05,1,1,"Central",0.0574,0.0032895361375124,"0.0574 (0.0033)"
50,0.25,0.05,1,1,"Tail",0.0504,0.00309385972532693,"0.0504 (0.0031)"
50,0.25,0.05,1,2,"Uniform",0.0532,0.00317394895989208,"0.0532 (0.0032)"
50,0.25,0.05,1,2,"Central",0.0476,0.00301112072159188,"0.0476 (0.0030)"
50,0.25,0.05,1,2,"Tail",0.0474,0.00300510365877785,"0.0474 (0.0030)"
50,0.25,0.05,1,3,"Uniform",0.0496,0.00307049963361014,"0.0496 (0.0031)"
50,0.25,0.05,1,3,"Central",0.053,0.00316831185333767,"0.0530 (0.0032)"
50,0.25,0.05,1,3,"Tail",0.0444,0.00291302729132427,"0.0444 (0.0029)"
50,0.25,0.05,1,5,"Uniform",0.0486,0.0030409879973456,"0.0486 (0.0030)"
50,0.25,0.05,1,5,"Central",0.0482,0.00302908435009658,"0.0482 (0.0030)"
50,0.25,0.05,1,5,"Tail",0.0478,0.00301712313305241,"0.0478 (0.0030)"
50,0.25,0.05,1,8,"Uniform",0.0564,0.00326248494249399,"0.0564 (0.0033)"
50,0.25,0.05,1,8,"Central",0.05,0.00308220700148449,"0.0500 (0.0031)"
50,0.25,0.05,1,8,"Tail",0.0462,0.00296868859936505,"0.0462 (0.0030)"
50,0.25,0.05,1.5,1,"Uniform",0.0486,0.0030409879973456,"0.0486 (0.0030)"
50,0.25,0.05,1.5,1,"Central",0.0574,0.0032895361375124,"0.0574 (0.0033)"
50,0.25,0.05,1.5,1,"Tail",0.0442,0.00290676314824583,"0.0442 (0.0029)"
50,0.25,0.05,1.5,2,"Uniform",0.0498,0.00307636018697421,"0.0498 (0.0031)"
50,0.25,0.05,1.5,2,"Central",0.0496,0.00307049963361014,"0.0496 (0.0031)"
50,0.25,0.05,1.5,2,"Tail",0.0484,0.00303504332753257,"0.0484 (0.0030)"
50,0.25,0.05,1.5,3,"Uniform",0.0472,0.00299907185642492,"0.0472 (0.0030)"
50,0.25,0.05,1.5,3,"Central",0.0554,0.00323514574633045,"0.0554 (0.0032)"
50,0.25,0.05,1.5,3,"Tail",0.0472,0.00299907185642492,"0.0472 (0.0030)"
50,0.25,0.05,1.5,5,"Uniform",0.0514,0.00312275647465504,"0.0514 (0.0031)"
50,0.25,0.05,1.5,5,"Central",0.0528,0.00316266216975509,"0.0528 (0.0032)"
50,0.25,0.05,1.5,5,"Tail",0.0416,0.00282380735886852,"0.0416 (0.0028)"
50,0.25,0.05,1.5,8,"Uniform",0.0492,0.00305873699425106,"0.0492 (0.0031)"
50,0.25,0.05,1.5,8,"Central",0.0504,0.00309385972532693,"0.0504 (0.0031)"
50,0.25,0.05,1.5,8,"Tail",0.0464,0.00297479545515318,"0.0464 (0.0030)"
50,0.25,0.05,2,1,"Uniform",0.047,0.00299302522541993,"0.0470 (0.0030)"
50,0.25,0.05,2,1,"Central",0.0624,0.00342070869850094,"0.0624 (0.0034)"
50,0.25,0.05,2,1,"Tail",0.0436,0.00288787257336608,"0.0436 (0.0029)"
50,0.25,0.05,2,2,"Uniform",0.0484,0.00303504332753257,"0.0484 (0.0030)"
50,0.25,0.05,2,2,"Central",0.0546,0.00321306209090332,"0.0546 (0.0032)"
50,0.25,0.05,2,2,"Tail",0.0472,0.00299907185642492,"0.0472 (0.0030)"
50,0.25,0.05,2,3,"Uniform",0.0466,0.00298088711627931,"0.0466 (0.0030)"
50,0.25,0.05,2,3,"Central",0.0466,0.00298088711627931,"0.0466 (0.0030)"
50,0.25,0.05,2,3,"Tail",0.0454,0.00294410733499986,"0.0454 (0.0029)"
50,0.25,0.05,2,5,"Uniform",0.0508,0.00310545842026584,"0.0508 (0.0031)"
50,0.25,0.05,2,5,"Central",0.0438,0.00289418589589542,"0.0438 (0.0029)"
50,0.25,0.05,2,5,"Tail",0.0482,0.00302908435009658,"0.0482 (0.0030)"
50,0.25,0.05,2,8,"Uniform",0.049,0.00305283474822991,"0.0490 (0.0031)"
50,0.25,0.05,2,8,"Central",0.0522,0.00314563697841947,"0.0522 (0.0031)"
50,0.25,0.05,2,8,"Tail",0.044,0.00290048271844533,"0.0440 (0.0029)"
50,0.25,0.1,0.5,1,"Uniform",0.0486,0.0030409879973456,"0.0486 (0.0030)"
50,0.25,0.1,0.5,1,"Central",0.0596,0.00334806929438445,"0.0596 (0.0033)"
50,0.25,0.1,0.5,1,"Tail",0.048,0.00302311098043059,"0.0480 (0.0030)"
50,0.25,0.1,0.5,2,"Uniform",0.05,0.00308220700148449,"0.0500 (0.0031)"
50,0.25,0.1,0.5,2,"Central",0.0524,0.00315132480077824,"0.0524 (0.0032)"
50,0.25,0.1,0.5,2,"Tail",0.0428,0.00286245209566903,"0.0428 (0.0029)"
50,0.25,0.1,0.5,3,"Uniform",0.0474,0.00300510365877785,"0.0474 (0.0030)"
50,0.25,0.1,0.5,3,"Central",0.0512,0.0031170036894428,"0.0512 (0.0031)"
50,0.25,0.1,0.5,3,"Tail",0.0478,0.00301712313305241,"0.0478 (0.0030)"
50,0.25,0.1,0.5,5,"Uniform",0.0458,0.00295642892693195,"0.0458 (0.0030)"
50,0.25,0.1,0.5,5,"Central",0.0534,0.00317957355631223,"0.0534 (0.0032)"
50,0.25,0.1,0.5,5,"Tail",0.0458,0.00295642892693195,"0.0458 (0.0030)"
50,0.25,0.1,0.5,8,"Uniform",0.049,0.00305283474822991,"0.0490 (0.0031)"
50,0.25,0.1,0.5,8,"Central",0.048,0.00302311098043059,"0.0480 (0.0030)"
50,0.25,0.1,0.5,8,"Tail",0.04,0.0027712812921102,"0.0400 (0.0028)"
50,0.25,0.1,1,1,"Uniform",0.05,0.00308220700148449,"0.0500 (0.0031)"
50,0.25,0.1,1,1,"Central",0.0576,0.00329491244193226,"0.0576 (0.0033)"
50,0.25,0.1,1,1,"Tail",0.0384,0.00271755183943195,"0.0384 (0.0027)"
50,0.25,0.1,1,2,"Uniform",0.0484,0.00303504332753257,"0.0484 (0.0030)"
50,0.25,0.1,1,2,"Central",0.0516,0.00312849612433834,"0.0516 (0.0031)"
50,0.25,0.1,1,2,"Tail",0.0408,0.00279769047608916,"0.0408 (0.0028)"
50,0.25,0.1,1,3,"Uniform",0.0488,0.00304691844328003,"0.0488 (0.0030)"
50,0.25,0.1,1,3,"Central",0.0516,0.00312849612433834,"0.0516 (0.0031)"
50,0.25,0.1,1,3,"Tail",0.0436,0.00288787257336608,"0.0436 (0.0029)"
50,0.25,0.1,1,5,"Uniform",0.048,0.00302311098043059,"0.0480 (0.0030)"
50,0.25,0.1,1,5,"Central",0.043,0.00286883251515316,"0.0430 (0.0029)"
50,0.25,0.1,1,5,"Tail",0.0484,0.00303504332753257,"0.0484 (0.0030)"
50,0.25,0.1,1,8,"Uniform",0.0492,0.00305873699425106,"0.0492 (0.0031)"
50,0.25,0.1,1,8,"Central",0.0572,0.00328414859590732,"0.0572 (0.0033)"
50,0.25,0.1,1,8,"Tail",0.055,0.0032241277890307,"0.0550 (0.0032)"
50,0.25,0.1,1.5,1,"Uniform",0.047,0.00299302522541993,"0.0470 (0.0030)"
50,0.25,0.1,1.5,1,"Central",0.0636,0.0034512328232097,"0.0636 (0.0035)"
50,0.25,0.1,1.5,1,"Tail",0.042,0.00283675871374356,"0.0420 (0.0028)"
50,0.25,0.1,1.5,2,"Uniform",0.0548,0.00321860093829602,"0.0548 (0.0032)"
50,0.25,0.1,1.5,2,"Central",0.052,0.00313993630508646,"0.0520 (0.0031)"
50,0.25,0.1,1.5,2,"Tail",0.0406,0.00279111590586991,"0.0406 (0.0028)"
50,0.25,0.1,1.5,3,"Uniform",0.0504,0.00309385972532693,"0.0504 (0.0031)"
50,0.25,0.1,1.5,3,"Central",0.0542,0.00320194815698193,"0.0542 (0.0032)"
50,0.25,0.1,1.5,3,"Tail",0.036,0.00263453980801202,"0.0360 (0.0026)"
50,0.25,0.1,1.5,5,"Uniform",0.0458,0.00295642892693195,"0.0458 (0.0030)"
50,0.25,0.1,1.5,5,"Central",0.0516,0.00312849612433834,"0.0516 (0.0031)"
50,0.25,0.1,1.5,5,"Tail",0.0448,0.00292550713552369,"0.0448 (0.0029)"
50,0.25,0.1,1.5,8,"Uniform",0.0524,0.00315132480077824,"0.0524 (0.0032)"
50,0.25,0.1,1.5,8,"Central",0.0466,0.00298088711627931,"0.0466 (0.0030)"
50,0.25,0.1,1.5,8,"Tail",0.0452,0.00293792307591605,"0.0452 (0.0029)"
50,0.25,0.1,2,1,"Uniform",0.0476,0.00301112072159188,"0.0476 (0.0030)"
50,0.25,0.1,2,1,"Central",0.0584,0.00331630637909105,"0.0584 (0.0033)"
50,0.25,0.1,2,1,"Tail",0.0388,0.00273110087693589,"0.0388 (0.0027)"
50,0.25,0.1,2,2,"Uniform",0.051,0.00311123769583746,"0.0510 (0.0031)"
50,0.25,0.1,2,2,"Central",0.0508,0.00310545842026584,"0.0508 (0.0031)"
50,0.25,0.1,2,2,"Tail",0.0402,0.00277791144567281,"0.0402 (0.0028)"
50,0.25,0.1,2,3,"Uniform",0.0398,0.00276463234445378,"0.0398 (0.0028)"
50,0.25,0.1,2,3,"Central",0.0494,0.0030646252625729,"0.0494 (0.0031)"
50,0.25,0.1,2,3,"Tail",0.0362,0.00264157377334043,"0.0362 (0.0026)"
50,0.25,0.1,2,5,"Uniform",0.042,0.00283675871374356,"0.0420 (0.0028)"
50,0.25,0.1,2,5,"Central",0.0466,0.00298088711627931,"0.0466 (0.0030)"
50,0.25,0.1,2,5,"Tail",0.0396,0.00275796446677618,"0.0396 (0.0028)"
50,0.25,0.1,2,8,"Uniform",0.0498,0.00307636018697421,"0.0498 (0.0031)"
50,0.25,0.1,2,8,"Central",0.0474,0.00300510365877785,"0.0474 (0.0030)"
50,0.25,0.1,2,8,"Tail",0.0346,0.0025846794772273,"0.0346 (0.0026)"
50,0.25,0.2,0.5,1,"Uniform",0.0438,0.00289418589589542,"0.0438 (0.0029)"
50,0.25,0.2,0.5,1,"Central",0.0624,0.00342070869850094,"0.0624 (0.0034)"
50,0.25,0.2,0.5,1,"Tail",0.046,0.00296256645495084,"0.0460 (0.0030)"
50,0.25,0.2,0.5,2,"Uniform",0.055,0.0032241277890307,"0.0550 (0.0032)"
50,0.25,0.2,0.5,2,"Central",0.0538,0.00319078548323136,"0.0538 (0.0032)"
50,0.25,0.2,0.5,2,"Tail",0.0412,0.00281078494374792,"0.0412 (0.0028)"
50,0.25,0.2,0.5,3,"Uniform",0.0538,0.00319078548323136,"0.0538 (0.0032)"
50,0.25,0.2,0.5,3,"Central",0.0498,0.00307636018697421,"0.0498 (0.0031)"
50,0.25,0.2,0.5,3,"Tail",0.0488,0.00304691844328003,"0.0488 (0.0030)"
50,0.25,0.2,0.5,5,"Uniform",0.0496,0.00307049963361014,"0.0496 (0.0031)"
50,0.25,0.2,0.5,5,"Central",0.05,0.00308220700148449,"0.0500 (0.0031)"
50,0.25,0.2,0.5,5,"Tail",0.045,0.00293172304285381,"0.0450 (0.0029)"
50,0.25,0.2,0.5,8,"Uniform",0.0522,0.00314563697841947,"0.0522 (0.0031)"
50,0.25,0.2,0.5,8,"Central",0.051,0.00311123769583746,"0.0510 (0.0031)"
50,0.25,0.2,0.5,8,"Tail",0.0442,0.00290676314824583,"0.0442 (0.0029)"
50,0.25,0.2,1,1,"Uniform",0.0438,0.00289418589589542,"0.0438 (0.0029)"
50,0.25,0.2,1,1,"Central",0.0652,0.00349138826256834,"0.0652 (0.0035)"
50,0.25,0.2,1,1,"Tail",0.0444,0.00291302729132427,"0.0444 (0.0029)"
50,0.25,0.2,1,2,"Uniform",0.048,0.00302311098043059,"0.0480 (0.0030)"
50,0.25,0.2,1,2,"Central",0.0478,0.00301712313305241,"0.0478 (0.0030)"
50,0.25,0.2,1,2,"Tail",0.0396,0.00275796446677618,"0.0396 (0.0028)"
50,0.25,0.2,1,3,"Uniform",0.052,0.00313993630508646,"0.0520 (0.0031)"
50,0.25,0.2,1,3,"Central",0.05,0.00308220700148449,"0.0500 (0.0031)"
50,0.25,0.2,1,3,"Tail",0.0404,0.00278452293939195,"0.0404 (0.0028)"
50,0.25,0.2,1,5,"Uniform",0.048,0.00302311098043059,"0.0480 (0.0030)"
50,0.25,0.2,1,5,"Central",0.0502,0.00308804015517933,"0.0502 (0.0031)"
50,0.25,0.2,1,5,"Tail",0.0444,0.00291302729132427,"0.0444 (0.0029)"
50,0.25,0.2,1,8,"Uniform",0.0552,0.0032296427046966,"0.0552 (0.0032)"
50,0.25,0.2,1,8,"Central",0.0506,0.00309966578843591,"0.0506 (0.0031)"
50,0.25,0.2,1,8,"Tail",0.0468,0.00298696367570816,"0.0468 (0.0030)"
50,0.25,0.2,1.5,1,"Uniform",0.0496,0.00307049963361014,"0.0496 (0.0031)"
50,0.25,0.2,1.5,1,"Central",0.0594,0.00334280241713446,"0.0594 (0.0033)"
50,0.25,0.2,1.5,1,"Tail",0.0366,0.00265557677350891,"0.0366 (0.0027)"
50,0.25,0.2,1.5,2,"Uniform",0.0514,0.00312275647465504,"0.0514 (0.0031)"
50,0.25,0.2,1.5,2,"Central",0.0472,0.00299907185642492,"0.0472 (0.0030)"
50,0.25,0.2,1.5,2,"Tail",0.0386,0.00272433624943765,"0.0386 (0.0027)"
50,0.25,0.2,1.5,3,"Uniform",0.046,0.00296256645495084,"0.0460 (0.0030)"
50,0.25,0.2,1.5,3,"Central",0.0464,0.00297479545515318,"0.0464 (0.0030)"
50,0.25,0.2,1.5,3,"Tail",0.0424,0.00284963997726029,"0.0424 (0.0028)"
50,0.25,0.2,1.5,5,"Uniform",0.0444,0.00291302729132427,"0.0444 (0.0029)"
50,0.25,0.2,1.5,5,"Central",0.0414,0.00281730509529941,"0.0414 (0.0028)"
50,0.25,0.2,1.5,5,"Tail",0.0418,0.00283029185774188,"0.0418 (0.0028)"
50,0.25,0.2,1.5,8,"Uniform",0.0444,0.00291302729132427,"0.0444 (0.0029)"
50,0.25,0.2,1.5,8,"Central",0.0466,0.00298088711627931,"0.0466 (0.0030)"
50,0.25,0.2,1.5,8,"Tail",0.0398,0.00276463234445378,"0.0398 (0.0028)"
50,0.25,0.2,2,1,"Uniform",0.0452,0.00293792307591605,"0.0452 (0.0029)"
50,0.25,0.2,2,1,"Central",0.0596,0.00334806929438445,"0.0596 (0.0033)"
50,0.25,0.2,2,1,"Tail",0.0384,0.00271755183943195,"0.0384 (0.0027)"
50,0.25,0.2,2,2,"Uniform",0.0478,0.00301712313305241,"0.0478 (0.0030)"
50,0.25,0.2,2,2,"Central",0.0444,0.00291302729132427,"0.0444 (0.0029)"
50,0.25,0.2,2,2,"Tail",0.0324,0.00250400638976821,"0.0324 (0.0025)"
50,0.25,0.2,2,3,"Uniform",0.0478,0.00301712313305241,"0.0478 (0.0030)"
50,0.25,0.2,2,3,"Central",0.0502,0.00308804015517933,"0.0502 (0.0031)"
50,0.25,0.2,2,3,"Tail",0.0346,0.0025846794772273,"0.0346 (0.0026)"
50,0.25,0.2,2,5,"Uniform",0.0366,0.00265557677350891,"0.0366 (0.0027)"
50,0.25,0.2,2,5,"Central",0.0394,0.00275127752144345,"0.0394 (0.0028)"
50,0.25,0.2,2,5,"Tail",0.0388,0.00273110087693589,"0.0388 (0.0027)"
50,0.25,0.2,2,8,"Uniform",0.0472,0.00299907185642492,"0.0472 (0.0030)"
50,0.25,0.2,2,8,"Central",0.043,0.00286883251515316,"0.0430 (0.0029)"
50,0.25,0.2,2,8,"Tail",0.0406,0.00279111590586991,"0.0406 (0.0028)"
50,0.5,0.05,0.5,1,"Uniform",0.0472,0.00299907185642492,"0.0472 (0.0030)"
50,0.5,0.05,0.5,1,"Central",0.0492,0.00305873699425106,"0.0492 (0.0031)"
50,0.5,0.05,0.5,1,"Tail",0.0482,0.00302908435009658,"0.0482 (0.0030)"
50,0.5,0.05,0.5,2,"Uniform",0.0524,0.00315132480077824,"0.0524 (0.0032)"
50,0.5,0.05,0.5,2,"Central",0.0468,0.00298696367570816,"0.0468 (0.0030)"
50,0.5,0.05,0.5,2,"Tail",0.046,0.00296256645495084,"0.0460 (0.0030)"
50,0.5,0.05,0.5,3,"Uniform",0.0524,0.00315132480077824,"0.0524 (0.0032)"
50,0.5,0.05,0.5,3,"Central",0.0468,0.00298696367570816,"0.0468 (0.0030)"
50,0.5,0.05,0.5,3,"Tail",0.0486,0.0030409879973456,"0.0486 (0.0030)"
50,0.5,0.05,0.5,5,"Uniform",0.056,0.00325158422926425,"0.0560 (0.0033)"
50,0.5,0.05,0.5,5,"Central",0.0436,0.00288787257336608,"0.0436 (0.0029)"
50,0.5,0.05,0.5,5,"Tail",0.055,0.0032241277890307,"0.0550 (0.0032)"
50,0.5,0.05,0.5,8,"Uniform",0.0538,0.00319078548323136,"0.0538 (0.0032)"
50,0.5,0.05,0.5,8,"Central",0.053,0.00316831185333767,"0.0530 (0.0032)"
50,0.5,0.05,0.5,8,"Tail",0.0464,0.00297479545515318,"0.0464 (0.0030)"
50,0.5,0.05,1,1,"Uniform",0.046,0.00296256645495084,"0.0460 (0.0030)"
50,0.5,0.05,1,1,"Central",0.0556,0.00324063697442339,"0.0556 (0.0032)"
50,0.5,0.05,1,1,"Tail",0.0502,0.00308804015517933,"0.0502 (0.0031)"
50,0.5,0.05,1,2,"Uniform",0.0586,0.00332162731202644,"0.0586 (0.0033)"
50,0.5,0.05,1,2,"Central",0.0428,0.00286245209566903,"0.0428 (0.0029)"
50,0.5,0.05,1,2,"Tail",0.0538,0.00319078548323136,"0.0538 (0.0032)"
50,0.5,0.05,1,3,"Uniform",0.0468,0.00298696367570816,"0.0468 (0.0030)"
50,0.5,0.05,1,3,"Central",0.048,0.00302311098043059,"0.0480 (0.0030)"
50,0.5,0.05,1,3,"Tail",0.0552,0.0032296427046966,"0.0552 (0.0032)"
50,0.5,0.05,1,5,"Uniform",0.0496,0.00307049963361014,"0.0496 (0.0031)"
50,0.5,0.05,1,5,"Central",0.0444,0.00291302729132427,"0.0444 (0.0029)"
50,0.5,0.05,1,5,"Tail",0.0484,0.00303504332753257,"0.0484 (0.0030)"
50,0.5,0.05,1,8,"Uniform",0.049,0.00305283474822991,"0.0490 (0.0031)"
50,0.5,0.05,1,8,"Central",0.0526,0.00315699984162179,"0.0526 (0.0032)"
50,0.5,0.05,1,8,"Tail",0.0494,0.0030646252625729,"0.0494 (0.0031)"
50,0.5,0.05,1.5,1,"Uniform",0.0454,0.00294410733499986,"0.0454 (0.0029)"
50,0.5,0.05,1.5,1,"Central",0.0502,0.00308804015517933,"0.0502 (0.0031)"
50,0.5,0.05,1.5,1,"Tail",0.0548,0.00321860093829602,"0.0548 (0.0032)"
50,0.5,0.05,1.5,2,"Uniform",0.0508,0.00310545842026584,"0.0508 (0.0031)"
50,0.5,0.05,1.5,2,"Central",0.0436,0.00288787257336608,"0.0436 (0.0029)"
50,0.5,0.05,1.5,2,"Tail",0.0516,0.00312849612433834,"0.0516 (0.0031)"
50,0.5,0.05,1.5,3,"Uniform",0.0484,0.00303504332753257,"0.0484 (0.0030)"
50,0.5,0.05,1.5,3,"Central",0.0458,0.00295642892693195,"0.0458 (0.0030)"
50,0.5,0.05,1.5,3,"Tail",0.052,0.00313993630508646,"0.0520 (0.0031)"
50,0.5,0.05,1.5,5,"Uniform",0.0458,0.00295642892693195,"0.0458 (0.0030)"
50,0.5,0.05,1.5,5,"Central",0.0482,0.00302908435009658,"0.0482 (0.0030)"
50,0.5,0.05,1.5,5,"Tail",0.0502,0.00308804015517933,"0.0502 (0.0031)"
50,0.5,0.05,1.5,8,"Uniform",0.052,0.00313993630508646,"0.0520 (0.0031)"
50,0.5,0.05,1.5,8,"Central",0.0482,0.00302908435009658,"0.0482 (0.0030)"
50,0.5,0.05,1.5,8,"Tail",0.0478,0.00301712313305241,"0.0478 (0.0030)"
50,0.5,0.05,2,1,"Uniform",0.0506,0.00309966578843591,"0.0506 (0.0031)"
50,0.5,0.05,2,1,"Central",0.0438,0.00289418589589542,"0.0438 (0.0029)"
50,0.5,0.05,2,1,"Tail",0.0522,0.00314563697841947,"0.0522 (0.0031)"
50,0.5,0.05,2,2,"Uniform",0.049,0.00305283474822991,"0.0490 (0.0031)"
50,0.5,0.05,2,2,"Central",0.041,0.00280424677944007,"0.0410 (0.0028)"
50,0.5,0.05,2,2,"Tail",0.0536,0.00318518570887162,"0.0536 (0.0032)"
50,0.5,0.05,2,3,"Uniform",0.0506,0.00309966578843591,"0.0506 (0.0031)"
50,0.5,0.05,2,3,"Central",0.0434,0.00288154264240528,"0.0434 (0.0029)"
50,0.5,0.05,2,3,"Tail",0.0516,0.00312849612433834,"0.0516 (0.0031)"
50,0.5,0.05,2,5,"Uniform",0.0468,0.00298696367570816,"0.0468 (0.0030)"
50,0.5,0.05,2,5,"Central",0.0442,0.00290676314824583,"0.0442 (0.0029)"
50,0.5,0.05,2,5,"Tail",0.0598,0.00335332551357604,"0.0598 (0.0034)"
50,0.5,0.05,2,8,"Uniform",0.049,0.00305283474822991,"0.0490 (0.0031)"
50,0.5,0.05,2,8,"Central",0.0464,0.00297479545515318,"0.0464 (0.0030)"
50,0.5,0.05,2,8,"Tail",0.0428,0.00286245209566903,"0.0428 (0.0029)"
50,0.5,0.1,0.5,1,"Uniform",0.0484,0.00303504332753257,"0.0484 (0.0030)"
50,0.5,0.1,0.5,1,"Central",0.052,0.00313993630508646,"0.0520 (0.0031)"
50,0.5,0.1,0.5,1,"Tail",0.0494,0.0030646252625729,"0.0494 (0.0031)"
50,0.5,0.1,0.5,2,"Uniform",0.0534,0.00317957355631223,"0.0534 (0.0032)"
50,0.5,0.1,0.5,2,"Central",0.0438,0.00289418589589542,"0.0438 (0.0029)"
50,0.5,0.1,0.5,2,"Tail",0.051,0.00311123769583746,"0.0510 (0.0031)"
50,0.5,0.1,0.5,3,"Uniform",0.0522,0.00314563697841947,"0.0522 (0.0031)"
50,0.5,0.1,0.5,3,"Central",0.0504,0.00309385972532693,"0.0504 (0.0031)"
50,0.5,0.1,0.5,3,"Tail",0.0458,0.00295642892693195,"0.0458 (0.0030)"
50,0.5,0.1,0.5,5,"Uniform",0.052,0.00313993630508646,"0.0520 (0.0031)"
50,0.5,0.1,0.5,5,"Central",0.047,0.00299302522541993,"0.0470 (0.0030)"
50,0.5,0.1,0.5,5,"Tail",0.0562,0.00325704037432759,"0.0562 (0.0033)"
50,0.5,0.1,0.5,8,"Uniform",0.05,0.00308220700148449,"0.0500 (0.0031)"
50,0.5,0.1,0.5,8,"Central",0.0464,0.00297479545515318,"0.0464 (0.0030)"
50,0.5,0.1,0.5,8,"Tail",0.0502,0.00308804015517933,"0.0502 (0.0031)"
50,0.5,0.1,1,1,"Uniform",0.0486,0.0030409879973456,"0.0486 (0.0030)"
50,0.5,0.1,1,1,"Central",0.0458,0.00295642892693195,"0.0458 (0.0030)"
50,0.5,0.1,1,1,"Tail",0.0574,0.0032895361375124,"0.0574 (0.0033)"
50,0.5,0.1,1,2,"Uniform",0.0512,0.0031170036894428,"0.0512 (0.0031)"
50,0.5,0.1,1,2,"Central",0.0474,0.00300510365877785,"0.0474 (0.0030)"
50,0.5,0.1,1,2,"Tail",0.054,0.00319637294444813,"0.0540 (0.0032)"
50,0.5,0.1,1,3,"Uniform",0.0502,0.00308804015517933,"0.0502 (0.0031)"
50,0.5,0.1,1,3,"Central",0.0438,0.00289418589589542,"0.0438 (0.0029)"
50,0.5,0.1,1,3,"Tail",0.0518,0.0031342227106573,"0.0518 (0.0031)"
50,0.5,0.1,1,5,"Uniform",0.0558,0.00324611644892786,"0.0558 (0.0032)"
50,0.5,0.1,1,5,"Central",0.0486,0.0030409879973456,"0.0486 (0.0030)"
50,0.5,0.1,1,5,"Tail",0.0468,0.00298696367570816,"0.0468 (0.0030)"
50,0.5,0.1,1,8,"Uniform",0.0556,0.00324063697442339,"0.0556 (0.0032)"
50,0.5,0.1,1,8,"Central",0.0462,0.00296868859936505,"0.0462 (0.0030)"
50,0.5,0.1,1,8,"Tail",0.05,0.00308220700148449,"0.0500 (0.0031)"
50,0.5,0.1,1.5,1,"Uniform",0.0468,0.00298696367570816,"0.0468 (0.0030)"
50,0.5,0.1,1.5,1,"Central",0.0416,0.00282380735886852,"0.0416 (0.0028)"
50,0.5,0.1,1.5,1,"Tail",0.056,0.00325158422926425,"0.0560 (0.0033)"
50,0.5,0.1,1.5,2,"Uniform",0.0498,0.00307636018697421,"0.0498 (0.0031)"
50,0.5,0.1,1.5,2,"Central",0.0434,0.00288154264240528,"0.0434 (0.0029)"
50,0.5,0.1,1.5,2,"Tail",0.054,0.00319637294444813,"0.0540 (0.0032)"
50,0.5,0.1,1.5,3,"Uniform",0.0518,0.0031342227106573,"0.0518 (0.0031)"
50,0.5,0.1,1.5,3,"Central",0.0426,0.00285605462132642,"0.0426 (0.0029)"
50,0.5,0.1,1.5,3,"Tail",0.052,0.00313993630508646,"0.0520 (0.0031)"
50,0.5,0.1,1.5,5,"Uniform",0.054,0.00319637294444813,"0.0540 (0.0032)"
50,0.5,0.1,1.5,5,"Central",0.0404,0.00278452293939195,"0.0404 (0.0028)"
50,0.5,0.1,1.5,5,"Tail",0.0502,0.00308804015517933,"0.0502 (0.0031)"
50,0.5,0.1,1.5,8,"Uniform",0.0516,0.00312849612433834,"0.0516 (0.0031)"
50,0.5,0.1,1.5,8,"Central",0.0528,0.00316266216975509,"0.0528 (0.0032)"
50,0.5,0.1,1.5,8,"Tail",0.0474,0.00300510365877785,"0.0474 (0.0030)"
50,0.5,0.1,2,1,"Uniform",0.0472,0.00299907185642492,"0.0472 (0.0030)"
50,0.5,0.1,2,1,"Central",0.039,0.00273784586856163,"0.0390 (0.0027)"
50,0.5,0.1,2,1,"Tail",0.0652,0.00349138826256834,"0.0652 (0.0035)"
50,0.5,0.1,2,2,"Uniform",0.0438,0.00289418589589542,"0.0438 (0.0029)"
50,0.5,0.1,2,2,"Central",0.0442,0.00290676314824583,"0.0442 (0.0029)"
50,0.5,0.1,2,2,"Tail",0.0566,0.00326791799162709,"0.0566 (0.0033)"
50,0.5,0.1,2,3,"Uniform",0.0444,0.00291302729132427,"0.0444 (0.0029)"
50,0.5,0.1,2,3,"Central",0.0466,0.00298088711627931,"0.0466 (0.0030)"
50,0.5,0.1,2,3,"Tail",0.049,0.00305283474822991,"0.0490 (0.0031)"
50,0.5,0.1,2,5,"Uniform",0.0472,0.00299907185642492,"0.0472 (0.0030)"
50,0.5,0.1,2,5,"Central",0.0386,0.00272433624943765,"0.0386 (0.0027)"
50,0.5,0.1,2,5,"Tail",0.047,0.00299302522541993,"0.0470 (0.0030)"
50,0.5,0.1,2,8,"Uniform",0.0458,0.00295642892693195,"0.0458 (0.0030)"
50,0.5,0.1,2,8,"Central",0.0488,0.00304691844328003,"0.0488 (0.0030)"
50,0.5,0.1,2,8,"Tail",0.05,0.00308220700148449,"0.0500 (0.0031)"
50,0.5,0.2,0.5,1,"Uniform",0.0486,0.0030409879973456,"0.0486 (0.0030)"
50,0.5,0.2,0.5,1,"Central",0.0522,0.00314563697841947,"0.0522 (0.0031)"
50,0.5,0.2,0.5,1,"Tail",0.0468,0.00298696367570816,"0.0468 (0.0030)"
50,0.5,0.2,0.5,2,"Uniform",0.0494,0.0030646252625729,"0.0494 (0.0031)"
50,0.5,0.2,0.5,2,"Central",0.0492,0.00305873699425106,"0.0492 (0.0031)"
50,0.5,0.2,0.5,2,"Tail",0.0476,0.00301112072159188,"0.0476 (0.0030)"
50,0.5,0.2,0.5,3,"Uniform",0.0476,0.00301112072159188,"0.0476 (0.0030)"
50,0.5,0.2,0.5,3,"Central",0.0478,0.00301712313305241,"0.0478 (0.0030)"
50,0.5,0.2,0.5,3,"Tail",0.0486,0.0030409879973456,"0.0486 (0.0030)"
50,0.5,0.2,0.5,5,"Uniform",0.051,0.00311123769583746,"0.0510 (0.0031)"
50,0.5,0.2,0.5,5,"Central",0.0464,0.00297479545515318,"0.0464 (0.0030)"
50,0.5,0.2,0.5,5,"Tail",0.0472,0.00299907185642492,"0.0472 (0.0030)"
50,0.5,0.2,0.5,8,"Uniform",0.0478,0.00301712313305241,"0.0478 (0.0030)"
50,0.5,0.2,0.5,8,"Central",0.0442,0.00290676314824583,"0.0442 (0.0029)"
50,0.5,0.2,0.5,8,"Tail",0.0486,0.0030409879973456,"0.0486 (0.0030)"
50,0.5,0.2,1,1,"Uniform",0.048,0.00302311098043059,"0.0480 (0.0030)"
50,0.5,0.2,1,1,"Central",0.0494,0.0030646252625729,"0.0494 (0.0031)"
50,0.5,0.2,1,1,"Tail",0.055,0.0032241277890307,"0.0550 (0.0032)"
50,0.5,0.2,1,2,"Uniform",0.0472,0.00299907185642492,"0.0472 (0.0030)"
50,0.5,0.2,1,2,"Central",0.0412,0.00281078494374792,"0.0412 (0.0028)"
50,0.5,0.2,1,2,"Tail",0.0524,0.00315132480077824,"0.0524 (0.0032)"
50,0.5,0.2,1,3,"Uniform",0.0518,0.0031342227106573,"0.0518 (0.0031)"
50,0.5,0.2,1,3,"Central",0.0482,0.00302908435009658,"0.0482 (0.0030)"
50,0.5,0.2,1,3,"Tail",0.054,0.00319637294444813,"0.0540 (0.0032)"
50,0.5,0.2,1,5,"Uniform",0.055,0.0032241277890307,"0.0550 (0.0032)"
50,0.5,0.2,1,5,"Central",0.0476,0.00301112072159188,"0.0476 (0.0030)"
50,0.5,0.2,1,5,"Tail",0.0506,0.00309966578843591,"0.0506 (0.0031)"
50,0.5,0.2,1,8,"Uniform",0.0492,0.00305873699425106,"0.0492 (0.0031)"
50,0.5,0.2,1,8,"Central",0.0524,0.00315132480077824,"0.0524 (0.0032)"
50,0.5,0.2,1,8,"Tail",0.0532,0.00317394895989208,"0.0532 (0.0032)"
50,0.5,0.2,1.5,1,"Uniform",0.0438,0.00289418589589542,"0.0438 (0.0029)"
50,0.5,0.2,1.5,1,"Central",0.0472,0.00299907185642492,"0.0472 (0.0030)"
50,0.5,0.2,1.5,1,"Tail",0.0572,0.00328414859590732,"0.0572 (0.0033)"
50,0.5,0.2,1.5,2,"Uniform",0.0528,0.00316266216975509,"0.0528 (0.0032)"
50,0.5,0.2,1.5,2,"Central",0.045,0.00293172304285381,"0.0450 (0.0029)"
50,0.5,0.2,1.5,2,"Tail",0.0566,0.00326791799162709,"0.0566 (0.0033)"
50,0.5,0.2,1.5,3,"Uniform",0.0506,0.00309966578843591,"0.0506 (0.0031)"
50,0.5,0.2,1.5,3,"Central",0.0502,0.00308804015517933,"0.0502 (0.0031)"
50,0.5,0.2,1.5,3,"Tail",0.0568,0.00327333957908433,"0.0568 (0.0033)"
50,0.5,0.2,1.5,5,"Uniform",0.0496,0.00307049963361014,"0.0496 (0.0031)"
50,0.5,0.2,1.5,5,"Central",0.0486,0.0030409879973456,"0.0486 (0.0030)"
50,0.5,0.2,1.5,5,"Tail",0.0482,0.00302908435009658,"0.0482 (0.0030)"
50,0.5,0.2,1.5,8,"Uniform",0.0474,0.00300510365877785,"0.0474 (0.0030)"
50,0.5,0.2,1.5,8,"Central",0.0486,0.0030409879973456,"0.0486 (0.0030)"
50,0.5,0.2,1.5,8,"Tail",0.0576,0.00329491244193226,"0.0576 (0.0033)"
50,0.5,0.2,2,1,"Uniform",0.048,0.00302311098043059,"0.0480 (0.0030)"
50,0.5,0.2,2,1,"Central",0.0388,0.00273110087693589,"0.0388 (0.0027)"
50,0.5,0.2,2,1,"Tail",0.0612,0.00338982477423244,"0.0612 (0.0034)"
50,0.5,0.2,2,2,"Uniform",0.0538,0.00319078548323136,"0.0538 (0.0032)"
50,0.5,0.2,2,2,"Central",0.0422,0.00284320804725929,"0.0422 (0.0028)"
50,0.5,0.2,2,2,"Tail",0.0566,0.00326791799162709,"0.0566 (0.0033)"
50,0.5,0.2,2,3,"Uniform",0.0486,0.0030409879973456,"0.0486 (0.0030)"
50,0.5,0.2,2,3,"Central",0.0406,0.00279111590586991,"0.0406 (0.0028)"
50,0.5,0.2,2,3,"Tail",0.0574,0.0032895361375124,"0.0574 (0.0033)"
50,0.5,0.2,2,5,"Uniform",0.0446,0.00291927525252416,"0.0446 (0.0029)"
50,0.5,0.2,2,5,"Central",0.0464,0.00297479545515318,"0.0464 (0.0030)"
50,0.5,0.2,2,5,"Tail",0.0536,0.00318518570887162,"0.0536 (0.0032)"
50,0.5,0.2,2,8,"Uniform",0.047,0.00299302522541993,"0.0470 (0.0030)"
50,0.5,0.2,2,8,"Central",0.0436,0.00288787257336608,"0.0436 (0.0029)"
50,0.5,0.2,2,8,"Tail",0.0536,0.00318518570887162,"0.0536 (0.0032)"
50,0.75,0.05,0.5,1,"Uniform",0.047,0.00299302522541993,"0.0470 (0.0030)"
50,0.75,0.05,0.5,1,"Central",0.0572,0.00328414859590732,"0.0572 (0.0033)"
50,0.75,0.05,0.5,1,"Tail",0.0498,0.00307636018697421,"0.0498 (0.0031)"
50,0.75,0.05,0.5,2,"Uniform",0.0492,0.00305873699425106,"0.0492 (0.0031)"
50,0.75,0.05,0.5,2,"Central",0.052,0.00313993630508646,"0.0520 (0.0031)"
50,0.75,0.05,0.5,2,"Tail",0.0486,0.0030409879973456,"0.0486 (0.0030)"
50,0.75,0.05,0.5,3,"Uniform",0.054,0.00319637294444813,"0.0540 (0.0032)"
50,0.75,0.05,0.5,3,"Central",0.0478,0.00301712313305241,"0.0478 (0.0030)"
50,0.75,0.05,0.5,3,"Tail",0.0528,0.00316266216975509,"0.0528 (0.0032)"
50,0.75,0.05,0.5,5,"Uniform",0.0452,0.00293792307591605,"0.0452 (0.0029)"
50,0.75,0.05,0.5,5,"Central",0.05,0.00308220700148449,"0.0500 (0.0031)"
50,0.75,0.05,0.5,5,"Tail",0.0514,0.00312275647465504,"0.0514 (0.0031)"
50,0.75,0.05,0.5,8,"Uniform",0.055,0.0032241277890307,"0.0550 (0.0032)"
50,0.75,0.05,0.5,8,"Central",0.052,0.00313993630508646,"0.0520 (0.0031)"
50,0.75,0.05,0.5,8,"Tail",0.047,0.00299302522541993,"0.0470 (0.0030)"
50,0.75,0.05,1,1,"Uniform",0.049,0.00305283474822991,"0.0490 (0.0031)"
50,0.75,0.05,1,1,"Central",0.057,0.00327874976172321,"0.0570 (0.0033)"
50,0.75,0.05,1,1,"Tail",0.05,0.00308220700148449,"0.0500 (0.0031)"
50,0.75,0.05,1,2,"Uniform",0.0498,0.00307636018697421,"0.0498 (0.0031)"
50,0.75,0.05,1,2,"Central",0.0492,0.00305873699425106,"0.0492 (0.0031)"
50,0.75,0.05,1,2,"Tail",0.0476,0.00301112072159188,"0.0476 (0.0030)"
50,0.75,0.05,1,3,"Uniform",0.0492,0.00305873699425106,"0.0492 (0.0031)"
50,0.75,0.05,1,3,"Central",0.0506,0.00309966578843591,"0.0506 (0.0031)"
50,0.75,0.05,1,3,"Tail",0.054,0.00319637294444813,"0.0540 (0.0032)"
50,0.75,0.05,1,5,"Uniform",0.0458,0.00295642892693195,"0.0458 (0.0030)"
50,0.75,0.05,1,5,"Central",0.0434,0.00288154264240528,"0.0434 (0.0029)"
50,0.75,0.05,1,5,"Tail",0.0452,0.00293792307591605,"0.0452 (0.0029)"
50,0.75,0.05,1,8,"Uniform",0.053,0.00316831185333767,"0.0530 (0.0032)"
50,0.75,0.05,1,8,"Central",0.0516,0.00312849612433834,"0.0516 (0.0031)"
50,0.75,0.05,1,8,"Tail",0.0452,0.00293792307591605,"0.0452 (0.0029)"
50,0.75,0.05,1.5,1,"Uniform",0.0518,0.0031342227106573,"0.0518 (0.0031)"
50,0.75,0.05,1.5,1,"Central",0.0534,0.00317957355631223,"0.0534 (0.0032)"
50,0.75,0.05,1.5,1,"Tail",0.0572,0.00328414859590732,"0.0572 (0.0033)"
50,0.75,0.05,1.5,2,"Uniform",0.0524,0.00315132480077824,"0.0524 (0.0032)"
50,0.75,0.05,1.5,2,"Central",0.043,0.00286883251515316,"0.0430 (0.0029)"
50,0.75,0.05,1.5,2,"Tail",0.0456,0.00295027591929975,"0.0456 (0.0030)"
50,0.75,0.05,1.5,3,"Uniform",0.052,0.00313993630508646,"0.0520 (0.0031)"
50,0.75,0.05,1.5,3,"Central",0.049,0.00305283474822991,"0.0490 (0.0031)"
50,0.75,0.05,1.5,3,"Tail",0.0552,0.0032296427046966,"0.0552 (0.0032)"
50,0.75,0.05,1.5,5,"Uniform",0.0482,0.00302908435009658,"0.0482 (0.0030)"
50,0.75,0.05,1.5,5,"Central",0.0456,0.00295027591929975,"0.0456 (0.0030)"
50,0.75,0.05,1.5,5,"Tail",0.0504,0.00309385972532693,"0.0504 (0.0031)"
50,0.75,0.05,1.5,8,"Uniform",0.0492,0.00305873699425106,"0.0492 (0.0031)"
50,0.75,0.05,1.5,8,"Central",0.0522,0.00314563697841947,"0.0522 (0.0031)"
50,0.75,0.05,1.5,8,"Tail",0.0504,0.00309385972532693,"0.0504 (0.0031)"
50,0.75,0.05,2,1,"Uniform",0.048,0.00302311098043059,"0.0480 (0.0030)"
50,0.75,0.05,2,1,"Central",0.0526,0.00315699984162179,"0.0526 (0.0032)"
50,0.75,0.05,2,1,"Tail",0.0536,0.00318518570887162,"0.0536 (0.0032)"
50,0.75,0.05,2,2,"Uniform",0.0484,0.00303504332753257,"0.0484 (0.0030)"
50,0.75,0.05,2,2,"Central",0.0484,0.00303504332753257,"0.0484 (0.0030)"
50,0.75,0.05,2,2,"Tail",0.0502,0.00308804015517933,"0.0502 (0.0031)"
50,0.75,0.05,2,3,"Uniform",0.0406,0.00279111590586991,"0.0406 (0.0028)"
50,0.75,0.05,2,3,"Central",0.045,0.00293172304285381,"0.0450 (0.0029)"
50,0.75,0.05,2,3,"Tail",0.0536,0.00318518570887162,"0.0536 (0.0032)"
50,0.75,0.05,2,5,"Uniform",0.0468,0.00298696367570816,"0.0468 (0.0030)"
50,0.75,0.05,2,5,"Central",0.0506,0.00309966578843591,"0.0506 (0.0031)"
50,0.75,0.05,2,5,"Tail",0.0486,0.0030409879973456,"0.0486 (0.0030)"
50,0.75,0.05,2,8,"Uniform",0.0522,0.00314563697841947,"0.0522 (0.0031)"
50,0.75,0.05,2,8,"Central",0.0436,0.00288787257336608,"0.0436 (0.0029)"
50,0.75,0.05,2,8,"Tail",0.0508,0.00310545842026584,"0.0508 (0.0031)"
50,0.75,0.1,0.5,1,"Uniform",0.0496,0.00307049963361014,"0.0496 (0.0031)"
50,0.75,0.1,0.5,1,"Central",0.0532,0.00317394895989208,"0.0532 (0.0032)"
50,0.75,0.1,0.5,1,"Tail",0.0522,0.00314563697841947,"0.0522 (0.0031)"
50,0.75,0.1,0.5,2,"Uniform",0.0522,0.00314563697841947,"0.0522 (0.0031)"
50,0.75,0.1,0.5,2,"Central",0.045,0.00293172304285381,"0.0450 (0.0029)"
50,0.75,0.1,0.5,2,"Tail",0.0528,0.00316266216975509,"0.0528 (0.0032)"
50,0.75,0.1,0.5,3,"Uniform",0.0506,0.00309966578843591,"0.0506 (0.0031)"
50,0.75,0.1,0.5,3,"Central",0.052,0.00313993630508646,"0.0520 (0.0031)"
50,0.75,0.1,0.5,3,"Tail",0.0454,0.00294410733499986,"0.0454 (0.0029)"
50,0.75,0.1,0.5,5,"Uniform",0.0514,0.00312275647465504,"0.0514 (0.0031)"
50,0.75,0.1,0.5,5,"Central",0.0506,0.00309966578843591,"0.0506 (0.0031)"
50,0.75,0.1,0.5,5,"Tail",0.0496,0.00307049963361014,"0.0496 (0.0031)"
50,0.75,0.1,0.5,8,"Uniform",0.0514,0.00312275647465504,"0.0514 (0.0031)"
50,0.75,0.1,0.5,8,"Central",0.0506,0.00309966578843591,"0.0506 (0.0031)"
50,0.75,0.1,0.5,8,"Tail",0.0452,0.00293792307591605,"0.0452 (0.0029)"
50,0.75,0.1,1,1,"Uniform",0.0542,0.00320194815698193,"0.0542 (0.0032)"
50,0.75,0.1,1,1,"Central",0.0496,0.00307049963361014,"0.0496 (0.0031)"
50,0.75,0.1,1,1,"Tail",0.0522,0.00314563697841947,"0.0522 (0.0031)"
50,0.75,0.1,1,2,"Uniform",0.0514,0.00312275647465504,"0.0514 (0.0031)"
50,0.75,0.1,1,2,"Central",0.0486,0.0030409879973456,"0.0486 (0.0030)"
50,0.75,0.1,1,2,"Tail",0.0534,0.00317957355631223,"0.0534 (0.0032)"
50,0.75,0.1,1,3,"Uniform",0.0488,0.00304691844328003,"0.0488 (0.0030)"
50,0.75,0.1,1,3,"Central",0.0506,0.00309966578843591,"0.0506 (0.0031)"
50,0.75,0.1,1,3,"Tail",0.047,0.00299302522541993,"0.0470 (0.0030)"
50,0.75,0.1,1,5,"Uniform",0.0548,0.00321860093829602,"0.0548 (0.0032)"
50,0.75,0.1,1,5,"Central",0.044,0.00290048271844533,"0.0440 (0.0029)"
50,0.75,0.1,1,5,"Tail",0.0502,0.00308804015517933,"0.0502 (0.0031)"
50,0.75,0.1,1,8,"Uniform",0.0558,0.00324611644892786,"0.0558 (0.0032)"
50,0.75,0.1,1,8,"Central",0.0472,0.00299907185642492,"0.0472 (0.0030)"
50,0.75,0.1,1,8,"Tail",0.0528,0.00316266216975509,"0.0528 (0.0032)"
50,0.75,0.1,1.5,1,"Uniform",0.0448,0.00292550713552369,"0.0448 (0.0029)"
50,0.75,0.1,1.5,1,"Central",0.0524,0.00315132480077824,"0.0524 (0.0032)"
50,0.75,0.1,1.5,1,"Tail",0.0518,0.0031342227106573,"0.0518 (0.0031)"
50,0.75,0.1,1.5,2,"Uniform",0.0474,0.00300510365877785,"0.0474 (0.0030)"
50,0.75,0.1,1.5,2,"Central",0.0398,0.00276463234445378,"0.0398 (0.0028)"
50,0.75,0.1,1.5,2,"Tail",0.049,0.00305283474822991,"0.0490 (0.0031)"
50,0.75,0.1,1.5,3,"Uniform",0.0498,0.00307636018697421,"0.0498 (0.0031)"
50,0.75,0.1,1.5,3,"Central",0.048,0.00302311098043059,"0.0480 (0.0030)"
50,0.75,0.1,1.5,3,"Tail",0.054,0.00319637294444813,"0.0540 (0.0032)"
50,0.75,0.1,1.5,5,"Uniform",0.0558,0.00324611644892786,"0.0558 (0.0032)"
50,0.75,0.1,1.5,5,"Central",0.0454,0.00294410733499986,"0.0454 (0.0029)"
50,0.75,0.1,1.5,5,"Tail",0.0498,0.00307636018697421,"0.0498 (0.0031)"
50,0.75,0.1,1.5,8,"Uniform",0.0484,0.00303504332753257,"0.0484 (0.0030)"
50,0.75,0.1,1.5,8,"Central",0.0502,0.00308804015517933,"0.0502 (0.0031)"
50,0.75,0.1,1.5,8,"Tail",0.0464,0.00297479545515318,"0.0464 (0.0030)"
50,0.75,0.1,2,1,"Uniform",0.0496,0.00307049963361014,"0.0496 (0.0031)"
50,0.75,0.1,2,1,"Central",0.0432,0.00287519599331941,"0.0432 (0.0029)"
50,0.75,0.1,2,1,"Tail",0.0638,0.00345628586780665,"0.0638 (0.0035)"
50,0.75,0.1,2,2,"Uniform",0.0424,0.00284963997726029,"0.0424 (0.0028)"
50,0.75,0.1,2,2,"Central",0.0422,0.00284320804725929,"0.0422 (0.0028)"
50,0.75,0.1,2,2,"Tail",0.0542,0.00320194815698193,"0.0542 (0.0032)"
50,0.75,0.1,2,3,"Uniform",0.046,0.00296256645495084,"0.0460 (0.0030)"
50,0.75,0.1,2,3,"Central",0.0426,0.00285605462132642,"0.0426 (0.0029)"
50,0.75,0.1,2,3,"Tail",0.0468,0.00298696367570816,"0.0468 (0.0030)"
50,0.75,0.1,2,5,"Uniform",0.0428,0.00286245209566903,"0.0428 (0.0029)"
50,0.75,0.1,2,5,"Central",0.0404,0.00278452293939195,"0.0404 (0.0028)"
50,0.75,0.1,2,5,"Tail",0.047,0.00299302522541993,"0.0470 (0.0030)"
50,0.75,0.1,2,8,"Uniform",0.0426,0.00285605462132642,"0.0426 (0.0029)"
50,0.75,0.1,2,8,"Central",0.045,0.00293172304285381,"0.0450 (0.0029)"
50,0.75,0.1,2,8,"Tail",0.047,0.00299302522541993,"0.0470 (0.0030)"
50,0.75,0.2,0.5,1,"Uniform",0.0492,0.00305873699425106,"0.0492 (0.0031)"
50,0.75,0.2,0.5,1,"Central",0.0536,0.00318518570887162,"0.0536 (0.0032)"
50,0.75,0.2,0.5,1,"Tail",0.0458,0.00295642892693195,"0.0458 (0.0030)"
50,0.75,0.2,0.5,2,"Uniform",0.052,0.00313993630508646,"0.0520 (0.0031)"
50,0.75,0.2,0.5,2,"Central",0.0472,0.00299907185642492,"0.0472 (0.0030)"
50,0.75,0.2,0.5,2,"Tail",0.054,0.00319637294444813,"0.0540 (0.0032)"
50,0.75,0.2,0.5,3,"Uniform",0.0488,0.00304691844328003,"0.0488 (0.0030)"
50,0.75,0.2,0.5,3,"Central",0.0464,0.00297479545515318,"0.0464 (0.0030)"
50,0.75,0.2,0.5,3,"Tail",0.0502,0.00308804015517933,"0.0502 (0.0031)"
50,0.75,0.2,0.5,5,"Uniform",0.0478,0.00301712313305241,"0.0478 (0.0030)"
50,0.75,0.2,0.5,5,"Central",0.0454,0.00294410733499986,"0.0454 (0.0029)"
50,0.75,0.2,0.5,5,"Tail",0.0558,0.00324611644892786,"0.0558 (0.0032)"
50,0.75,0.2,0.5,8,"Uniform",0.0534,0.00317957355631223,"0.0534 (0.0032)"
50,0.75,0.2,0.5,8,"Central",0.0502,0.00308804015517933,"0.0502 (0.0031)"
50,0.75,0.2,0.5,8,"Tail",0.0452,0.00293792307591605,"0.0452 (0.0029)"
50,0.75,0.2,1,1,"Uniform",0.046,0.00296256645495084,"0.0460 (0.0030)"
50,0.75,0.2,1,1,"Central",0.0498,0.00307636018697421,"0.0498 (0.0031)"
50,0.75,0.2,1,1,"Tail",0.053,0.00316831185333767,"0.0530 (0.0032)"
50,0.75,0.2,1,2,"Uniform",0.0498,0.00307636018697421,"0.0498 (0.0031)"
50,0.75,0.2,1,2,"Central",0.046,0.00296256645495084,"0.0460 (0.0030)"
50,0.75,0.2,1,2,"Tail",0.051,0.00311123769583746,"0.0510 (0.0031)"
50,0.75,0.2,1,3,"Uniform",0.0478,0.00301712313305241,"0.0478 (0.0030)"
50,0.75,0.2,1,3,"Central",0.0472,0.00299907185642492,"0.0472 (0.0030)"
50,0.75,0.2,1,3,"Tail",0.0498,0.00307636018697421,"0.0498 (0.0031)"
50,0.75,0.2,1,5,"Uniform",0.0472,0.00299907185642492,"0.0472 (0.0030)"
50,0.75,0.2,1,5,"Central",0.0458,0.00295642892693195,"0.0458 (0.0030)"
50,0.75,0.2,1,5,"Tail",0.0466,0.00298088711627931,"0.0466 (0.0030)"
50,0.75,0.2,1,8,"Uniform",0.052,0.00313993630508646,"0.0520 (0.0031)"
50,0.75,0.2,1,8,"Central",0.0508,0.00310545842026584,"0.0508 (0.0031)"
50,0.75,0.2,1,8,"Tail",0.0466,0.00298088711627931,"0.0466 (0.0030)"
50,0.75,0.2,1.5,1,"Uniform",0.043,0.00286883251515316,"0.0430 (0.0029)"
50,0.75,0.2,1.5,1,"Central",0.0486,0.0030409879973456,"0.0486 (0.0030)"
50,0.75,0.2,1.5,1,"Tail",0.067,0.00353584501922808,"0.0670 (0.0035)"
50,0.75,0.2,1.5,2,"Uniform",0.0438,0.00289418589589542,"0.0438 (0.0029)"
50,0.75,0.2,1.5,2,"Central",0.0454,0.00294410733499986,"0.0454 (0.0029)"
50,0.75,0.2,1.5,2,"Tail",0.0598,0.00335332551357604,"0.0598 (0.0034)"
50,0.75,0.2,1.5,3,"Uniform",0.0416,0.00282380735886852,"0.0416 (0.0028)"
50,0.75,0.2,1.5,3,"Central",0.0412,0.00281078494374792,"0.0412 (0.0028)"
50,0.75,0.2,1.5,3,"Tail",0.0536,0.00318518570887162,"0.0536 (0.0032)"
50,0.75,0.2,1.5,5,"Uniform",0.0434,0.00288154264240528,"0.0434 (0.0029)"
50,0.75,0.2,1.5,5,"Central",0.0436,0.00288787257336608,"0.0436 (0.0029)"
50,0.75,0.2,1.5,5,"Tail",0.0548,0.00321860093829602,"0.0548 (0.0032)"
50,0.75,0.2,1.5,8,"Uniform",0.0468,0.00298696367570816,"0.0468 (0.0030)"
50,0.75,0.2,1.5,8,"Central",0.0466,0.00298088711627931,"0.0466 (0.0030)"
50,0.75,0.2,1.5,8,"Tail",0.0554,0.00323514574633045,"0.0554 (0.0032)"
50,0.75,0.2,2,1,"Uniform",0.0444,0.00291302729132427,"0.0444 (0.0029)"
50,0.75,0.2,2,1,"Central",0.04,0.0027712812921102,"0.0400 (0.0028)"
50,0.75,0.2,2,1,"Tail",0.0684,0.00356991428468528,"0.0684 (0.0036)"
50,0.75,0.2,2,2,"Uniform",0.0446,0.00291927525252416,"0.0446 (0.0029)"
50,0.75,0.2,2,2,"Central",0.033,0.00252630164469724,"0.0330 (0.0025)"
50,0.75,0.2,2,2,"Tail",0.054,0.00319637294444813,"0.0540 (0.0032)"
50,0.75,0.2,2,3,"Uniform",0.0402,0.00277791144567281,"0.0402 (0.0028)"
50,0.75,0.2,2,3,"Central",0.0408,0.00279769047608916,"0.0408 (0.0028)"
50,0.75,0.2,2,3,"Tail",0.0536,0.00318518570887162,"0.0536 (0.0032)"
50,0.75,0.2,2,5,"Uniform",0.0458,0.00295642892693195,"0.0458 (0.0030)"
50,0.75,0.2,2,5,"Central",0.0406,0.00279111590586991,"0.0406 (0.0028)"
50,0.75,0.2,2,5,"Tail",0.0552,0.0032296427046966,"0.0552 (0.0032)"
50,0.75,0.2,2,8,"Uniform",0.0456,0.00295027591929975,"0.0456 (0.0030)"
50,0.75,0.2,2,8,"Central",0.0426,0.00285605462132642,"0.0426 (0.0029)"
50,0.75,0.2,2,8,"Tail",0.0478,0.00301712313305241,"0.0478 (0.0030)"
100,0.25,0.05,0.5,1,"Uniform",0.0486,0.0030409879973456,"0.0486 (0.0030)"
100,0.25,0.05,0.5,1,"Central",0.0508,0.00310545842026584,"0.0508 (0.0031)"
100,0.25,0.05,0.5,1,"Tail",0.0544,0.0032075111847038,"0.0544 (0.0032)"
100,0.25,0.05,0.5,2,"Uniform",0.05,0.00308220700148449,"0.0500 (0.0031)"
100,0.25,0.05,0.5,2,"Central",0.0466,0.00298088711627931,"0.0466 (0.0030)"
100,0.25,0.05,0.5,2,"Tail",0.0496,0.00307049963361014,"0.0496 (0.0031)"
100,0.25,0.05,0.5,3,"Uniform",0.0564,0.00326248494249399,"0.0564 (0.0033)"
100,0.25,0.05,0.5,3,"Central",0.0458,0.00295642892693195,"0.0458 (0.0030)"
100,0.25,0.05,0.5,3,"Tail",0.0508,0.00310545842026584,"0.0508 (0.0031)"
100,0.25,0.05,0.5,5,"Uniform",0.0518,0.0031342227106573,"0.0518 (0.0031)"
100,0.25,0.05,0.5,5,"Central",0.0436,0.00288787257336608,"0.0436 (0.0029)"
100,0.25,0.05,0.5,5,"Tail",0.0452,0.00293792307591605,"0.0452 (0.0029)"
100,0.25,0.05,0.5,8,"Uniform",0.045,0.00293172304285381,"0.0450 (0.0029)"
100,0.25,0.05,0.5,8,"Central",0.0462,0.00296868859936505,"0.0462 (0.0030)"
100,0.25,0.05,0.5,8,"Tail",0.0544,0.0032075111847038,"0.0544 (0.0032)"
100,0.25,0.05,1,1,"Uniform",0.0472,0.00299907185642492,"0.0472 (0.0030)"
100,0.25,0.05,1,1,"Central",0.0502,0.00308804015517933,"0.0502 (0.0031)"
100,0.25,0.05,1,1,"Tail",0.0516,0.00312849612433834,"0.0516 (0.0031)"
100,0.25,0.05,1,2,"Uniform",0.0542,0.00320194815698193,"0.0542 (0.0032)"
100,0.25,0.05,1,2,"Central",0.0458,0.00295642892693195,"0.0458 (0.0030)"
100,0.25,0.05,1,2,"Tail",0.0494,0.0030646252625729,"0.0494 (0.0031)"
100,0.25,0.05,1,3,"Uniform",0.0508,0.00310545842026584,"0.0508 (0.0031)"
100,0.25,0.05,1,3,"Central",0.0444,0.00291302729132427,"0.0444 (0.0029)"
100,0.25,0.05,1,3,"Tail",0.0524,0.00315132480077824,"0.0524 (0.0032)"
100,0.25,0.05,1,5,"Uniform",0.055,0.0032241277890307,"0.0550 (0.0032)"
100,0.25,0.05,1,5,"Central",0.0448,0.00292550713552369,"0.0448 (0.0029)"
100,0.25,0.05,1,5,"Tail",0.0496,0.00307049963361014,"0.0496 (0.0031)"
100,0.25,0.05,1,8,"Uniform",0.049,0.00305283474822991,"0.0490 (0.0031)"
100,0.25,0.05,1,8,"Central",0.0484,0.00303504332753257,"0.0484 (0.0030)"
100,0.25,0.05,1,8,"Tail",0.0414,0.00281730509529941,"0.0414 (0.0028)"
100,0.25,0.05,1.5,1,"Uniform",0.0508,0.00310545842026584,"0.0508 (0.0031)"
100,0.25,0.05,1.5,1,"Central",0.052,0.00313993630508646,"0.0520 (0.0031)"
100,0.25,0.05,1.5,1,"Tail",0.0542,0.00320194815698193,"0.0542 (0.0032)"
100,0.25,0.05,1.5,2,"Uniform",0.0468,0.00298696367570816,"0.0468 (0.0030)"
100,0.25,0.05,1.5,2,"Central",0.0404,0.00278452293939195,"0.0404 (0.0028)"
100,0.25,0.05,1.5,2,"Tail",0.048,0.00302311098043059,"0.0480 (0.0030)"
100,0.25,0.05,1.5,3,"Uniform",0.0542,0.00320194815698193,"0.0542 (0.0032)"
100,0.25,0.05,1.5,3,"Central",0.0528,0.00316266216975509,"0.0528 (0.0032)"
100,0.25,0.05,1.5,3,"Tail",0.0484,0.00303504332753257,"0.0484 (0.0030)"
100,0.25,0.05,1.5,5,"Uniform",0.0516,0.00312849612433834,"0.0516 (0.0031)"
100,0.25,0.05,1.5,5,"Central",0.0398,0.00276463234445378,"0.0398 (0.0028)"
100,0.25,0.05,1.5,5,"Tail",0.0466,0.00298088711627931,"0.0466 (0.0030)"
100,0.25,0.05,1.5,8,"Uniform",0.0518,0.0031342227106573,"0.0518 (0.0031)"
100,0.25,0.05,1.5,8,"Central",0.0488,0.00304691844328003,"0.0488 (0.0030)"
100,0.25,0.05,1.5,8,"Tail",0.047,0.00299302522541993,"0.0470 (0.0030)"
100,0.25,0.05,2,1,"Uniform",0.0482,0.00302908435009658,"0.0482 (0.0030)"
100,0.25,0.05,2,1,"Central",0.051,0.00311123769583746,"0.0510 (0.0031)"
100,0.25,0.05,2,1,"Tail",0.0514,0.00312275647465504,"0.0514 (0.0031)"
100,0.25,0.05,2,2,"Uniform",0.0516,0.00312849612433834,"0.0516 (0.0031)"
100,0.25,0.05,2,2,"Central",0.041,0.00280424677944007,"0.0410 (0.0028)"
100,0.25,0.05,2,2,"Tail",0.0522,0.00314563697841947,"0.0522 (0.0031)"
100,0.25,0.05,2,3,"Uniform",0.0538,0.00319078548323136,"0.0538 (0.0032)"
100,0.25,0.05,2,3,"Central",0.0488,0.00304691844328003,"0.0488 (0.0030)"
100,0.25,0.05,2,3,"Tail",0.0476,0.00301112072159188,"0.0476 (0.0030)"
100,0.25,0.05,2,5,"Uniform",0.051,0.00311123769583746,"0.0510 (0.0031)"
100,0.25,0.05,2,5,"Central",0.0446,0.00291927525252416,"0.0446 (0.0029)"
100,0.25,0.05,2,5,"Tail",0.0462,0.00296868859936505,"0.0462 (0.0030)"
100,0.25,0.05,2,8,"Uniform",0.0506,0.00309966578843591,"0.0506 (0.0031)"
100,0.25,0.05,2,8,"Central",0.0448,0.00292550713552369,"0.0448 (0.0029)"
100,0.25,0.05,2,8,"Tail",0.0436,0.00288787257336608,"0.0436 (0.0029)"
100,0.25,0.1,0.5,1,"Uniform",0.0544,0.0032075111847038,"0.0544 (0.0032)"
100,0.25,0.1,0.5,1,"Central",0.048,0.00302311098043059,"0.0480 (0.0030)"
100,0.25,0.1,0.5,1,"Tail",0.0526,0.00315699984162179,"0.0526 (0.0032)"
100,0.25,0.1,0.5,2,"Uniform",0.0486,0.0030409879973456,"0.0486 (0.0030)"
100,0.25,0.1,0.5,2,"Central",0.0462,0.00296868859936505,"0.0462 (0.0030)"
100,0.25,0.1,0.5,2,"Tail",0.052,0.00313993630508646,"0.0520 (0.0031)"
100,0.25,0.1,0.5,3,"Uniform",0.0534,0.00317957355631223,"0.0534 (0.0032)"
100,0.25,0.1,0.5,3,"Central",0.047,0.00299302522541993,"0.0470 (0.0030)"
100,0.25,0.1,0.5,3,"Tail",0.0538,0.00319078548323136,"0.0538 (0.0032)"
100,0.25,0.1,0.5,5,"Uniform",0.0548,0.00321860093829602,"0.0548 (0.0032)"
100,0.25,0.1,0.5,5,"Central",0.0456,0.00295027591929975,"0.0456 (0.0030)"
100,0.25,0.1,0.5,5,"Tail",0.0488,0.00304691844328003,"0.0488 (0.0030)"
100,0.25,0.1,0.5,8,"Uniform",0.0526,0.00315699984162179,"0.0526 (0.0032)"
100,0.25,0.1,0.5,8,"Central",0.0496,0.00307049963361014,"0.0496 (0.0031)"
100,0.25,0.1,0.5,8,"Tail",0.0476,0.00301112072159188,"0.0476 (0.0030)"
100,0.25,0.1,1,1,"Uniform",0.0536,0.00318518570887162,"0.0536 (0.0032)"
100,0.25,0.1,1,1,"Central",0.0522,0.00314563697841947,"0.0522 (0.0031)"
100,0.25,0.1,1,1,"Tail",0.0536,0.00318518570887162,"0.0536 (0.0032)"
100,0.25,0.1,1,2,"Uniform",0.0498,0.00307636018697421,"0.0498 (0.0031)"
100,0.25,0.1,1,2,"Central",0.045,0.00293172304285381,"0.0450 (0.0029)"
100,0.25,0.1,1,2,"Tail",0.0478,0.00301712313305241,"0.0478 (0.0030)"
100,0.25,0.1,1,3,"Uniform",0.0532,0.00317394895989208,"0.0532 (0.0032)"
100,0.25,0.1,1,3,"Central",0.0462,0.00296868859936505,"0.0462 (0.0030)"
100,0.25,0.1,1,3,"Tail",0.0502,0.00308804015517933,"0.0502 (0.0031)"
100,0.25,0.1,1,5,"Uniform",0.057,0.00327874976172321,"0.0570 (0.0033)"
100,0.25,0.1,1,5,"Central",0.0478,0.00301712313305241,"0.0478 (0.0030)"
100,0.25,0.1,1,5,"Tail",0.0468,0.00298696367570816,"0.0468 (0.0030)"
100,0.25,0.1,1,8,"Uniform",0.051,0.00311123769583746,"0.0510 (0.0031)"
100,0.25,0.1,1,8,"Central",0.0482,0.00302908435009658,"0.0482 (0.0030)"
100,0.25,0.1,1,8,"Tail",0.0456,0.00295027591929975,"0.0456 (0.0030)"
100,0.25,0.1,1.5,1,"Uniform",0.0408,0.00279769047608916,"0.0408 (0.0028)"
100,0.25,0.1,1.5,1,"Central",0.0516,0.00312849612433834,"0.0516 (0.0031)"
100,0.25,0.1,1.5,1,"Tail",0.0504,0.00309385972532693,"0.0504 (0.0031)"
100,0.25,0.1,1.5,2,"Uniform",0.0494,0.0030646252625729,"0.0494 (0.0031)"
100,0.25,0.1,1.5,2,"Central",0.0394,0.00275127752144345,"0.0394 (0.0028)"
100,0.25,0.1,1.5,2,"Tail",0.0458,0.00295642892693195,"0.0458 (0.0030)"
100,0.25,0.1,1.5,3,"Uniform",0.0536,0.00318518570887162,"0.0536 (0.0032)"
100,0.25,0.1,1.5,3,"Central",0.0496,0.00307049963361014,"0.0496 (0.0031)"
100,0.25,0.1,1.5,3,"Tail",0.0486,0.0030409879973456,"0.0486 (0.0030)"
100,0.25,0.1,1.5,5,"Uniform",0.0516,0.00312849612433834,"0.0516 (0.0031)"
100,0.25,0.1,1.5,5,"Central",0.0446,0.00291927525252416,"0.0446 (0.0029)"
100,0.25,0.1,1.5,5,"Tail",0.0454,0.00294410733499986,"0.0454 (0.0029)"
100,0.25,0.1,1.5,8,"Uniform",0.0394,0.00275127752144345,"0.0394 (0.0028)"
100,0.25,0.1,1.5,8,"Central",0.0482,0.00302908435009658,"0.0482 (0.0030)"
100,0.25,0.1,1.5,8,"Tail",0.0456,0.00295027591929975,"0.0456 (0.0030)"
100,0.25,0.1,2,1,"Uniform",0.0496,0.00307049963361014,"0.0496 (0.0031)"
100,0.25,0.1,2,1,"Central",0.0482,0.00302908435009658,"0.0482 (0.0030)"
100,0.25,0.1,2,1,"Tail",0.049,0.00305283474822991,"0.0490 (0.0031)"
100,0.25,0.1,2,2,"Uniform",0.045,0.00293172304285381,"0.0450 (0.0029)"
100,0.25,0.1,2,2,"Central",0.0498,0.00307636018697421,"0.0498 (0.0031)"
100,0.25,0.1,2,2,"Tail",0.0466,0.00298088711627931,"0.0466 (0.0030)"
100,0.25,0.1,2,3,"Uniform",0.0476,0.00301112072159188,"0.0476 (0.0030)"
100,0.25,0.1,2,3,"Central",0.049,0.00305283474822991,"0.0490 (0.0031)"
100,0.25,0.1,2,3,"Tail",0.046,0.00296256645495084,"0.0460 (0.0030)"
100,0.25,0.1,2,5,"Uniform",0.0516,0.00312849612433834,"0.0516 (0.0031)"
100,0.25,0.1,2,5,"Central",0.0416,0.00282380735886852,"0.0416 (0.0028)"
100,0.25,0.1,2,5,"Tail",0.0394,0.00275127752144345,"0.0394 (0.0028)"
100,0.25,0.1,2,8,"Uniform",0.0446,0.00291927525252416,"0.0446 (0.0029)"
100,0.25,0.1,2,8,"Central",0.0424,0.00284963997726029,"0.0424 (0.0028)"
100,0.25,0.1,2,8,"Tail",0.0432,0.00287519599331941,"0.0432 (0.0029)"
100,0.25,0.2,0.5,1,"Uniform",0.0486,0.0030409879973456,"0.0486 (0.0030)"
100,0.25,0.2,0.5,1,"Central",0.0516,0.00312849612433834,"0.0516 (0.0031)"
100,0.25,0.2,0.5,1,"Tail",0.051,0.00311123769583746,"0.0510 (0.0031)"
100,0.25,0.2,0.5,2,"Uniform",0.049,0.00305283474822991,"0.0490 (0.0031)"
100,0.25,0.2,0.5,2,"Central",0.047,0.00299302522541993,"0.0470 (0.0030)"
100,0.25,0.2,0.5,2,"Tail",0.0494,0.0030646252625729,"0.0494 (0.0031)"
100,0.25,0.2,0.5,3,"Uniform",0.0502,0.00308804015517933,"0.0502 (0.0031)"
100,0.25,0.2,0.5,3,"Central",0.055,0.0032241277890307,"0.0550 (0.0032)"
100,0.25,0.2,0.5,3,"Tail",0.0566,0.00326791799162709,"0.0566 (0.0033)"
100,0.25,0.2,0.5,5,"Uniform",0.051,0.00311123769583746,"0.0510 (0.0031)"
100,0.25,0.2,0.5,5,"Central",0.0404,0.00278452293939195,"0.0404 (0.0028)"
100,0.25,0.2,0.5,5,"Tail",0.046,0.00296256645495084,"0.0460 (0.0030)"
100,0.25,0.2,0.5,8,"Uniform",0.0434,0.00288154264240528,"0.0434 (0.0029)"
100,0.25,0.2,0.5,8,"Central",0.052,0.00313993630508646,"0.0520 (0.0031)"
100,0.25,0.2,0.5,8,"Tail",0.0468,0.00298696367570816,"0.0468 (0.0030)"
100,0.25,0.2,1,1,"Uniform",0.049,0.00305283474822991,"0.0490 (0.0031)"
100,0.25,0.2,1,1,"Central",0.051,0.00311123769583746,"0.0510 (0.0031)"
100,0.25,0.2,1,1,"Tail",0.0492,0.00305873699425106,"0.0492 (0.0031)"
100,0.25,0.2,1,2,"Uniform",0.0472,0.00299907185642492,"0.0472 (0.0030)"
100,0.25,0.2,1,2,"Central",0.0408,0.00279769047608916,"0.0408 (0.0028)"
100,0.25,0.2,1,2,"Tail",0.0438,0.00289418589589542,"0.0438 (0.0029)"
100,0.25,0.2,1,3,"Uniform",0.055,0.0032241277890307,"0.0550 (0.0032)"
100,0.25,0.2,1,3,"Central",0.0496,0.00307049963361014,"0.0496 (0.0031)"
100,0.25,0.2,1,3,"Tail",0.0452,0.00293792307591605,"0.0452 (0.0029)"
100,0.25,0.2,1,5,"Uniform",0.0492,0.00305873699425106,"0.0492 (0.0031)"
100,0.25,0.2,1,5,"Central",0.0454,0.00294410733499986,"0.0454 (0.0029)"
100,0.25,0.2,1,5,"Tail",0.0432,0.00287519599331941,"0.0432 (0.0029)"
100,0.25,0.2,1,8,"Uniform",0.0448,0.00292550713552369,"0.0448 (0.0029)"
100,0.25,0.2,1,8,"Central",0.0494,0.0030646252625729,"0.0494 (0.0031)"
100,0.25,0.2,1,8,"Tail",0.0466,0.00298088711627931,"0.0466 (0.0030)"
100,0.25,0.2,1.5,1,"Uniform",0.05,0.00308220700148449,"0.0500 (0.0031)"
100,0.25,0.2,1.5,1,"Central",0.0414,0.00281730509529941,"0.0414 (0.0028)"
100,0.25,0.2,1.5,1,"Tail",0.0454,0.00294410733499986,"0.0454 (0.0029)"
100,0.25,0.2,1.5,2,"Uniform",0.0458,0.00295642892693195,"0.0458 (0.0030)"
100,0.25,0.2,1.5,2,"Central",0.0428,0.00286245209566903,"0.0428 (0.0029)"
100,0.25,0.2,1.5,2,"Tail",0.0488,0.00304691844328003,"0.0488 (0.0030)"
100,0.25,0.2,1.5,3,"Uniform",0.0484,0.00303504332753257,"0.0484 (0.0030)"
100,0.25,0.2,1.5,3,"Central",0.0454,0.00294410733499986,"0.0454 (0.0029)"
100,0.25,0.2,1.5,3,"Tail",0.0472,0.00299907185642492,"0.0472 (0.0030)"
100,0.25,0.2,1.5,5,"Uniform",0.0458,0.00295642892693195,"0.0458 (0.0030)"
100,0.25,0.2,1.5,5,"Central",0.0422,0.00284320804725929,"0.0422 (0.0028)"
100,0.25,0.2,1.5,5,"Tail",0.0404,0.00278452293939195,"0.0404 (0.0028)"
100,0.25,0.2,1.5,8,"Uniform",0.0402,0.00277791144567281,"0.0402 (0.0028)"
100,0.25,0.2,1.5,8,"Central",0.0448,0.00292550713552369,"0.0448 (0.0029)"
100,0.25,0.2,1.5,8,"Tail",0.0454,0.00294410733499986,"0.0454 (0.0029)"
100,0.25,0.2,2,1,"Uniform",0.0448,0.00292550713552369,"0.0448 (0.0029)"
100,0.25,0.2,2,1,"Central",0.047,0.00299302522541993,"0.0470 (0.0030)"
100,0.25,0.2,2,1,"Tail",0.0512,0.0031170036894428,"0.0512 (0.0031)"
100,0.25,0.2,2,2,"Uniform",0.04,0.0027712812921102,"0.0400 (0.0028)"
100,0.25,0.2,2,2,"Central",0.0408,0.00279769047608916,"0.0408 (0.0028)"
100,0.25,0.2,2,2,"Tail",0.0378,0.00269707841932711,"0.0378 (0.0027)"
100,0.25,0.2,2,3,"Uniform",0.0436,0.00288787257336608,"0.0436 (0.0029)"
100,0.25,0.2,2,3,"Central",0.0446,0.00291927525252416,"0.0446 (0.0029)"
100,0.25,0.2,2,3,"Tail",0.0422,0.00284320804725929,"0.0422 (0.0028)"
100,0.25,0.2,2,5,"Uniform",0.0452,0.00293792307591605,"0.0452 (0.0029)"
100,0.25,0.2,2,5,"Central",0.038,0.0027039230758289,"0.0380 (0.0027)"
100,0.25,0.2,2,5,"Tail",0.0416,0.00282380735886852,"0.0416 (0.0028)"
100,0.25,0.2,2,8,"Uniform",0.0438,0.00289418589589542,"0.0438 (0.0029)"
100,0.25,0.2,2,8,"Central",0.0468,0.00298696367570816,"0.0468 (0.0030)"
100,0.25,0.2,2,8,"Tail",0.0394,0.00275127752144345,"0.0394 (0.0028)"
100,0.5,0.05,0.5,1,"Uniform",0.046,0.00296256645495084,"0.0460 (0.0030)"
100,0.5,0.05,0.5,1,"Central",0.04,0.0027712812921102,"0.0400 (0.0028)"
100,0.5,0.05,0.5,1,"Tail",0.0506,0.00309966578843591,"0.0506 (0.0031)"
100,0.5,0.05,0.5,2,"Uniform",0.0492,0.00305873699425106,"0.0492 (0.0031)"
100,0.5,0.05,0.5,2,"Central",0.0422,0.00284320804725929,"0.0422 (0.0028)"
100,0.5,0.05,0.5,2,"Tail",0.0516,0.00312849612433834,"0.0516 (0.0031)"
100,0.5,0.05,0.5,3,"Uniform",0.057,0.00327874976172321,"0.0570 (0.0033)"
100,0.5,0.05,0.5,3,"Central",0.047,0.00299302522541993,"0.0470 (0.0030)"
100,0.5,0.05,0.5,3,"Tail",0.054,0.00319637294444813,"0.0540 (0.0032)"
100,0.5,0.05,0.5,5,"Uniform",0.058,0.00330563155841664,"0.0580 (0.0033)"
100,0.5,0.05,0.5,5,"Central",0.0472,0.00299907185642492,"0.0472 (0.0030)"
100,0.5,0.05,0.5,5,"Tail",0.0474,0.00300510365877785,"0.0474 (0.0030)"
100,0.5,0.05,0.5,8,"Uniform",0.0502,0.00308804015517933,"0.0502 (0.0031)"
100,0.5,0.05,0.5,8,"Central",0.0562,0.00325704037432759,"0.0562 (0.0033)"
100,0.5,0.05,0.5,8,"Tail",0.0544,0.0032075111847038,"0.0544 (0.0032)"
100,0.5,0.05,1,1,"Uniform",0.0478,0.00301712313305241,"0.0478 (0.0030)"
100,0.5,0.05,1,1,"Central",0.0448,0.00292550713552369,"0.0448 (0.0029)"
100,0.5,0.05,1,1,"Tail",0.0664,0.00352110891623647,"0.0664 (0.0035)"
100,0.5,0.05,1,2,"Uniform",0.0464,0.00297479545515318,"0.0464 (0.0030)"
100,0.5,0.05,1,2,"Central",0.0404,0.00278452293939195,"0.0404 (0.0028)"
100,0.5,0.05,1,2,"Tail",0.0516,0.00312849612433834,"0.0516 (0.0031)"
100,0.5,0.05,1,3,"Uniform",0.0486,0.0030409879973456,"0.0486 (0.0030)"
100,0.5,0.05,1,3,"Central",0.0466,0.00298088711627931,"0.0466 (0.0030)"
100,0.5,0.05,1,3,"Tail",0.0504,0.00309385972532693,"0.0504 (0.0031)"
100,0.5,0.05,1,5,"Uniform",0.0506,0.00309966578843591,"0.0506 (0.0031)"
100,0.5,0.05,1,5,"Central",0.0454,0.00294410733499986,"0.0454 (0.0029)"
100,0.5,0.05,1,5,"Tail",0.054,0.00319637294444813,"0.0540 (0.0032)"
100,0.5,0.05,1,8,"Uniform",0.0528,0.00316266216975509,"0.0528 (0.0032)"
100,0.5,0.05,1,8,"Central",0.0506,0.00309966578843591,"0.0506 (0.0031)"
100,0.5,0.05,1,8,"Tail",0.0476,0.00301112072159188,"0.0476 (0.0030)"
100,0.5,0.05,1.5,1,"Uniform",0.0424,0.00284963997726029,"0.0424 (0.0028)"
100,0.5,0.05,1.5,1,"Central",0.0488,0.00304691844328003,"0.0488 (0.0030)"
100,0.5,0.05,1.5,1,"Tail",0.0576,0.00329491244193226,"0.0576 (0.0033)"
100,0.5,0.05,1.5,2,"Uniform",0.0464,0.00297479545515318,"0.0464 (0.0030)"
100,0.5,0.05,1.5,2,"Central",0.0404,0.00278452293939195,"0.0404 (0.0028)"
100,0.5,0.05,1.5,2,"Tail",0.0534,0.00317957355631223,"0.0534 (0.0032)"
100,0.5,0.05,1.5,3,"Uniform",0.0482,0.00302908435009658,"0.0482 (0.0030)"
100,0.5,0.05,1.5,3,"Central",0.0456,0.00295027591929975,"0.0456 (0.0030)"
100,0.5,0.05,1.5,3,"Tail",0.0608,0.00337944847571316,"0.0608 (0.0034)"
100,0.5,0.05,1.5,5,"Uniform",0.0562,0.00325704037432759,"0.0562 (0.0033)"
100,0.5,0.05,1.5,5,"Central",0.0442,0.00290676314824583,"0.0442 (0.0029)"
100,0.5,0.05,1.5,5,"Tail",0.0502,0.00308804015517933,"0.0502 (0.0031)"
100,0.5,0.05,1.5,8,"Uniform",0.0436,0.00288787257336608,"0.0436 (0.0029)"
100,0.5,0.05,1.5,8,"Central",0.0486,0.0030409879973456,"0.0486 (0.0030)"
100,0.5,0.05,1.5,8,"Tail",0.051,0.00311123769583746,"0.0510 (0.0031)"
100,0.5,0.05,2,1,"Uniform",0.0474,0.00300510365877785,"0.0474 (0.0030)"
100,0.5,0.05,2,1,"Central",0.0368,0.00266254614983478,"0.0368 (0.0027)"
100,0.5,0.05,2,1,"Tail",0.0616,0.00340015999623547,"0.0616 (0.0034)"
100,0.5,0.05,2,2,"Uniform",0.0512,0.0031170036894428,"0.0512 (0.0031)"
100,0.5,0.05,2,2,"Central",0.0346,0.0025846794772273,"0.0346 (0.0026)"
100,0.5,0.05,2,2,"Tail",0.0506,0.00309966578843591,"0.0506 (0.0031)"
100,0.5,0.05,2,3,"Uniform",0.0498,0.00307636018697421,"0.0498 (0.0031)"
100,0.5,0.05,2,3,"Central",0.044,0.00290048271844533,"0.0440 (0.0029)"
100,0.5,0.05,2,3,"Tail",0.0572,0.00328414859590732,"0.0572 (0.0033)"
100,0.5,0.05,2,5,"Uniform",0.0486,0.0030409879973456,"0.0486 (0.0030)"
100,0.5,0.05,2,5,"Central",0.0426,0.00285605462132642,"0.0426 (0.0029)"
100,0.5,0.05,2,5,"Tail",0.0504,0.00309385972532693,"0.0504 (0.0031)"
100,0.5,0.05,2,8,"Uniform",0.0432,0.00287519599331941,"0.0432 (0.0029)"
100,0.5,0.05,2,8,"Central",0.0426,0.00285605462132642,"0.0426 (0.0029)"
100,0.5,0.05,2,8,"Tail",0.05,0.00308220700148449,"0.0500 (0.0031)"
100,0.5,0.1,0.5,1,"Uniform",0.0536,0.00318518570887162,"0.0536 (0.0032)"
100,0.5,0.1,0.5,1,"Central",0.0398,0.00276463234445378,"0.0398 (0.0028)"
100,0.5,0.1,0.5,1,"Tail",0.0502,0.00308804015517933,"0.0502 (0.0031)"
100,0.5,0.1,0.5,2,"Uniform",0.05,0.00308220700148449,"0.0500 (0.0031)"
100,0.5,0.1,0.5,2,"Central",0.0454,0.00294410733499986,"0.0454 (0.0029)"
100,0.5,0.1,0.5,2,"Tail",0.0532,0.00317394895989208,"0.0532 (0.0032)"
100,0.5,0.1,0.5,3,"Uniform",0.0558,0.00324611644892786,"0.0558 (0.0032)"
100,0.5,0.1,0.5,3,"Central",0.0384,0.00271755183943195,"0.0384 (0.0027)"
100,0.5,0.1,0.5,3,"Tail",0.0544,0.0032075111847038,"0.0544 (0.0032)"
100,0.5,0.1,0.5,5,"Uniform",0.051,0.00311123769583746,"0.0510 (0.0031)"
100,0.5,0.1,0.5,5,"Central",0.05,0.00308220700148449,"0.0500 (0.0031)"
100,0.5,0.1,0.5,5,"Tail",0.0444,0.00291302729132427,"0.0444 (0.0029)"
100,0.5,0.1,0.5,8,"Uniform",0.0504,0.00309385972532693,"0.0504 (0.0031)"
100,0.5,0.1,0.5,8,"Central",0.052,0.00313993630508646,"0.0520 (0.0031)"
100,0.5,0.1,0.5,8,"Tail",0.0504,0.00309385972532693,"0.0504 (0.0031)"
100,0.5,0.1,1,1,"Uniform",0.0498,0.00307636018697421,"0.0498 (0.0031)"
100,0.5,0.1,1,1,"Central",0.0382,0.0027107474983849,"0.0382 (0.0027)"
100,0.5,0.1,1,1,"Tail",0.0592,0.0033375248313683,"0.0592 (0.0033)"
100,0.5,0.1,1,2,"Uniform",0.05,0.00308220700148449,"0.0500 (0.0031)"
100,0.5,0.1,1,2,"Central",0.04,0.0027712812921102,"0.0400 (0.0028)"
100,0.5,0.1,1,2,"Tail",0.0568,0.00327333957908433,"0.0568 (0.0033)"
100,0.5,0.1,1,3,"Uniform",0.0562,0.00325704037432759,"0.0562 (0.0033)"
100,0.5,0.1,1,3,"Central",0.0476,0.00301112072159188,"0.0476 (0.0030)"
100,0.5,0.1,1,3,"Tail",0.0636,0.0034512328232097,"0.0636 (0.0035)"
100,0.5,0.1,1,5,"Uniform",0.0518,0.0031342227106573,"0.0518 (0.0031)"
100,0.5,0.1,1,5,"Central",0.044,0.00290048271844533,"0.0440 (0.0029)"
100,0.5,0.1,1,5,"Tail",0.053,0.00316831185333767,"0.0530 (0.0032)"
100,0.5,0.1,1,8,"Uniform",0.052,0.00313993630508646,"0.0520 (0.0031)"
100,0.5,0.1,1,8,"Central",0.0488,0.00304691844328003,"0.0488 (0.0030)"
100,0.5,0.1,1,8,"Tail",0.0498,0.00307636018697421,"0.0498 (0.0031)"
100,0.5,0.1,1.5,1,"Uniform",0.0478,0.00301712313305241,"0.0478 (0.0030)"
100,0.5,0.1,1.5,1,"Central",0.0422,0.00284320804725929,"0.0422 (0.0028)"
100,0.5,0.1,1.5,1,"Tail",0.0638,0.00345628586780665,"0.0638 (0.0035)"
100,0.5,0.1,1.5,2,"Uniform",0.0522,0.00314563697841947,"0.0522 (0.0031)"
100,0.5,0.1,1.5,2,"Central",0.0372,0.00267642149146953,"0.0372 (0.0027)"
100,0.5,0.1,1.5,2,"Tail",0.0538,0.00319078548323136,"0.0538 (0.0032)"
100,0.5,0.1,1.5,3,"Uniform",0.0446,0.00291927525252416,"0.0446 (0.0029)"
100,0.5,0.1,1.5,3,"Central",0.0426,0.00285605462132642,"0.0426 (0.0029)"
100,0.5,0.1,1.5,3,"Tail",0.0558,0.00324611644892786,"0.0558 (0.0032)"
100,0.5,0.1,1.5,5,"Uniform",0.0558,0.00324611644892786,"0.0558 (0.0032)"
100,0.5,0.1,1.5,5,"Central",0.0384,0.00271755183943195,"0.0384 (0.0027)"
100,0.5,0.1,1.5,5,"Tail",0.0556,0.00324063697442339,"0.0556 (0.0032)"
100,0.5,0.1,1.5,8,"Uniform",0.05,0.00308220700148449,"0.0500 (0.0031)"
100,0.5,0.1,1.5,8,"Central",0.0424,0.00284963997726029,"0.0424 (0.0028)"
100,0.5,0.1,1.5,8,"Tail",0.048,0.00302311098043059,"0.0480 (0.0030)"
100,0.5,0.1,2,1,"Uniform",0.0472,0.00299907185642492,"0.0472 (0.0030)"
100,0.5,0.1,2,1,"Central",0.0332,0.0025336834845734,"0.0332 (0.0025)"
100,0.5,0.1,2,1,"Tail",0.07,0.00360832371053374,"0.0700 (0.0036)"
100,0.5,0.1,2,2,"Uniform",0.0432,0.00287519599331941,"0.0432 (0.0029)"
100,0.5,0.1,2,2,"Central",0.0322,0.00249652398346181,"0.0322 (0.0025)"
100,0.5,0.1,2,2,"Tail",0.065,0.00348640215695206,"0.0650 (0.0035)"
100,0.5,0.1,2,3,"Uniform",0.0458,0.00295642892693195,"0.0458 (0.0030)"
100,0.5,0.1,2,3,"Central",0.0382,0.0027107474983849,"0.0382 (0.0027)"
100,0.5,0.1,2,3,"Tail",0.0568,0.00327333957908433,"0.0568 (0.0033)"
100,0.5,0.1,2,5,"Uniform",0.0502,0.00308804015517933,"0.0502 (0.0031)"
100,0.5,0.1,2,5,"Central",0.04,0.0027712812921102,"0.0400 (0.0028)"
100,0.5,0.1,2,5,"Tail",0.0532,0.00317394895989208,"0.0532 (0.0032)"
100,0.5,0.1,2,8,"Uniform",0.0468,0.00298696367570816,"0.0468 (0.0030)"
100,0.5,0.1,2,8,"Central",0.0396,0.00275796446677618,"0.0396 (0.0028)"
100,0.5,0.1,2,8,"Tail",0.0518,0.0031342227106573,"0.0518 (0.0031)"
100,0.5,0.2,0.5,1,"Uniform",0.0476,0.00301112072159188,"0.0476 (0.0030)"
100,0.5,0.2,0.5,1,"Central",0.0464,0.00297479545515318,"0.0464 (0.0030)"
100,0.5,0.2,0.5,1,"Tail",0.0542,0.00320194815698193,"0.0542 (0.0032)"
100,0.5,0.2,0.5,2,"Uniform",0.0492,0.00305873699425106,"0.0492 (0.0031)"
100,0.5,0.2,0.5,2,"Central",0.046,0.00296256645495084,"0.0460 (0.0030)"
100,0.5,0.2,0.5,2,"Tail",0.0544,0.0032075111847038,"0.0544 (0.0032)"
100,0.5,0.2,0.5,3,"Uniform",0.0578,0.00330027756408457,"0.0578 (0.0033)"
100,0.5,0.2,0.5,3,"Central",0.0462,0.00296868859936505,"0.0462 (0.0030)"
100,0.5,0.2,0.5,3,"Tail",0.0548,0.00321860093829602,"0.0548 (0.0032)"
100,0.5,0.2,0.5,5,"Uniform",0.0532,0.00317394895989208,"0.0532 (0.0032)"
100,0.5,0.2,0.5,5,"Central",0.0428,0.00286245209566903,"0.0428 (0.0029)"
100,0.5,0.2,0.5,5,"Tail",0.048,0.00302311098043059,"0.0480 (0.0030)"
100,0.5,0.2,0.5,8,"Uniform",0.052,0.00313993630508646,"0.0520 (0.0031)"
100,0.5,0.2,0.5,8,"Central",0.0518,0.0031342227106573,"0.0518 (0.0031)"
100,0.5,0.2,0.5,8,"Tail",0.0516,0.00312849612433834,"0.0516 (0.0031)"
100,0.5,0.2,1,1,"Uniform",0.046,0.00296256645495084,"0.0460 (0.0030)"
100,0.5,0.2,1,1,"Central",0.0402,0.00277791144567281,"0.0402 (0.0028)"
100,0.5,0.2,1,1,"Tail",0.063,0.00343601513384327,"0.0630 (0.0034)"
100,0.5,0.2,1,2,"Uniform",0.0518,0.0031342227106573,"0.0518 (0.0031)"
100,0.5,0.2,1,2,"Central",0.0388,0.00273110087693589,"0.0388 (0.0027)"
100,0.5,0.2,1,2,"Tail",0.0572,0.00328414859590732,"0.0572 (0.0033)"
100,0.5,0.2,1,3,"Uniform",0.0588,0.00332693733033852,"0.0588 (0.0033)"
100,0.5,0.2,1,3,"Central",0.0454,0.00294410733499986,"0.0454 (0.0029)"
100,0.5,0.2,1,3,"Tail",0.0594,0.00334280241713446,"0.0594 (0.0033)"
100,0.5,0.2,1,5,"Uniform",0.0516,0.00312849612433834,"0.0516 (0.0031)"
100,0.5,0.2,1,5,"Central",0.0386,0.00272433624943765,"0.0386 (0.0027)"
100,0.5,0.2,1,5,"Tail",0.0512,0.0031170036894428,"0.0512 (0.0031)"
100,0.5,0.2,1,8,"Uniform",0.0528,0.00316266216975509,"0.0528 (0.0032)"
100,0.5,0.2,1,8,"Central",0.052,0.00313993630508646,"0.0520 (0.0031)"
100,0.5,0.2,1,8,"Tail",0.0528,0.00316266216975509,"0.0528 (0.0032)"
100,0.5,0.2,1.5,1,"Uniform",0.0534,0.00317957355631223,"0.0534 (0.0032)"
100,0.5,0.2,1.5,1,"Central",0.0348,0.00259187036712873,"0.0348 (0.0026)"
100,0.5,0.2,1.5,1,"Tail",0.0676,0.0035504996831432,"0.0676 (0.0036)"
100,0.5,0.2,1.5,2,"Uniform",0.046,0.00296256645495084,"0.0460 (0.0030)"
100,0.5,0.2,1.5,2,"Central",0.0362,0.00264157377334043,"0.0362 (0.0026)"
100,0.5,0.2,1.5,2,"Tail",0.0612,0.00338982477423244,"0.0612 (0.0034)"
100,0.5,0.2,1.5,3,"Uniform",0.0524,0.00315132480077824,"0.0524 (0.0032)"
100,0.5,0.2,1.5,3,"Central",0.0412,0.00281078494374792,"0.0412 (0.0028)"
100,0.5,0.2,1.5,3,"Tail",0.0624,0.00342070869850094,"0.0624 (0.0034)"
100,0.5,0.2,1.5,5,"Uniform",0.0524,0.00315132480077824,"0.0524 (0.0032)"
100,0.5,0.2,1.5,5,"Central",0.0388,0.00273110087693589,"0.0388 (0.0027)"
100,0.5,0.2,1.5,5,"Tail",0.0556,0.00324063697442339,"0.0556 (0.0032)"
100,0.5,0.2,1.5,8,"Uniform",0.0474,0.00300510365877785,"0.0474 (0.0030)"
100,0.5,0.2,1.5,8,"Central",0.048,0.00302311098043059,"0.0480 (0.0030)"
100,0.5,0.2,1.5,8,"Tail",0.0478,0.00301712313305241,"0.0478 (0.0030)"
100,0.5,0.2,2,1,"Uniform",0.0498,0.00307636018697421,"0.0498 (0.0031)"
100,0.5,0.2,2,1,"Central",0.033,0.00252630164469724,"0.0330 (0.0025)"
100,0.5,0.2,2,1,"Tail",0.0712,0.00363677219523027,"0.0712 (0.0036)"
100,0.5,0.2,2,2,"Uniform",0.0402,0.00277791144567281,"0.0402 (0.0028)"
100,0.5,0.2,2,2,"Central",0.0316,0.00247392158323581,"0.0316 (0.0025)"
100,0.5,0.2,2,2,"Tail",0.06,0.00335857112474933,"0.0600 (0.0034)"
100,0.5,0.2,2,3,"Uniform",0.0528,0.00316266216975509,"0.0528 (0.0032)"
100,0.5,0.2,2,3,"Central",0.0346,0.0025846794772273,"0.0346 (0.0026)"
100,0.5,0.2,2,3,"Tail",0.062,0.00341045451516363,"0.0620 (0.0034)"
100,0.5,0.2,2,5,"Uniform",0.051,0.00311123769583746,"0.0510 (0.0031)"
100,0.5,0.2,2,5,"Central",0.0326,0.00251146331846595,"0.0326 (0.0025)"
100,0.5,0.2,2,5,"Tail",0.0526,0.00315699984162179,"0.0526 (0.0032)"
100,0.5,0.2,2,8,"Uniform",0.0472,0.00299907185642492,"0.0472 (0.0030)"
100,0.5,0.2,2,8,"Central",0.0494,0.0030646252625729,"0.0494 (0.0031)"
100,0.5,0.2,2,8,"Tail",0.048,0.00302311098043059,"0.0480 (0.0030)"
100,0.75,0.05,0.5,1,"Uniform",0.0498,0.00307636018697421,"0.0498 (0.0031)"
100,0.75,0.05,0.5,1,"Central",0.0474,0.00300510365877785,"0.0474 (0.0030)"
100,0.75,0.05,0.5,1,"Tail",0.0528,0.00316266216975509,"0.0528 (0.0032)"
100,0.75,0.05,0.5,2,"Uniform",0.0472,0.00299907185642492,"0.0472 (0.0030)"
100,0.75,0.05,0.5,2,"Central",0.038,0.0027039230758289,"0.0380 (0.0027)"
100,0.75,0.05,0.5,2,"Tail",0.0502,0.00308804015517933,"0.0502 (0.0031)"
100,0.75,0.05,0.5,3,"Uniform",0.0578,0.00330027756408457,"0.0578 (0.0033)"
100,0.75,0.05,0.5,3,"Central",0.0496,0.00307049963361014,"0.0496 (0.0031)"
100,0.75,0.05,0.5,3,"Tail",0.055,0.0032241277890307,"0.0550 (0.0032)"
100,0.75,0.05,0.5,5,"Uniform",0.0566,0.00326791799162709,"0.0566 (0.0033)"
100,0.75,0.05,0.5,5,"Central",0.0432,0.00287519599331941,"0.0432 (0.0029)"
100,0.75,0.05,0.5,5,"Tail",0.0508,0.00310545842026584,"0.0508 (0.0031)"
100,0.75,0.05,0.5,8,"Uniform",0.0472,0.00299907185642492,"0.0472 (0.0030)"
100,0.75,0.05,0.5,8,"Central",0.0524,0.00315132480077824,"0.0524 (0.0032)"
100,0.75,0.05,0.5,8,"Tail",0.0482,0.00302908435009658,"0.0482 (0.0030)"
100,0.75,0.05,1,1,"Uniform",0.0486,0.0030409879973456,"0.0486 (0.0030)"
100,0.75,0.05,1,1,"Central",0.046,0.00296256645495084,"0.0460 (0.0030)"
100,0.75,0.05,1,1,"Tail",0.0534,0.00317957355631223,"0.0534 (0.0032)"
100,0.75,0.05,1,2,"Uniform",0.0496,0.00307049963361014,"0.0496 (0.0031)"
100,0.75,0.05,1,2,"Central",0.0428,0.00286245209566903,"0.0428 (0.0029)"
100,0.75,0.05,1,2,"Tail",0.052,0.00313993630508646,"0.0520 (0.0031)"
100,0.75,0.05,1,3,"Uniform",0.0554,0.00323514574633045,"0.0554 (0.0032)"
100,0.75,0.05,1,3,"Central",0.0478,0.00301712313305241,"0.0478 (0.0030)"
100,0.75,0.05,1,3,"Tail",0.0564,0.00326248494249399,"0.0564 (0.0033)"
100,0.75,0.05,1,5,"Uniform",0.0506,0.00309966578843591,"0.0506 (0.0031)"
100,0.75,0.05,1,5,"Central",0.0482,0.00302908435009658,"0.0482 (0.0030)"
100,0.75,0.05,1,5,"Tail",0.0406,0.00279111590586991,"0.0406 (0.0028)"
100,0.75,0.05,1,8,"Uniform",0.0488,0.00304691844328003,"0.0488 (0.0030)"
100,0.75,0.05,1,8,"Central",0.0488,0.00304691844328003,"0.0488 (0.0030)"
100,0.75,0.05,1,8,"Tail",0.051,0.00311123769583746,"0.0510 (0.0031)"
100,0.75,0.05,1.5,1,"Uniform",0.0482,0.00302908435009658,"0.0482 (0.0030)"
100,0.75,0.05,1.5,1,"Central",0.0462,0.00296868859936505,"0.0462 (0.0030)"
100,0.75,0.05,1.5,1,"Tail",0.055,0.0032241277890307,"0.0550 (0.0032)"
100,0.75,0.05,1.5,2,"Uniform",0.0524,0.00315132480077824,"0.0524 (0.0032)"
100,0.75,0.05,1.5,2,"Central",0.0394,0.00275127752144345,"0.0394 (0.0028)"
100,0.75,0.05,1.5,2,"Tail",0.0522,0.00314563697841947,"0.0522 (0.0031)"
100,0.75,0.05,1.5,3,"Uniform",0.0488,0.00304691844328003,"0.0488 (0.0030)"
100,0.75,0.05,1.5,3,"Central",0.0504,0.00309385972532693,"0.0504 (0.0031)"
100,0.75,0.05,1.5,3,"Tail",0.0594,0.00334280241713446,"0.0594 (0.0033)"
100,0.75,0.05,1.5,5,"Uniform",0.0536,0.00318518570887162,"0.0536 (0.0032)"
100,0.75,0.05,1.5,5,"Central",0.0422,0.00284320804725929,"0.0422 (0.0028)"
100,0.75,0.05,1.5,5,"Tail",0.051,0.00311123769583746,"0.0510 (0.0031)"
100,0.75,0.05,1.5,8,"Uniform",0.0492,0.00305873699425106,"0.0492 (0.0031)"
100,0.75,0.05,1.5,8,"Central",0.0502,0.00308804015517933,"0.0502 (0.0031)"
100,0.75,0.05,1.5,8,"Tail",0.0492,0.00305873699425106,"0.0492 (0.0031)"
100,0.75,0.05,2,1,"Uniform",0.0464,0.00297479545515318,"0.0464 (0.0030)"
100,0.75,0.05,2,1,"Central",0.046,0.00296256645495084,"0.0460 (0.0030)"
100,0.75,0.05,2,1,"Tail",0.0568,0.00327333957908433,"0.0568 (0.0033)"
100,0.75,0.05,2,2,"Uniform",0.043,0.00286883251515316,"0.0430 (0.0029)"
100,0.75,0.05,2,2,"Central",0.041,0.00280424677944007,"0.0410 (0.0028)"
100,0.75,0.05,2,2,"Tail",0.0522,0.00314563697841947,"0.0522 (0.0031)"
100,0.75,0.05,2,3,"Uniform",0.0528,0.00316266216975509,"0.0528 (0.0032)"
100,0.75,0.05,2,3,"Central",0.0402,0.00277791144567281,"0.0402 (0.0028)"
100,0.75,0.05,2,3,"Tail",0.053,0.00316831185333767,"0.0530 (0.0032)"
100,0.75,0.05,2,5,"Uniform",0.0486,0.0030409879973456,"0.0486 (0.0030)"
100,0.75,0.05,2,5,"Central",0.0424,0.00284963997726029,"0.0424 (0.0028)"
100,0.75,0.05,2,5,"Tail",0.0466,0.00298088711627931,"0.0466 (0.0030)"
100,0.75,0.05,2,8,"Uniform",0.045,0.00293172304285381,"0.0450 (0.0029)"
100,0.75,0.05,2,8,"Central",0.0496,0.00307049963361014,"0.0496 (0.0031)"
100,0.75,0.05,2,8,"Tail",0.0484,0.00303504332753257,"0.0484 (0.0030)"
100,0.75,0.1,0.5,1,"Uniform",0.049,0.00305283474822991,"0.0490 (0.0031)"
100,0.75,0.1,0.5,1,"Central",0.0494,0.0030646252625729,"0.0494 (0.0031)"
100,0.75,0.1,0.5,1,"Tail",0.056,0.00325158422926425,"0.0560 (0.0033)"
100,0.75,0.1,0.5,2,"Uniform",0.0518,0.0031342227106573,"0.0518 (0.0031)"
100,0.75,0.1,0.5,2,"Central",0.0442,0.00290676314824583,"0.0442 (0.0029)"
100,0.75,0.1,0.5,2,"Tail",0.0528,0.00316266216975509,"0.0528 (0.0032)"
100,0.75,0.1,0.5,3,"Uniform",0.0574,0.0032895361375124,"0.0574 (0.0033)"
100,0.75,0.1,0.5,3,"Central",0.0492,0.00305873699425106,"0.0492 (0.0031)"
100,0.75,0.1,0.5,3,"Tail",0.0518,0.0031342227106573,"0.0518 (0.0031)"
100,0.75,0.1,0.5,5,"Uniform",0.0514,0.00312275647465504,"0.0514 (0.0031)"
100,0.75,0.1,0.5,5,"Central",0.0448,0.00292550713552369,"0.0448 (0.0029)"
100,0.75,0.1,0.5,5,"Tail",0.048,0.00302311098043059,"0.0480 (0.0030)"
100,0.75,0.1,0.5,8,"Uniform",0.0524,0.00315132480077824,"0.0524 (0.0032)"
100,0.75,0.1,0.5,8,"Central",0.052,0.00313993630508646,"0.0520 (0.0031)"
100,0.75,0.1,0.5,8,"Tail",0.0536,0.00318518570887162,"0.0536 (0.0032)"
100,0.75,0.1,1,1,"Uniform",0.0538,0.00319078548323136,"0.0538 (0.0032)"
100,0.75,0.1,1,1,"Central",0.049,0.00305283474822991,"0.0490 (0.0031)"
100,0.75,0.1,1,1,"Tail",0.057,0.00327874976172321,"0.0570 (0.0033)"
100,0.75,0.1,1,2,"Uniform",0.0502,0.00308804015517933,"0.0502 (0.0031)"
100,0.75,0.1,1,2,"Central",0.0452,0.00293792307591605,"0.0452 (0.0029)"
100,0.75,0.1,1,2,"Tail",0.0524,0.00315132480077824,"0.0524 (0.0032)"
100,0.75,0.1,1,3,"Uniform",0.0502,0.00308804015517933,"0.0502 (0.0031)"
100,0.75,0.1,1,3,"Central",0.0448,0.00292550713552369,"0.0448 (0.0029)"
100,0.75,0.1,1,3,"Tail",0.0616,0.00340015999623547,"0.0616 (0.0034)"
100,0.75,0.1,1,5,"Uniform",0.056,0.00325158422926425,"0.0560 (0.0033)"
100,0.75,0.1,1,5,"Central",0.0414,0.00281730509529941,"0.0414 (0.0028)"
100,0.75,0.1,1,5,"Tail",0.0482,0.00302908435009658,"0.0482 (0.0030)"
100,0.75,0.1,1,8,"Uniform",0.0466,0.00298088711627931,"0.0466 (0.0030)"
100,0.75,0.1,1,8,"Central",0.0502,0.00308804015517933,"0.0502 (0.0031)"
100,0.75,0.1,1,8,"Tail",0.0584,0.00331630637909105,"0.0584 (0.0033)"
100,0.75,0.1,1.5,1,"Uniform",0.05,0.00308220700148449,"0.0500 (0.0031)"
100,0.75,0.1,1.5,1,"Central",0.0442,0.00290676314824583,"0.0442 (0.0029)"
100,0.75,0.1,1.5,1,"Tail",0.0534,0.00317957355631223,"0.0534 (0.0032)"
100,0.75,0.1,1.5,2,"Uniform",0.0468,0.00298696367570816,"0.0468 (0.0030)"
100,0.75,0.1,1.5,2,"Central",0.0422,0.00284320804725929,"0.0422 (0.0028)"
100,0.75,0.1,1.5,2,"Tail",0.0564,0.00326248494249399,"0.0564 (0.0033)"
100,0.75,0.1,1.5,3,"Uniform",0.047,0.00299302522541993,"0.0470 (0.0030)"
100,0.75,0.1,1.5,3,"Central",0.0436,0.00288787257336608,"0.0436 (0.0029)"
100,0.75,0.1,1.5,3,"Tail",0.0554,0.00323514574633045,"0.0554 (0.0032)"
100,0.75,0.1,1.5,5,"Uniform",0.0498,0.00307636018697421,"0.0498 (0.0031)"
100,0.75,0.1,1.5,5,"Central",0.0436,0.00288787257336608,"0.0436 (0.0029)"
100,0.75,0.1,1.5,5,"Tail",0.0508,0.00310545842026584,"0.0508 (0.0031)"
100,0.75,0.1,1.5,8,"Uniform",0.046,0.00296256645495084,"0.0460 (0.0030)"
100,0.75,0.1,1.5,8,"Central",0.0444,0.00291302729132427,"0.0444 (0.0029)"
100,0.75,0.1,1.5,8,"Tail",0.0482,0.00302908435009658,"0.0482 (0.0030)"
100,0.75,0.1,2,1,"Uniform",0.0452,0.00293792307591605,"0.0452 (0.0029)"
100,0.75,0.1,2,1,"Central",0.0402,0.00277791144567281,"0.0402 (0.0028)"
100,0.75,0.1,2,1,"Tail",0.0586,0.00332162731202644,"0.0586 (0.0033)"
100,0.75,0.1,2,2,"Uniform",0.0452,0.00293792307591605,"0.0452 (0.0029)"
100,0.75,0.1,2,2,"Central",0.0356,0.00262040607540129,"0.0356 (0.0026)"
100,0.75,0.1,2,2,"Tail",0.0514,0.00312275647465504,"0.0514 (0.0031)"
100,0.75,0.1,2,3,"Uniform",0.0486,0.0030409879973456,"0.0486 (0.0030)"
100,0.75,0.1,2,3,"Central",0.0468,0.00298696367570816,"0.0468 (0.0030)"
100,0.75,0.1,2,3,"Tail",0.0522,0.00314563697841947,"0.0522 (0.0031)"
100,0.75,0.1,2,5,"Uniform",0.0502,0.00308804015517933,"0.0502 (0.0031)"
100,0.75,0.1,2,5,"Central",0.041,0.00280424677944007,"0.0410 (0.0028)"
100,0.75,0.1,2,5,"Tail",0.048,0.00302311098043059,"0.0480 (0.0030)"
100,0.75,0.1,2,8,"Uniform",0.0398,0.00276463234445378,"0.0398 (0.0028)"
100,0.75,0.1,2,8,"Central",0.04,0.0027712812921102,"0.0400 (0.0028)"
100,0.75,0.1,2,8,"Tail",0.048,0.00302311098043059,"0.0480 (0.0030)"
100,0.75,0.2,0.5,1,"Uniform",0.048,0.00302311098043059,"0.0480 (0.0030)"
100,0.75,0.2,0.5,1,"Central",0.0512,0.0031170036894428,"0.0512 (0.0031)"
100,0.75,0.2,0.5,1,"Tail",0.0534,0.00317957355631223,"0.0534 (0.0032)"
100,0.75,0.2,0.5,2,"Uniform",0.0452,0.00293792307591605,"0.0452 (0.0029)"
100,0.75,0.2,0.5,2,"Central",0.0402,0.00277791144567281,"0.0402 (0.0028)"
100,0.75,0.2,0.5,2,"Tail",0.052,0.00313993630508646,"0.0520 (0.0031)"
100,0.75,0.2,0.5,3,"Uniform",0.0498,0.00307636018697421,"0.0498 (0.0031)"
100,0.75,0.2,0.5,3,"Central",0.0456,0.00295027591929975,"0.0456 (0.0030)"
100,0.75,0.2,0.5,3,"Tail",0.055,0.0032241277890307,"0.0550 (0.0032)"
100,0.75,0.2,0.5,5,"Uniform",0.0562,0.00325704037432759,"0.0562 (0.0033)"
100,0.75,0.2,0.5,5,"Central",0.0458,0.00295642892693195,"0.0458 (0.0030)"
100,0.75,0.2,0.5,5,"Tail",0.0506,0.00309966578843591,"0.0506 (0.0031)"
100,0.75,0.2,0.5,8,"Uniform",0.047,0.00299302522541993,"0.0470 (0.0030)"
100,0.75,0.2,0.5,8,"Central",0.0484,0.00303504332753257,"0.0484 (0.0030)"
100,0.75,0.2,0.5,8,"Tail",0.052,0.00313993630508646,"0.0520 (0.0031)"
100,0.75,0.2,1,1,"Uniform",0.0496,0.00307049963361014,"0.0496 (0.0031)"
100,0.75,0.2,1,1,"Central",0.0452,0.00293792307591605,"0.0452 (0.0029)"
100,0.75,0.2,1,1,"Tail",0.0616,0.00340015999623547,"0.0616 (0.0034)"
100,0.75,0.2,1,2,"Uniform",0.0474,0.00300510365877785,"0.0474 (0.0030)"
100,0.75,0.2,1,2,"Central",0.0408,0.00279769047608916,"0.0408 (0.0028)"
100,0.75,0.2,1,2,"Tail",0.0622,0.00341558662604244,"0.0622 (0.0034)"
100,0.75,0.2,1,3,"Uniform",0.051,0.00311123769583746,"0.0510 (0.0031)"
100,0.75,0.2,1,3,"Central",0.0412,0.00281078494374792,"0.0412 (0.0028)"
100,0.75,0.2,1,3,"Tail",0.0626,0.00342582077756557,"0.0626 (0.0034)"
100,0.75,0.2,1,5,"Uniform",0.056,0.00325158422926425,"0.0560 (0.0033)"
100,0.75,0.2,1,5,"Central",0.048,0.00302311098043059,"0.0480 (0.0030)"
100,0.75,0.2,1,5,"Tail",0.0572,0.00328414859590732,"0.0572 (0.0033)"
100,0.75,0.2,1,8,"Uniform",0.0492,0.00305873699425106,"0.0492 (0.0031)"
100,0.75,0.2,1,8,"Central",0.0452,0.00293792307591605,"0.0452 (0.0029)"
100,0.75,0.2,1,8,"Tail",0.0518,0.0031342227106573,"0.0518 (0.0031)"
100,0.75,0.2,1.5,1,"Uniform",0.049,0.00305283474822991,"0.0490 (0.0031)"
100,0.75,0.2,1.5,1,"Central",0.0412,0.00281078494374792,"0.0412 (0.0028)"
100,0.75,0.2,1.5,1,"Tail",0.065,0.00348640215695206,"0.0650 (0.0035)"
100,0.75,0.2,1.5,2,"Uniform",0.0484,0.00303504332753257,"0.0484 (0.0030)"
100,0.75,0.2,1.5,2,"Central",0.039,0.00273784586856163,"0.0390 (0.0027)"
100,0.75,0.2,1.5,2,"Tail",0.0612,0.00338982477423244,"0.0612 (0.0034)"
100,0.75,0.2,1.5,3,"Uniform",0.0504,0.00309385972532693,"0.0504 (0.0031)"
100,0.75,0.2,1.5,3,"Central",0.045,0.00293172304285381,"0.0450 (0.0029)"
100,0.75,0.2,1.5,3,"Tail",0.0574,0.0032895361375124,"0.0574 (0.0033)"
100,0.75,0.2,1.5,5,"Uniform",0.0514,0.00312275647465504,"0.0514 (0.0031)"
100,0.75,0.2,1.5,5,"Central",0.0382,0.0027107474983849,"0.0382 (0.0027)"
100,0.75,0.2,1.5,5,"Tail",0.0492,0.00305873699425106,"0.0492 (0.0031)"
100,0.75,0.2,1.5,8,"Uniform",0.0468,0.00298696367570816,"0.0468 (0.0030)"
100,0.75,0.2,1.5,8,"Central",0.0406,0.00279111590586991,"0.0406 (0.0028)"
100,0.75,0.2,1.5,8,"Tail",0.0566,0.00326791799162709,"0.0566 (0.0033)"
100,0.75,0.2,2,1,"Uniform",0.0464,0.00297479545515318,"0.0464 (0.0030)"
100,0.75,0.2,2,1,"Central",0.038,0.0027039230758289,"0.0380 (0.0027)"
100,0.75,0.2,2,1,"Tail",0.062,0.00341045451516363,"0.0620 (0.0034)"
100,0.75,0.2,2,2,"Uniform",0.0432,0.00287519599331941,"0.0432 (0.0029)"
100,0.75,0.2,2,2,"Central",0.0324,0.00250400638976821,"0.0324 (0.0025)"
100,0.75,0.2,2,2,"Tail",0.0618,0.00340531232047811,"0.0618 (0.0034)"
100,0.75,0.2,2,3,"Uniform",0.0484,0.00303504332753257,"0.0484 (0.0030)"
100,0.75,0.2,2,3,"Central",0.0376,0.00269021337443705,"0.0376 (0.0027)"
100,0.75,0.2,2,3,"Tail",0.0566,0.00326791799162709,"0.0566 (0.0033)"
100,0.75,0.2,2,5,"Uniform",0.0448,0.00292550713552369,"0.0448 (0.0029)"
100,0.75,0.2,2,5,"Central",0.0378,0.00269707841932711,"0.0378 (0.0027)"
100,0.75,0.2,2,5,"Tail",0.049,0.00305283474822991,"0.0490 (0.0031)"
100,0.75,0.2,2,8,"Uniform",0.0414,0.00281730509529941,"0.0414 (0.0028)"
100,0.75,0.2,2,8,"Central",0.038,0.0027039230758289,"0.0380 (0.0027)"
100,0.75,0.2,2,8,"Tail",0.0504,0.00309385972532693,"0.0504 (0.0031)"
200,0.25,0.05,0.5,1,"Uniform",0.0498,0.00307636018697421,"0.0498 (0.0031)"
200,0.25,0.05,0.5,1,"Central",0.0412,0.00281078494374792,"0.0412 (0.0028)"
200,0.25,0.05,0.5,1,"Tail",0.0512,0.0031170036894428,"0.0512 (0.0031)"
200,0.25,0.05,0.5,2,"Uniform",0.053,0.00316831185333767,"0.0530 (0.0032)"
200,0.25,0.05,0.5,2,"Central",0.0404,0.00278452293939195,"0.0404 (0.0028)"
200,0.25,0.05,0.5,2,"Tail",0.0446,0.00291927525252416,"0.0446 (0.0029)"
200,0.25,0.05,0.5,3,"Uniform",0.0432,0.00287519599331941,"0.0432 (0.0029)"
200,0.25,0.05,0.5,3,"Central",0.0478,0.00301712313305241,"0.0478 (0.0030)"
200,0.25,0.05,0.5,3,"Tail",0.0588,0.00332693733033852,"0.0588 (0.0033)"
200,0.25,0.05,0.5,5,"Uniform",0.0516,0.00312849612433834,"0.0516 (0.0031)"
200,0.25,0.05,0.5,5,"Central",0.0524,0.00315132480077824,"0.0524 (0.0032)"
200,0.25,0.05,0.5,5,"Tail",0.0518,0.0031342227106573,"0.0518 (0.0031)"
200,0.25,0.05,0.5,8,"Uniform",0.0508,0.00310545842026584,"0.0508 (0.0031)"
200,0.25,0.05,0.5,8,"Central",0.0546,0.00321306209090332,"0.0546 (0.0032)"
200,0.25,0.05,0.5,8,"Tail",0.0468,0.00298696367570816,"0.0468 (0.0030)"
200,0.25,0.05,1,1,"Uniform",0.0502,0.00308804015517933,"0.0502 (0.0031)"
200,0.25,0.05,1,1,"Central",0.0446,0.00291927525252416,"0.0446 (0.0029)"
200,0.25,0.05,1,1,"Tail",0.0514,0.00312275647465504,"0.0514 (0.0031)"
200,0.25,0.05,1,2,"Uniform",0.0544,0.0032075111847038,"0.0544 (0.0032)"
200,0.25,0.05,1,2,"Central",0.0464,0.00297479545515318,"0.0464 (0.0030)"
200,0.25,0.05,1,2,"Tail",0.0566,0.00326791799162709,"0.0566 (0.0033)"
200,0.25,0.05,1,3,"Uniform",0.041,0.00280424677944007,"0.0410 (0.0028)"
200,0.25,0.05,1,3,"Central",0.0472,0.00299907185642492,"0.0472 (0.0030)"
200,0.25,0.05,1,3,"Tail",0.0552,0.0032296427046966,"0.0552 (0.0032)"
200,0.25,0.05,1,5,"Uniform",0.0496,0.00307049963361014,"0.0496 (0.0031)"
200,0.25,0.05,1,5,"Central",0.0522,0.00314563697841947,"0.0522 (0.0031)"
200,0.25,0.05,1,5,"Tail",0.0472,0.00299907185642492,"0.0472 (0.0030)"
200,0.25,0.05,1,8,"Uniform",0.0458,0.00295642892693195,"0.0458 (0.0030)"
200,0.25,0.05,1,8,"Central",0.0508,0.00310545842026584,"0.0508 (0.0031)"
200,0.25,0.05,1,8,"Tail",0.0518,0.0031342227106573,"0.0518 (0.0031)"
200,0.25,0.05,1.5,1,"Uniform",0.052,0.00313993630508646,"0.0520 (0.0031)"
200,0.25,0.05,1.5,1,"Central",0.0448,0.00292550713552369,"0.0448 (0.0029)"
200,0.25,0.05,1.5,1,"Tail",0.0542,0.00320194815698193,"0.0542 (0.0032)"
200,0.25,0.05,1.5,2,"Uniform",0.0522,0.00314563697841947,"0.0522 (0.0031)"
200,0.25,0.05,1.5,2,"Central",0.0444,0.00291302729132427,"0.0444 (0.0029)"
200,0.25,0.05,1.5,2,"Tail",0.0466,0.00298088711627931,"0.0466 (0.0030)"
200,0.25,0.05,1.5,3,"Uniform",0.0398,0.00276463234445378,"0.0398 (0.0028)"
200,0.25,0.05,1.5,3,"Central",0.0486,0.0030409879973456,"0.0486 (0.0030)"
200,0.25,0.05,1.5,3,"Tail",0.0488,0.00304691844328003,"0.0488 (0.0030)"
200,0.25,0.05,1.5,5,"Uniform",0.0478,0.00301712313305241,"0.0478 (0.0030)"
200,0.25,0.05,1.5,5,"Central",0.052,0.00313993630508646,"0.0520 (0.0031)"
200,0.25,0.05,1.5,5,"Tail",0.0444,0.00291302729132427,"0.0444 (0.0029)"
200,0.25,0.05,1.5,8,"Uniform",0.04,0.0027712812921102,"0.0400 (0.0028)"
200,0.25,0.05,1.5,8,"Central",0.0554,0.00323514574633045,"0.0554 (0.0032)"
200,0.25,0.05,1.5,8,"Tail",0.055,0.0032241277890307,"0.0550 (0.0032)"
200,0.25,0.05,2,1,"Uniform",0.0488,0.00304691844328003,"0.0488 (0.0030)"
200,0.25,0.05,2,1,"Central",0.047,0.00299302522541993,"0.0470 (0.0030)"
200,0.25,0.05,2,1,"Tail",0.0524,0.00315132480077824,"0.0524 (0.0032)"
200,0.25,0.05,2,2,"Uniform",0.0496,0.00307049963361014,"0.0496 (0.0031)"
200,0.25,0.05,2,2,"Central",0.0464,0.00297479545515318,"0.0464 (0.0030)"
200,0.25,0.05,2,2,"Tail",0.0488,0.00304691844328003,"0.0488 (0.0030)"
200,0.25,0.05,2,3,"Uniform",0.0446,0.00291927525252416,"0.0446 (0.0029)"
200,0.25,0.05,2,3,"Central",0.0422,0.00284320804725929,"0.0422 (0.0028)"
200,0.25,0.05,2,3,"Tail",0.0466,0.00298088711627931,"0.0466 (0.0030)"
200,0.25,0.05,2,5,"Uniform",0.0494,0.0030646252625729,"0.0494 (0.0031)"
200,0.25,0.05,2,5,"Central",0.0472,0.00299907185642492,"0.0472 (0.0030)"
200,0.25,0.05,2,5,"Tail",0.0476,0.00301112072159188,"0.0476 (0.0030)"
200,0.25,0.05,2,8,"Uniform",0.0426,0.00285605462132642,"0.0426 (0.0029)"
200,0.25,0.05,2,8,"Central",0.0508,0.00310545842026584,"0.0508 (0.0031)"
200,0.25,0.05,2,8,"Tail",0.0518,0.0031342227106573,"0.0518 (0.0031)"
200,0.25,0.1,0.5,1,"Uniform",0.0548,0.00321860093829602,"0.0548 (0.0032)"
200,0.25,0.1,0.5,1,"Central",0.042,0.00283675871374356,"0.0420 (0.0028)"
200,0.25,0.1,0.5,1,"Tail",0.056,0.00325158422926425,"0.0560 (0.0033)"
200,0.25,0.1,0.5,2,"Uniform",0.0496,0.00307049963361014,"0.0496 (0.0031)"
200,0.25,0.1,0.5,2,"Central",0.0428,0.00286245209566903,"0.0428 (0.0029)"
200,0.25,0.1,0.5,2,"Tail",0.0484,0.00303504332753257,"0.0484 (0.0030)"
200,0.25,0.1,0.5,3,"Uniform",0.0424,0.00284963997726029,"0.0424 (0.0028)"
200,0.25,0.1,0.5,3,"Central",0.0474,0.00300510365877785,"0.0474 (0.0030)"
200,0.25,0.1,0.5,3,"Tail",0.0548,0.00321860093829602,"0.0548 (0.0032)"
200,0.25,0.1,0.5,5,"Uniform",0.0506,0.00309966578843591,"0.0506 (0.0031)"
200,0.25,0.1,0.5,5,"Central",0.0536,0.00318518570887162,"0.0536 (0.0032)"
200,0.25,0.1,0.5,5,"Tail",0.049,0.00305283474822991,"0.0490 (0.0031)"
200,0.25,0.1,0.5,8,"Uniform",0.045,0.00293172304285381,"0.0450 (0.0029)"
200,0.25,0.1,0.5,8,"Central",0.0514,0.00312275647465504,"0.0514 (0.0031)"
200,0.25,0.1,0.5,8,"Tail",0.0522,0.00314563697841947,"0.0522 (0.0031)"
200,0.25,0.1,1,1,"Uniform",0.0464,0.00297479545515318,"0.0464 (0.0030)"
200,0.25,0.1,1,1,"Central",0.0466,0.00298088711627931,"0.0466 (0.0030)"
200,0.25,0.1,1,1,"Tail",0.0522,0.00314563697841947,"0.0522 (0.0031)"
200,0.25,0.1,1,2,"Uniform",0.0534,0.00317957355631223,"0.0534 (0.0032)"
200,0.25,0.1,1,2,"Central",0.0398,0.00276463234445378,"0.0398 (0.0028)"
200,0.25,0.1,1,2,"Tail",0.0438,0.00289418589589542,"0.0438 (0.0029)"
200,0.25,0.1,1,3,"Uniform",0.0426,0.00285605462132642,"0.0426 (0.0029)"
200,0.25,0.1,1,3,"Central",0.0454,0.00294410733499986,"0.0454 (0.0029)"
200,0.25,0.1,1,3,"Tail",0.0486,0.0030409879973456,"0.0486 (0.0030)"
200,0.25,0.1,1,5,"Uniform",0.0476,0.00301112072159188,"0.0476 (0.0030)"
200,0.25,0.1,1,5,"Central",0.0478,0.00301712313305241,"0.0478 (0.0030)"
200,0.25,0.1,1,5,"Tail",0.0466,0.00298088711627931,"0.0466 (0.0030)"
200,0.25,0.1,1,8,"Uniform",0.0442,0.00290676314824583,"0.0442 (0.0029)"
200,0.25,0.1,1,8,"Central",0.0482,0.00302908435009658,"0.0482 (0.0030)"
200,0.25,0.1,1,8,"Tail",0.0472,0.00299907185642492,"0.0472 (0.0030)"
200,0.25,0.1,1.5,1,"Uniform",0.0544,0.0032075111847038,"0.0544 (0.0032)"
200,0.25,0.1,1.5,1,"Central",0.0474,0.00300510365877785,"0.0474 (0.0030)"
200,0.25,0.1,1.5,1,"Tail",0.0502,0.00308804015517933,"0.0502 (0.0031)"
200,0.25,0.1,1.5,2,"Uniform",0.053,0.00316831185333767,"0.0530 (0.0032)"
200,0.25,0.1,1.5,2,"Central",0.043,0.00286883251515316,"0.0430 (0.0029)"
200,0.25,0.1,1.5,2,"Tail",0.0452,0.00293792307591605,"0.0452 (0.0029)"
200,0.25,0.1,1.5,3,"Uniform",0.04,0.0027712812921102,"0.0400 (0.0028)"
200,0.25,0.1,1.5,3,"Central",0.0456,0.00295027591929975,"0.0456 (0.0030)"
200,0.25,0.1,1.5,3,"Tail",0.0552,0.0032296427046966,"0.0552 (0.0032)"
200,0.25,0.1,1.5,5,"Uniform",0.0482,0.00302908435009658,"0.0482 (0.0030)"
200,0.25,0.1,1.5,5,"Central",0.048,0.00302311098043059,"0.0480 (0.0030)"
200,0.25,0.1,1.5,5,"Tail",0.05,0.00308220700148449,"0.0500 (0.0031)"
200,0.25,0.1,1.5,8,"Uniform",0.042,0.00283675871374356,"0.0420 (0.0028)"
200,0.25,0.1,1.5,8,"Central",0.0516,0.00312849612433834,"0.0516 (0.0031)"
200,0.25,0.1,1.5,8,"Tail",0.0432,0.00287519599331941,"0.0432 (0.0029)"
200,0.25,0.1,2,1,"Uniform",0.0444,0.00291302729132427,"0.0444 (0.0029)"
200,0.25,0.1,2,1,"Central",0.0516,0.00312849612433834,"0.0516 (0.0031)"
200,0.25,0.1,2,1,"Tail",0.0498,0.00307636018697421,"0.0498 (0.0031)"
200,0.25,0.1,2,2,"Uniform",0.054,0.00319637294444813,"0.0540 (0.0032)"
200,0.25,0.1,2,2,"Central",0.0478,0.00301712313305241,"0.0478 (0.0030)"
200,0.25,0.1,2,2,"Tail",0.0464,0.00297479545515318,"0.0464 (0.0030)"
200,0.25,0.1,2,3,"Uniform",0.0402,0.00277791144567281,"0.0402 (0.0028)"
200,0.25,0.1,2,3,"Central",0.0418,0.00283029185774188,"0.0418 (0.0028)"
200,0.25,0.1,2,3,"Tail",0.0528,0.00316266216975509,"0.0528 (0.0032)"
200,0.25,0.1,2,5,"Uniform",0.0448,0.00292550713552369,"0.0448 (0.0029)"
200,0.25,0.1,2,5,"Central",0.0498,0.00307636018697421,"0.0498 (0.0031)"
200,0.25,0.1,2,5,"Tail",0.0454,0.00294410733499986,"0.0454 (0.0029)"
200,0.25,0.1,2,8,"Uniform",0.0424,0.00284963997726029,"0.0424 (0.0028)"
200,0.25,0.1,2,8,"Central",0.051,0.00311123769583746,"0.0510 (0.0031)"
200,0.25,0.1,2,8,"Tail",0.0446,0.00291927525252416,"0.0446 (0.0029)"
200,0.25,0.2,0.5,1,"Uniform",0.0526,0.00315699984162179,"0.0526 (0.0032)"
200,0.25,0.2,0.5,1,"Central",0.0434,0.00288154264240528,"0.0434 (0.0029)"
200,0.25,0.2,0.5,1,"Tail",0.0474,0.00300510365877785,"0.0474 (0.0030)"
200,0.25,0.2,0.5,2,"Uniform",0.0554,0.00323514574633045,"0.0554 (0.0032)"
200,0.25,0.2,0.5,2,"Central",0.0434,0.00288154264240528,"0.0434 (0.0029)"
200,0.25,0.2,0.5,2,"Tail",0.051,0.00311123769583746,"0.0510 (0.0031)"
200,0.25,0.2,0.5,3,"Uniform",0.0412,0.00281078494374792,"0.0412 (0.0028)"
200,0.25,0.2,0.5,3,"Central",0.0454,0.00294410733499986,"0.0454 (0.0029)"
200,0.25,0.2,0.5,3,"Tail",0.0614,0.00339499749631719,"0.0614 (0.0034)"
200,0.25,0.2,0.5,5,"Uniform",0.052,0.00313993630508646,"0.0520 (0.0031)"
200,0.25,0.2,0.5,5,"Central",0.054,0.00319637294444813,"0.0540 (0.0032)"
200,0.25,0.2,0.5,5,"Tail",0.0534,0.00317957355631223,"0.0534 (0.0032)"
200,0.25,0.2,0.5,8,"Uniform",0.0442,0.00290676314824583,"0.0442 (0.0029)"
200,0.25,0.2,0.5,8,"Central",0.0502,0.00308804015517933,"0.0502 (0.0031)"
200,0.25,0.2,0.5,8,"Tail",0.0524,0.00315132480077824,"0.0524 (0.0032)"
200,0.25,0.2,1,1,"Uniform",0.0448,0.00292550713552369,"0.0448 (0.0029)"
200,0.25,0.2,1,1,"Central",0.0496,0.00307049963361014,"0.0496 (0.0031)"
200,0.25,0.2,1,1,"Tail",0.0458,0.00295642892693195,"0.0458 (0.0030)"
200,0.25,0.2,1,2,"Uniform",0.0546,0.00321306209090332,"0.0546 (0.0032)"
200,0.25,0.2,1,2,"Central",0.0454,0.00294410733499986,"0.0454 (0.0029)"
200,0.25,0.2,1,2,"Tail",0.0464,0.00297479545515318,"0.0464 (0.0030)"
200,0.25,0.2,1,3,"Uniform",0.0458,0.00295642892693195,"0.0458 (0.0030)"
200,0.25,0.2,1,3,"Central",0.0406,0.00279111590586991,"0.0406 (0.0028)"
200,0.25,0.2,1,3,"Tail",0.0508,0.00310545842026584,"0.0508 (0.0031)"
200,0.25,0.2,1,5,"Uniform",0.0486,0.0030409879973456,"0.0486 (0.0030)"
200,0.25,0.2,1,5,"Central",0.0528,0.00316266216975509,"0.0528 (0.0032)"
200,0.25,0.2,1,5,"Tail",0.0478,0.00301712313305241,"0.0478 (0.0030)"
200,0.25,0.2,1,8,"Uniform",0.0524,0.00315132480077824,"0.0524 (0.0032)"
200,0.25,0.2,1,8,"Central",0.0532,0.00317394895989208,"0.0532 (0.0032)"
200,0.25,0.2,1,8,"Tail",0.0526,0.00315699984162179,"0.0526 (0.0032)"
200,0.25,0.2,1.5,1,"Uniform",0.0464,0.00297479545515318,"0.0464 (0.0030)"
200,0.25,0.2,1.5,1,"Central",0.048,0.00302311098043059,"0.0480 (0.0030)"
200,0.25,0.2,1.5,1,"Tail",0.051,0.00311123769583746,"0.0510 (0.0031)"
200,0.25,0.2,1.5,2,"Uniform",0.049,0.00305283474822991,"0.0490 (0.0031)"
200,0.25,0.2,1.5,2,"Central",0.0406,0.00279111590586991,"0.0406 (0.0028)"
200,0.25,0.2,1.5,2,"Tail",0.0428,0.00286245209566903,"0.0428 (0.0029)"
200,0.25,0.2,1.5,3,"Uniform",0.0406,0.00279111590586991,"0.0406 (0.0028)"
200,0.25,0.2,1.5,3,"Central",0.0446,0.00291927525252416,"0.0446 (0.0029)"
200,0.25,0.2,1.5,3,"Tail",0.0498,0.00307636018697421,"0.0498 (0.0031)"
200,0.25,0.2,1.5,5,"Uniform",0.0444,0.00291302729132427,"0.0444 (0.0029)"
200,0.25,0.2,1.5,5,"Central",0.0502,0.00308804015517933,"0.0502 (0.0031)"
200,0.25,0.2,1.5,5,"Tail",0.0422,0.00284320804725929,"0.0422 (0.0028)"
200,0.25,0.2,1.5,8,"Uniform",0.041,0.00280424677944007,"0.0410 (0.0028)"
200,0.25,0.2,1.5,8,"Central",0.049,0.00305283474822991,"0.0490 (0.0031)"
200,0.25,0.2,1.5,8,"Tail",0.0472,0.00299907185642492,"0.0472 (0.0030)"
200,0.25,0.2,2,1,"Uniform",0.0482,0.00302908435009658,"0.0482 (0.0030)"
200,0.25,0.2,2,1,"Central",0.043,0.00286883251515316,"0.0430 (0.0029)"
200,0.25,0.2,2,1,"Tail",0.0512,0.0031170036894428,"0.0512 (0.0031)"
200,0.25,0.2,2,2,"Uniform",0.0486,0.0030409879973456,"0.0486 (0.0030)"
200,0.25,0.2,2,2,"Central",0.0438,0.00289418589589542,"0.0438 (0.0029)"
200,0.25,0.2,2,2,"Tail",0.0456,0.00295027591929975,"0.0456 (0.0030)"
200,0.25,0.2,2,3,"Uniform",0.0362,0.00264157377334043,"0.0362 (0.0026)"
200,0.25,0.2,2,3,"Central",0.0418,0.00283029185774188,"0.0418 (0.0028)"
200,0.25,0.2,2,3,"Tail",0.0442,0.00290676314824583,"0.0442 (0.0029)"
200,0.25,0.2,2,5,"Uniform",0.0462,0.00296868859936505,"0.0462 (0.0030)"
200,0.25,0.2,2,5,"Central",0.0442,0.00290676314824583,"0.0442 (0.0029)"
200,0.25,0.2,2,5,"Tail",0.0438,0.00289418589589542,"0.0438 (0.0029)"
200,0.25,0.2,2,8,"Uniform",0.0438,0.00289418589589542,"0.0438 (0.0029)"
200,0.25,0.2,2,8,"Central",0.0432,0.00287519599331941,"0.0432 (0.0029)"
200,0.25,0.2,2,8,"Tail",0.0382,0.0027107474983849,"0.0382 (0.0027)"
200,0.5,0.05,0.5,1,"Uniform",0.0496,0.00307049963361014,"0.0496 (0.0031)"
200,0.5,0.05,0.5,1,"Central",0.0456,0.00295027591929975,"0.0456 (0.0030)"
200,0.5,0.05,0.5,1,"Tail",0.0576,0.00329491244193226,"0.0576 (0.0033)"
200,0.5,0.05,0.5,2,"Uniform",0.0512,0.0031170036894428,"0.0512 (0.0031)"
200,0.5,0.05,0.5,2,"Central",0.0408,0.00279769047608916,"0.0408 (0.0028)"
200,0.5,0.05,0.5,2,"Tail",0.0528,0.00316266216975509,"0.0528 (0.0032)"
200,0.5,0.05,0.5,3,"Uniform",0.0418,0.00283029185774188,"0.0418 (0.0028)"
200,0.5,0.05,0.5,3,"Central",0.0446,0.00291927525252416,"0.0446 (0.0029)"
200,0.5,0.05,0.5,3,"Tail",0.058,0.00330563155841664,"0.0580 (0.0033)"
200,0.5,0.05,0.5,5,"Uniform",0.0498,0.00307636018697421,"0.0498 (0.0031)"
200,0.5,0.05,0.5,5,"Central",0.052,0.00313993630508646,"0.0520 (0.0031)"
200,0.5,0.05,0.5,5,"Tail",0.0536,0.00318518570887162,"0.0536 (0.0032)"
200,0.5,0.05,0.5,8,"Uniform",0.0442,0.00290676314824583,"0.0442 (0.0029)"
200,0.5,0.05,0.5,8,"Central",0.055,0.0032241277890307,"0.0550 (0.0032)"
200,0.5,0.05,0.5,8,"Tail",0.0554,0.00323514574633045,"0.0554 (0.0032)"
200,0.5,0.05,1,1,"Uniform",0.0496,0.00307049963361014,"0.0496 (0.0031)"
200,0.5,0.05,1,1,"Central",0.0432,0.00287519599331941,"0.0432 (0.0029)"
200,0.5,0.05,1,1,"Tail",0.058,0.00330563155841664,"0.0580 (0.0033)"
200,0.5,0.05,1,2,"Uniform",0.0522,0.00314563697841947,"0.0522 (0.0031)"
200,0.5,0.05,1,2,"Central",0.0402,0.00277791144567281,"0.0402 (0.0028)"
200,0.5,0.05,1,2,"Tail",0.0562,0.00325704037432759,"0.0562 (0.0033)"
200,0.5,0.05,1,3,"Uniform",0.0434,0.00288154264240528,"0.0434 (0.0029)"
200,0.5,0.05,1,3,"Central",0.0456,0.00295027591929975,"0.0456 (0.0030)"
200,0.5,0.05,1,3,"Tail",0.0578,0.00330027756408457,"0.0578 (0.0033)"
200,0.5,0.05,1,5,"Uniform",0.051,0.00311123769583746,"0.0510 (0.0031)"
200,0.5,0.05,1,5,"Central",0.0532,0.00317394895989208,"0.0532 (0.0032)"
200,0.5,0.05,1,5,"Tail",0.0524,0.00315132480077824,"0.0524 (0.0032)"
200,0.5,0.05,1,8,"Uniform",0.0434,0.00288154264240528,"0.0434 (0.0029)"
200,0.5,0.05,1,8,"Central",0.0496,0.00307049963361014,"0.0496 (0.0031)"
200,0.5,0.05,1,8,"Tail",0.0558,0.00324611644892786,"0.0558 (0.0032)"
200,0.5,0.05,1.5,1,"Uniform",0.0512,0.0031170036894428,"0.0512 (0.0031)"
200,0.5,0.05,1.5,1,"Central",0.0438,0.00289418589589542,"0.0438 (0.0029)"
200,0.5,0.05,1.5,1,"Tail",0.0534,0.00317957355631223,"0.0534 (0.0032)"
200,0.5,0.05,1.5,2,"Uniform",0.0546,0.00321306209090332,"0.0546 (0.0032)"
200,0.5,0.05,1.5,2,"Central",0.042,0.00283675871374356,"0.0420 (0.0028)"
200,0.5,0.05,1.5,2,"Tail",0.0534,0.00317957355631223,"0.0534 (0.0032)"
200,0.5,0.05,1.5,3,"Uniform",0.041,0.00280424677944007,"0.0410 (0.0028)"
200,0.5,0.05,1.5,3,"Central",0.0448,0.00292550713552369,"0.0448 (0.0029)"
200,0.5,0.05,1.5,3,"Tail",0.051,0.00311123769583746,"0.0510 (0.0031)"
200,0.5,0.05,1.5,5,"Uniform",0.0494,0.0030646252625729,"0.0494 (0.0031)"
200,0.5,0.05,1.5,5,"Central",0.0488,0.00304691844328003,"0.0488 (0.0030)"
200,0.5,0.05,1.5,5,"Tail",0.0568,0.00327333957908433,"0.0568 (0.0033)"
200,0.5,0.05,1.5,8,"Uniform",0.0378,0.00269707841932711,"0.0378 (0.0027)"
200,0.5,0.05,1.5,8,"Central",0.051,0.00311123769583746,"0.0510 (0.0031)"
200,0.5,0.05,1.5,8,"Tail",0.0528,0.00316266216975509,"0.0528 (0.0032)"
200,0.5,0.05,2,1,"Uniform",0.0472,0.00299907185642492,"0.0472 (0.0030)"
200,0.5,0.05,2,1,"Central",0.0362,0.00264157377334043,"0.0362 (0.0026)"
200,0.5,0.05,2,1,"Tail",0.0564,0.00326248494249399,"0.0564 (0.0033)"
200,0.5,0.05,2,2,"Uniform",0.0486,0.0030409879973456,"0.0486 (0.0030)"
200,0.5,0.05,2,2,"Central",0.0392,0.0027445713690848,"0.0392 (0.0027)"
200,0.5,0.05,2,2,"Tail",0.056,0.00325158422926425,"0.0560 (0.0033)"
200,0.5,0.05,2,3,"Uniform",0.0434,0.00288154264240528,"0.0434 (0.0029)"
200,0.5,0.05,2,3,"Central",0.0398,0.00276463234445378,"0.0398 (0.0028)"
200,0.5,0.05,2,3,"Tail",0.0622,0.00341558662604244,"0.0622 (0.0034)"
200,0.5,0.05,2,5,"Uniform",0.0512,0.0031170036894428,"0.0512 (0.0031)"
200,0.5,0.05,2,5,"Central",0.048,0.00302311098043059,"0.0480 (0.0030)"
200,0.5,0.05,2,5,"Tail",0.0534,0.00317957355631223,"0.0534 (0.0032)"
200,0.5,0.05,2,8,"Uniform",0.0378,0.00269707841932711,"0.0378 (0.0027)"
200,0.5,0.05,2,8,"Central",0.047,0.00299302522541993,"0.0470 (0.0030)"
200,0.5,0.05,2,8,"Tail",0.049,0.00305283474822991,"0.0490 (0.0031)"
200,0.5,0.1,0.5,1,"Uniform",0.0474,0.00300510365877785,"0.0474 (0.0030)"
200,0.5,0.1,0.5,1,"Central",0.044,0.00290048271844533,"0.0440 (0.0029)"
200,0.5,0.1,0.5,1,"Tail",0.0546,0.00321306209090332,"0.0546 (0.0032)"
200,0.5,0.1,0.5,2,"Uniform",0.0526,0.00315699984162179,"0.0526 (0.0032)"
200,0.5,0.1,0.5,2,"Central",0.0428,0.00286245209566903,"0.0428 (0.0029)"
200,0.5,0.1,0.5,2,"Tail",0.046,0.00296256645495084,"0.0460 (0.0030)"
200,0.5,0.1,0.5,3,"Uniform",0.0416,0.00282380735886852,"0.0416 (0.0028)"
200,0.5,0.1,0.5,3,"Central",0.04,0.0027712812921102,"0.0400 (0.0028)"
200,0.5,0.1,0.5,3,"Tail",0.0598,0.00335332551357604,"0.0598 (0.0034)"
200,0.5,0.1,0.5,5,"Uniform",0.0586,0.00332162731202644,"0.0586 (0.0033)"
200,0.5,0.1,0.5,5,"Central",0.0504,0.00309385972532693,"0.0504 (0.0031)"
200,0.5,0.1,0.5,5,"Tail",0.05,0.00308220700148449,"0.0500 (0.0031)"
200,0.5,0.1,0.5,8,"Uniform",0.0438,0.00289418589589542,"0.0438 (0.0029)"
200,0.5,0.1,0.5,8,"Central",0.05,0.00308220700148449,"0.0500 (0.0031)"
200,0.5,0.1,0.5,8,"Tail",0.0564,0.00326248494249399,"0.0564 (0.0033)"
200,0.5,0.1,1,1,"Uniform",0.052,0.00313993630508646,"0.0520 (0.0031)"
200,0.5,0.1,1,1,"Central",0.0384,0.00271755183943195,"0.0384 (0.0027)"
200,0.5,0.1,1,1,"Tail",0.0614,0.00339499749631719,"0.0614 (0.0034)"
200,0.5,0.1,1,2,"Uniform",0.0586,0.00332162731202644,"0.0586 (0.0033)"
200,0.5,0.1,1,2,"Central",0.0384,0.00271755183943195,"0.0384 (0.0027)"
200,0.5,0.1,1,2,"Tail",0.0514,0.00312275647465504,"0.0514 (0.0031)"
200,0.5,0.1,1,3,"Uniform",0.0368,0.00266254614983478,"0.0368 (0.0027)"
200,0.5,0.1,1,3,"Central",0.0474,0.00300510365877785,"0.0474 (0.0030)"
200,0.5,0.1,1,3,"Tail",0.054,0.00319637294444813,"0.0540 (0.0032)"
200,0.5,0.1,1,5,"Uniform",0.052,0.00313993630508646,"0.0520 (0.0031)"
200,0.5,0.1,1,5,"Central",0.0452,0.00293792307591605,"0.0452 (0.0029)"
200,0.5,0.1,1,5,"Tail",0.0526,0.00315699984162179,"0.0526 (0.0032)"
200,0.5,0.1,1,8,"Uniform",0.0442,0.00290676314824583,"0.0442 (0.0029)"
200,0.5,0.1,1,8,"Central",0.0444,0.00291302729132427,"0.0444 (0.0029)"
200,0.5,0.1,1,8,"Tail",0.059,0.00333223648620562,"0.0590 (0.0033)"
200,0.5,0.1,1.5,1,"Uniform",0.0442,0.00290676314824583,"0.0442 (0.0029)"
200,0.5,0.1,1.5,1,"Central",0.0398,0.00276463234445378,"0.0398 (0.0028)"
200,0.5,0.1,1.5,1,"Tail",0.057,0.00327874976172321,"0.0570 (0.0033)"
200,0.5,0.1,1.5,2,"Uniform",0.055,0.0032241277890307,"0.0550 (0.0032)"
200,0.5,0.1,1.5,2,"Central",0.0386,0.00272433624943765,"0.0386 (0.0027)"
200,0.5,0.1,1.5,2,"Tail",0.0598,0.00335332551357604,"0.0598 (0.0034)"
200,0.5,0.1,1.5,3,"Uniform",0.0452,0.00293792307591605,"0.0452 (0.0029)"
200,0.5,0.1,1.5,3,"Central",0.0488,0.00304691844328003,"0.0488 (0.0030)"
200,0.5,0.1,1.5,3,"Tail",0.0598,0.00335332551357604,"0.0598 (0.0034)"
200,0.5,0.1,1.5,5,"Uniform",0.0444,0.00291302729132427,"0.0444 (0.0029)"
200,0.5,0.1,1.5,5,"Central",0.0484,0.00303504332753257,"0.0484 (0.0030)"
200,0.5,0.1,1.5,5,"Tail",0.0578,0.00330027756408457,"0.0578 (0.0033)"
200,0.5,0.1,1.5,8,"Uniform",0.0416,0.00282380735886852,"0.0416 (0.0028)"
200,0.5,0.1,1.5,8,"Central",0.0456,0.00295027591929975,"0.0456 (0.0030)"
200,0.5,0.1,1.5,8,"Tail",0.0488,0.00304691844328003,"0.0488 (0.0030)"
200,0.5,0.1,2,1,"Uniform",0.0468,0.00298696367570816,"0.0468 (0.0030)"
200,0.5,0.1,2,1,"Central",0.0362,0.00264157377334043,"0.0362 (0.0026)"
200,0.5,0.1,2,1,"Tail",0.0662,0.00351617860752266,"0.0662 (0.0035)"
200,0.5,0.1,2,2,"Uniform",0.0462,0.00296868859936505,"0.0462 (0.0030)"
200,0.5,0.1,2,2,"Central",0.0348,0.00259187036712873,"0.0348 (0.0026)"
200,0.5,0.1,2,2,"Tail",0.064,0.00346132922444543,"0.0640 (0.0035)"
200,0.5,0.1,2,3,"Uniform",0.035,0.00259903828367341,"0.0350 (0.0026)"
200,0.5,0.1,2,3,"Central",0.0364,0.00264858603787002,"0.0364 (0.0026)"
200,0.5,0.1,2,3,"Tail",0.0632,0.00344109749934523,"0.0632 (0.0034)"
200,0.5,0.1,2,5,"Uniform",0.0424,0.00284963997726029,"0.0424 (0.0028)"
200,0.5,0.1,2,5,"Central",0.0418,0.00283029185774188,"0.0418 (0.0028)"
200,0.5,0.1,2,5,"Tail",0.0574,0.0032895361375124,"0.0574 (0.0033)"
200,0.5,0.1,2,8,"Uniform",0.0372,0.00267642149146953,"0.0372 (0.0027)"
200,0.5,0.1,2,8,"Central",0.043,0.00286883251515316,"0.0430 (0.0029)"
200,0.5,0.1,2,8,"Tail",0.0538,0.00319078548323136,"0.0538 (0.0032)"
200,0.5,0.2,0.5,1,"Uniform",0.0488,0.00304691844328003,"0.0488 (0.0030)"
200,0.5,0.2,0.5,1,"Central",0.0458,0.00295642892693195,"0.0458 (0.0030)"
200,0.5,0.2,0.5,1,"Tail",0.0568,0.00327333957908433,"0.0568 (0.0033)"
200,0.5,0.2,0.5,2,"Uniform",0.0462,0.00296868859936505,"0.0462 (0.0030)"
200,0.5,0.2,0.5,2,"Central",0.0474,0.00300510365877785,"0.0474 (0.0030)"
200,0.5,0.2,0.5,2,"Tail",0.05,0.00308220700148449,"0.0500 (0.0031)"
200,0.5,0.2,0.5,3,"Uniform",0.0374,0.00268332778467335,"0.0374 (0.0027)"
200,0.5,0.2,0.5,3,"Central",0.05,0.00308220700148449,"0.0500 (0.0031)"
200,0.5,0.2,0.5,3,"Tail",0.055,0.0032241277890307,"0.0550 (0.0032)"
200,0.5,0.2,0.5,5,"Uniform",0.0556,0.00324063697442339,"0.0556 (0.0032)"
200,0.5,0.2,0.5,5,"Central",0.0514,0.00312275647465504,"0.0514 (0.0031)"
200,0.5,0.2,0.5,5,"Tail",0.0536,0.00318518570887162,"0.0536 (0.0032)"
200,0.5,0.2,0.5,8,"Uniform",0.0452,0.00293792307591605,"0.0452 (0.0029)"
200,0.5,0.2,0.5,8,"Central",0.0526,0.00315699984162179,"0.0526 (0.0032)"
200,0.5,0.2,0.5,8,"Tail",0.056,0.00325158422926425,"0.0560 (0.0033)"
200,0.5,0.2,1,1,"Uniform",0.0476,0.00301112072159188,"0.0476 (0.0030)"
200,0.5,0.2,1,1,"Central",0.0384,0.00271755183943195,"0.0384 (0.0027)"
200,0.5,0.2,1,1,"Tail",0.055,0.0032241277890307,"0.0550 (0.0032)"
200,0.5,0.2,1,2,"Uniform",0.0544,0.0032075111847038,"0.0544 (0.0032)"
200,0.5,0.2,1,2,"Central",0.0426,0.00285605462132642,"0.0426 (0.0029)"
200,0.5,0.2,1,2,"Tail",0.0512,0.0031170036894428,"0.0512 (0.0031)"
200,0.5,0.2,1,3,"Uniform",0.0422,0.00284320804725929,"0.0422 (0.0028)"
200,0.5,0.2,1,3,"Central",0.0422,0.00284320804725929,"0.0422 (0.0028)"
200,0.5,0.2,1,3,"Tail",0.0512,0.0031170036894428,"0.0512 (0.0031)"
200,0.5,0.2,1,5,"Uniform",0.0536,0.00318518570887162,"0.0536 (0.0032)"
200,0.5,0.2,1,5,"Central",0.0478,0.00301712313305241,"0.0478 (0.0030)"
200,0.5,0.2,1,5,"Tail",0.0532,0.00317394895989208,"0.0532 (0.0032)"
200,0.5,0.2,1,8,"Uniform",0.0422,0.00284320804725929,"0.0422 (0.0028)"
200,0.5,0.2,1,8,"Central",0.05,0.00308220700148449,"0.0500 (0.0031)"
200,0.5,0.2,1,8,"Tail",0.0532,0.00317394895989208,"0.0532 (0.0032)"
200,0.5,0.2,1.5,1,"Uniform",0.0502,0.00308804015517933,"0.0502 (0.0031)"
200,0.5,0.2,1.5,1,"Central",0.036,0.00263453980801202,"0.0360 (0.0026)"
200,0.5,0.2,1.5,1,"Tail",0.0678,0.00355536664775941,"0.0678 (0.0036)"
200,0.5,0.2,1.5,2,"Uniform",0.0542,0.00320194815698193,"0.0542 (0.0032)"
200,0.5,0.2,1.5,2,"Central",0.03,0.00241246761636296,"0.0300 (0.0024)"
200,0.5,0.2,1.5,2,"Tail",0.0594,0.00334280241713446,"0.0594 (0.0033)"
200,0.5,0.2,1.5,3,"Uniform",0.0394,0.00275127752144345,"0.0394 (0.0028)"
200,0.5,0.2,1.5,3,"Central",0.045,0.00293172304285381,"0.0450 (0.0029)"
200,0.5,0.2,1.5,3,"Tail",0.0618,0.00340531232047811,"0.0618 (0.0034)"
200,0.5,0.2,1.5,5,"Uniform",0.0472,0.00299907185642492,"0.0472 (0.0030)"
200,0.5,0.2,1.5,5,"Central",0.0438,0.00289418589589542,"0.0438 (0.0029)"
200,0.5,0.2,1.5,5,"Tail",0.0608,0.00337944847571316,"0.0608 (0.0034)"
200,0.5,0.2,1.5,8,"Uniform",0.0436,0.00288787257336608,"0.0436 (0.0029)"
200,0.5,0.2,1.5,8,"Central",0.0486,0.0030409879973456,"0.0486 (0.0030)"
200,0.5,0.2,1.5,8,"Tail",0.059,0.00333223648620562,"0.0590 (0.0033)"
200,0.5,0.2,2,1,"Uniform",0.0434,0.00288154264240528,"0.0434 (0.0029)"
200,0.5,0.2,2,1,"Central",0.031,0.00245108139399735,"0.0310 (0.0025)"
200,0.5,0.2,2,1,"Tail",0.0768,0.00376568081493905,"0.0768 (0.0038)"
200,0.5,0.2,2,2,"Uniform",0.052,0.00313993630508646,"0.0520 (0.0031)"
200,0.5,0.2,2,2,"Central",0.0326,0.00251146331846595,"0.0326 (0.0025)"
200,0.5,0.2,2,2,"Tail",0.066,0.00351123909752668,"0.0660 (0.0035)"
200,0.5,0.2,2,3,"Uniform",0.0416,0.00282380735886852,"0.0416 (0.0028)"
200,0.5,0.2,2,3,"Central",0.0334,0.00254104073166882,"0.0334 (0.0025)"
200,0.5,0.2,2,3,"Tail",0.065,0.00348640215695206,"0.0650 (0.0035)"
200,0.5,0.2,2,5,"Uniform",0.047,0.00299302522541993,"0.0470 (0.0030)"
200,0.5,0.2,2,5,"Central",0.0414,0.00281730509529941,"0.0414 (0.0028)"
200,0.5,0.2,2,5,"Tail",0.0556,0.00324063697442339,"0.0556 (0.0032)"
200,0.5,0.2,2,8,"Uniform",0.042,0.00283675871374356,"0.0420 (0.0028)"
200,0.5,0.2,2,8,"Central",0.047,0.00299302522541993,"0.0470 (0.0030)"
200,0.5,0.2,2,8,"Tail",0.0584,0.00331630637909105,"0.0584 (0.0033)"
200,0.75,0.05,0.5,1,"Uniform",0.0508,0.00310545842026584,"0.0508 (0.0031)"
200,0.75,0.05,0.5,1,"Central",0.0466,0.00298088711627931,"0.0466 (0.0030)"
200,0.75,0.05,0.5,1,"Tail",0.0606,0.00337424480439698,"0.0606 (0.0034)"
200,0.75,0.05,0.5,2,"Uniform",0.0514,0.00312275647465504,"0.0514 (0.0031)"
200,0.75,0.05,0.5,2,"Central",0.047,0.00299302522541993,"0.0470 (0.0030)"
200,0.75,0.05,0.5,2,"Tail",0.0506,0.00309966578843591,"0.0506 (0.0031)"
200,0.75,0.05,0.5,3,"Uniform",0.0396,0.00275796446677618,"0.0396 (0.0028)"
200,0.75,0.05,0.5,3,"Central",0.0468,0.00298696367570816,"0.0468 (0.0030)"
200,0.75,0.05,0.5,3,"Tail",0.0486,0.0030409879973456,"0.0486 (0.0030)"
200,0.75,0.05,0.5,5,"Uniform",0.0576,0.00329491244193226,"0.0576 (0.0033)"
200,0.75,0.05,0.5,5,"Central",0.0556,0.00324063697442339,"0.0556 (0.0032)"
200,0.75,0.05,0.5,5,"Tail",0.0484,0.00303504332753257,"0.0484 (0.0030)"
200,0.75,0.05,0.5,8,"Uniform",0.0464,0.00297479545515318,"0.0464 (0.0030)"
200,0.75,0.05,0.5,8,"Central",0.0524,0.00315132480077824,"0.0524 (0.0032)"
200,0.75,0.05,0.5,8,"Tail",0.056,0.00325158422926425,"0.0560 (0.0033)"
200,0.75,0.05,1,1,"Uniform",0.0422,0.00284320804725929,"0.0422 (0.0028)"
200,0.75,0.05,1,1,"Central",0.0484,0.00303504332753257,"0.0484 (0.0030)"
200,0.75,0.05,1,1,"Tail",0.0516,0.00312849612433834,"0.0516 (0.0031)"
200,0.75,0.05,1,2,"Uniform",0.0576,0.00329491244193226,"0.0576 (0.0033)"
200,0.75,0.05,1,2,"Central",0.0458,0.00295642892693195,"0.0458 (0.0030)"
200,0.75,0.05,1,2,"Tail",0.049,0.00305283474822991,"0.0490 (0.0031)"
200,0.75,0.05,1,3,"Uniform",0.0426,0.00285605462132642,"0.0426 (0.0029)"
200,0.75,0.05,1,3,"Central",0.0414,0.00281730509529941,"0.0414 (0.0028)"
200,0.75,0.05,1,3,"Tail",0.051,0.00311123769583746,"0.0510 (0.0031)"
200,0.75,0.05,1,5,"Uniform",0.0508,0.00310545842026584,"0.0508 (0.0031)"
200,0.75,0.05,1,5,"Central",0.0502,0.00308804015517933,"0.0502 (0.0031)"
200,0.75,0.05,1,5,"Tail",0.0512,0.0031170036894428,"0.0512 (0.0031)"
200,0.75,0.05,1,8,"Uniform",0.0422,0.00284320804725929,"0.0422 (0.0028)"
200,0.75,0.05,1,8,"Central",0.051,0.00311123769583746,"0.0510 (0.0031)"
200,0.75,0.05,1,8,"Tail",0.0544,0.0032075111847038,"0.0544 (0.0032)"
200,0.75,0.05,1.5,1,"Uniform",0.0466,0.00298088711627931,"0.0466 (0.0030)"
200,0.75,0.05,1.5,1,"Central",0.045,0.00293172304285381,"0.0450 (0.0029)"
200,0.75,0.05,1.5,1,"Tail",0.0446,0.00291927525252416,"0.0446 (0.0029)"
200,0.75,0.05,1.5,2,"Uniform",0.0512,0.0031170036894428,"0.0512 (0.0031)"
200,0.75,0.05,1.5,2,"Central",0.0446,0.00291927525252416,"0.0446 (0.0029)"
200,0.75,0.05,1.5,2,"Tail",0.0508,0.00310545842026584,"0.0508 (0.0031)"
200,0.75,0.05,1.5,3,"Uniform",0.0456,0.00295027591929975,"0.0456 (0.0030)"
200,0.75,0.05,1.5,3,"Central",0.0364,0.00264858603787002,"0.0364 (0.0026)"
200,0.75,0.05,1.5,3,"Tail",0.0506,0.00309966578843591,"0.0506 (0.0031)"
200,0.75,0.05,1.5,5,"Uniform",0.0474,0.00300510365877785,"0.0474 (0.0030)"
200,0.75,0.05,1.5,5,"Central",0.0424,0.00284963997726029,"0.0424 (0.0028)"
200,0.75,0.05,1.5,5,"Tail",0.053,0.00316831185333767,"0.0530 (0.0032)"
200,0.75,0.05,1.5,8,"Uniform",0.0448,0.00292550713552369,"0.0448 (0.0029)"
200,0.75,0.05,1.5,8,"Central",0.052,0.00313993630508646,"0.0520 (0.0031)"
200,0.75,0.05,1.5,8,"Tail",0.0518,0.0031342227106573,"0.0518 (0.0031)"
200,0.75,0.05,2,1,"Uniform",0.0508,0.00310545842026584,"0.0508 (0.0031)"
200,0.75,0.05,2,1,"Central",0.048,0.00302311098043059,"0.0480 (0.0030)"
200,0.75,0.05,2,1,"Tail",0.0568,0.00327333957908433,"0.0568 (0.0033)"
200,0.75,0.05,2,2,"Uniform",0.0562,0.00325704037432759,"0.0562 (0.0033)"
200,0.75,0.05,2,2,"Central",0.0368,0.00266254614983478,"0.0368 (0.0027)"
200,0.75,0.05,2,2,"Tail",0.0544,0.0032075111847038,"0.0544 (0.0032)"
200,0.75,0.05,2,3,"Uniform",0.041,0.00280424677944007,"0.0410 (0.0028)"
200,0.75,0.05,2,3,"Central",0.0398,0.00276463234445378,"0.0398 (0.0028)"
200,0.75,0.05,2,3,"Tail",0.0572,0.00328414859590732,"0.0572 (0.0033)"
200,0.75,0.05,2,5,"Uniform",0.0436,0.00288787257336608,"0.0436 (0.0029)"
200,0.75,0.05,2,5,"Central",0.0526,0.00315699984162179,"0.0526 (0.0032)"
200,0.75,0.05,2,5,"Tail",0.048,0.00302311098043059,"0.0480 (0.0030)"
200,0.75,0.05,2,8,"Uniform",0.0412,0.00281078494374792,"0.0412 (0.0028)"
200,0.75,0.05,2,8,"Central",0.0452,0.00293792307591605,"0.0452 (0.0029)"
200,0.75,0.05,2,8,"Tail",0.048,0.00302311098043059,"0.0480 (0.0030)"
200,0.75,0.1,0.5,1,"Uniform",0.05,0.00308220700148449,"0.0500 (0.0031)"
200,0.75,0.1,0.5,1,"Central",0.0424,0.00284963997726029,"0.0424 (0.0028)"
200,0.75,0.1,0.5,1,"Tail",0.0506,0.00309966578843591,"0.0506 (0.0031)"
200,0.75,0.1,0.5,2,"Uniform",0.05,0.00308220700148449,"0.0500 (0.0031)"
200,0.75,0.1,0.5,2,"Central",0.0458,0.00295642892693195,"0.0458 (0.0030)"
200,0.75,0.1,0.5,2,"Tail",0.0476,0.00301112072159188,"0.0476 (0.0030)"
200,0.75,0.1,0.5,3,"Uniform",0.0386,0.00272433624943765,"0.0386 (0.0027)"
200,0.75,0.1,0.5,3,"Central",0.047,0.00299302522541993,"0.0470 (0.0030)"
200,0.75,0.1,0.5,3,"Tail",0.0546,0.00321306209090332,"0.0546 (0.0032)"
200,0.75,0.1,0.5,5,"Uniform",0.0448,0.00292550713552369,"0.0448 (0.0029)"
200,0.75,0.1,0.5,5,"Central",0.0496,0.00307049963361014,"0.0496 (0.0031)"
200,0.75,0.1,0.5,5,"Tail",0.0522,0.00314563697841947,"0.0522 (0.0031)"
200,0.75,0.1,0.5,8,"Uniform",0.0468,0.00298696367570816,"0.0468 (0.0030)"
200,0.75,0.1,0.5,8,"Central",0.047,0.00299302522541993,"0.0470 (0.0030)"
200,0.75,0.1,0.5,8,"Tail",0.0574,0.0032895361375124,"0.0574 (0.0033)"
200,0.75,0.1,1,1,"Uniform",0.0494,0.0030646252625729,"0.0494 (0.0031)"
200,0.75,0.1,1,1,"Central",0.0446,0.00291927525252416,"0.0446 (0.0029)"
200,0.75,0.1,1,1,"Tail",0.0544,0.0032075111847038,"0.0544 (0.0032)"
200,0.75,0.1,1,2,"Uniform",0.0504,0.00309385972532693,"0.0504 (0.0031)"
200,0.75,0.1,1,2,"Central",0.0446,0.00291927525252416,"0.0446 (0.0029)"
200,0.75,0.1,1,2,"Tail",0.0528,0.00316266216975509,"0.0528 (0.0032)"
200,0.75,0.1,1,3,"Uniform",0.047,0.00299302522541993,"0.0470 (0.0030)"
200,0.75,0.1,1,3,"Central",0.0472,0.00299907185642492,"0.0472 (0.0030)"
200,0.75,0.1,1,3,"Tail",0.0524,0.00315132480077824,"0.0524 (0.0032)"
200,0.75,0.1,1,5,"Uniform",0.0504,0.00309385972532693,"0.0504 (0.0031)"
200,0.75,0.1,1,5,"Central",0.0494,0.0030646252625729,"0.0494 (0.0031)"
200,0.75,0.1,1,5,"Tail",0.0508,0.00310545842026584,"0.0508 (0.0031)"
200,0.75,0.1,1,8,"Uniform",0.0446,0.00291927525252416,"0.0446 (0.0029)"
200,0.75,0.1,1,8,"Central",0.0432,0.00287519599331941,"0.0432 (0.0029)"
200,0.75,0.1,1,8,"Tail",0.0524,0.00315132480077824,"0.0524 (0.0032)"
200,0.75,0.1,1.5,1,"Uniform",0.0484,0.00303504332753257,"0.0484 (0.0030)"
200,0.75,0.1,1.5,1,"Central",0.0398,0.00276463234445378,"0.0398 (0.0028)"
200,0.75,0.1,1.5,1,"Tail",0.0548,0.00321860093829602,"0.0548 (0.0032)"
200,0.75,0.1,1.5,2,"Uniform",0.0536,0.00318518570887162,"0.0536 (0.0032)"
200,0.75,0.1,1.5,2,"Central",0.0478,0.00301712313305241,"0.0478 (0.0030)"
200,0.75,0.1,1.5,2,"Tail",0.0494,0.0030646252625729,"0.0494 (0.0031)"
200,0.75,0.1,1.5,3,"Uniform",0.0402,0.00277791144567281,"0.0402 (0.0028)"
200,0.75,0.1,1.5,3,"Central",0.0402,0.00277791144567281,"0.0402 (0.0028)"
200,0.75,0.1,1.5,3,"Tail",0.0558,0.00324611644892786,"0.0558 (0.0032)"
200,0.75,0.1,1.5,5,"Uniform",0.0484,0.00303504332753257,"0.0484 (0.0030)"
200,0.75,0.1,1.5,5,"Central",0.0462,0.00296868859936505,"0.0462 (0.0030)"
200,0.75,0.1,1.5,5,"Tail",0.051,0.00311123769583746,"0.0510 (0.0031)"
200,0.75,0.1,1.5,8,"Uniform",0.0454,0.00294410733499986,"0.0454 (0.0029)"
200,0.75,0.1,1.5,8,"Central",0.0476,0.00301112072159188,"0.0476 (0.0030)"
200,0.75,0.1,1.5,8,"Tail",0.047,0.00299302522541993,"0.0470 (0.0030)"
200,0.75,0.1,2,1,"Uniform",0.0508,0.00310545842026584,"0.0508 (0.0031)"
200,0.75,0.1,2,1,"Central",0.0462,0.00296868859936505,"0.0462 (0.0030)"
200,0.75,0.1,2,1,"Tail",0.0554,0.00323514574633045,"0.0554 (0.0032)"
200,0.75,0.1,2,2,"Uniform",0.0494,0.0030646252625729,"0.0494 (0.0031)"
200,0.75,0.1,2,2,"Central",0.037,0.00266949433413896,"0.0370 (0.0027)"
200,0.75,0.1,2,2,"Tail",0.0546,0.00321306209090332,"0.0546 (0.0032)"
200,0.75,0.1,2,3,"Uniform",0.0412,0.00281078494374792,"0.0412 (0.0028)"
200,0.75,0.1,2,3,"Central",0.0382,0.0027107474983849,"0.0382 (0.0027)"
200,0.75,0.1,2,3,"Tail",0.0554,0.00323514574633045,"0.0554 (0.0032)"
200,0.75,0.1,2,5,"Uniform",0.0446,0.00291927525252416,"0.0446 (0.0029)"
200,0.75,0.1,2,5,"Central",0.0438,0.00289418589589542,"0.0438 (0.0029)"
200,0.75,0.1,2,5,"Tail",0.0496,0.00307049963361014,"0.0496 (0.0031)"
200,0.75,0.1,2,8,"Uniform",0.0388,0.00273110087693589,"0.0388 (0.0027)"
200,0.75,0.1,2,8,"Central",0.0366,0.00265557677350891,"0.0366 (0.0027)"
200,0.75,0.1,2,8,"Tail",0.0494,0.0030646252625729,"0.0494 (0.0031)"
200,0.75,0.2,0.5,1,"Uniform",0.0494,0.0030646252625729,"0.0494 (0.0031)"
200,0.75,0.2,0.5,1,"Central",0.0466,0.00298088711627931,"0.0466 (0.0030)"
200,0.75,0.2,0.5,1,"Tail",0.0532,0.00317394895989208,"0.0532 (0.0032)"
200,0.75,0.2,0.5,2,"Uniform",0.045,0.00293172304285381,"0.0450 (0.0029)"
200,0.75,0.2,0.5,2,"Central",0.0454,0.00294410733499986,"0.0454 (0.0029)"
200,0.75,0.2,0.5,2,"Tail",0.0446,0.00291927525252416,"0.0446 (0.0029)"
200,0.75,0.2,0.5,3,"Uniform",0.0404,0.00278452293939195,"0.0404 (0.0028)"
200,0.75,0.2,0.5,3,"Central",0.0422,0.00284320804725929,"0.0422 (0.0028)"
200,0.75,0.2,0.5,3,"Tail",0.0536,0.00318518570887162,"0.0536 (0.0032)"
200,0.75,0.2,0.5,5,"Uniform",0.0566,0.00326791799162709,"0.0566 (0.0033)"
200,0.75,0.2,0.5,5,"Central",0.0524,0.00315132480077824,"0.0524 (0.0032)"
200,0.75,0.2,0.5,5,"Tail",0.0486,0.0030409879973456,"0.0486 (0.0030)"
200,0.75,0.2,0.5,8,"Uniform",0.0484,0.00303504332753257,"0.0484 (0.0030)"
200,0.75,0.2,0.5,8,"Central",0.046,0.00296256645495084,"0.0460 (0.0030)"
200,0.75,0.2,0.5,8,"Tail",0.0574,0.0032895361375124,"0.0574 (0.0033)"
200,0.75,0.2,1,1,"Uniform",0.046,0.00296256645495084,"0.0460 (0.0030)"
200,0.75,0.2,1,1,"Central",0.0506,0.00309966578843591,"0.0506 (0.0031)"
200,0.75,0.2,1,1,"Tail",0.0514,0.00312275647465504,"0.0514 (0.0031)"
200,0.75,0.2,1,2,"Uniform",0.0566,0.00326791799162709,"0.0566 (0.0033)"
200,0.75,0.2,1,2,"Central",0.0428,0.00286245209566903,"0.0428 (0.0029)"
200,0.75,0.2,1,2,"Tail",0.0532,0.00317394895989208,"0.0532 (0.0032)"
200,0.75,0.2,1,3,"Uniform",0.0418,0.00283029185774188,"0.0418 (0.0028)"
200,0.75,0.2,1,3,"Central",0.0476,0.00301112072159188,"0.0476 (0.0030)"
200,0.75,0.2,1,3,"Tail",0.0592,0.0033375248313683,"0.0592 (0.0033)"
200,0.75,0.2,1,5,"Uniform",0.0526,0.00315699984162179,"0.0526 (0.0032)"
200,0.75,0.2,1,5,"Central",0.0458,0.00295642892693195,"0.0458 (0.0030)"
200,0.75,0.2,1,5,"Tail",0.0474,0.00300510365877785,"0.0474 (0.0030)"
200,0.75,0.2,1,8,"Uniform",0.0368,0.00266254614983478,"0.0368 (0.0027)"
200,0.75,0.2,1,8,"Central",0.0414,0.00281730509529941,"0.0414 (0.0028)"
200,0.75,0.2,1,8,"Tail",0.049,0.00305283474822991,"0.0490 (0.0031)"
200,0.75,0.2,1.5,1,"Uniform",0.0494,0.0030646252625729,"0.0494 (0.0031)"
200,0.75,0.2,1.5,1,"Central",0.0424,0.00284963997726029,"0.0424 (0.0028)"
200,0.75,0.2,1.5,1,"Tail",0.059,0.00333223648620562,"0.0590 (0.0033)"
200,0.75,0.2,1.5,2,"Uniform",0.052,0.00313993630508646,"0.0520 (0.0031)"
200,0.75,0.2,1.5,2,"Central",0.0438,0.00289418589589542,"0.0438 (0.0029)"
200,0.75,0.2,1.5,2,"Tail",0.051,0.00311123769583746,"0.0510 (0.0031)"
200,0.75,0.2,1.5,3,"Uniform",0.0418,0.00283029185774188,"0.0418 (0.0028)"
200,0.75,0.2,1.5,3,"Central",0.0388,0.00273110087693589,"0.0388 (0.0027)"
200,0.75,0.2,1.5,3,"Tail",0.0528,0.00316266216975509,"0.0528 (0.0032)"
200,0.75,0.2,1.5,5,"Uniform",0.0532,0.00317394895989208,"0.0532 (0.0032)"
200,0.75,0.2,1.5,5,"Central",0.0452,0.00293792307591605,"0.0452 (0.0029)"
200,0.75,0.2,1.5,5,"Tail",0.051,0.00311123769583746,"0.0510 (0.0031)"
200,0.75,0.2,1.5,8,"Uniform",0.0446,0.00291927525252416,"0.0446 (0.0029)"
200,0.75,0.2,1.5,8,"Central",0.0462,0.00296868859936505,"0.0462 (0.0030)"
200,0.75,0.2,1.5,8,"Tail",0.0538,0.00319078548323136,"0.0538 (0.0032)"
200,0.75,0.2,2,1,"Uniform",0.052,0.00313993630508646,"0.0520 (0.0031)"
200,0.75,0.2,2,1,"Central",0.0396,0.00275796446677618,"0.0396 (0.0028)"
200,0.75,0.2,2,1,"Tail",0.0556,0.00324063697442339,"0.0556 (0.0032)"
200,0.75,0.2,2,2,"Uniform",0.046,0.00296256645495084,"0.0460 (0.0030)"
200,0.75,0.2,2,2,"Central",0.037,0.00266949433413896,"0.0370 (0.0027)"
200,0.75,0.2,2,2,"Tail",0.0528,0.00316266216975509,"0.0528 (0.0032)"
200,0.75,0.2,2,3,"Uniform",0.0334,0.00254104073166882,"0.0334 (0.0025)"
200,0.75,0.2,2,3,"Central",0.0376,0.00269021337443705,"0.0376 (0.0027)"
200,0.75,0.2,2,3,"Tail",0.0564,0.00326248494249399,"0.0564 (0.0033)"
200,0.75,0.2,2,5,"Uniform",0.0538,0.00319078548323136,"0.0538 (0.0032)"
200,0.75,0.2,2,5,"Central",0.05,0.00308220700148449,"0.0500 (0.0031)"
200,0.75,0.2,2,5,"Tail",0.0486,0.0030409879973456,"0.0486 (0.0030)"
200,0.75,0.2,2,8,"Uniform",0.0428,0.00286245209566903,"0.0428 (0.0029)"
200,0.75,0.2,2,8,"Central",0.0396,0.00275796446677618,"0.0396 (0.0028)"
200,0.75,0.2,2,8,"Tail",0.0498,0.00307636018697421,"0.0498 (0.0031)"
500,0.25,0.05,0.5,1,"Uniform",0.0518,0.0031342227106573,"0.0518 (0.0031)"
500,0.25,0.05,0.5,1,"Central",0.0416,0.00282380735886852,"0.0416 (0.0028)"
500,0.25,0.05,0.5,1,"Tail",0.05,0.00308220700148449,"0.0500 (0.0031)"
500,0.25,0.05,0.5,2,"Uniform",0.0576,0.00329491244193226,"0.0576 (0.0033)"
500,0.25,0.05,0.5,2,"Central",0.0474,0.00300510365877785,"0.0474 (0.0030)"
500,0.25,0.05,0.5,2,"Tail",0.052,0.00313993630508646,"0.0520 (0.0031)"
500,0.25,0.05,0.5,3,"Uniform",0.052,0.00313993630508646,"0.0520 (0.0031)"
500,0.25,0.05,0.5,3,"Central",0.0506,0.00309966578843591,"0.0506 (0.0031)"
500,0.25,0.05,0.5,3,"Tail",0.0552,0.0032296427046966,"0.0552 (0.0032)"
500,0.25,0.05,0.5,5,"Uniform",0.0498,0.00307636018697421,"0.0498 (0.0031)"
500,0.25,0.05,0.5,5,"Central",0.0528,0.00316266216975509,"0.0528 (0.0032)"
500,0.25,0.05,0.5,5,"Tail",0.0578,0.00330027756408457,"0.0578 (0.0033)"
500,0.25,0.05,0.5,8,"Uniform",0.0434,0.00288154264240528,"0.0434 (0.0029)"
500,0.25,0.05,0.5,8,"Central",0.0536,0.00318518570887162,"0.0536 (0.0032)"
500,0.25,0.05,0.5,8,"Tail",0.0506,0.00309966578843591,"0.0506 (0.0031)"
500,0.25,0.05,1,1,"Uniform",0.05,0.00308220700148449,"0.0500 (0.0031)"
500,0.25,0.05,1,1,"Central",0.0424,0.00284963997726029,"0.0424 (0.0028)"
500,0.25,0.05,1,1,"Tail",0.0602,0.00336380617753164,"0.0602 (0.0034)"
500,0.25,0.05,1,2,"Uniform",0.0512,0.0031170036894428,"0.0512 (0.0031)"
500,0.25,0.05,1,2,"Central",0.0562,0.00325704037432759,"0.0562 (0.0033)"
500,0.25,0.05,1,2,"Tail",0.0572,0.00328414859590732,"0.0572 (0.0033)"
500,0.25,0.05,1,3,"Uniform",0.048,0.00302311098043059,"0.0480 (0.0030)"
500,0.25,0.05,1,3,"Central",0.0536,0.00318518570887162,"0.0536 (0.0032)"
500,0.25,0.05,1,3,"Tail",0.054,0.00319637294444813,"0.0540 (0.0032)"
500,0.25,0.05,1,5,"Uniform",0.0486,0.0030409879973456,"0.0486 (0.0030)"
500,0.25,0.05,1,5,"Central",0.0482,0.00302908435009658,"0.0482 (0.0030)"
500,0.25,0.05,1,5,"Tail",0.055,0.0032241277890307,"0.0550 (0.0032)"
500,0.25,0.05,1,8,"Uniform",0.0464,0.00297479545515318,"0.0464 (0.0030)"
500,0.25,0.05,1,8,"Central",0.0534,0.00317957355631223,"0.0534 (0.0032)"
500,0.25,0.05,1,8,"Tail",0.047,0.00299302522541993,"0.0470 (0.0030)"
500,0.25,0.05,1.5,1,"Uniform",0.0534,0.00317957355631223,"0.0534 (0.0032)"
500,0.25,0.05,1.5,1,"Central",0.0416,0.00282380735886852,"0.0416 (0.0028)"
500,0.25,0.05,1.5,1,"Tail",0.052,0.00313993630508646,"0.0520 (0.0031)"
500,0.25,0.05,1.5,2,"Uniform",0.0544,0.0032075111847038,"0.0544 (0.0032)"
500,0.25,0.05,1.5,2,"Central",0.0554,0.00323514574633045,"0.0554 (0.0032)"
500,0.25,0.05,1.5,2,"Tail",0.0532,0.00317394895989208,"0.0532 (0.0032)"
500,0.25,0.05,1.5,3,"Uniform",0.047,0.00299302522541993,"0.0470 (0.0030)"
500,0.25,0.05,1.5,3,"Central",0.0478,0.00301712313305241,"0.0478 (0.0030)"
500,0.25,0.05,1.5,3,"Tail",0.0498,0.00307636018697421,"0.0498 (0.0031)"
500,0.25,0.05,1.5,5,"Uniform",0.053,0.00316831185333767,"0.0530 (0.0032)"
500,0.25,0.05,1.5,5,"Central",0.0434,0.00288154264240528,"0.0434 (0.0029)"
500,0.25,0.05,1.5,5,"Tail",0.0518,0.0031342227106573,"0.0518 (0.0031)"
500,0.25,0.05,1.5,8,"Uniform",0.0482,0.00302908435009658,"0.0482 (0.0030)"
500,0.25,0.05,1.5,8,"Central",0.059,0.00333223648620562,"0.0590 (0.0033)"
500,0.25,0.05,1.5,8,"Tail",0.0488,0.00304691844328003,"0.0488 (0.0030)"
500,0.25,0.05,2,1,"Uniform",0.0518,0.0031342227106573,"0.0518 (0.0031)"
500,0.25,0.05,2,1,"Central",0.045,0.00293172304285381,"0.0450 (0.0029)"
500,0.25,0.05,2,1,"Tail",0.0562,0.00325704037432759,"0.0562 (0.0033)"
500,0.25,0.05,2,2,"Uniform",0.058,0.00330563155841664,"0.0580 (0.0033)"
500,0.25,0.05,2,2,"Central",0.0482,0.00302908435009658,"0.0482 (0.0030)"
500,0.25,0.05,2,2,"Tail",0.0506,0.00309966578843591,"0.0506 (0.0031)"
500,0.25,0.05,2,3,"Uniform",0.0468,0.00298696367570816,"0.0468 (0.0030)"
500,0.25,0.05,2,3,"Central",0.0538,0.00319078548323136,"0.0538 (0.0032)"
500,0.25,0.05,2,3,"Tail",0.0484,0.00303504332753257,"0.0484 (0.0030)"
500,0.25,0.05,2,5,"Uniform",0.0476,0.00301112072159188,"0.0476 (0.0030)"
500,0.25,0.05,2,5,"Central",0.0446,0.00291927525252416,"0.0446 (0.0029)"
500,0.25,0.05,2,5,"Tail",0.0508,0.00310545842026584,"0.0508 (0.0031)"
500,0.25,0.05,2,8,"Uniform",0.0396,0.00275796446677618,"0.0396 (0.0028)"
500,0.25,0.05,2,8,"Central",0.056,0.00325158422926425,"0.0560 (0.0033)"
500,0.25,0.05,2,8,"Tail",0.0498,0.00307636018697421,"0.0498 (0.0031)"
500,0.25,0.1,0.5,1,"Uniform",0.055,0.0032241277890307,"0.0550 (0.0032)"
500,0.25,0.1,0.5,1,"Central",0.0414,0.00281730509529941,"0.0414 (0.0028)"
500,0.25,0.1,0.5,1,"Tail",0.0476,0.00301112072159188,"0.0476 (0.0030)"
500,0.25,0.1,0.5,2,"Uniform",0.0606,0.00337424480439698,"0.0606 (0.0034)"
500,0.25,0.1,0.5,2,"Central",0.0498,0.00307636018697421,"0.0498 (0.0031)"
500,0.25,0.1,0.5,2,"Tail",0.056,0.00325158422926425,"0.0560 (0.0033)"
500,0.25,0.1,0.5,3,"Uniform",0.055,0.0032241277890307,"0.0550 (0.0032)"
500,0.25,0.1,0.5,3,"Central",0.0572,0.00328414859590732,"0.0572 (0.0033)"
500,0.25,0.1,0.5,3,"Tail",0.0482,0.00302908435009658,"0.0482 (0.0030)"
500,0.25,0.1,0.5,5,"Uniform",0.0494,0.0030646252625729,"0.0494 (0.0031)"
500,0.25,0.1,0.5,5,"Central",0.0506,0.00309966578843591,"0.0506 (0.0031)"
500,0.25,0.1,0.5,5,"Tail",0.0568,0.00327333957908433,"0.0568 (0.0033)"
500,0.25,0.1,0.5,8,"Uniform",0.0412,0.00281078494374792,"0.0412 (0.0028)"
500,0.25,0.1,0.5,8,"Central",0.0542,0.00320194815698193,"0.0542 (0.0032)"
500,0.25,0.1,0.5,8,"Tail",0.0446,0.00291927525252416,"0.0446 (0.0029)"
500,0.25,0.1,1,1,"Uniform",0.0554,0.00323514574633045,"0.0554 (0.0032)"
500,0.25,0.1,1,1,"Central",0.0374,0.00268332778467335,"0.0374 (0.0027)"
500,0.25,0.1,1,1,"Tail",0.0496,0.00307049963361014,"0.0496 (0.0031)"
500,0.25,0.1,1,2,"Uniform",0.0532,0.00317394895989208,"0.0532 (0.0032)"
500,0.25,0.1,1,2,"Central",0.0536,0.00318518570887162,"0.0536 (0.0032)"
500,0.25,0.1,1,2,"Tail",0.0578,0.00330027756408457,"0.0578 (0.0033)"
500,0.25,0.1,1,3,"Uniform",0.0508,0.00310545842026584,"0.0508 (0.0031)"
500,0.25,0.1,1,3,"Central",0.053,0.00316831185333767,"0.0530 (0.0032)"
500,0.25,0.1,1,3,"Tail",0.0564,0.00326248494249399,"0.0564 (0.0033)"
500,0.25,0.1,1,5,"Uniform",0.0472,0.00299907185642492,"0.0472 (0.0030)"
500,0.25,0.1,1,5,"Central",0.0486,0.0030409879973456,"0.0486 (0.0030)"
500,0.25,0.1,1,5,"Tail",0.0546,0.00321306209090332,"0.0546 (0.0032)"
500,0.25,0.1,1,8,"Uniform",0.0484,0.00303504332753257,"0.0484 (0.0030)"
500,0.25,0.1,1,8,"Central",0.0576,0.00329491244193226,"0.0576 (0.0033)"
500,0.25,0.1,1,8,"Tail",0.0508,0.00310545842026584,"0.0508 (0.0031)"
500,0.25,0.1,1.5,1,"Uniform",0.0494,0.0030646252625729,"0.0494 (0.0031)"
500,0.25,0.1,1.5,1,"Central",0.0454,0.00294410733499986,"0.0454 (0.0029)"
500,0.25,0.1,1.5,1,"Tail",0.048,0.00302311098043059,"0.0480 (0.0030)"
500,0.25,0.1,1.5,2,"Uniform",0.0588,0.00332693733033852,"0.0588 (0.0033)"
500,0.25,0.1,1.5,2,"Central",0.0452,0.00293792307591605,"0.0452 (0.0029)"
500,0.25,0.1,1.5,2,"Tail",0.0506,0.00309966578843591,"0.0506 (0.0031)"
500,0.25,0.1,1.5,3,"Uniform",0.0474,0.00300510365877785,"0.0474 (0.0030)"
500,0.25,0.1,1.5,3,"Central",0.0484,0.00303504332753257,"0.0484 (0.0030)"
500,0.25,0.1,1.5,3,"Tail",0.0534,0.00317957355631223,"0.0534 (0.0032)"
500,0.25,0.1,1.5,5,"Uniform",0.0494,0.0030646252625729,"0.0494 (0.0031)"
500,0.25,0.1,1.5,5,"Central",0.043,0.00286883251515316,"0.0430 (0.0029)"
500,0.25,0.1,1.5,5,"Tail",0.0536,0.00318518570887162,"0.0536 (0.0032)"
500,0.25,0.1,1.5,8,"Uniform",0.0416,0.00282380735886852,"0.0416 (0.0028)"
500,0.25,0.1,1.5,8,"Central",0.0568,0.00327333957908433,"0.0568 (0.0033)"
500,0.25,0.1,1.5,8,"Tail",0.0492,0.00305873699425106,"0.0492 (0.0031)"
500,0.25,0.1,2,1,"Uniform",0.0562,0.00325704037432759,"0.0562 (0.0033)"
500,0.25,0.1,2,1,"Central",0.0414,0.00281730509529941,"0.0414 (0.0028)"
500,0.25,0.1,2,1,"Tail",0.0502,0.00308804015517933,"0.0502 (0.0031)"
500,0.25,0.1,2,2,"Uniform",0.054,0.00319637294444813,"0.0540 (0.0032)"
500,0.25,0.1,2,2,"Central",0.0496,0.00307049963361014,"0.0496 (0.0031)"
500,0.25,0.1,2,2,"Tail",0.057,0.00327874976172321,"0.0570 (0.0033)"
500,0.25,0.1,2,3,"Uniform",0.0488,0.00304691844328003,"0.0488 (0.0030)"
500,0.25,0.1,2,3,"Central",0.053,0.00316831185333767,"0.0530 (0.0032)"
500,0.25,0.1,2,3,"Tail",0.0486,0.0030409879973456,"0.0486 (0.0030)"
500,0.25,0.1,2,5,"Uniform",0.044,0.00290048271844533,"0.0440 (0.0029)"
500,0.25,0.1,2,5,"Central",0.0474,0.00300510365877785,"0.0474 (0.0030)"
500,0.25,0.1,2,5,"Tail",0.0532,0.00317394895989208,"0.0532 (0.0032)"
500,0.25,0.1,2,8,"Uniform",0.0386,0.00272433624943765,"0.0386 (0.0027)"
500,0.25,0.1,2,8,"Central",0.0598,0.00335332551357604,"0.0598 (0.0034)"
500,0.25,0.1,2,8,"Tail",0.0446,0.00291927525252416,"0.0446 (0.0029)"
500,0.25,0.2,0.5,1,"Uniform",0.0582,0.003310974478911,"0.0582 (0.0033)"
500,0.25,0.2,0.5,1,"Central",0.0472,0.00299907185642492,"0.0472 (0.0030)"
500,0.25,0.2,0.5,1,"Tail",0.0536,0.00318518570887162,"0.0536 (0.0032)"
500,0.25,0.2,0.5,2,"Uniform",0.058,0.00330563155841664,"0.0580 (0.0033)"
500,0.25,0.2,0.5,2,"Central",0.0476,0.00301112072159188,"0.0476 (0.0030)"
500,0.25,0.2,0.5,2,"Tail",0.0566,0.00326791799162709,"0.0566 (0.0033)"
500,0.25,0.2,0.5,3,"Uniform",0.0546,0.00321306209090332,"0.0546 (0.0032)"
500,0.25,0.2,0.5,3,"Central",0.0516,0.00312849612433834,"0.0516 (0.0031)"
500,0.25,0.2,0.5,3,"Tail",0.0524,0.00315132480077824,"0.0524 (0.0032)"
500,0.25,0.2,0.5,5,"Uniform",0.0458,0.00295642892693195,"0.0458 (0.0030)"
500,0.25,0.2,0.5,5,"Central",0.051,0.00311123769583746,"0.0510 (0.0031)"
500,0.25,0.2,0.5,5,"Tail",0.0594,0.00334280241713446,"0.0594 (0.0033)"
500,0.25,0.2,0.5,8,"Uniform",0.0456,0.00295027591929975,"0.0456 (0.0030)"
500,0.25,0.2,0.5,8,"Central",0.055,0.0032241277890307,"0.0550 (0.0032)"
500,0.25,0.2,0.5,8,"Tail",0.044,0.00290048271844533,"0.0440 (0.0029)"
500,0.25,0.2,1,1,"Uniform",0.0514,0.00312275647465504,"0.0514 (0.0031)"
500,0.25,0.2,1,1,"Central",0.041,0.00280424677944007,"0.0410 (0.0028)"
500,0.25,0.2,1,1,"Tail",0.0494,0.0030646252625729,"0.0494 (0.0031)"
500,0.25,0.2,1,2,"Uniform",0.058,0.00330563155841664,"0.0580 (0.0033)"
500,0.25,0.2,1,2,"Central",0.0478,0.00301712313305241,"0.0478 (0.0030)"
500,0.25,0.2,1,2,"Tail",0.0592,0.0033375248313683,"0.0592 (0.0033)"
500,0.25,0.2,1,3,"Uniform",0.0508,0.00310545842026584,"0.0508 (0.0031)"
500,0.25,0.2,1,3,"Central",0.0528,0.00316266216975509,"0.0528 (0.0032)"
500,0.25,0.2,1,3,"Tail",0.0524,0.00315132480077824,"0.0524 (0.0032)"
500,0.25,0.2,1,5,"Uniform",0.0478,0.00301712313305241,"0.0478 (0.0030)"
500,0.25,0.2,1,5,"Central",0.0436,0.00288787257336608,"0.0436 (0.0029)"
500,0.25,0.2,1,5,"Tail",0.0554,0.00323514574633045,"0.0554 (0.0032)"
500,0.25,0.2,1,8,"Uniform",0.039,0.00273784586856163,"0.0390 (0.0027)"
500,0.25,0.2,1,8,"Central",0.0526,0.00315699984162179,"0.0526 (0.0032)"
500,0.25,0.2,1,8,"Tail",0.0444,0.00291302729132427,"0.0444 (0.0029)"
500,0.25,0.2,1.5,1,"Uniform",0.051,0.00311123769583746,"0.0510 (0.0031)"
500,0.25,0.2,1.5,1,"Central",0.041,0.00280424677944007,"0.0410 (0.0028)"
500,0.25,0.2,1.5,1,"Tail",0.0548,0.00321860093829602,"0.0548 (0.0032)"
500,0.25,0.2,1.5,2,"Uniform",0.053,0.00316831185333767,"0.0530 (0.0032)"
500,0.25,0.2,1.5,2,"Central",0.0532,0.00317394895989208,"0.0532 (0.0032)"
500,0.25,0.2,1.5,2,"Tail",0.0536,0.00318518570887162,"0.0536 (0.0032)"
500,0.25,0.2,1.5,3,"Uniform",0.0402,0.00277791144567281,"0.0402 (0.0028)"
500,0.25,0.2,1.5,3,"Central",0.049,0.00305283474822991,"0.0490 (0.0031)"
500,0.25,0.2,1.5,3,"Tail",0.0554,0.00323514574633045,"0.0554 (0.0032)"
500,0.25,0.2,1.5,5,"Uniform",0.0486,0.0030409879973456,"0.0486 (0.0030)"
500,0.25,0.2,1.5,5,"Central",0.0462,0.00296868859936505,"0.0462 (0.0030)"
500,0.25,0.2,1.5,5,"Tail",0.0556,0.00324063697442339,"0.0556 (0.0032)"
500,0.25,0.2,1.5,8,"Uniform",0.037,0.00266949433413896,"0.0370 (0.0027)"
500,0.25,0.2,1.5,8,"Central",0.0546,0.00321306209090332,"0.0546 (0.0032)"
500,0.25,0.2,1.5,8,"Tail",0.0472,0.00299907185642492,"0.0472 (0.0030)"
500,0.25,0.2,2,1,"Uniform",0.05,0.00308220700148449,"0.0500 (0.0031)"
500,0.25,0.2,2,1,"Central",0.0412,0.00281078494374792,"0.0412 (0.0028)"
500,0.25,0.2,2,1,"Tail",0.053,0.00316831185333767,"0.0530 (0.0032)"
500,0.25,0.2,2,2,"Uniform",0.0552,0.0032296427046966,"0.0552 (0.0032)"
500,0.25,0.2,2,2,"Central",0.0456,0.00295027591929975,"0.0456 (0.0030)"
500,0.25,0.2,2,2,"Tail",0.0528,0.00316266216975509,"0.0528 (0.0032)"
500,0.25,0.2,2,3,"Uniform",0.046,0.00296256645495084,"0.0460 (0.0030)"
500,0.25,0.2,2,3,"Central",0.0524,0.00315132480077824,"0.0524 (0.0032)"
500,0.25,0.2,2,3,"Tail",0.0526,0.00315699984162179,"0.0526 (0.0032)"
500,0.25,0.2,2,5,"Uniform",0.0458,0.00295642892693195,"0.0458 (0.0030)"
500,0.25,0.2,2,5,"Central",0.0434,0.00288154264240528,"0.0434 (0.0029)"
500,0.25,0.2,2,5,"Tail",0.049,0.00305283474822991,"0.0490 (0.0031)"
500,0.25,0.2,2,8,"Uniform",0.042,0.00283675871374356,"0.0420 (0.0028)"
500,0.25,0.2,2,8,"Central",0.0524,0.00315132480077824,"0.0524 (0.0032)"
500,0.25,0.2,2,8,"Tail",0.0412,0.00281078494374792,"0.0412 (0.0028)"
500,0.5,0.05,0.5,1,"Uniform",0.055,0.0032241277890307,"0.0550 (0.0032)"
500,0.5,0.05,0.5,1,"Central",0.0378,0.00269707841932711,"0.0378 (0.0027)"
500,0.5,0.05,0.5,1,"Tail",0.0508,0.00310545842026584,"0.0508 (0.0031)"
500,0.5,0.05,0.5,2,"Uniform",0.057,0.00327874976172321,"0.0570 (0.0033)"
500,0.5,0.05,0.5,2,"Central",0.0496,0.00307049963361014,"0.0496 (0.0031)"
500,0.5,0.05,0.5,2,"Tail",0.0572,0.00328414859590732,"0.0572 (0.0033)"
500,0.5,0.05,0.5,3,"Uniform",0.0458,0.00295642892693195,"0.0458 (0.0030)"
500,0.5,0.05,0.5,3,"Central",0.0544,0.0032075111847038,"0.0544 (0.0032)"
500,0.5,0.05,0.5,3,"Tail",0.0556,0.00324063697442339,"0.0556 (0.0032)"
500,0.5,0.05,0.5,5,"Uniform",0.0536,0.00318518570887162,"0.0536 (0.0032)"
500,0.5,0.05,0.5,5,"Central",0.0442,0.00290676314824583,"0.0442 (0.0029)"
500,0.5,0.05,0.5,5,"Tail",0.0588,0.00332693733033852,"0.0588 (0.0033)"
500,0.5,0.05,0.5,8,"Uniform",0.037,0.00266949433413896,"0.0370 (0.0027)"
500,0.5,0.05,0.5,8,"Central",0.0526,0.00315699984162179,"0.0526 (0.0032)"
500,0.5,0.05,0.5,8,"Tail",0.0478,0.00301712313305241,"0.0478 (0.0030)"
500,0.5,0.05,1,1,"Uniform",0.053,0.00316831185333767,"0.0530 (0.0032)"
500,0.5,0.05,1,1,"Central",0.0334,0.00254104073166882,"0.0334 (0.0025)"
500,0.5,0.05,1,1,"Tail",0.0518,0.0031342227106573,"0.0518 (0.0031)"
500,0.5,0.05,1,2,"Uniform",0.0584,0.00331630637909105,"0.0584 (0.0033)"
500,0.5,0.05,1,2,"Central",0.0412,0.00281078494374792,"0.0412 (0.0028)"
500,0.5,0.05,1,2,"Tail",0.0564,0.00326248494249399,"0.0564 (0.0033)"
500,0.5,0.05,1,3,"Uniform",0.0526,0.00315699984162179,"0.0526 (0.0032)"
500,0.5,0.05,1,3,"Central",0.0484,0.00303504332753257,"0.0484 (0.0030)"
500,0.5,0.05,1,3,"Tail",0.0612,0.00338982477423244,"0.0612 (0.0034)"
500,0.5,0.05,1,5,"Uniform",0.0478,0.00301712313305241,"0.0478 (0.0030)"
500,0.5,0.05,1,5,"Central",0.0488,0.00304691844328003,"0.0488 (0.0030)"
500,0.5,0.05,1,5,"Tail",0.0562,0.00325704037432759,"0.0562 (0.0033)"
500,0.5,0.05,1,8,"Uniform",0.0402,0.00277791144567281,"0.0402 (0.0028)"
500,0.5,0.05,1,8,"Central",0.0598,0.00335332551357604,"0.0598 (0.0034)"
500,0.5,0.05,1,8,"Tail",0.0544,0.0032075111847038,"0.0544 (0.0032)"
500,0.5,0.05,1.5,1,"Uniform",0.0516,0.00312849612433834,"0.0516 (0.0031)"
500,0.5,0.05,1.5,1,"Central",0.032,0.00248901586977665,"0.0320 (0.0025)"
500,0.5,0.05,1.5,1,"Tail",0.051,0.00311123769583746,"0.0510 (0.0031)"
500,0.5,0.05,1.5,2,"Uniform",0.0518,0.0031342227106573,"0.0518 (0.0031)"
500,0.5,0.05,1.5,2,"Central",0.0482,0.00302908435009658,"0.0482 (0.0030)"
500,0.5,0.05,1.5,2,"Tail",0.0608,0.00337944847571316,"0.0608 (0.0034)"
500,0.5,0.05,1.5,3,"Uniform",0.0506,0.00309966578843591,"0.0506 (0.0031)"
500,0.5,0.05,1.5,3,"Central",0.052,0.00313993630508646,"0.0520 (0.0031)"
500,0.5,0.05,1.5,3,"Tail",0.0548,0.00321860093829602,"0.0548 (0.0032)"
500,0.5,0.05,1.5,5,"Uniform",0.0506,0.00309966578843591,"0.0506 (0.0031)"
500,0.5,0.05,1.5,5,"Central",0.0426,0.00285605462132642,"0.0426 (0.0029)"
500,0.5,0.05,1.5,5,"Tail",0.0624,0.00342070869850094,"0.0624 (0.0034)"
500,0.5,0.05,1.5,8,"Uniform",0.0448,0.00292550713552369,"0.0448 (0.0029)"
500,0.5,0.05,1.5,8,"Central",0.0528,0.00316266216975509,"0.0528 (0.0032)"
500,0.5,0.05,1.5,8,"Tail",0.0474,0.00300510365877785,"0.0474 (0.0030)"
500,0.5,0.05,2,1,"Uniform",0.0572,0.00328414859590732,"0.0572 (0.0033)"
500,0.5,0.05,2,1,"Central",0.037,0.00266949433413896,"0.0370 (0.0027)"
500,0.5,0.05,2,1,"Tail",0.0596,0.00334806929438445,"0.0596 (0.0033)"
500,0.5,0.05,2,2,"Uniform",0.0522,0.00314563697841947,"0.0522 (0.0031)"
500,0.5,0.05,2,2,"Central",0.0488,0.00304691844328003,"0.0488 (0.0030)"
500,0.5,0.05,2,2,"Tail",0.0574,0.0032895361375124,"0.0574 (0.0033)"
500,0.5,0.05,2,3,"Uniform",0.0476,0.00301112072159188,"0.0476 (0.0030)"
500,0.5,0.05,2,3,"Central",0.043,0.00286883251515316,"0.0430 (0.0029)"
500,0.5,0.05,2,3,"Tail",0.0556,0.00324063697442339,"0.0556 (0.0032)"
500,0.5,0.05,2,5,"Uniform",0.0416,0.00282380735886852,"0.0416 (0.0028)"
500,0.5,0.05,2,5,"Central",0.046,0.00296256645495084,"0.0460 (0.0030)"
500,0.5,0.05,2,5,"Tail",0.0578,0.00330027756408457,"0.0578 (0.0033)"
500,0.5,0.05,2,8,"Uniform",0.0416,0.00282380735886852,"0.0416 (0.0028)"
500,0.5,0.05,2,8,"Central",0.0468,0.00298696367570816,"0.0468 (0.0030)"
500,0.5,0.05,2,8,"Tail",0.0522,0.00314563697841947,"0.0522 (0.0031)"
500,0.5,0.1,0.5,1,"Uniform",0.0512,0.0031170036894428,"0.0512 (0.0031)"
500,0.5,0.1,0.5,1,"Central",0.0384,0.00271755183943195,"0.0384 (0.0027)"
500,0.5,0.1,0.5,1,"Tail",0.049,0.00305283474822991,"0.0490 (0.0031)"
500,0.5,0.1,0.5,2,"Uniform",0.0628,0.00343092290790685,"0.0628 (0.0034)"
500,0.5,0.1,0.5,2,"Central",0.051,0.00311123769583746,"0.0510 (0.0031)"
500,0.5,0.1,0.5,2,"Tail",0.0576,0.00329491244193226,"0.0576 (0.0033)"
500,0.5,0.1,0.5,3,"Uniform",0.044,0.00290048271844533,"0.0440 (0.0029)"
500,0.5,0.1,0.5,3,"Central",0.0552,0.0032296427046966,"0.0552 (0.0032)"
500,0.5,0.1,0.5,3,"Tail",0.052,0.00313993630508646,"0.0520 (0.0031)"
500,0.5,0.1,0.5,5,"Uniform",0.0522,0.00314563697841947,"0.0522 (0.0031)"
500,0.5,0.1,0.5,5,"Central",0.0474,0.00300510365877785,"0.0474 (0.0030)"
500,0.5,0.1,0.5,5,"Tail",0.0556,0.00324063697442339,"0.0556 (0.0032)"
500,0.5,0.1,0.5,8,"Uniform",0.0448,0.00292550713552369,"0.0448 (0.0029)"
500,0.5,0.1,0.5,8,"Central",0.0552,0.0032296427046966,"0.0552 (0.0032)"
500,0.5,0.1,0.5,8,"Tail",0.0532,0.00317394895989208,"0.0532 (0.0032)"
500,0.5,0.1,1,1,"Uniform",0.0512,0.0031170036894428,"0.0512 (0.0031)"
500,0.5,0.1,1,1,"Central",0.0356,0.00262040607540129,"0.0356 (0.0026)"
500,0.5,0.1,1,1,"Tail",0.0532,0.00317394895989208,"0.0532 (0.0032)"
500,0.5,0.1,1,2,"Uniform",0.0538,0.00319078548323136,"0.0538 (0.0032)"
500,0.5,0.1,1,2,"Central",0.0444,0.00291302729132427,"0.0444 (0.0029)"
500,0.5,0.1,1,2,"Tail",0.0618,0.00340531232047811,"0.0618 (0.0034)"
500,0.5,0.1,1,3,"Uniform",0.0458,0.00295642892693195,"0.0458 (0.0030)"
500,0.5,0.1,1,3,"Central",0.0478,0.00301712313305241,"0.0478 (0.0030)"
500,0.5,0.1,1,3,"Tail",0.0608,0.00337944847571316,"0.0608 (0.0034)"
500,0.5,0.1,1,5,"Uniform",0.0506,0.00309966578843591,"0.0506 (0.0031)"
500,0.5,0.1,1,5,"Central",0.0476,0.00301112072159188,"0.0476 (0.0030)"
500,0.5,0.1,1,5,"Tail",0.0636,0.0034512328232097,"0.0636 (0.0035)"
500,0.5,0.1,1,8,"Uniform",0.047,0.00299302522541993,"0.0470 (0.0030)"
500,0.5,0.1,1,8,"Central",0.0572,0.00328414859590732,"0.0572 (0.0033)"
500,0.5,0.1,1,8,"Tail",0.045,0.00293172304285381,"0.0450 (0.0029)"
500,0.5,0.1,1.5,1,"Uniform",0.0504,0.00309385972532693,"0.0504 (0.0031)"
500,0.5,0.1,1.5,1,"Central",0.0346,0.0025846794772273,"0.0346 (0.0026)"
500,0.5,0.1,1.5,1,"Tail",0.0582,0.003310974478911,"0.0582 (0.0033)"
500,0.5,0.1,1.5,2,"Uniform",0.051,0.00311123769583746,"0.0510 (0.0031)"
500,0.5,0.1,1.5,2,"Central",0.0446,0.00291927525252416,"0.0446 (0.0029)"
500,0.5,0.1,1.5,2,"Tail",0.0622,0.00341558662604244,"0.0622 (0.0034)"
500,0.5,0.1,1.5,3,"Uniform",0.0468,0.00298696367570816,"0.0468 (0.0030)"
500,0.5,0.1,1.5,3,"Central",0.0438,0.00289418589589542,"0.0438 (0.0029)"
500,0.5,0.1,1.5,3,"Tail",0.0676,0.0035504996831432,"0.0676 (0.0036)"
500,0.5,0.1,1.5,5,"Uniform",0.0408,0.00279769047608916,"0.0408 (0.0028)"
500,0.5,0.1,1.5,5,"Central",0.042,0.00283675871374356,"0.0420 (0.0028)"
500,0.5,0.1,1.5,5,"Tail",0.0684,0.00356991428468528,"0.0684 (0.0036)"
500,0.5,0.1,1.5,8,"Uniform",0.0444,0.00291302729132427,"0.0444 (0.0029)"
500,0.5,0.1,1.5,8,"Central",0.0478,0.00301712313305241,"0.0478 (0.0030)"
500,0.5,0.1,1.5,8,"Tail",0.048,0.00302311098043059,"0.0480 (0.0030)"
500,0.5,0.1,2,1,"Uniform",0.0496,0.00307049963361014,"0.0496 (0.0031)"
500,0.5,0.1,2,1,"Central",0.0314,0.00246633493264804,"0.0314 (0.0025)"
500,0.5,0.1,2,1,"Tail",0.0694,0.00359398497492686,"0.0694 (0.0036)"
500,0.5,0.1,2,2,"Uniform",0.0568,0.00327333957908433,"0.0568 (0.0033)"
500,0.5,0.1,2,2,"Central",0.0388,0.00273110087693589,"0.0388 (0.0027)"
500,0.5,0.1,2,2,"Tail",0.0672,0.00354073890593475,"0.0672 (0.0035)"
500,0.5,0.1,2,3,"Uniform",0.0484,0.00303504332753257,"0.0484 (0.0030)"
500,0.5,0.1,2,3,"Central",0.0402,0.00277791144567281,"0.0402 (0.0028)"
500,0.5,0.1,2,3,"Tail",0.0658,0.00350629034736144,"0.0658 (0.0035)"
500,0.5,0.1,2,5,"Uniform",0.0412,0.00281078494374792,"0.0412 (0.0028)"
500,0.5,0.1,2,5,"Central",0.0364,0.00264858603787002,"0.0364 (0.0026)"
500,0.5,0.1,2,5,"Tail",0.0584,0.00331630637909105,"0.0584 (0.0033)"
500,0.5,0.1,2,8,"Uniform",0.041,0.00280424677944007,"0.0410 (0.0028)"
500,0.5,0.1,2,8,"Central",0.0472,0.00299907185642492,"0.0472 (0.0030)"
500,0.5,0.1,2,8,"Tail",0.051,0.00311123769583746,"0.0510 (0.0031)"
500,0.5,0.2,0.5,1,"Uniform",0.057,0.00327874976172321,"0.0570 (0.0033)"
500,0.5,0.2,0.5,1,"Central",0.0366,0.00265557677350891,"0.0366 (0.0027)"
500,0.5,0.2,0.5,1,"Tail",0.0482,0.00302908435009658,"0.0482 (0.0030)"
500,0.5,0.2,0.5,2,"Uniform",0.0534,0.00317957355631223,"0.0534 (0.0032)"
500,0.5,0.2,0.5,2,"Central",0.044,0.00290048271844533,"0.0440 (0.0029)"
500,0.5,0.2,0.5,2,"Tail",0.0562,0.00325704037432759,"0.0562 (0.0033)"
500,0.5,0.2,0.5,3,"Uniform",0.0508,0.00310545842026584,"0.0508 (0.0031)"
500,0.5,0.2,0.5,3,"Central",0.0514,0.00312275647465504,"0.0514 (0.0031)"
500,0.5,0.2,0.5,3,"Tail",0.053,0.00316831185333767,"0.0530 (0.0032)"
500,0.5,0.2,0.5,5,"Uniform",0.054,0.00319637294444813,"0.0540 (0.0032)"
500,0.5,0.2,0.5,5,"Central",0.046,0.00296256645495084,"0.0460 (0.0030)"
500,0.5,0.2,0.5,5,"Tail",0.0592,0.0033375248313683,"0.0592 (0.0033)"
500,0.5,0.2,0.5,8,"Uniform",0.042,0.00283675871374356,"0.0420 (0.0028)"
500,0.5,0.2,0.5,8,"Central",0.0528,0.00316266216975509,"0.0528 (0.0032)"
500,0.5,0.2,0.5,8,"Tail",0.0504,0.00309385972532693,"0.0504 (0.0031)"
500,0.5,0.2,1,1,"Uniform",0.0552,0.0032296427046966,"0.0552 (0.0032)"
500,0.5,0.2,1,1,"Central",0.0322,0.00249652398346181,"0.0322 (0.0025)"
500,0.5,0.2,1,1,"Tail",0.068,0.00356022471200906,"0.0680 (0.0036)"
500,0.5,0.2,1,2,"Uniform",0.0504,0.00309385972532693,"0.0504 (0.0031)"
500,0.5,0.2,1,2,"Central",0.0442,0.00290676314824583,"0.0442 (0.0029)"
500,0.5,0.2,1,2,"Tail",0.0644,0.00347138704266753,"0.0644 (0.0035)"
500,0.5,0.2,1,3,"Uniform",0.0568,0.00327333957908433,"0.0568 (0.0033)"
500,0.5,0.2,1,3,"Central",0.044,0.00290048271844533,"0.0440 (0.0029)"
500,0.5,0.2,1,3,"Tail",0.0688,0.00357956868910208,"0.0688 (0.0036)"
500,0.5,0.2,1,5,"Uniform",0.047,0.00299302522541993,"0.0470 (0.0030)"
500,0.5,0.2,1,5,"Central",0.043,0.00286883251515316,"0.0430 (0.0029)"
500,0.5,0.2,1,5,"Tail",0.0632,0.00344109749934523,"0.0632 (0.0034)"
500,0.5,0.2,1,8,"Uniform",0.0456,0.00295027591929975,"0.0456 (0.0030)"
500,0.5,0.2,1,8,"Central",0.0492,0.00305873699425106,"0.0492 (0.0031)"
500,0.5,0.2,1,8,"Tail",0.053,0.00316831185333767,"0.0530 (0.0032)"
500,0.5,0.2,1.5,1,"Uniform",0.0516,0.00312849612433834,"0.0516 (0.0031)"
500,0.5,0.2,1.5,1,"Central",0.0284,0.00234918879615922,"0.0284 (0.0023)"
500,0.5,0.2,1.5,1,"Tail",0.0748,0.00372034837078465,"0.0748 (0.0037)"
500,0.5,0.2,1.5,2,"Uniform",0.0586,0.00332162731202644,"0.0586 (0.0033)"
500,0.5,0.2,1.5,2,"Central",0.0372,0.00267642149146953,"0.0372 (0.0027)"
500,0.5,0.2,1.5,2,"Tail",0.07,0.00360832371053374,"0.0700 (0.0036)"
500,0.5,0.2,1.5,3,"Uniform",0.0502,0.00308804015517933,"0.0502 (0.0031)"
500,0.5,0.2,1.5,3,"Central",0.0486,0.0030409879973456,"0.0486 (0.0030)"
500,0.5,0.2,1.5,3,"Tail",0.064,0.00346132922444543,"0.0640 (0.0035)"
500,0.5,0.2,1.5,5,"Uniform",0.0486,0.0030409879973456,"0.0486 (0.0030)"
500,0.5,0.2,1.5,5,"Central",0.0426,0.00285605462132642,"0.0426 (0.0029)"
500,0.5,0.2,1.5,5,"Tail",0.0646,0.00347640158784914,"0.0646 (0.0035)"
500,0.5,0.2,1.5,8,"Uniform",0.042,0.00283675871374356,"0.0420 (0.0028)"
500,0.5,0.2,1.5,8,"Central",0.053,0.00316831185333767,"0.0530 (0.0032)"
500,0.5,0.2,1.5,8,"Tail",0.0512,0.0031170036894428,"0.0512 (0.0031)"
500,0.5,0.2,2,1,"Uniform",0.0518,0.0031342227106573,"0.0518 (0.0031)"
500,0.5,0.2,2,1,"Central",0.0294,0.00238895960618843,"0.0294 (0.0024)"
500,0.5,0.2,2,1,"Tail",0.0702,0.00361308621541197,"0.0702 (0.0036)"
500,0.5,0.2,2,2,"Uniform",0.0524,0.00315132480077824,"0.0524 (0.0032)"
500,0.5,0.2,2,2,"Central",0.0372,0.00267642149146953,"0.0372 (0.0027)"
500,0.5,0.2,2,2,"Tail",0.078,0.00379251895183136,"0.0780 (0.0038)"
500,0.5,0.2,2,3,"Uniform",0.0434,0.00288154264240528,"0.0434 (0.0029)"
500,0.5,0.2,2,3,"Central",0.0386,0.00272433624943765,"0.0386 (0.0027)"
500,0.5,0.2,2,3,"Tail",0.0758,0.00374310993693747,"0.0758 (0.0037)"
500,0.5,0.2,2,5,"Uniform",0.0408,0.00279769047608916,"0.0408 (0.0028)"
500,0.5,0.2,2,5,"Central",0.0416,0.00282380735886852,"0.0416 (0.0028)"
500,0.5,0.2,2,5,"Tail",0.0712,0.00363677219523027,"0.0712 (0.0036)"
500,0.5,0.2,2,8,"Uniform",0.043,0.00286883251515316,"0.0430 (0.0029)"
500,0.5,0.2,2,8,"Central",0.05,0.00308220700148449,"0.0500 (0.0031)"
500,0.5,0.2,2,8,"Tail",0.0462,0.00296868859936505,"0.0462 (0.0030)"
500,0.75,0.05,0.5,1,"Uniform",0.05,0.00308220700148449,"0.0500 (0.0031)"
500,0.75,0.05,0.5,1,"Central",0.0418,0.00283029185774188,"0.0418 (0.0028)"
500,0.75,0.05,0.5,1,"Tail",0.0494,0.0030646252625729,"0.0494 (0.0031)"
500,0.75,0.05,0.5,2,"Uniform",0.0538,0.00319078548323136,"0.0538 (0.0032)"
500,0.75,0.05,0.5,2,"Central",0.0488,0.00304691844328003,"0.0488 (0.0030)"
500,0.75,0.05,0.5,2,"Tail",0.0544,0.0032075111847038,"0.0544 (0.0032)"
500,0.75,0.05,0.5,3,"Uniform",0.0464,0.00297479545515318,"0.0464 (0.0030)"
500,0.75,0.05,0.5,3,"Central",0.0526,0.00315699984162179,"0.0526 (0.0032)"
500,0.75,0.05,0.5,3,"Tail",0.0494,0.0030646252625729,"0.0494 (0.0031)"
500,0.75,0.05,0.5,5,"Uniform",0.0462,0.00296868859936505,"0.0462 (0.0030)"
500,0.75,0.05,0.5,5,"Central",0.049,0.00305283474822991,"0.0490 (0.0031)"
500,0.75,0.05,0.5,5,"Tail",0.0622,0.00341558662604244,"0.0622 (0.0034)"
500,0.75,0.05,0.5,8,"Uniform",0.0424,0.00284963997726029,"0.0424 (0.0028)"
500,0.75,0.05,0.5,8,"Central",0.0578,0.00330027756408457,"0.0578 (0.0033)"
500,0.75,0.05,0.5,8,"Tail",0.0454,0.00294410733499986,"0.0454 (0.0029)"
500,0.75,0.05,1,1,"Uniform",0.053,0.00316831185333767,"0.0530 (0.0032)"
500,0.75,0.05,1,1,"Central",0.0436,0.00288787257336608,"0.0436 (0.0029)"
500,0.75,0.05,1,1,"Tail",0.054,0.00319637294444813,"0.0540 (0.0032)"
500,0.75,0.05,1,2,"Uniform",0.0596,0.00334806929438445,"0.0596 (0.0033)"
500,0.75,0.05,1,2,"Central",0.0512,0.0031170036894428,"0.0512 (0.0031)"
500,0.75,0.05,1,2,"Tail",0.0514,0.00312275647465504,"0.0514 (0.0031)"
500,0.75,0.05,1,3,"Uniform",0.0498,0.00307636018697421,"0.0498 (0.0031)"
500,0.75,0.05,1,3,"Central",0.0442,0.00290676314824583,"0.0442 (0.0029)"
500,0.75,0.05,1,3,"Tail",0.0552,0.0032296427046966,"0.0552 (0.0032)"
500,0.75,0.05,1,5,"Uniform",0.048,0.00302311098043059,"0.0480 (0.0030)"
500,0.75,0.05,1,5,"Central",0.0406,0.00279111590586991,"0.0406 (0.0028)"
500,0.75,0.05,1,5,"Tail",0.051,0.00311123769583746,"0.0510 (0.0031)"
500,0.75,0.05,1,8,"Uniform",0.0458,0.00295642892693195,"0.0458 (0.0030)"
500,0.75,0.05,1,8,"Central",0.0534,0.00317957355631223,"0.0534 (0.0032)"
500,0.75,0.05,1,8,"Tail",0.0486,0.0030409879973456,"0.0486 (0.0030)"
500,0.75,0.05,1.5,1,"Uniform",0.0574,0.0032895361375124,"0.0574 (0.0033)"
500,0.75,0.05,1.5,1,"Central",0.0434,0.00288154264240528,"0.0434 (0.0029)"
500,0.75,0.05,1.5,1,"Tail",0.057,0.00327874976172321,"0.0570 (0.0033)"
500,0.75,0.05,1.5,2,"Uniform",0.0576,0.00329491244193226,"0.0576 (0.0033)"
500,0.75,0.05,1.5,2,"Central",0.0522,0.00314563697841947,"0.0522 (0.0031)"
500,0.75,0.05,1.5,2,"Tail",0.0534,0.00317957355631223,"0.0534 (0.0032)"
500,0.75,0.05,1.5,3,"Uniform",0.0512,0.0031170036894428,"0.0512 (0.0031)"
500,0.75,0.05,1.5,3,"Central",0.0516,0.00312849612433834,"0.0516 (0.0031)"
500,0.75,0.05,1.5,3,"Tail",0.0482,0.00302908435009658,"0.0482 (0.0030)"
500,0.75,0.05,1.5,5,"Uniform",0.049,0.00305283474822991,"0.0490 (0.0031)"
500,0.75,0.05,1.5,5,"Central",0.0496,0.00307049963361014,"0.0496 (0.0031)"
500,0.75,0.05,1.5,5,"Tail",0.0568,0.00327333957908433,"0.0568 (0.0033)"
500,0.75,0.05,1.5,8,"Uniform",0.0458,0.00295642892693195,"0.0458 (0.0030)"
500,0.75,0.05,1.5,8,"Central",0.0534,0.00317957355631223,"0.0534 (0.0032)"
500,0.75,0.05,1.5,8,"Tail",0.0484,0.00303504332753257,"0.0484 (0.0030)"
500,0.75,0.05,2,1,"Uniform",0.0502,0.00308804015517933,"0.0502 (0.0031)"
500,0.75,0.05,2,1,"Central",0.0388,0.00273110087693589,"0.0388 (0.0027)"
500,0.75,0.05,2,1,"Tail",0.05,0.00308220700148449,"0.0500 (0.0031)"
500,0.75,0.05,2,2,"Uniform",0.0554,0.00323514574633045,"0.0554 (0.0032)"
500,0.75,0.05,2,2,"Central",0.0508,0.00310545842026584,"0.0508 (0.0031)"
500,0.75,0.05,2,2,"Tail",0.0526,0.00315699984162179,"0.0526 (0.0032)"
500,0.75,0.05,2,3,"Uniform",0.0456,0.00295027591929975,"0.0456 (0.0030)"
500,0.75,0.05,2,3,"Central",0.045,0.00293172304285381,"0.0450 (0.0029)"
500,0.75,0.05,2,3,"Tail",0.0588,0.00332693733033852,"0.0588 (0.0033)"
500,0.75,0.05,2,5,"Uniform",0.0526,0.00315699984162179,"0.0526 (0.0032)"
500,0.75,0.05,2,5,"Central",0.043,0.00286883251515316,"0.0430 (0.0029)"
500,0.75,0.05,2,5,"Tail",0.0598,0.00335332551357604,"0.0598 (0.0034)"
500,0.75,0.05,2,8,"Uniform",0.0414,0.00281730509529941,"0.0414 (0.0028)"
500,0.75,0.05,2,8,"Central",0.0562,0.00325704037432759,"0.0562 (0.0033)"
500,0.75,0.05,2,8,"Tail",0.0454,0.00294410733499986,"0.0454 (0.0029)"
500,0.75,0.1,0.5,1,"Uniform",0.0562,0.00325704037432759,"0.0562 (0.0033)"
500,0.75,0.1,0.5,1,"Central",0.0418,0.00283029185774188,"0.0418 (0.0028)"
500,0.75,0.1,0.5,1,"Tail",0.0462,0.00296868859936505,"0.0462 (0.0030)"
500,0.75,0.1,0.5,2,"Uniform",0.054,0.00319637294444813,"0.0540 (0.0032)"
500,0.75,0.1,0.5,2,"Central",0.051,0.00311123769583746,"0.0510 (0.0031)"
500,0.75,0.1,0.5,2,"Tail",0.0566,0.00326791799162709,"0.0566 (0.0033)"
500,0.75,0.1,0.5,3,"Uniform",0.0526,0.00315699984162179,"0.0526 (0.0032)"
500,0.75,0.1,0.5,3,"Central",0.0524,0.00315132480077824,"0.0524 (0.0032)"
500,0.75,0.1,0.5,3,"Tail",0.053,0.00316831185333767,"0.0530 (0.0032)"
500,0.75,0.1,0.5,5,"Uniform",0.0506,0.00309966578843591,"0.0506 (0.0031)"
500,0.75,0.1,0.5,5,"Central",0.046,0.00296256645495084,"0.0460 (0.0030)"
500,0.75,0.1,0.5,5,"Tail",0.0544,0.0032075111847038,"0.0544 (0.0032)"
500,0.75,0.1,0.5,8,"Uniform",0.042,0.00283675871374356,"0.0420 (0.0028)"
500,0.75,0.1,0.5,8,"Central",0.059,0.00333223648620562,"0.0590 (0.0033)"
500,0.75,0.1,0.5,8,"Tail",0.0448,0.00292550713552369,"0.0448 (0.0029)"
500,0.75,0.1,1,1,"Uniform",0.0526,0.00315699984162179,"0.0526 (0.0032)"
500,0.75,0.1,1,1,"Central",0.0428,0.00286245209566903,"0.0428 (0.0029)"
500,0.75,0.1,1,1,"Tail",0.0538,0.00319078548323136,"0.0538 (0.0032)"
500,0.75,0.1,1,2,"Uniform",0.0558,0.00324611644892786,"0.0558 (0.0032)"
500,0.75,0.1,1,2,"Central",0.0478,0.00301712313305241,"0.0478 (0.0030)"
500,0.75,0.1,1,2,"Tail",0.0558,0.00324611644892786,"0.0558 (0.0032)"
500,0.75,0.1,1,3,"Uniform",0.0546,0.00321306209090332,"0.0546 (0.0032)"
500,0.75,0.1,1,3,"Central",0.0532,0.00317394895989208,"0.0532 (0.0032)"
500,0.75,0.1,1,3,"Tail",0.0554,0.00323514574633045,"0.0554 (0.0032)"
500,0.75,0.1,1,5,"Uniform",0.0506,0.00309966578843591,"0.0506 (0.0031)"
500,0.75,0.1,1,5,"Central",0.0452,0.00293792307591605,"0.0452 (0.0029)"
500,0.75,0.1,1,5,"Tail",0.054,0.00319637294444813,"0.0540 (0.0032)"
500,0.75,0.1,1,8,"Uniform",0.044,0.00290048271844533,"0.0440 (0.0029)"
500,0.75,0.1,1,8,"Central",0.0516,0.00312849612433834,"0.0516 (0.0031)"
500,0.75,0.1,1,8,"Tail",0.0474,0.00300510365877785,"0.0474 (0.0030)"
500,0.75,0.1,1.5,1,"Uniform",0.0566,0.00326791799162709,"0.0566 (0.0033)"
500,0.75,0.1,1.5,1,"Central",0.0396,0.00275796446677618,"0.0396 (0.0028)"
500,0.75,0.1,1.5,1,"Tail",0.0544,0.0032075111847038,"0.0544 (0.0032)"
500,0.75,0.1,1.5,2,"Uniform",0.0534,0.00317957355631223,"0.0534 (0.0032)"
500,0.75,0.1,1.5,2,"Central",0.0516,0.00312849612433834,"0.0516 (0.0031)"
500,0.75,0.1,1.5,2,"Tail",0.0604,0.00336903072114221,"0.0604 (0.0034)"
500,0.75,0.1,1.5,3,"Uniform",0.0484,0.00303504332753257,"0.0484 (0.0030)"
500,0.75,0.1,1.5,3,"Central",0.0448,0.00292550713552369,"0.0448 (0.0029)"
500,0.75,0.1,1.5,3,"Tail",0.0544,0.0032075111847038,"0.0544 (0.0032)"
500,0.75,0.1,1.5,5,"Uniform",0.046,0.00296256645495084,"0.0460 (0.0030)"
500,0.75,0.1,1.5,5,"Central",0.0476,0.00301112072159188,"0.0476 (0.0030)"
500,0.75,0.1,1.5,5,"Tail",0.0598,0.00335332551357604,"0.0598 (0.0034)"
500,0.75,0.1,1.5,8,"Uniform",0.0446,0.00291927525252416,"0.0446 (0.0029)"
500,0.75,0.1,1.5,8,"Central",0.0542,0.00320194815698193,"0.0542 (0.0032)"
500,0.75,0.1,1.5,8,"Tail",0.0474,0.00300510365877785,"0.0474 (0.0030)"
500,0.75,0.1,2,1,"Uniform",0.053,0.00316831185333767,"0.0530 (0.0032)"
500,0.75,0.1,2,1,"Central",0.0408,0.00279769047608916,"0.0408 (0.0028)"
500,0.75,0.1,2,1,"Tail",0.0544,0.0032075111847038,"0.0544 (0.0032)"
500,0.75,0.1,2,2,"Uniform",0.0584,0.00331630637909105,"0.0584 (0.0033)"
500,0.75,0.1,2,2,"Central",0.0474,0.00300510365877785,"0.0474 (0.0030)"
500,0.75,0.1,2,2,"Tail",0.0516,0.00312849612433834,"0.0516 (0.0031)"
500,0.75,0.1,2,3,"Uniform",0.0508,0.00310545842026584,"0.0508 (0.0031)"
500,0.75,0.1,2,3,"Central",0.043,0.00286883251515316,"0.0430 (0.0029)"
500,0.75,0.1,2,3,"Tail",0.0552,0.0032296427046966,"0.0552 (0.0032)"
500,0.75,0.1,2,5,"Uniform",0.0482,0.00302908435009658,"0.0482 (0.0030)"
500,0.75,0.1,2,5,"Central",0.0406,0.00279111590586991,"0.0406 (0.0028)"
500,0.75,0.1,2,5,"Tail",0.06,0.00335857112474933,"0.0600 (0.0034)"
500,0.75,0.1,2,8,"Uniform",0.0402,0.00277791144567281,"0.0402 (0.0028)"
500,0.75,0.1,2,8,"Central",0.0582,0.003310974478911,"0.0582 (0.0033)"
500,0.75,0.1,2,8,"Tail",0.0472,0.00299907185642492,"0.0472 (0.0030)"
500,0.75,0.2,0.5,1,"Uniform",0.0578,0.00330027756408457,"0.0578 (0.0033)"
500,0.75,0.2,0.5,1,"Central",0.0442,0.00290676314824583,"0.0442 (0.0029)"
500,0.75,0.2,0.5,1,"Tail",0.0552,0.0032296427046966,"0.0552 (0.0032)"
500,0.75,0.2,0.5,2,"Uniform",0.0578,0.00330027756408457,"0.0578 (0.0033)"
500,0.75,0.2,0.5,2,"Central",0.0486,0.0030409879973456,"0.0486 (0.0030)"
500,0.75,0.2,0.5,2,"Tail",0.054,0.00319637294444813,"0.0540 (0.0032)"
500,0.75,0.2,0.5,3,"Uniform",0.0478,0.00301712313305241,"0.0478 (0.0030)"
500,0.75,0.2,0.5,3,"Central",0.0518,0.0031342227106573,"0.0518 (0.0031)"
500,0.75,0.2,0.5,3,"Tail",0.0538,0.00319078548323136,"0.0538 (0.0032)"
500,0.75,0.2,0.5,5,"Uniform",0.0486,0.0030409879973456,"0.0486 (0.0030)"
500,0.75,0.2,0.5,5,"Central",0.0442,0.00290676314824583,"0.0442 (0.0029)"
500,0.75,0.2,0.5,5,"Tail",0.052,0.00313993630508646,"0.0520 (0.0031)"
500,0.75,0.2,0.5,8,"Uniform",0.0442,0.00290676314824583,"0.0442 (0.0029)"
500,0.75,0.2,0.5,8,"Central",0.0554,0.00323514574633045,"0.0554 (0.0032)"
500,0.75,0.2,0.5,8,"Tail",0.0492,0.00305873699425106,"0.0492 (0.0031)"
500,0.75,0.2,1,1,"Uniform",0.0482,0.00302908435009658,"0.0482 (0.0030)"
500,0.75,0.2,1,1,"Central",0.0366,0.00265557677350891,"0.0366 (0.0027)"
500,0.75,0.2,1,1,"Tail",0.0484,0.00303504332753257,"0.0484 (0.0030)"
500,0.75,0.2,1,2,"Uniform",0.0646,0.00347640158784914,"0.0646 (0.0035)"
500,0.75,0.2,1,2,"Central",0.0538,0.00319078548323136,"0.0538 (0.0032)"
500,0.75,0.2,1,2,"Tail",0.0544,0.0032075111847038,"0.0544 (0.0032)"
500,0.75,0.2,1,3,"Uniform",0.0494,0.0030646252625729,"0.0494 (0.0031)"
500,0.75,0.2,1,3,"Central",0.0484,0.00303504332753257,"0.0484 (0.0030)"
500,0.75,0.2,1,3,"Tail",0.0542,0.00320194815698193,"0.0542 (0.0032)"
500,0.75,0.2,1,5,"Uniform",0.0498,0.00307636018697421,"0.0498 (0.0031)"
500,0.75,0.2,1,5,"Central",0.0522,0.00314563697841947,"0.0522 (0.0031)"
500,0.75,0.2,1,5,"Tail",0.0574,0.0032895361375124,"0.0574 (0.0033)"
500,0.75,0.2,1,8,"Uniform",0.0464,0.00297479545515318,"0.0464 (0.0030)"
500,0.75,0.2,1,8,"Central",0.0556,0.00324063697442339,"0.0556 (0.0032)"
500,0.75,0.2,1,8,"Tail",0.0538,0.00319078548323136,"0.0538 (0.0032)"
500,0.75,0.2,1.5,1,"Uniform",0.0504,0.00309385972532693,"0.0504 (0.0031)"
500,0.75,0.2,1.5,1,"Central",0.0454,0.00294410733499986,"0.0454 (0.0029)"
500,0.75,0.2,1.5,1,"Tail",0.0562,0.00325704037432759,"0.0562 (0.0033)"
500,0.75,0.2,1.5,2,"Uniform",0.0536,0.00318518570887162,"0.0536 (0.0032)"
500,0.75,0.2,1.5,2,"Central",0.045,0.00293172304285381,"0.0450 (0.0029)"
500,0.75,0.2,1.5,2,"Tail",0.0576,0.00329491244193226,"0.0576 (0.0033)"
500,0.75,0.2,1.5,3,"Uniform",0.0474,0.00300510365877785,"0.0474 (0.0030)"
500,0.75,0.2,1.5,3,"Central",0.0464,0.00297479545515318,"0.0464 (0.0030)"
500,0.75,0.2,1.5,3,"Tail",0.0532,0.00317394895989208,"0.0532 (0.0032)"
500,0.75,0.2,1.5,5,"Uniform",0.0434,0.00288154264240528,"0.0434 (0.0029)"
500,0.75,0.2,1.5,5,"Central",0.048,0.00302311098043059,"0.0480 (0.0030)"
500,0.75,0.2,1.5,5,"Tail",0.0594,0.00334280241713446,"0.0594 (0.0033)"
500,0.75,0.2,1.5,8,"Uniform",0.0388,0.00273110087693589,"0.0388 (0.0027)"
500,0.75,0.2,1.5,8,"Central",0.0492,0.00305873699425106,"0.0492 (0.0031)"
500,0.75,0.2,1.5,8,"Tail",0.0542,0.00320194815698193,"0.0542 (0.0032)"
500,0.75,0.2,2,1,"Uniform",0.0532,0.00317394895989208,"0.0532 (0.0032)"
500,0.75,0.2,2,1,"Central",0.0428,0.00286245209566903,"0.0428 (0.0029)"
500,0.75,0.2,2,1,"Tail",0.0558,0.00324611644892786,"0.0558 (0.0032)"
500,0.75,0.2,2,2,"Uniform",0.0522,0.00314563697841947,"0.0522 (0.0031)"
500,0.75,0.2,2,2,"Central",0.0462,0.00296868859936505,"0.0462 (0.0030)"
500,0.75,0.2,2,2,"Tail",0.0558,0.00324611644892786,"0.0558 (0.0032)"
500,0.75,0.2,2,3,"Uniform",0.045,0.00293172304285381,"0.0450 (0.0029)"
500,0.75,0.2,2,3,"Central",0.0438,0.00289418589589542,"0.0438 (0.0029)"
500,0.75,0.2,2,3,"Tail",0.0554,0.00323514574633045,"0.0554 (0.0032)"
500,0.75,0.2,2,5,"Uniform",0.044,0.00290048271844533,"0.0440 (0.0029)"
500,0.75,0.2,2,5,"Central",0.0406,0.00279111590586991,"0.0406 (0.0028)"
500,0.75,0.2,2,5,"Tail",0.0522,0.00314563697841947,"0.0522 (0.0031)"
500,0.75,0.2,2,8,"Uniform",0.0372,0.00267642149146953,"0.0372 (0.0027)"
500,0.75,0.2,2,8,"Central",0.0452,0.00293792307591605,"0.0452 (0.0029)"
500,0.75,0.2,2,8,"Tail",0.0434,0.00288154264240528,"0.0434 (0.0029)"
1000,0.25,0.05,0.5,1,"Uniform",0.0534,0.00317957355631223,"0.0534 (0.0032)"
1000,0.25,0.05,0.5,1,"Central",0.0514,0.00312275647465504,"0.0514 (0.0031)"
1000,0.25,0.05,0.5,1,"Tail",0.0462,0.00296868859936505,"0.0462 (0.0030)"
1000,0.25,0.05,0.5,2,"Uniform",0.0464,0.00297479545515318,"0.0464 (0.0030)"
1000,0.25,0.05,0.5,2,"Central",0.047,0.00299302522541993,"0.0470 (0.0030)"
1000,0.25,0.05,0.5,2,"Tail",0.0512,0.0031170036894428,"0.0512 (0.0031)"
1000,0.25,0.05,0.5,3,"Uniform",0.0524,0.00315132480077824,"0.0524 (0.0032)"
1000,0.25,0.05,0.5,3,"Central",0.0452,0.00293792307591605,"0.0452 (0.0029)"
1000,0.25,0.05,0.5,3,"Tail",0.0548,0.00321860093829602,"0.0548 (0.0032)"
1000,0.25,0.05,0.5,5,"Uniform",0.0466,0.00298088711627931,"0.0466 (0.0030)"
1000,0.25,0.05,0.5,5,"Central",0.0454,0.00294410733499986,"0.0454 (0.0029)"
1000,0.25,0.05,0.5,5,"Tail",0.0508,0.00310545842026584,"0.0508 (0.0031)"
1000,0.25,0.05,0.5,8,"Uniform",0.0438,0.00289418589589542,"0.0438 (0.0029)"
1000,0.25,0.05,0.5,8,"Central",0.053,0.00316831185333767,"0.0530 (0.0032)"
1000,0.25,0.05,0.5,8,"Tail",0.0436,0.00288787257336608,"0.0436 (0.0029)"
1000,0.25,0.05,1,1,"Uniform",0.0506,0.00309966578843591,"0.0506 (0.0031)"
1000,0.25,0.05,1,1,"Central",0.0456,0.00295027591929975,"0.0456 (0.0030)"
1000,0.25,0.05,1,1,"Tail",0.0476,0.00301112072159188,"0.0476 (0.0030)"
1000,0.25,0.05,1,2,"Uniform",0.048,0.00302311098043059,"0.0480 (0.0030)"
1000,0.25,0.05,1,2,"Central",0.0462,0.00296868859936505,"0.0462 (0.0030)"
1000,0.25,0.05,1,2,"Tail",0.0528,0.00316266216975509,"0.0528 (0.0032)"
1000,0.25,0.05,1,3,"Uniform",0.048,0.00302311098043059,"0.0480 (0.0030)"
1000,0.25,0.05,1,3,"Central",0.0442,0.00290676314824583,"0.0442 (0.0029)"
1000,0.25,0.05,1,3,"Tail",0.0556,0.00324063697442339,"0.0556 (0.0032)"
1000,0.25,0.05,1,5,"Uniform",0.0484,0.00303504332753257,"0.0484 (0.0030)"
1000,0.25,0.05,1,5,"Central",0.0442,0.00290676314824583,"0.0442 (0.0029)"
1000,0.25,0.05,1,5,"Tail",0.0468,0.00298696367570816,"0.0468 (0.0030)"
1000,0.25,0.05,1,8,"Uniform",0.0396,0.00275796446677618,"0.0396 (0.0028)"
1000,0.25,0.05,1,8,"Central",0.0568,0.00327333957908433,"0.0568 (0.0033)"
1000,0.25,0.05,1,8,"Tail",0.0494,0.0030646252625729,"0.0494 (0.0031)"
1000,0.25,0.05,1.5,1,"Uniform",0.0574,0.0032895361375124,"0.0574 (0.0033)"
1000,0.25,0.05,1.5,1,"Central",0.0512,0.0031170036894428,"0.0512 (0.0031)"
1000,0.25,0.05,1.5,1,"Tail",0.0538,0.00319078548323136,"0.0538 (0.0032)"
1000,0.25,0.05,1.5,2,"Uniform",0.0494,0.0030646252625729,"0.0494 (0.0031)"
1000,0.25,0.05,1.5,2,"Central",0.041,0.00280424677944007,"0.0410 (0.0028)"
1000,0.25,0.05,1.5,2,"Tail",0.0548,0.00321860093829602,"0.0548 (0.0032)"
1000,0.25,0.05,1.5,3,"Uniform",0.0494,0.0030646252625729,"0.0494 (0.0031)"
1000,0.25,0.05,1.5,3,"Central",0.0446,0.00291927525252416,"0.0446 (0.0029)"
1000,0.25,0.05,1.5,3,"Tail",0.0532,0.00317394895989208,"0.0532 (0.0032)"
1000,0.25,0.05,1.5,5,"Uniform",0.0514,0.00312275647465504,"0.0514 (0.0031)"
1000,0.25,0.05,1.5,5,"Central",0.0494,0.0030646252625729,"0.0494 (0.0031)"
1000,0.25,0.05,1.5,5,"Tail",0.046,0.00296256645495084,"0.0460 (0.0030)"
1000,0.25,0.05,1.5,8,"Uniform",0.0448,0.00292550713552369,"0.0448 (0.0029)"
1000,0.25,0.05,1.5,8,"Central",0.0496,0.00307049963361014,"0.0496 (0.0031)"
1000,0.25,0.05,1.5,8,"Tail",0.0444,0.00291302729132427,"0.0444 (0.0029)"
1000,0.25,0.05,2,1,"Uniform",0.052,0.00313993630508646,"0.0520 (0.0031)"
1000,0.25,0.05,2,1,"Central",0.0532,0.00317394895989208,"0.0532 (0.0032)"
1000,0.25,0.05,2,1,"Tail",0.0478,0.00301712313305241,"0.0478 (0.0030)"
1000,0.25,0.05,2,2,"Uniform",0.0456,0.00295027591929975,"0.0456 (0.0030)"
1000,0.25,0.05,2,2,"Central",0.0442,0.00290676314824583,"0.0442 (0.0029)"
1000,0.25,0.05,2,2,"Tail",0.0516,0.00312849612433834,"0.0516 (0.0031)"
1000,0.25,0.05,2,3,"Uniform",0.0496,0.00307049963361014,"0.0496 (0.0031)"
1000,0.25,0.05,2,3,"Central",0.0428,0.00286245209566903,"0.0428 (0.0029)"
1000,0.25,0.05,2,3,"Tail",0.051,0.00311123769583746,"0.0510 (0.0031)"
1000,0.25,0.05,2,5,"Uniform",0.0486,0.0030409879973456,"0.0486 (0.0030)"
1000,0.25,0.05,2,5,"Central",0.0484,0.00303504332753257,"0.0484 (0.0030)"
1000,0.25,0.05,2,5,"Tail",0.0504,0.00309385972532693,"0.0504 (0.0031)"
1000,0.25,0.05,2,8,"Uniform",0.0368,0.00266254614983478,"0.0368 (0.0027)"
1000,0.25,0.05,2,8,"Central",0.0472,0.00299907185642492,"0.0472 (0.0030)"
1000,0.25,0.05,2,8,"Tail",0.0476,0.00301112072159188,"0.0476 (0.0030)"
1000,0.25,0.1,0.5,1,"Uniform",0.0504,0.00309385972532693,"0.0504 (0.0031)"
1000,0.25,0.1,0.5,1,"Central",0.053,0.00316831185333767,"0.0530 (0.0032)"
1000,0.25,0.1,0.5,1,"Tail",0.051,0.00311123769583746,"0.0510 (0.0031)"
1000,0.25,0.1,0.5,2,"Uniform",0.0512,0.0031170036894428,"0.0512 (0.0031)"
1000,0.25,0.1,0.5,2,"Central",0.0472,0.00299907185642492,"0.0472 (0.0030)"
1000,0.25,0.1,0.5,2,"Tail",0.053,0.00316831185333767,"0.0530 (0.0032)"
1000,0.25,0.1,0.5,3,"Uniform",0.0494,0.0030646252625729,"0.0494 (0.0031)"
1000,0.25,0.1,0.5,3,"Central",0.0442,0.00290676314824583,"0.0442 (0.0029)"
1000,0.25,0.1,0.5,3,"Tail",0.0562,0.00325704037432759,"0.0562 (0.0033)"
1000,0.25,0.1,0.5,5,"Uniform",0.0512,0.0031170036894428,"0.0512 (0.0031)"
1000,0.25,0.1,0.5,5,"Central",0.0462,0.00296868859936505,"0.0462 (0.0030)"
1000,0.25,0.1,0.5,5,"Tail",0.044,0.00290048271844533,"0.0440 (0.0029)"
1000,0.25,0.1,0.5,8,"Uniform",0.0478,0.00301712313305241,"0.0478 (0.0030)"
1000,0.25,0.1,0.5,8,"Central",0.0486,0.0030409879973456,"0.0486 (0.0030)"
1000,0.25,0.1,0.5,8,"Tail",0.043,0.00286883251515316,"0.0430 (0.0029)"
1000,0.25,0.1,1,1,"Uniform",0.0524,0.00315132480077824,"0.0524 (0.0032)"
1000,0.25,0.1,1,1,"Central",0.056,0.00325158422926425,"0.0560 (0.0033)"
1000,0.25,0.1,1,1,"Tail",0.0466,0.00298088711627931,"0.0466 (0.0030)"
1000,0.25,0.1,1,2,"Uniform",0.0502,0.00308804015517933,"0.0502 (0.0031)"
1000,0.25,0.1,1,2,"Central",0.044,0.00290048271844533,"0.0440 (0.0029)"
1000,0.25,0.1,1,2,"Tail",0.0538,0.00319078548323136,"0.0538 (0.0032)"
1000,0.25,0.1,1,3,"Uniform",0.0444,0.00291302729132427,"0.0444 (0.0029)"
1000,0.25,0.1,1,3,"Central",0.0472,0.00299907185642492,"0.0472 (0.0030)"
1000,0.25,0.1,1,3,"Tail",0.0522,0.00314563697841947,"0.0522 (0.0031)"
1000,0.25,0.1,1,5,"Uniform",0.0478,0.00301712313305241,"0.0478 (0.0030)"
1000,0.25,0.1,1,5,"Central",0.049,0.00305283474822991,"0.0490 (0.0031)"
1000,0.25,0.1,1,5,"Tail",0.0448,0.00292550713552369,"0.0448 (0.0029)"
1000,0.25,0.1,1,8,"Uniform",0.0452,0.00293792307591605,"0.0452 (0.0029)"
1000,0.25,0.1,1,8,"Central",0.055,0.0032241277890307,"0.0550 (0.0032)"
1000,0.25,0.1,1,8,"Tail",0.044,0.00290048271844533,"0.0440 (0.0029)"
1000,0.25,0.1,1.5,1,"Uniform",0.0542,0.00320194815698193,"0.0542 (0.0032)"
1000,0.25,0.1,1.5,1,"Central",0.0484,0.00303504332753257,"0.0484 (0.0030)"
1000,0.25,0.1,1.5,1,"Tail",0.051,0.00311123769583746,"0.0510 (0.0031)"
1000,0.25,0.1,1.5,2,"Uniform",0.0488,0.00304691844328003,"0.0488 (0.0030)"
1000,0.25,0.1,1.5,2,"Central",0.045,0.00293172304285381,"0.0450 (0.0029)"
1000,0.25,0.1,1.5,2,"Tail",0.0482,0.00302908435009658,"0.0482 (0.0030)"
1000,0.25,0.1,1.5,3,"Uniform",0.0522,0.00314563697841947,"0.0522 (0.0031)"
1000,0.25,0.1,1.5,3,"Central",0.0458,0.00295642892693195,"0.0458 (0.0030)"
1000,0.25,0.1,1.5,3,"Tail",0.0558,0.00324611644892786,"0.0558 (0.0032)"
1000,0.25,0.1,1.5,5,"Uniform",0.0444,0.00291302729132427,"0.0444 (0.0029)"
1000,0.25,0.1,1.5,5,"Central",0.0442,0.00290676314824583,"0.0442 (0.0029)"
1000,0.25,0.1,1.5,5,"Tail",0.049,0.00305283474822991,"0.0490 (0.0031)"
1000,0.25,0.1,1.5,8,"Uniform",0.0444,0.00291302729132427,"0.0444 (0.0029)"
1000,0.25,0.1,1.5,8,"Central",0.0532,0.00317394895989208,"0.0532 (0.0032)"
1000,0.25,0.1,1.5,8,"Tail",0.0474,0.00300510365877785,"0.0474 (0.0030)"
1000,0.25,0.1,2,1,"Uniform",0.0524,0.00315132480077824,"0.0524 (0.0032)"
1000,0.25,0.1,2,1,"Central",0.0502,0.00308804015517933,"0.0502 (0.0031)"
1000,0.25,0.1,2,1,"Tail",0.053,0.00316831185333767,"0.0530 (0.0032)"
1000,0.25,0.1,2,2,"Uniform",0.0466,0.00298088711627931,"0.0466 (0.0030)"
1000,0.25,0.1,2,2,"Central",0.0428,0.00286245209566903,"0.0428 (0.0029)"
1000,0.25,0.1,2,2,"Tail",0.0528,0.00316266216975509,"0.0528 (0.0032)"
1000,0.25,0.1,2,3,"Uniform",0.0476,0.00301112072159188,"0.0476 (0.0030)"
1000,0.25,0.1,2,3,"Central",0.0414,0.00281730509529941,"0.0414 (0.0028)"
1000,0.25,0.1,2,3,"Tail",0.0582,0.003310974478911,"0.0582 (0.0033)"
1000,0.25,0.1,2,5,"Uniform",0.0408,0.00279769047608916,"0.0408 (0.0028)"
1000,0.25,0.1,2,5,"Central",0.0502,0.00308804015517933,"0.0502 (0.0031)"
1000,0.25,0.1,2,5,"Tail",0.053,0.00316831185333767,"0.0530 (0.0032)"
1000,0.25,0.1,2,8,"Uniform",0.0416,0.00282380735886852,"0.0416 (0.0028)"
1000,0.25,0.1,2,8,"Central",0.0428,0.00286245209566903,"0.0428 (0.0029)"
1000,0.25,0.1,2,8,"Tail",0.0466,0.00298088711627931,"0.0466 (0.0030)"
1000,0.25,0.2,0.5,1,"Uniform",0.0518,0.0031342227106573,"0.0518 (0.0031)"
1000,0.25,0.2,0.5,1,"Central",0.053,0.00316831185333767,"0.0530 (0.0032)"
1000,0.25,0.2,0.5,1,"Tail",0.0484,0.00303504332753257,"0.0484 (0.0030)"
1000,0.25,0.2,0.5,2,"Uniform",0.0498,0.00307636018697421,"0.0498 (0.0031)"
1000,0.25,0.2,0.5,2,"Central",0.0462,0.00296868859936505,"0.0462 (0.0030)"
1000,0.25,0.2,0.5,2,"Tail",0.0548,0.00321860093829602,"0.0548 (0.0032)"
1000,0.25,0.2,0.5,3,"Uniform",0.0468,0.00298696367570816,"0.0468 (0.0030)"
1000,0.25,0.2,0.5,3,"Central",0.046,0.00296256645495084,"0.0460 (0.0030)"
1000,0.25,0.2,0.5,3,"Tail",0.0578,0.00330027756408457,"0.0578 (0.0033)"
1000,0.25,0.2,0.5,5,"Uniform",0.0496,0.00307049963361014,"0.0496 (0.0031)"
1000,0.25,0.2,0.5,5,"Central",0.05,0.00308220700148449,"0.0500 (0.0031)"
1000,0.25,0.2,0.5,5,"Tail",0.0448,0.00292550713552369,"0.0448 (0.0029)"
1000,0.25,0.2,0.5,8,"Uniform",0.0454,0.00294410733499986,"0.0454 (0.0029)"
1000,0.25,0.2,0.5,8,"Central",0.0478,0.00301712313305241,"0.0478 (0.0030)"
1000,0.25,0.2,0.5,8,"Tail",0.0446,0.00291927525252416,"0.0446 (0.0029)"
1000,0.25,0.2,1,1,"Uniform",0.0498,0.00307636018697421,"0.0498 (0.0031)"
1000,0.25,0.2,1,1,"Central",0.0498,0.00307636018697421,"0.0498 (0.0031)"
1000,0.25,0.2,1,1,"Tail",0.053,0.00316831185333767,"0.0530 (0.0032)"
1000,0.25,0.2,1,2,"Uniform",0.0488,0.00304691844328003,"0.0488 (0.0030)"
1000,0.25,0.2,1,2,"Central",0.0454,0.00294410733499986,"0.0454 (0.0029)"
1000,0.25,0.2,1,2,"Tail",0.0484,0.00303504332753257,"0.0484 (0.0030)"
1000,0.25,0.2,1,3,"Uniform",0.0476,0.00301112072159188,"0.0476 (0.0030)"
1000,0.25,0.2,1,3,"Central",0.0428,0.00286245209566903,"0.0428 (0.0029)"
1000,0.25,0.2,1,3,"Tail",0.0552,0.0032296427046966,"0.0552 (0.0032)"
1000,0.25,0.2,1,5,"Uniform",0.0478,0.00301712313305241,"0.0478 (0.0030)"
1000,0.25,0.2,1,5,"Central",0.0488,0.00304691844328003,"0.0488 (0.0030)"
1000,0.25,0.2,1,5,"Tail",0.0518,0.0031342227106573,"0.0518 (0.0031)"
1000,0.25,0.2,1,8,"Uniform",0.0422,0.00284320804725929,"0.0422 (0.0028)"
1000,0.25,0.2,1,8,"Central",0.0536,0.00318518570887162,"0.0536 (0.0032)"
1000,0.25,0.2,1,8,"Tail",0.0428,0.00286245209566903,"0.0428 (0.0029)"
1000,0.25,0.2,1.5,1,"Uniform",0.061,0.00338464178311383,"0.0610 (0.0034)"
1000,0.25,0.2,1.5,1,"Central",0.0488,0.00304691844328003,"0.0488 (0.0030)"
1000,0.25,0.2,1.5,1,"Tail",0.0514,0.00312275647465504,"0.0514 (0.0031)"
1000,0.25,0.2,1.5,2,"Uniform",0.0476,0.00301112072159188,"0.0476 (0.0030)"
1000,0.25,0.2,1.5,2,"Central",0.049,0.00305283474822991,"0.0490 (0.0031)"
1000,0.25,0.2,1.5,2,"Tail",0.0588,0.00332693733033852,"0.0588 (0.0033)"
1000,0.25,0.2,1.5,3,"Uniform",0.0486,0.0030409879973456,"0.0486 (0.0030)"
1000,0.25,0.2,1.5,3,"Central",0.0398,0.00276463234445378,"0.0398 (0.0028)"
1000,0.25,0.2,1.5,3,"Tail",0.0612,0.00338982477423244,"0.0612 (0.0034)"
1000,0.25,0.2,1.5,5,"Uniform",0.0444,0.00291302729132427,"0.0444 (0.0029)"
1000,0.25,0.2,1.5,5,"Central",0.0392,0.0027445713690848,"0.0392 (0.0027)"
1000,0.25,0.2,1.5,5,"Tail",0.049,0.00305283474822991,"0.0490 (0.0031)"
1000,0.25,0.2,1.5,8,"Uniform",0.0472,0.00299907185642492,"0.0472 (0.0030)"
1000,0.25,0.2,1.5,8,"Central",0.051,0.00311123769583746,"0.0510 (0.0031)"
1000,0.25,0.2,1.5,8,"Tail",0.0452,0.00293792307591605,"0.0452 (0.0029)"
1000,0.25,0.2,2,1,"Uniform",0.0532,0.00317394895989208,"0.0532 (0.0032)"
1000,0.25,0.2,2,1,"Central",0.0472,0.00299907185642492,"0.0472 (0.0030)"
1000,0.25,0.2,2,1,"Tail",0.0564,0.00326248494249399,"0.0564 (0.0033)"
1000,0.25,0.2,2,2,"Uniform",0.0484,0.00303504332753257,"0.0484 (0.0030)"
1000,0.25,0.2,2,2,"Central",0.0404,0.00278452293939195,"0.0404 (0.0028)"
1000,0.25,0.2,2,2,"Tail",0.0536,0.00318518570887162,"0.0536 (0.0032)"
1000,0.25,0.2,2,3,"Uniform",0.042,0.00283675871374356,"0.0420 (0.0028)"
1000,0.25,0.2,2,3,"Central",0.0382,0.0027107474983849,"0.0382 (0.0027)"
1000,0.25,0.2,2,3,"Tail",0.0534,0.00317957355631223,"0.0534 (0.0032)"
1000,0.25,0.2,2,5,"Uniform",0.0454,0.00294410733499986,"0.0454 (0.0029)"
1000,0.25,0.2,2,5,"Central",0.0444,0.00291302729132427,"0.0444 (0.0029)"
1000,0.25,0.2,2,5,"Tail",0.0466,0.00298088711627931,"0.0466 (0.0030)"
1000,0.25,0.2,2,8,"Uniform",0.0392,0.0027445713690848,"0.0392 (0.0027)"
1000,0.25,0.2,2,8,"Central",0.0522,0.00314563697841947,"0.0522 (0.0031)"
1000,0.25,0.2,2,8,"Tail",0.0444,0.00291302729132427,"0.0444 (0.0029)"
1000,0.5,0.05,0.5,1,"Uniform",0.0604,0.00336903072114221,"0.0604 (0.0034)"
1000,0.5,0.05,0.5,1,"Central",0.051,0.00311123769583746,"0.0510 (0.0031)"
1000,0.5,0.05,0.5,1,"Tail",0.0504,0.00309385972532693,"0.0504 (0.0031)"
1000,0.5,0.05,0.5,2,"Uniform",0.0486,0.0030409879973456,"0.0486 (0.0030)"
1000,0.5,0.05,0.5,2,"Central",0.0398,0.00276463234445378,"0.0398 (0.0028)"
1000,0.5,0.05,0.5,2,"Tail",0.0574,0.0032895361375124,"0.0574 (0.0033)"
1000,0.5,0.05,0.5,3,"Uniform",0.0512,0.0031170036894428,"0.0512 (0.0031)"
1000,0.5,0.05,0.5,3,"Central",0.0436,0.00288787257336608,"0.0436 (0.0029)"
1000,0.5,0.05,0.5,3,"Tail",0.0528,0.00316266216975509,"0.0528 (0.0032)"
1000,0.5,0.05,0.5,5,"Uniform",0.0472,0.00299907185642492,"0.0472 (0.0030)"
1000,0.5,0.05,0.5,5,"Central",0.0524,0.00315132480077824,"0.0524 (0.0032)"
1000,0.5,0.05,0.5,5,"Tail",0.0512,0.0031170036894428,"0.0512 (0.0031)"
1000,0.5,0.05,0.5,8,"Uniform",0.055,0.0032241277890307,"0.0550 (0.0032)"
1000,0.5,0.05,0.5,8,"Central",0.0478,0.00301712313305241,"0.0478 (0.0030)"
1000,0.5,0.05,0.5,8,"Tail",0.0434,0.00288154264240528,"0.0434 (0.0029)"
1000,0.5,0.05,1,1,"Uniform",0.0512,0.0031170036894428,"0.0512 (0.0031)"
1000,0.5,0.05,1,1,"Central",0.0564,0.00326248494249399,"0.0564 (0.0033)"
1000,0.5,0.05,1,1,"Tail",0.0524,0.00315132480077824,"0.0524 (0.0032)"
1000,0.5,0.05,1,2,"Uniform",0.0506,0.00309966578843591,"0.0506 (0.0031)"
1000,0.5,0.05,1,2,"Central",0.0426,0.00285605462132642,"0.0426 (0.0029)"
1000,0.5,0.05,1,2,"Tail",0.0582,0.003310974478911,"0.0582 (0.0033)"
1000,0.5,0.05,1,3,"Uniform",0.0486,0.0030409879973456,"0.0486 (0.0030)"
1000,0.5,0.05,1,3,"Central",0.0366,0.00265557677350891,"0.0366 (0.0027)"
1000,0.5,0.05,1,3,"Tail",0.0512,0.0031170036894428,"0.0512 (0.0031)"
1000,0.5,0.05,1,5,"Uniform",0.0454,0.00294410733499986,"0.0454 (0.0029)"
1000,0.5,0.05,1,5,"Central",0.0418,0.00283029185774188,"0.0418 (0.0028)"
1000,0.5,0.05,1,5,"Tail",0.0508,0.00310545842026584,"0.0508 (0.0031)"
1000,0.5,0.05,1,8,"Uniform",0.0506,0.00309966578843591,"0.0506 (0.0031)"
1000,0.5,0.05,1,8,"Central",0.0496,0.00307049963361014,"0.0496 (0.0031)"
1000,0.5,0.05,1,8,"Tail",0.0498,0.00307636018697421,"0.0498 (0.0031)"
1000,0.5,0.05,1.5,1,"Uniform",0.0578,0.00330027756408457,"0.0578 (0.0033)"
1000,0.5,0.05,1.5,1,"Central",0.0446,0.00291927525252416,"0.0446 (0.0029)"
1000,0.5,0.05,1.5,1,"Tail",0.052,0.00313993630508646,"0.0520 (0.0031)"
1000,0.5,0.05,1.5,2,"Uniform",0.0438,0.00289418589589542,"0.0438 (0.0029)"
1000,0.5,0.05,1.5,2,"Central",0.0462,0.00296868859936505,"0.0462 (0.0030)"
1000,0.5,0.05,1.5,2,"Tail",0.0628,0.00343092290790685,"0.0628 (0.0034)"
1000,0.5,0.05,1.5,3,"Uniform",0.0452,0.00293792307591605,"0.0452 (0.0029)"
1000,0.5,0.05,1.5,3,"Central",0.0396,0.00275796446677618,"0.0396 (0.0028)"
1000,0.5,0.05,1.5,3,"Tail",0.0582,0.003310974478911,"0.0582 (0.0033)"
1000,0.5,0.05,1.5,5,"Uniform",0.049,0.00305283474822991,"0.0490 (0.0031)"
1000,0.5,0.05,1.5,5,"Central",0.049,0.00305283474822991,"0.0490 (0.0031)"
1000,0.5,0.05,1.5,5,"Tail",0.0496,0.00307049963361014,"0.0496 (0.0031)"
1000,0.5,0.05,1.5,8,"Uniform",0.0456,0.00295027591929975,"0.0456 (0.0030)"
1000,0.5,0.05,1.5,8,"Central",0.0502,0.00308804015517933,"0.0502 (0.0031)"
1000,0.5,0.05,1.5,8,"Tail",0.0494,0.0030646252625729,"0.0494 (0.0031)"
1000,0.5,0.05,2,1,"Uniform",0.051,0.00311123769583746,"0.0510 (0.0031)"
1000,0.5,0.05,2,1,"Central",0.0408,0.00279769047608916,"0.0408 (0.0028)"
1000,0.5,0.05,2,1,"Tail",0.0592,0.0033375248313683,"0.0592 (0.0033)"
1000,0.5,0.05,2,2,"Uniform",0.047,0.00299302522541993,"0.0470 (0.0030)"
1000,0.5,0.05,2,2,"Central",0.0372,0.00267642149146953,"0.0372 (0.0027)"
1000,0.5,0.05,2,2,"Tail",0.0626,0.00342582077756557,"0.0626 (0.0034)"
1000,0.5,0.05,2,3,"Uniform",0.0494,0.0030646252625729,"0.0494 (0.0031)"
1000,0.5,0.05,2,3,"Central",0.0326,0.00251146331846595,"0.0326 (0.0025)"
1000,0.5,0.05,2,3,"Tail",0.059,0.00333223648620562,"0.0590 (0.0033)"
1000,0.5,0.05,2,5,"Uniform",0.0424,0.00284963997726029,"0.0424 (0.0028)"
1000,0.5,0.05,2,5,"Central",0.0388,0.00273110087693589,"0.0388 (0.0027)"
1000,0.5,0.05,2,5,"Tail",0.0576,0.00329491244193226,"0.0576 (0.0033)"
1000,0.5,0.05,2,8,"Uniform",0.048,0.00302311098043059,"0.0480 (0.0030)"
1000,0.5,0.05,2,8,"Central",0.0468,0.00298696367570816,"0.0468 (0.0030)"
1000,0.5,0.05,2,8,"Tail",0.0532,0.00317394895989208,"0.0532 (0.0032)"
1000,0.5,0.1,0.5,1,"Uniform",0.056,0.00325158422926425,"0.0560 (0.0033)"
1000,0.5,0.1,0.5,1,"Central",0.0512,0.0031170036894428,"0.0512 (0.0031)"
1000,0.5,0.1,0.5,1,"Tail",0.0548,0.00321860093829602,"0.0548 (0.0032)"
1000,0.5,0.1,0.5,2,"Uniform",0.045,0.00293172304285381,"0.0450 (0.0029)"
1000,0.5,0.1,0.5,2,"Central",0.046,0.00296256645495084,"0.0460 (0.0030)"
1000,0.5,0.1,0.5,2,"Tail",0.0542,0.00320194815698193,"0.0542 (0.0032)"
1000,0.5,0.1,0.5,3,"Uniform",0.0514,0.00312275647465504,"0.0514 (0.0031)"
1000,0.5,0.1,0.5,3,"Central",0.0414,0.00281730509529941,"0.0414 (0.0028)"
1000,0.5,0.1,0.5,3,"Tail",0.0594,0.00334280241713446,"0.0594 (0.0033)"
1000,0.5,0.1,0.5,5,"Uniform",0.0478,0.00301712313305241,"0.0478 (0.0030)"
1000,0.5,0.1,0.5,5,"Central",0.042,0.00283675871374356,"0.0420 (0.0028)"
1000,0.5,0.1,0.5,5,"Tail",0.0506,0.00309966578843591,"0.0506 (0.0031)"
1000,0.5,0.1,0.5,8,"Uniform",0.044,0.00290048271844533,"0.0440 (0.0029)"
1000,0.5,0.1,0.5,8,"Central",0.0494,0.0030646252625729,"0.0494 (0.0031)"
1000,0.5,0.1,0.5,8,"Tail",0.0474,0.00300510365877785,"0.0474 (0.0030)"
1000,0.5,0.1,1,1,"Uniform",0.0508,0.00310545842026584,"0.0508 (0.0031)"
1000,0.5,0.1,1,1,"Central",0.0436,0.00288787257336608,"0.0436 (0.0029)"
1000,0.5,0.1,1,1,"Tail",0.0518,0.0031342227106573,"0.0518 (0.0031)"
1000,0.5,0.1,1,2,"Uniform",0.053,0.00316831185333767,"0.0530 (0.0032)"
1000,0.5,0.1,1,2,"Central",0.0452,0.00293792307591605,"0.0452 (0.0029)"
1000,0.5,0.1,1,2,"Tail",0.0568,0.00327333957908433,"0.0568 (0.0033)"
1000,0.5,0.1,1,3,"Uniform",0.0484,0.00303504332753257,"0.0484 (0.0030)"
1000,0.5,0.1,1,3,"Central",0.0396,0.00275796446677618,"0.0396 (0.0028)"
1000,0.5,0.1,1,3,"Tail",0.0646,0.00347640158784914,"0.0646 (0.0035)"
1000,0.5,0.1,1,5,"Uniform",0.047,0.00299302522541993,"0.0470 (0.0030)"
1000,0.5,0.1,1,5,"Central",0.042,0.00283675871374356,"0.0420 (0.0028)"
1000,0.5,0.1,1,5,"Tail",0.0506,0.00309966578843591,"0.0506 (0.0031)"
1000,0.5,0.1,1,8,"Uniform",0.0462,0.00296868859936505,"0.0462 (0.0030)"
1000,0.5,0.1,1,8,"Central",0.0516,0.00312849612433834,"0.0516 (0.0031)"
1000,0.5,0.1,1,8,"Tail",0.05,0.00308220700148449,"0.0500 (0.0031)"
1000,0.5,0.1,1.5,1,"Uniform",0.0516,0.00312849612433834,"0.0516 (0.0031)"
1000,0.5,0.1,1.5,1,"Central",0.0406,0.00279111590586991,"0.0406 (0.0028)"
1000,0.5,0.1,1.5,1,"Tail",0.0606,0.00337424480439698,"0.0606 (0.0034)"
1000,0.5,0.1,1.5,2,"Uniform",0.0462,0.00296868859936505,"0.0462 (0.0030)"
1000,0.5,0.1,1.5,2,"Central",0.0394,0.00275127752144345,"0.0394 (0.0028)"
1000,0.5,0.1,1.5,2,"Tail",0.0612,0.00338982477423244,"0.0612 (0.0034)"
1000,0.5,0.1,1.5,3,"Uniform",0.0476,0.00301112072159188,"0.0476 (0.0030)"
1000,0.5,0.1,1.5,3,"Central",0.0348,0.00259187036712873,"0.0348 (0.0026)"
1000,0.5,0.1,1.5,3,"Tail",0.0692,0.00358918820905229,"0.0692 (0.0036)"
1000,0.5,0.1,1.5,5,"Uniform",0.0444,0.00291302729132427,"0.0444 (0.0029)"
1000,0.5,0.1,1.5,5,"Central",0.0426,0.00285605462132642,"0.0426 (0.0029)"
1000,0.5,0.1,1.5,5,"Tail",0.049,0.00305283474822991,"0.0490 (0.0031)"
1000,0.5,0.1,1.5,8,"Uniform",0.044,0.00290048271844533,"0.0440 (0.0029)"
1000,0.5,0.1,1.5,8,"Central",0.0478,0.00301712313305241,"0.0478 (0.0030)"
1000,0.5,0.1,1.5,8,"Tail",0.0476,0.00301112072159188,"0.0476 (0.0030)"
1000,0.5,0.1,2,1,"Uniform",0.0548,0.00321860093829602,"0.0548 (0.0032)"
1000,0.5,0.1,2,1,"Central",0.0366,0.00265557677350891,"0.0366 (0.0027)"
1000,0.5,0.1,2,1,"Tail",0.0666,0.00352603006226549,"0.0666 (0.0035)"
1000,0.5,0.1,2,2,"Uniform",0.0486,0.0030409879973456,"0.0486 (0.0030)"
1000,0.5,0.1,2,2,"Central",0.0312,0.00245872161905328,"0.0312 (0.0025)"
1000,0.5,0.1,2,2,"Tail",0.0614,0.00339499749631719,"0.0614 (0.0034)"
1000,0.5,0.1,2,3,"Uniform",0.0474,0.00300510365877785,"0.0474 (0.0030)"
1000,0.5,0.1,2,3,"Central",0.0338,0.0025556822963741,"0.0338 (0.0026)"
1000,0.5,0.1,2,3,"Tail",0.0668,0.00353094208392038,"0.0668 (0.0035)"
1000,0.5,0.1,2,5,"Uniform",0.0498,0.00307636018697421,"0.0498 (0.0031)"
1000,0.5,0.1,2,5,"Central",0.0386,0.00272433624943765,"0.0386 (0.0027)"
1000,0.5,0.1,2,5,"Tail",0.0534,0.00317957355631223,"0.0534 (0.0032)"
1000,0.5,0.1,2,8,"Uniform",0.0452,0.00293792307591605,"0.0452 (0.0029)"
1000,0.5,0.1,2,8,"Central",0.0386,0.00272433624943765,"0.0386 (0.0027)"
1000,0.5,0.1,2,8,"Tail",0.052,0.00313993630508646,"0.0520 (0.0031)"
1000,0.5,0.2,0.5,1,"Uniform",0.058,0.00330563155841664,"0.0580 (0.0033)"
1000,0.5,0.2,0.5,1,"Central",0.0486,0.0030409879973456,"0.0486 (0.0030)"
1000,0.5,0.2,0.5,1,"Tail",0.0592,0.0033375248313683,"0.0592 (0.0033)"
1000,0.5,0.2,0.5,2,"Uniform",0.0492,0.00305873699425106,"0.0492 (0.0031)"
1000,0.5,0.2,0.5,2,"Central",0.0468,0.00298696367570816,"0.0468 (0.0030)"
1000,0.5,0.2,0.5,2,"Tail",0.055,0.0032241277890307,"0.0550 (0.0032)"
1000,0.5,0.2,0.5,3,"Uniform",0.0468,0.00298696367570816,"0.0468 (0.0030)"
1000,0.5,0.2,0.5,3,"Central",0.0366,0.00265557677350891,"0.0366 (0.0027)"
1000,0.5,0.2,0.5,3,"Tail",0.0544,0.0032075111847038,"0.0544 (0.0032)"
1000,0.5,0.2,0.5,5,"Uniform",0.0462,0.00296868859936505,"0.0462 (0.0030)"
1000,0.5,0.2,0.5,5,"Central",0.0404,0.00278452293939195,"0.0404 (0.0028)"
1000,0.5,0.2,0.5,5,"Tail",0.0456,0.00295027591929975,"0.0456 (0.0030)"
1000,0.5,0.2,0.5,8,"Uniform",0.0494,0.0030646252625729,"0.0494 (0.0031)"
1000,0.5,0.2,0.5,8,"Central",0.0562,0.00325704037432759,"0.0562 (0.0033)"
1000,0.5,0.2,0.5,8,"Tail",0.0496,0.00307049963361014,"0.0496 (0.0031)"
1000,0.5,0.2,1,1,"Uniform",0.0482,0.00302908435009658,"0.0482 (0.0030)"
1000,0.5,0.2,1,1,"Central",0.043,0.00286883251515316,"0.0430 (0.0029)"
1000,0.5,0.2,1,1,"Tail",0.0598,0.00335332551357604,"0.0598 (0.0034)"
1000,0.5,0.2,1,2,"Uniform",0.0452,0.00293792307591605,"0.0452 (0.0029)"
1000,0.5,0.2,1,2,"Central",0.0386,0.00272433624943765,"0.0386 (0.0027)"
1000,0.5,0.2,1,2,"Tail",0.0638,0.00345628586780665,"0.0638 (0.0035)"
1000,0.5,0.2,1,3,"Uniform",0.0506,0.00309966578843591,"0.0506 (0.0031)"
1000,0.5,0.2,1,3,"Central",0.0398,0.00276463234445378,"0.0398 (0.0028)"
1000,0.5,0.2,1,3,"Tail",0.0616,0.00340015999623547,"0.0616 (0.0034)"
1000,0.5,0.2,1,5,"Uniform",0.0448,0.00292550713552369,"0.0448 (0.0029)"
1000,0.5,0.2,1,5,"Central",0.045,0.00293172304285381,"0.0450 (0.0029)"
1000,0.5,0.2,1,5,"Tail",0.0458,0.00295642892693195,"0.0458 (0.0030)"
1000,0.5,0.2,1,8,"Uniform",0.0418,0.00283029185774188,"0.0418 (0.0028)"
1000,0.5,0.2,1,8,"Central",0.05,0.00308220700148449,"0.0500 (0.0031)"
1000,0.5,0.2,1,8,"Tail",0.0458,0.00295642892693195,"0.0458 (0.0030)"
1000,0.5,0.2,1.5,1,"Uniform",0.052,0.00313993630508646,"0.0520 (0.0031)"
1000,0.5,0.2,1.5,1,"Central",0.0412,0.00281078494374792,"0.0412 (0.0028)"
1000,0.5,0.2,1.5,1,"Tail",0.0668,0.00353094208392038,"0.0668 (0.0035)"
1000,0.5,0.2,1.5,2,"Uniform",0.05,0.00308220700148449,"0.0500 (0.0031)"
1000,0.5,0.2,1.5,2,"Central",0.033,0.00252630164469724,"0.0330 (0.0025)"
1000,0.5,0.2,1.5,2,"Tail",0.0708,0.00362732297982962,"0.0708 (0.0036)"
1000,0.5,0.2,1.5,3,"Uniform",0.0452,0.00293792307591605,"0.0452 (0.0029)"
1000,0.5,0.2,1.5,3,"Central",0.0356,0.00262040607540129,"0.0356 (0.0026)"
1000,0.5,0.2,1.5,3,"Tail",0.0702,0.00361308621541197,"0.0702 (0.0036)"
1000,0.5,0.2,1.5,5,"Uniform",0.0456,0.00295027591929975,"0.0456 (0.0030)"
1000,0.5,0.2,1.5,5,"Central",0.0388,0.00273110087693589,"0.0388 (0.0027)"
1000,0.5,0.2,1.5,5,"Tail",0.0514,0.00312275647465504,"0.0514 (0.0031)"
1000,0.5,0.2,1.5,8,"Uniform",0.0434,0.00288154264240528,"0.0434 (0.0029)"
1000,0.5,0.2,1.5,8,"Central",0.0476,0.00301112072159188,"0.0476 (0.0030)"
1000,0.5,0.2,1.5,8,"Tail",0.0534,0.00317957355631223,"0.0534 (0.0032)"
1000,0.5,0.2,2,1,"Uniform",0.049,0.00305283474822991,"0.0490 (0.0031)"
1000,0.5,0.2,2,1,"Central",0.0378,0.00269707841932711,"0.0378 (0.0027)"
1000,0.5,0.2,2,1,"Tail",0.079,0.0038146821623826,"0.0790 (0.0038)"
1000,0.5,0.2,2,2,"Uniform",0.0504,0.00309385972532693,"0.0504 (0.0031)"
1000,0.5,0.2,2,2,"Central",0.0324,0.00250400638976821,"0.0324 (0.0025)"
1000,0.5,0.2,2,2,"Tail",0.0736,0.00369277781622453,"0.0736 (0.0037)"
1000,0.5,0.2,2,3,"Uniform",0.0512,0.0031170036894428,"0.0512 (0.0031)"
1000,0.5,0.2,2,3,"Central",0.0332,0.0025336834845734,"0.0332 (0.0025)"
1000,0.5,0.2,2,3,"Tail",0.0754,0.00373402838767999,"0.0754 (0.0037)"
1000,0.5,0.2,2,5,"Uniform",0.0474,0.00300510365877785,"0.0474 (0.0030)"
1000,0.5,0.2,2,5,"Central",0.0326,0.00251146331846595,"0.0326 (0.0025)"
1000,0.5,0.2,2,5,"Tail",0.0624,0.00342070869850094,"0.0624 (0.0034)"
1000,0.5,0.2,2,8,"Uniform",0.0438,0.00289418589589542,"0.0438 (0.0029)"
1000,0.5,0.2,2,8,"Central",0.0408,0.00279769047608916,"0.0408 (0.0028)"
1000,0.5,0.2,2,8,"Tail",0.0598,0.00335332551357604,"0.0598 (0.0034)"
1000,0.75,0.05,0.5,1,"Uniform",0.0514,0.00312275647465504,"0.0514 (0.0031)"
1000,0.75,0.05,0.5,1,"Central",0.0544,0.0032075111847038,"0.0544 (0.0032)"
1000,0.75,0.05,0.5,1,"Tail",0.0486,0.0030409879973456,"0.0486 (0.0030)"
1000,0.75,0.05,0.5,2,"Uniform",0.0504,0.00309385972532693,"0.0504 (0.0031)"
1000,0.75,0.05,0.5,2,"Central",0.0482,0.00302908435009658,"0.0482 (0.0030)"
1000,0.75,0.05,0.5,2,"Tail",0.0496,0.00307049963361014,"0.0496 (0.0031)"
1000,0.75,0.05,0.5,3,"Uniform",0.0514,0.00312275647465504,"0.0514 (0.0031)"
1000,0.75,0.05,0.5,3,"Central",0.0362,0.00264157377334043,"0.0362 (0.0026)"
1000,0.75,0.05,0.5,3,"Tail",0.0576,0.00329491244193226,"0.0576 (0.0033)"
1000,0.75,0.05,0.5,5,"Uniform",0.0474,0.00300510365877785,"0.0474 (0.0030)"
1000,0.75,0.05,0.5,5,"Central",0.0436,0.00288787257336608,"0.0436 (0.0029)"
1000,0.75,0.05,0.5,5,"Tail",0.0434,0.00288154264240528,"0.0434 (0.0029)"
1000,0.75,0.05,0.5,8,"Uniform",0.05,0.00308220700148449,"0.0500 (0.0031)"
1000,0.75,0.05,0.5,8,"Central",0.0484,0.00303504332753257,"0.0484 (0.0030)"
1000,0.75,0.05,0.5,8,"Tail",0.0452,0.00293792307591605,"0.0452 (0.0029)"
1000,0.75,0.05,1,1,"Uniform",0.0598,0.00335332551357604,"0.0598 (0.0034)"
1000,0.75,0.05,1,1,"Central",0.0514,0.00312275647465504,"0.0514 (0.0031)"
1000,0.75,0.05,1,1,"Tail",0.0466,0.00298088711627931,"0.0466 (0.0030)"
1000,0.75,0.05,1,2,"Uniform",0.0484,0.00303504332753257,"0.0484 (0.0030)"
1000,0.75,0.05,1,2,"Central",0.0448,0.00292550713552369,"0.0448 (0.0029)"
1000,0.75,0.05,1,2,"Tail",0.0498,0.00307636018697421,"0.0498 (0.0031)"
1000,0.75,0.05,1,3,"Uniform",0.0512,0.0031170036894428,"0.0512 (0.0031)"
1000,0.75,0.05,1,3,"Central",0.043,0.00286883251515316,"0.0430 (0.0029)"
1000,0.75,0.05,1,3,"Tail",0.0562,0.00325704037432759,"0.0562 (0.0033)"
1000,0.75,0.05,1,5,"Uniform",0.0468,0.00298696367570816,"0.0468 (0.0030)"
1000,0.75,0.05,1,5,"Central",0.0482,0.00302908435009658,"0.0482 (0.0030)"
1000,0.75,0.05,1,5,"Tail",0.0484,0.00303504332753257,"0.0484 (0.0030)"
1000,0.75,0.05,1,8,"Uniform",0.0428,0.00286245209566903,"0.0428 (0.0029)"
1000,0.75,0.05,1,8,"Central",0.052,0.00313993630508646,"0.0520 (0.0031)"
1000,0.75,0.05,1,8,"Tail",0.0488,0.00304691844328003,"0.0488 (0.0030)"
1000,0.75,0.05,1.5,1,"Uniform",0.0496,0.00307049963361014,"0.0496 (0.0031)"
1000,0.75,0.05,1.5,1,"Central",0.0492,0.00305873699425106,"0.0492 (0.0031)"
1000,0.75,0.05,1.5,1,"Tail",0.0482,0.00302908435009658,"0.0482 (0.0030)"
1000,0.75,0.05,1.5,2,"Uniform",0.049,0.00305283474822991,"0.0490 (0.0031)"
1000,0.75,0.05,1.5,2,"Central",0.0468,0.00298696367570816,"0.0468 (0.0030)"
1000,0.75,0.05,1.5,2,"Tail",0.0528,0.00316266216975509,"0.0528 (0.0032)"
1000,0.75,0.05,1.5,3,"Uniform",0.0452,0.00293792307591605,"0.0452 (0.0029)"
1000,0.75,0.05,1.5,3,"Central",0.0386,0.00272433624943765,"0.0386 (0.0027)"
1000,0.75,0.05,1.5,3,"Tail",0.0516,0.00312849612433834,"0.0516 (0.0031)"
1000,0.75,0.05,1.5,5,"Uniform",0.0422,0.00284320804725929,"0.0422 (0.0028)"
1000,0.75,0.05,1.5,5,"Central",0.0446,0.00291927525252416,"0.0446 (0.0029)"
1000,0.75,0.05,1.5,5,"Tail",0.0442,0.00290676314824583,"0.0442 (0.0029)"
1000,0.75,0.05,1.5,8,"Uniform",0.0466,0.00298088711627931,"0.0466 (0.0030)"
1000,0.75,0.05,1.5,8,"Central",0.0528,0.00316266216975509,"0.0528 (0.0032)"
1000,0.75,0.05,1.5,8,"Tail",0.0464,0.00297479545515318,"0.0464 (0.0030)"
1000,0.75,0.05,2,1,"Uniform",0.0538,0.00319078548323136,"0.0538 (0.0032)"
1000,0.75,0.05,2,1,"Central",0.0542,0.00320194815698193,"0.0542 (0.0032)"
1000,0.75,0.05,2,1,"Tail",0.0492,0.00305873699425106,"0.0492 (0.0031)"
1000,0.75,0.05,2,2,"Uniform",0.041,0.00280424677944007,"0.0410 (0.0028)"
1000,0.75,0.05,2,2,"Central",0.0502,0.00308804015517933,"0.0502 (0.0031)"
1000,0.75,0.05,2,2,"Tail",0.0522,0.00314563697841947,"0.0522 (0.0031)"
1000,0.75,0.05,2,3,"Uniform",0.048,0.00302311098043059,"0.0480 (0.0030)"
1000,0.75,0.05,2,3,"Central",0.04,0.0027712812921102,"0.0400 (0.0028)"
1000,0.75,0.05,2,3,"Tail",0.0592,0.0033375248313683,"0.0592 (0.0033)"
1000,0.75,0.05,2,5,"Uniform",0.0464,0.00297479545515318,"0.0464 (0.0030)"
1000,0.75,0.05,2,5,"Central",0.045,0.00293172304285381,"0.0450 (0.0029)"
1000,0.75,0.05,2,5,"Tail",0.05,0.00308220700148449,"0.0500 (0.0031)"
1000,0.75,0.05,2,8,"Uniform",0.0388,0.00273110087693589,"0.0388 (0.0027)"
1000,0.75,0.05,2,8,"Central",0.0496,0.00307049963361014,"0.0496 (0.0031)"
1000,0.75,0.05,2,8,"Tail",0.046,0.00296256645495084,"0.0460 (0.0030)"
1000,0.75,0.1,0.5,1,"Uniform",0.0544,0.0032075111847038,"0.0544 (0.0032)"
1000,0.75,0.1,0.5,1,"Central",0.0496,0.00307049963361014,"0.0496 (0.0031)"
1000,0.75,0.1,0.5,1,"Tail",0.0454,0.00294410733499986,"0.0454 (0.0029)"
1000,0.75,0.1,0.5,2,"Uniform",0.0486,0.0030409879973456,"0.0486 (0.0030)"
1000,0.75,0.1,0.5,2,"Central",0.0504,0.00309385972532693,"0.0504 (0.0031)"
1000,0.75,0.1,0.5,2,"Tail",0.0514,0.00312275647465504,"0.0514 (0.0031)"
1000,0.75,0.1,0.5,3,"Uniform",0.045,0.00293172304285381,"0.0450 (0.0029)"
1000,0.75,0.1,0.5,3,"Central",0.0466,0.00298088711627931,"0.0466 (0.0030)"
1000,0.75,0.1,0.5,3,"Tail",0.0512,0.0031170036894428,"0.0512 (0.0031)"
1000,0.75,0.1,0.5,5,"Uniform",0.0542,0.00320194815698193,"0.0542 (0.0032)"
1000,0.75,0.1,0.5,5,"Central",0.0484,0.00303504332753257,"0.0484 (0.0030)"
1000,0.75,0.1,0.5,5,"Tail",0.0452,0.00293792307591605,"0.0452 (0.0029)"
1000,0.75,0.1,0.5,8,"Uniform",0.0432,0.00287519599331941,"0.0432 (0.0029)"
1000,0.75,0.1,0.5,8,"Central",0.0542,0.00320194815698193,"0.0542 (0.0032)"
1000,0.75,0.1,0.5,8,"Tail",0.042,0.00283675871374356,"0.0420 (0.0028)"
1000,0.75,0.1,1,1,"Uniform",0.0494,0.0030646252625729,"0.0494 (0.0031)"
1000,0.75,0.1,1,1,"Central",0.046,0.00296256645495084,"0.0460 (0.0030)"
1000,0.75,0.1,1,1,"Tail",0.0458,0.00295642892693195,"0.0458 (0.0030)"
1000,0.75,0.1,1,2,"Uniform",0.0474,0.00300510365877785,"0.0474 (0.0030)"
1000,0.75,0.1,1,2,"Central",0.0404,0.00278452293939195,"0.0404 (0.0028)"
1000,0.75,0.1,1,2,"Tail",0.05,0.00308220700148449,"0.0500 (0.0031)"
1000,0.75,0.1,1,3,"Uniform",0.056,0.00325158422926425,"0.0560 (0.0033)"
1000,0.75,0.1,1,3,"Central",0.0472,0.00299907185642492,"0.0472 (0.0030)"
1000,0.75,0.1,1,3,"Tail",0.053,0.00316831185333767,"0.0530 (0.0032)"
1000,0.75,0.1,1,5,"Uniform",0.0446,0.00291927525252416,"0.0446 (0.0029)"
1000,0.75,0.1,1,5,"Central",0.0476,0.00301112072159188,"0.0476 (0.0030)"
1000,0.75,0.1,1,5,"Tail",0.0466,0.00298088711627931,"0.0466 (0.0030)"
1000,0.75,0.1,1,8,"Uniform",0.0442,0.00290676314824583,"0.0442 (0.0029)"
1000,0.75,0.1,1,8,"Central",0.0608,0.00337944847571316,"0.0608 (0.0034)"
1000,0.75,0.1,1,8,"Tail",0.0442,0.00290676314824583,"0.0442 (0.0029)"
1000,0.75,0.1,1.5,1,"Uniform",0.0472,0.00299907185642492,"0.0472 (0.0030)"
1000,0.75,0.1,1.5,1,"Central",0.0476,0.00301112072159188,"0.0476 (0.0030)"
1000,0.75,0.1,1.5,1,"Tail",0.0534,0.00317957355631223,"0.0534 (0.0032)"
1000,0.75,0.1,1.5,2,"Uniform",0.0518,0.0031342227106573,"0.0518 (0.0031)"
1000,0.75,0.1,1.5,2,"Central",0.0486,0.0030409879973456,"0.0486 (0.0030)"
1000,0.75,0.1,1.5,2,"Tail",0.052,0.00313993630508646,"0.0520 (0.0031)"
1000,0.75,0.1,1.5,3,"Uniform",0.0464,0.00297479545515318,"0.0464 (0.0030)"
1000,0.75,0.1,1.5,3,"Central",0.0406,0.00279111590586991,"0.0406 (0.0028)"
1000,0.75,0.1,1.5,3,"Tail",0.0556,0.00324063697442339,"0.0556 (0.0032)"
1000,0.75,0.1,1.5,5,"Uniform",0.05,0.00308220700148449,"0.0500 (0.0031)"
1000,0.75,0.1,1.5,5,"Central",0.0418,0.00283029185774188,"0.0418 (0.0028)"
1000,0.75,0.1,1.5,5,"Tail",0.0434,0.00288154264240528,"0.0434 (0.0029)"
1000,0.75,0.1,1.5,8,"Uniform",0.0464,0.00297479545515318,"0.0464 (0.0030)"
1000,0.75,0.1,1.5,8,"Central",0.0424,0.00284963997726029,"0.0424 (0.0028)"
1000,0.75,0.1,1.5,8,"Tail",0.044,0.00290048271844533,"0.0440 (0.0029)"
1000,0.75,0.1,2,1,"Uniform",0.0532,0.00317394895989208,"0.0532 (0.0032)"
1000,0.75,0.1,2,1,"Central",0.0528,0.00316266216975509,"0.0528 (0.0032)"
1000,0.75,0.1,2,1,"Tail",0.0554,0.00323514574633045,"0.0554 (0.0032)"
1000,0.75,0.1,2,2,"Uniform",0.0508,0.00310545842026584,"0.0508 (0.0031)"
1000,0.75,0.1,2,2,"Central",0.0442,0.00290676314824583,"0.0442 (0.0029)"
1000,0.75,0.1,2,2,"Tail",0.0526,0.00315699984162179,"0.0526 (0.0032)"
1000,0.75,0.1,2,3,"Uniform",0.0468,0.00298696367570816,"0.0468 (0.0030)"
1000,0.75,0.1,2,3,"Central",0.0418,0.00283029185774188,"0.0418 (0.0028)"
1000,0.75,0.1,2,3,"Tail",0.0556,0.00324063697442339,"0.0556 (0.0032)"
1000,0.75,0.1,2,5,"Uniform",0.0512,0.0031170036894428,"0.0512 (0.0031)"
1000,0.75,0.1,2,5,"Central",0.046,0.00296256645495084,"0.0460 (0.0030)"
1000,0.75,0.1,2,5,"Tail",0.0436,0.00288787257336608,"0.0436 (0.0029)"
1000,0.75,0.1,2,8,"Uniform",0.0404,0.00278452293939195,"0.0404 (0.0028)"
1000,0.75,0.1,2,8,"Central",0.045,0.00293172304285381,"0.0450 (0.0029)"
1000,0.75,0.1,2,8,"Tail",0.046,0.00296256645495084,"0.0460 (0.0030)"
1000,0.75,0.2,0.5,1,"Uniform",0.0462,0.00296868859936505,"0.0462 (0.0030)"
1000,0.75,0.2,0.5,1,"Central",0.0564,0.00326248494249399,"0.0564 (0.0033)"
1000,0.75,0.2,0.5,1,"Tail",0.051,0.00311123769583746,"0.0510 (0.0031)"
1000,0.75,0.2,0.5,2,"Uniform",0.0486,0.0030409879973456,"0.0486 (0.0030)"
1000,0.75,0.2,0.5,2,"Central",0.0442,0.00290676314824583,"0.0442 (0.0029)"
1000,0.75,0.2,0.5,2,"Tail",0.052,0.00313993630508646,"0.0520 (0.0031)"
1000,0.75,0.2,0.5,3,"Uniform",0.052,0.00313993630508646,"0.0520 (0.0031)"
1000,0.75,0.2,0.5,3,"Central",0.0388,0.00273110087693589,"0.0388 (0.0027)"
1000,0.75,0.2,0.5,3,"Tail",0.0546,0.00321306209090332,"0.0546 (0.0032)"
1000,0.75,0.2,0.5,5,"Uniform",0.0504,0.00309385972532693,"0.0504 (0.0031)"
1000,0.75,0.2,0.5,5,"Central",0.046,0.00296256645495084,"0.0460 (0.0030)"
1000,0.75,0.2,0.5,5,"Tail",0.0496,0.00307049963361014,"0.0496 (0.0031)"
1000,0.75,0.2,0.5,8,"Uniform",0.0452,0.00293792307591605,"0.0452 (0.0029)"
1000,0.75,0.2,0.5,8,"Central",0.0482,0.00302908435009658,"0.0482 (0.0030)"
1000,0.75,0.2,0.5,8,"Tail",0.0442,0.00290676314824583,"0.0442 (0.0029)"
1000,0.75,0.2,1,1,"Uniform",0.0546,0.00321306209090332,"0.0546 (0.0032)"
1000,0.75,0.2,1,1,"Central",0.0468,0.00298696367570816,"0.0468 (0.0030)"
1000,0.75,0.2,1,1,"Tail",0.0442,0.00290676314824583,"0.0442 (0.0029)"
1000,0.75,0.2,1,2,"Uniform",0.055,0.0032241277890307,"0.0550 (0.0032)"
1000,0.75,0.2,1,2,"Central",0.045,0.00293172304285381,"0.0450 (0.0029)"
1000,0.75,0.2,1,2,"Tail",0.0546,0.00321306209090332,"0.0546 (0.0032)"
1000,0.75,0.2,1,3,"Uniform",0.0512,0.0031170036894428,"0.0512 (0.0031)"
1000,0.75,0.2,1,3,"Central",0.0416,0.00282380735886852,"0.0416 (0.0028)"
1000,0.75,0.2,1,3,"Tail",0.0556,0.00324063697442339,"0.0556 (0.0032)"
1000,0.75,0.2,1,5,"Uniform",0.0446,0.00291927525252416,"0.0446 (0.0029)"
1000,0.75,0.2,1,5,"Central",0.0448,0.00292550713552369,"0.0448 (0.0029)"
1000,0.75,0.2,1,5,"Tail",0.0534,0.00317957355631223,"0.0534 (0.0032)"
1000,0.75,0.2,1,8,"Uniform",0.0474,0.00300510365877785,"0.0474 (0.0030)"
1000,0.75,0.2,1,8,"Central",0.0486,0.0030409879973456,"0.0486 (0.0030)"
1000,0.75,0.2,1,8,"Tail",0.0508,0.00310545842026584,"0.0508 (0.0031)"
1000,0.75,0.2,1.5,1,"Uniform",0.0544,0.0032075111847038,"0.0544 (0.0032)"
1000,0.75,0.2,1.5,1,"Central",0.045,0.00293172304285381,"0.0450 (0.0029)"
1000,0.75,0.2,1.5,1,"Tail",0.0524,0.00315132480077824,"0.0524 (0.0032)"
1000,0.75,0.2,1.5,2,"Uniform",0.044,0.00290048271844533,"0.0440 (0.0029)"
1000,0.75,0.2,1.5,2,"Central",0.045,0.00293172304285381,"0.0450 (0.0029)"
1000,0.75,0.2,1.5,2,"Tail",0.0476,0.00301112072159188,"0.0476 (0.0030)"
1000,0.75,0.2,1.5,3,"Uniform",0.0466,0.00298088711627931,"0.0466 (0.0030)"
1000,0.75,0.2,1.5,3,"Central",0.0444,0.00291302729132427,"0.0444 (0.0029)"
1000,0.75,0.2,1.5,3,"Tail",0.0526,0.00315699984162179,"0.0526 (0.0032)"
1000,0.75,0.2,1.5,5,"Uniform",0.0474,0.00300510365877785,"0.0474 (0.0030)"
1000,0.75,0.2,1.5,5,"Central",0.0428,0.00286245209566903,"0.0428 (0.0029)"
1000,0.75,0.2,1.5,5,"Tail",0.051,0.00311123769583746,"0.0510 (0.0031)"
1000,0.75,0.2,1.5,8,"Uniform",0.0438,0.00289418589589542,"0.0438 (0.0029)"
1000,0.75,0.2,1.5,8,"Central",0.0466,0.00298088711627931,"0.0466 (0.0030)"
1000,0.75,0.2,1.5,8,"Tail",0.0438,0.00289418589589542,"0.0438 (0.0029)"
1000,0.75,0.2,2,1,"Uniform",0.0508,0.00310545842026584,"0.0508 (0.0031)"
1000,0.75,0.2,2,1,"Central",0.0492,0.00305873699425106,"0.0492 (0.0031)"
1000,0.75,0.2,2,1,"Tail",0.0516,0.00312849612433834,"0.0516 (0.0031)"
1000,0.75,0.2,2,2,"Uniform",0.044,0.00290048271844533,"0.0440 (0.0029)"
1000,0.75,0.2,2,2,"Central",0.0402,0.00277791144567281,"0.0402 (0.0028)"
1000,0.75,0.2,2,2,"Tail",0.0524,0.00315132480077824,"0.0524 (0.0032)"
1000,0.75,0.2,2,3,"Uniform",0.0448,0.00292550713552369,"0.0448 (0.0029)"
1000,0.75,0.2,2,3,"Central",0.0434,0.00288154264240528,"0.0434 (0.0029)"
1000,0.75,0.2,2,3,"Tail",0.0586,0.00332162731202644,"0.0586 (0.0033)"
1000,0.75,0.2,2,5,"Uniform",0.0416,0.00282380735886852,"0.0416 (0.0028)"
1000,0.75,0.2,2,5,"Central",0.0446,0.00291927525252416,"0.0446 (0.0029)"
1000,0.75,0.2,2,5,"Tail",0.0514,0.00312275647465504,"0.0514 (0.0031)"
1000,0.75,0.2,2,8,"Uniform",0.0476,0.00301112072159188,"0.0476 (0.0030)"
1000,0.75,0.2,2,8,"Central",0.0464,0.00297479545515318,"0.0464 (0.0030)"
1000,0.75,0.2,2,8,"Tail",0.0516,0.00312849612433834,"0.0516 (0.0031)"
