"n","Perturbation","x0","eta","c","r","Weight","Kappa","Lambda","Empirical_Power","MCSE","Theoretical_Power","Zero_Kappa"
50,"Linear",NA,NA,0.5,1,"Uniform",4.56700082322557e-17,2.28350041161279e-17,0,0,0.0500000000000001,TRUE
50,"Linear",NA,NA,0.5,1,"Central",-1.09855274925353e-19,-5.49276374626766e-20,0.0544,0.0032075111847038,0.0500000000000001,TRUE
50,"Linear",NA,NA,0.5,1,"Tail",1.07213309997844e-16,5.36066549989218e-17,0.0418,0.00283029185774188,0.0500000000000001,TRUE
50,"Linear",NA,NA,0.5,2,"Uniform",4.56700082322557e-17,2.28350041161279e-17,0,0,0.0500000000000001,TRUE
50,"Linear",NA,NA,0.5,2,"Central",-1.09855274925353e-19,-5.49276374626766e-20,0.0492,0.00305873699425106,0.0500000000000001,TRUE
50,"Linear",NA,NA,0.5,2,"Tail",1.07213309997844e-16,5.36066549989218e-17,0.0518,0.0031342227106573,0.0500000000000001,TRUE
50,"Linear",NA,NA,0.5,3,"Uniform",4.56700082322557e-17,2.28350041161279e-17,0,0,0.0500000000000001,TRUE
50,"Linear",NA,NA,0.5,3,"Central",-1.09855274925353e-19,-5.49276374626766e-20,0.0508,0.00310545842026584,0.0500000000000001,TRUE
50,"Linear",NA,NA,0.5,3,"Tail",1.07213309997844e-16,5.36066549989218e-17,0.0496,0.00307049963361014,0.0500000000000001,TRUE
50,"Linear",NA,NA,0.5,5,"Uniform",4.56700082322557e-17,2.28350041161279e-17,0,0,0.0500000000000001,TRUE
50,"Linear",NA,NA,0.5,5,"Central",-1.09855274925353e-19,-5.49276374626766e-20,0.0496,0.00307049963361014,0.0500000000000001,TRUE
50,"Linear",NA,NA,0.5,5,"Tail",1.07213309997844e-16,5.36066549989218e-17,0.0558,0.00324611644892786,0.0500000000000001,TRUE
50,"Linear",NA,NA,0.5,8,"Uniform",4.56700082322557e-17,2.28350041161279e-17,0,0,0.0500000000000001,TRUE
50,"Linear",NA,NA,0.5,8,"Central",-1.09855274925353e-19,-5.49276374626766e-20,0.0454,0.00294410733499986,0.0500000000000001,TRUE
50,"Linear",NA,NA,0.5,8,"Tail",1.07213309997844e-16,5.36066549989218e-17,0.0536,0.00318518570887162,0.0500000000000001,TRUE
50,"Linear",NA,NA,1,1,"Uniform",4.56700082322557e-17,4.56700082322557e-17,0,0,0.0500000000000001,TRUE
50,"Linear",NA,NA,1,1,"Central",-1.09855274925353e-19,-1.09855274925353e-19,0.0486,0.0030409879973456,0.0500000000000001,TRUE
50,"Linear",NA,NA,1,1,"Tail",1.07213309997844e-16,1.07213309997844e-16,0.0492,0.00305873699425106,0.0500000000000001,TRUE
50,"Linear",NA,NA,1,2,"Uniform",4.56700082322557e-17,4.56700082322557e-17,0,0,0.0500000000000001,TRUE
50,"Linear",NA,NA,1,2,"Central",-1.09855274925353e-19,-1.09855274925353e-19,0.0434,0.00288154264240528,0.0500000000000001,TRUE
50,"Linear",NA,NA,1,2,"Tail",1.07213309997844e-16,1.07213309997844e-16,0.0454,0.00294410733499986,0.0500000000000001,TRUE
50,"Linear",NA,NA,1,3,"Uniform",4.56700082322557e-17,4.56700082322557e-17,0,0,0.0500000000000001,TRUE
50,"Linear",NA,NA,1,3,"Central",-1.09855274925353e-19,-1.09855274925353e-19,0.0502,0.00308804015517933,0.0500000000000001,TRUE
50,"Linear",NA,NA,1,3,"Tail",1.07213309997844e-16,1.07213309997844e-16,0.0602,0.00336380617753164,0.0500000000000001,TRUE
50,"Linear",NA,NA,1,5,"Uniform",4.56700082322557e-17,4.56700082322557e-17,0,0,0.0500000000000001,TRUE
50,"Linear",NA,NA,1,5,"Central",-1.09855274925353e-19,-1.09855274925353e-19,0.0412,0.00281078494374792,0.0500000000000001,TRUE
50,"Linear",NA,NA,1,5,"Tail",1.07213309997844e-16,1.07213309997844e-16,0.0574,0.0032895361375124,0.0500000000000001,TRUE
50,"Linear",NA,NA,1,8,"Uniform",4.56700082322557e-17,4.56700082322557e-17,0,0,0.0500000000000001,TRUE
50,"Linear",NA,NA,1,8,"Central",-1.09855274925353e-19,-1.09855274925353e-19,0.0386,0.00272433624943765,0.0500000000000001,TRUE
50,"Linear",NA,NA,1,8,"Tail",1.07213309997844e-16,1.07213309997844e-16,0.0526,0.00315699984162179,0.0500000000000001,TRUE
50,"Linear",NA,NA,1.5,1,"Uniform",4.56700082322557e-17,6.85050123483836e-17,0,0,0.0500000000000001,TRUE
50,"Linear",NA,NA,1.5,1,"Central",-1.09855274925353e-19,-1.6478291238803e-19,0.0444,0.00291302729132427,0.0500000000000001,TRUE
50,"Linear",NA,NA,1.5,1,"Tail",1.07213309997844e-16,1.60819964996765e-16,0.0548,0.00321860093829602,0.0500000000000001,TRUE
50,"Linear",NA,NA,1.5,2,"Uniform",4.56700082322557e-17,6.85050123483836e-17,0,0,0.0500000000000001,TRUE
50,"Linear",NA,NA,1.5,2,"Central",-1.09855274925353e-19,-1.6478291238803e-19,0.0488,0.00304691844328003,0.0500000000000001,TRUE
50,"Linear",NA,NA,1.5,2,"Tail",1.07213309997844e-16,1.60819964996765e-16,0.0516,0.00312849612433834,0.0500000000000001,TRUE
50,"Linear",NA,NA,1.5,3,"Uniform",4.56700082322557e-17,6.85050123483836e-17,0,0,0.0500000000000001,TRUE
50,"Linear",NA,NA,1.5,3,"Central",-1.09855274925353e-19,-1.6478291238803e-19,0.0438,0.00289418589589542,0.0500000000000001,TRUE
50,"Linear",NA,NA,1.5,3,"Tail",1.07213309997844e-16,1.60819964996765e-16,0.0598,0.00335332551357604,0.0500000000000001,TRUE
50,"Linear",NA,NA,1.5,5,"Uniform",4.56700082322557e-17,6.85050123483836e-17,0,0,0.0500000000000001,TRUE
50,"Linear",NA,NA,1.5,5,"Central",-1.09855274925353e-19,-1.6478291238803e-19,0.0358,0.00262748396760094,0.0500000000000001,TRUE
50,"Linear",NA,NA,1.5,5,"Tail",1.07213309997844e-16,1.60819964996765e-16,0.0634,0.00344617004803884,0.0500000000000001,TRUE
50,"Linear",NA,NA,1.5,8,"Uniform",4.56700082322557e-17,6.85050123483836e-17,0,0,0.0500000000000001,TRUE
50,"Linear",NA,NA,1.5,8,"Central",-1.09855274925353e-19,-1.6478291238803e-19,0.0422,0.00284320804725929,0.0500000000000001,TRUE
50,"Linear",NA,NA,1.5,8,"Tail",1.07213309997844e-16,1.60819964996765e-16,0.0618,0.00340531232047811,0.0500000000000001,TRUE
50,"Linear",NA,NA,2,1,"Uniform",4.56700082322557e-17,9.13400164645114e-17,0,0,0.0500000000000001,TRUE
50,"Linear",NA,NA,2,1,"Central",-1.09855274925353e-19,-2.19710549850706e-19,0.0516,0.00312849612433834,0.0500000000000001,TRUE
50,"Linear",NA,NA,2,1,"Tail",1.07213309997844e-16,2.14426619995687e-16,0.0608,0.00337944847571316,0.0500000000000001,TRUE
50,"Linear",NA,NA,2,2,"Uniform",4.56700082322557e-17,9.13400164645114e-17,0,0,0.0500000000000001,TRUE
50,"Linear",NA,NA,2,2,"Central",-1.09855274925353e-19,-2.19710549850706e-19,0.0446,0.00291927525252416,0.0500000000000001,TRUE
50,"Linear",NA,NA,2,2,"Tail",1.07213309997844e-16,2.14426619995687e-16,0.0638,0.00345628586780665,0.0500000000000001,TRUE
50,"Linear",NA,NA,2,3,"Uniform",4.56700082322557e-17,9.13400164645114e-17,0,0,0.0500000000000001,TRUE
50,"Linear",NA,NA,2,3,"Central",-1.09855274925353e-19,-2.19710549850706e-19,0.043,0.00286883251515316,0.0500000000000001,TRUE
50,"Linear",NA,NA,2,3,"Tail",1.07213309997844e-16,2.14426619995687e-16,0.0702,0.00361308621541197,0.0500000000000001,TRUE
50,"Linear",NA,NA,2,5,"Uniform",4.56700082322557e-17,9.13400164645114e-17,0,0,0.0500000000000001,TRUE
50,"Linear",NA,NA,2,5,"Central",-1.09855274925353e-19,-2.19710549850706e-19,0.0398,0.00276463234445378,0.0500000000000001,TRUE
50,"Linear",NA,NA,2,5,"Tail",1.07213309997844e-16,2.14426619995687e-16,0.0614,0.00339499749631719,0.0500000000000001,TRUE
50,"Linear",NA,NA,2,8,"Uniform",4.56700082322557e-17,9.13400164645114e-17,0,0,0.0500000000000001,TRUE
50,"Linear",NA,NA,2,8,"Central",-1.09855274925353e-19,-2.19710549850706e-19,0.0338,0.0025556822963741,0.0500000000000001,TRUE
50,"Linear",NA,NA,2,8,"Tail",1.07213309997844e-16,2.14426619995687e-16,0.0684,0.00356991428468528,0.0500000000000001,TRUE
50,"Quadratic",NA,NA,0.5,1,"Uniform",0.000100000000000046,5.0000000000023e-05,0,0,0.0500000002863757,FALSE
50,"Quadratic",NA,NA,0.5,1,"Central",-0.182565066938613,-0.0912825334693063,0.0546,0.00321306209090332,0.0509550460167297,FALSE
50,"Quadratic",NA,NA,0.5,1,"Tail",0.298276554122463,0.149138277061231,0.042,0.00283675871374356,0.0525517956416884,FALSE
50,"Quadratic",NA,NA,0.5,2,"Uniform",0.000100000000000046,5.0000000000023e-05,0,0,0.0500000002863757,FALSE
50,"Quadratic",NA,NA,0.5,2,"Central",-0.182565066938613,-0.0912825334693063,0.0554,0.00323514574633045,0.0509550460167297,FALSE
50,"Quadratic",NA,NA,0.5,2,"Tail",0.298276554122463,0.149138277061231,0.0476,0.00301112072159188,0.0525517956416884,FALSE
50,"Quadratic",NA,NA,0.5,3,"Uniform",0.000100000000000046,5.0000000000023e-05,0,0,0.0500000002863757,FALSE
50,"Quadratic",NA,NA,0.5,3,"Central",-0.182565066938613,-0.0912825334693063,0.053,0.00316831185333767,0.0509550460167297,FALSE
50,"Quadratic",NA,NA,0.5,3,"Tail",0.298276554122463,0.149138277061231,0.0576,0.00329491244193226,0.0525517956416884,FALSE
50,"Quadratic",NA,NA,0.5,5,"Uniform",0.000100000000000046,5.0000000000023e-05,0,0,0.0500000002863757,FALSE
50,"Quadratic",NA,NA,0.5,5,"Central",-0.182565066938613,-0.0912825334693063,0.0504,0.00309385972532693,0.0509550460167297,FALSE
50,"Quadratic",NA,NA,0.5,5,"Tail",0.298276554122463,0.149138277061231,0.0572,0.00328414859590732,0.0525517956416884,FALSE
50,"Quadratic",NA,NA,0.5,8,"Uniform",0.000100000000000046,5.0000000000023e-05,0,0,0.0500000002863757,FALSE
50,"Quadratic",NA,NA,0.5,8,"Central",-0.182565066938613,-0.0912825334693063,0.0432,0.00287519599331941,0.0509550460167297,FALSE
50,"Quadratic",NA,NA,0.5,8,"Tail",0.298276554122463,0.149138277061231,0.058,0.00330563155841664,0.0525517956416884,FALSE
50,"Quadratic",NA,NA,1,1,"Uniform",0.000100000000000046,0.000100000000000046,0,0,0.0500000011455023,FALSE
50,"Quadratic",NA,NA,1,1,"Central",-0.182565066938613,-0.182565066938613,0.0598,0.00335332551357604,0.0538267811162567,FALSE
50,"Quadratic",NA,NA,1,1,"Tail",0.298276554122463,0.298276554122463,0.0352,0.00260618341641566,0.0602530649228937,FALSE
50,"Quadratic",NA,NA,1,2,"Uniform",0.000100000000000046,0.000100000000000046,0,0,0.0500000011455023,FALSE
50,"Quadratic",NA,NA,1,2,"Central",-0.182565066938613,-0.182565066938613,0.048,0.00302311098043059,0.0538267811162567,FALSE
50,"Quadratic",NA,NA,1,2,"Tail",0.298276554122463,0.298276554122463,0.0386,0.00272433624943765,0.0602530649228937,FALSE
50,"Quadratic",NA,NA,1,3,"Uniform",0.000100000000000046,0.000100000000000046,0,0,0.0500000011455023,FALSE
50,"Quadratic",NA,NA,1,3,"Central",-0.182565066938613,-0.182565066938613,0.0484,0.00303504332753257,0.0538267811162567,FALSE
50,"Quadratic",NA,NA,1,3,"Tail",0.298276554122463,0.298276554122463,0.0536,0.00318518570887162,0.0602530649228937,FALSE
50,"Quadratic",NA,NA,1,5,"Uniform",0.000100000000000046,0.000100000000000046,0,0,0.0500000011455023,FALSE
50,"Quadratic",NA,NA,1,5,"Central",-0.182565066938613,-0.182565066938613,0.048,0.00302311098043059,0.0538267811162567,FALSE
50,"Quadratic",NA,NA,1,5,"Tail",0.298276554122463,0.298276554122463,0.0688,0.00357956868910208,0.0602530649228937,FALSE
50,"Quadratic",NA,NA,1,8,"Uniform",0.000100000000000046,0.000100000000000046,0,0,0.0500000011455023,FALSE
50,"Quadratic",NA,NA,1,8,"Central",-0.182565066938613,-0.182565066938613,0.0422,0.00284320804725929,0.0538267811162567,FALSE
50,"Quadratic",NA,NA,1,8,"Tail",0.298276554122463,0.298276554122463,0.0708,0.00362732297982962,0.0602530649228937,FALSE
50,"Quadratic",NA,NA,1.5,1,"Uniform",0.000100000000000046,0.000150000000000069,0,0,0.0500000025773803,FALSE
50,"Quadratic",NA,NA,1.5,1,"Central",-0.182565066938613,-0.273847600407919,0.0668,0.00353094208392038,0.0586344289023913,FALSE
50,"Quadratic",NA,NA,1.5,1,"Tail",0.298276554122463,0.447414831183694,0.0296,0.00239682456596222,0.073230855938243,FALSE
50,"Quadratic",NA,NA,1.5,2,"Uniform",0.000100000000000046,0.000150000000000069,0,0,0.0500000025773803,FALSE
50,"Quadratic",NA,NA,1.5,2,"Central",-0.182565066938613,-0.273847600407919,0.0614,0.00339499749631719,0.0586344289023913,FALSE
50,"Quadratic",NA,NA,1.5,2,"Tail",0.298276554122463,0.447414831183694,0.0448,0.00292550713552369,0.073230855938243,FALSE
50,"Quadratic",NA,NA,1.5,3,"Uniform",0.000100000000000046,0.000150000000000069,0,0,0.0500000025773803,FALSE
50,"Quadratic",NA,NA,1.5,3,"Central",-0.182565066938613,-0.273847600407919,0.057,0.00327874976172321,0.0586344289023913,FALSE
50,"Quadratic",NA,NA,1.5,3,"Tail",0.298276554122463,0.447414831183694,0.0578,0.00330027756408457,0.073230855938243,FALSE
50,"Quadratic",NA,NA,1.5,5,"Uniform",0.000100000000000046,0.000150000000000069,0,0,0.0500000025773803,FALSE
50,"Quadratic",NA,NA,1.5,5,"Central",-0.182565066938613,-0.273847600407919,0.0364,0.00264858603787002,0.0586344289023913,FALSE
50,"Quadratic",NA,NA,1.5,5,"Tail",0.298276554122463,0.447414831183694,0.0744,0.0037111895667023,0.073230855938243,FALSE
50,"Quadratic",NA,NA,1.5,8,"Uniform",0.000100000000000046,0.000150000000000069,0,0,0.0500000025773803,FALSE
50,"Quadratic",NA,NA,1.5,8,"Central",-0.182565066938613,-0.273847600407919,0.0328,0.00251889499582654,0.0586344289023913,FALSE
50,"Quadratic",NA,NA,1.5,8,"Tail",0.298276554122463,0.447414831183694,0.086,0.00396494640569075,0.073230855938243,FALSE
50,"Quadratic",NA,NA,2,1,"Uniform",0.000100000000000046,0.000200000000000092,0,0,0.0500000045820093,FALSE
50,"Quadratic",NA,NA,2,1,"Central",-0.182565066938613,-0.365130133877225,0.0748,0.00372034837078465,0.0654081616143587,FALSE
50,"Quadratic",NA,NA,2,1,"Tail",0.298276554122463,0.596553108244926,0.027,0.00229220417938717,0.091662821447148,FALSE
50,"Quadratic",NA,NA,2,2,"Uniform",0.000100000000000046,0.000200000000000092,0,0,0.0500000045820093,FALSE
50,"Quadratic",NA,NA,2,2,"Central",-0.182565066938613,-0.365130133877225,0.0672,0.00354073890593475,0.0654081616143587,FALSE
50,"Quadratic",NA,NA,2,2,"Tail",0.298276554122463,0.596553108244926,0.0374,0.00268332778467335,0.091662821447148,FALSE
50,"Quadratic",NA,NA,2,3,"Uniform",0.000100000000000046,0.000200000000000092,0,0,0.0500000045820093,FALSE
50,"Quadratic",NA,NA,2,3,"Central",-0.182565066938613,-0.365130133877225,0.0584,0.00331630637909105,0.0654081616143587,FALSE
50,"Quadratic",NA,NA,2,3,"Tail",0.298276554122463,0.596553108244926,0.0574,0.0032895361375124,0.091662821447148,FALSE
50,"Quadratic",NA,NA,2,5,"Uniform",0.000100000000000046,0.000200000000000092,0,0,0.0500000045820093,FALSE
50,"Quadratic",NA,NA,2,5,"Central",-0.182565066938613,-0.365130133877225,0.0428,0.00286245209566903,0.0654081616143587,FALSE
50,"Quadratic",NA,NA,2,5,"Tail",0.298276554122463,0.596553108244926,0.0858,0.00396076659246667,0.091662821447148,FALSE
50,"Quadratic",NA,NA,2,8,"Uniform",0.000100000000000046,0.000200000000000092,0,0,0.0500000045820093,FALSE
50,"Quadratic",NA,NA,2,8,"Central",-0.182565066938613,-0.365130133877225,0.0314,0.00246633493264804,0.0654081616143587,FALSE
50,"Quadratic",NA,NA,2,8,"Tail",0.298276554122463,0.596553108244926,0.1064,0.0043607118684912,0.091662821447148,FALSE
50,"Oscillatory",NA,NA,0.5,1,"Uniform",-7.53954689429551e-19,-3.76977344714775e-19,0,0,0.0500000000000001,TRUE
50,"Oscillatory",NA,NA,0.5,1,"Central",3.47782333417008e-17,1.73891166708504e-17,0.057,0.00327874976172321,0.0500000000000001,TRUE
50,"Oscillatory",NA,NA,0.5,1,"Tail",-5.61365292553813e-17,-2.80682646276906e-17,0.048,0.00302311098043059,0.0500000000000001,TRUE
50,"Oscillatory",NA,NA,0.5,2,"Uniform",-7.53954689429551e-19,-3.76977344714775e-19,0,0,0.0500000000000001,TRUE
50,"Oscillatory",NA,NA,0.5,2,"Central",3.47782333417008e-17,1.73891166708504e-17,0.0532,0.00317394895989208,0.0500000000000001,TRUE
50,"Oscillatory",NA,NA,0.5,2,"Tail",-5.61365292553813e-17,-2.80682646276906e-17,0.0466,0.00298088711627931,0.0500000000000001,TRUE
50,"Oscillatory",NA,NA,0.5,3,"Uniform",-7.53954689429551e-19,-3.76977344714775e-19,0,0,0.0500000000000001,TRUE
50,"Oscillatory",NA,NA,0.5,3,"Central",3.47782333417008e-17,1.73891166708504e-17,0.0496,0.00307049963361014,0.0500000000000001,TRUE
50,"Oscillatory",NA,NA,0.5,3,"Tail",-5.61365292553813e-17,-2.80682646276906e-17,0.0498,0.00307636018697421,0.0500000000000001,TRUE
50,"Oscillatory",NA,NA,0.5,5,"Uniform",-7.53954689429551e-19,-3.76977344714775e-19,0,0,0.0500000000000001,TRUE
50,"Oscillatory",NA,NA,0.5,5,"Central",3.47782333417008e-17,1.73891166708504e-17,0.0434,0.00288154264240528,0.0500000000000001,TRUE
50,"Oscillatory",NA,NA,0.5,5,"Tail",-5.61365292553813e-17,-2.80682646276906e-17,0.0508,0.00310545842026584,0.0500000000000001,TRUE
50,"Oscillatory",NA,NA,0.5,8,"Uniform",-7.53954689429551e-19,-3.76977344714775e-19,0,0,0.0500000000000001,TRUE
50,"Oscillatory",NA,NA,0.5,8,"Central",3.47782333417008e-17,1.73891166708504e-17,0.0438,0.00289418589589542,0.0500000000000001,TRUE
50,"Oscillatory",NA,NA,0.5,8,"Tail",-5.61365292553813e-17,-2.80682646276906e-17,0.042,0.00283675871374356,0.0500000000000001,TRUE
50,"Oscillatory",NA,NA,1,1,"Uniform",-7.53954689429551e-19,-7.53954689429551e-19,0,0,0.0500000000000001,TRUE
50,"Oscillatory",NA,NA,1,1,"Central",3.47782333417008e-17,3.47782333417008e-17,0.0492,0.00305873699425106,0.0500000000000001,TRUE
50,"Oscillatory",NA,NA,1,1,"Tail",-5.61365292553813e-17,-5.61365292553813e-17,0.047,0.00299302522541993,0.0500000000000001,TRUE
50,"Oscillatory",NA,NA,1,2,"Uniform",-7.53954689429551e-19,-7.53954689429551e-19,0,0,0.0500000000000001,TRUE
50,"Oscillatory",NA,NA,1,2,"Central",3.47782333417008e-17,3.47782333417008e-17,0.046,0.00296256645495084,0.0500000000000001,TRUE
50,"Oscillatory",NA,NA,1,2,"Tail",-5.61365292553813e-17,-5.61365292553813e-17,0.0424,0.00284963997726029,0.0500000000000001,TRUE
50,"Oscillatory",NA,NA,1,3,"Uniform",-7.53954689429551e-19,-7.53954689429551e-19,0,0,0.0500000000000001,TRUE
50,"Oscillatory",NA,NA,1,3,"Central",3.47782333417008e-17,3.47782333417008e-17,0.0508,0.00310545842026584,0.0500000000000001,TRUE
50,"Oscillatory",NA,NA,1,3,"Tail",-5.61365292553813e-17,-5.61365292553813e-17,0.051,0.00311123769583746,0.0500000000000001,TRUE
50,"Oscillatory",NA,NA,1,5,"Uniform",-7.53954689429551e-19,-7.53954689429551e-19,0,0,0.0500000000000001,TRUE
50,"Oscillatory",NA,NA,1,5,"Central",3.47782333417008e-17,3.47782333417008e-17,0.0452,0.00293792307591605,0.0500000000000001,TRUE
50,"Oscillatory",NA,NA,1,5,"Tail",-5.61365292553813e-17,-5.61365292553813e-17,0.0506,0.00309966578843591,0.0500000000000001,TRUE
50,"Oscillatory",NA,NA,1,8,"Uniform",-7.53954689429551e-19,-7.53954689429551e-19,0,0,0.0500000000000001,TRUE
50,"Oscillatory",NA,NA,1,8,"Central",3.47782333417008e-17,3.47782333417008e-17,0.0458,0.00295642892693195,0.0500000000000001,TRUE
50,"Oscillatory",NA,NA,1,8,"Tail",-5.61365292553813e-17,-5.61365292553813e-17,0.0444,0.00291302729132427,0.0500000000000001,TRUE
50,"Oscillatory",NA,NA,1.5,1,"Uniform",-7.53954689429551e-19,-1.13093203414433e-18,0,0,0.0500000000000001,TRUE
50,"Oscillatory",NA,NA,1.5,1,"Central",3.47782333417008e-17,5.21673500125512e-17,0.0544,0.0032075111847038,0.0500000000000001,TRUE
50,"Oscillatory",NA,NA,1.5,1,"Tail",-5.61365292553813e-17,-8.42047938830719e-17,0.0452,0.00293792307591605,0.0500000000000001,TRUE
50,"Oscillatory",NA,NA,1.5,2,"Uniform",-7.53954689429551e-19,-1.13093203414433e-18,0,0,0.0500000000000001,TRUE
50,"Oscillatory",NA,NA,1.5,2,"Central",3.47782333417008e-17,5.21673500125512e-17,0.0504,0.00309385972532693,0.0500000000000001,TRUE
50,"Oscillatory",NA,NA,1.5,2,"Tail",-5.61365292553813e-17,-8.42047938830719e-17,0.0416,0.00282380735886852,0.0500000000000001,TRUE
50,"Oscillatory",NA,NA,1.5,3,"Uniform",-7.53954689429551e-19,-1.13093203414433e-18,0,0,0.0500000000000001,TRUE
50,"Oscillatory",NA,NA,1.5,3,"Central",3.47782333417008e-17,5.21673500125512e-17,0.0532,0.00317394895989208,0.0500000000000001,TRUE
50,"Oscillatory",NA,NA,1.5,3,"Tail",-5.61365292553813e-17,-8.42047938830719e-17,0.0516,0.00312849612433834,0.0500000000000001,TRUE
50,"Oscillatory",NA,NA,1.5,5,"Uniform",-7.53954689429551e-19,-1.13093203414433e-18,0,0,0.0500000000000001,TRUE
50,"Oscillatory",NA,NA,1.5,5,"Central",3.47782333417008e-17,5.21673500125512e-17,0.0444,0.00291302729132427,0.0500000000000001,TRUE
50,"Oscillatory",NA,NA,1.5,5,"Tail",-5.61365292553813e-17,-8.42047938830719e-17,0.0476,0.00301112072159188,0.0500000000000001,TRUE
50,"Oscillatory",NA,NA,1.5,8,"Uniform",-7.53954689429551e-19,-1.13093203414433e-18,0,0,0.0500000000000001,TRUE
50,"Oscillatory",NA,NA,1.5,8,"Central",3.47782333417008e-17,5.21673500125512e-17,0.0386,0.00272433624943765,0.0500000000000001,TRUE
50,"Oscillatory",NA,NA,1.5,8,"Tail",-5.61365292553813e-17,-8.42047938830719e-17,0.0404,0.00278452293939195,0.0500000000000001,TRUE
50,"Oscillatory",NA,NA,2,1,"Uniform",-7.53954689429551e-19,-1.5079093788591e-18,0,0,0.0500000000000001,TRUE
50,"Oscillatory",NA,NA,2,1,"Central",3.47782333417008e-17,6.95564666834016e-17,0.0534,0.00317957355631223,0.0500000000000001,TRUE
50,"Oscillatory",NA,NA,2,1,"Tail",-5.61365292553813e-17,-1.12273058510763e-16,0.0444,0.00291302729132427,0.0500000000000001,TRUE
50,"Oscillatory",NA,NA,2,2,"Uniform",-7.53954689429551e-19,-1.5079093788591e-18,0,0,0.0500000000000001,TRUE
50,"Oscillatory",NA,NA,2,2,"Central",3.47782333417008e-17,6.95564666834016e-17,0.05,0.00308220700148449,0.0500000000000001,TRUE
50,"Oscillatory",NA,NA,2,2,"Tail",-5.61365292553813e-17,-1.12273058510763e-16,0.049,0.00305283474822991,0.0500000000000001,TRUE
50,"Oscillatory",NA,NA,2,3,"Uniform",-7.53954689429551e-19,-1.5079093788591e-18,0,0,0.0500000000000001,TRUE
50,"Oscillatory",NA,NA,2,3,"Central",3.47782333417008e-17,6.95564666834016e-17,0.0536,0.00318518570887162,0.0500000000000001,TRUE
50,"Oscillatory",NA,NA,2,3,"Tail",-5.61365292553813e-17,-1.12273058510763e-16,0.0454,0.00294410733499986,0.0500000000000001,TRUE
50,"Oscillatory",NA,NA,2,5,"Uniform",-7.53954689429551e-19,-1.5079093788591e-18,0,0,0.0500000000000001,TRUE
50,"Oscillatory",NA,NA,2,5,"Central",3.47782333417008e-17,6.95564666834016e-17,0.047,0.00299302522541993,0.0500000000000001,TRUE
50,"Oscillatory",NA,NA,2,5,"Tail",-5.61365292553813e-17,-1.12273058510763e-16,0.0438,0.00289418589589542,0.0500000000000001,TRUE
50,"Oscillatory",NA,NA,2,8,"Uniform",-7.53954689429551e-19,-1.5079093788591e-18,0,0,0.0500000000000001,TRUE
50,"Oscillatory",NA,NA,2,8,"Central",3.47782333417008e-17,6.95564666834016e-17,0.039,0.00273784586856163,0.0500000000000001,TRUE
50,"Oscillatory",NA,NA,2,8,"Tail",-5.61365292553813e-17,-1.12273058510763e-16,0.0402,0.00277791144567281,0.0500000000000001,TRUE
50,"Localized",0.25,0.05,0.5,1,"Uniform",-1.25316985885515e-05,-6.26584929427577e-06,0,0,0.0500000000044974,FALSE
50,"Localized",0.25,0.05,0.5,1,"Central",0.0125846610430436,0.00629233052152178,0.0488,0.00304691844328003,0.0500045354484228,FALSE
50,"Localized",0.25,0.05,0.5,1,"Tail",-0.0205735451293947,-0.0102867725646973,0.0522,0.00314563697841947,0.0500121215308438,FALSE
50,"Localized",0.25,0.05,0.5,2,"Uniform",-1.25316985885515e-05,-6.26584929427577e-06,0,0,0.0500000000044974,FALSE
50,"Localized",0.25,0.05,0.5,2,"Central",0.0125846610430436,0.00629233052152178,0.048,0.00302311098043059,0.0500045354484228,FALSE
50,"Localized",0.25,0.05,0.5,2,"Tail",-0.0205735451293947,-0.0102867725646973,0.0524,0.00315132480077824,0.0500121215308438,FALSE
50,"Localized",0.25,0.05,0.5,3,"Uniform",-1.25316985885515e-05,-6.26584929427577e-06,0,0,0.0500000000044974,FALSE
50,"Localized",0.25,0.05,0.5,3,"Central",0.0125846610430436,0.00629233052152178,0.0516,0.00312849612433834,0.0500045354484228,FALSE
50,"Localized",0.25,0.05,0.5,3,"Tail",-0.0205735451293947,-0.0102867725646973,0.0532,0.00317394895989208,0.0500121215308438,FALSE
50,"Localized",0.25,0.05,0.5,5,"Uniform",-1.25316985885515e-05,-6.26584929427577e-06,0,0,0.0500000000044974,FALSE
50,"Localized",0.25,0.05,0.5,5,"Central",0.0125846610430436,0.00629233052152178,0.0472,0.00299907185642492,0.0500045354484228,FALSE
50,"Localized",0.25,0.05,0.5,5,"Tail",-0.0205735451293947,-0.0102867725646973,0.0498,0.00307636018697421,0.0500121215308438,FALSE
50,"Localized",0.25,0.05,0.5,8,"Uniform",-1.25316985885515e-05,-6.26584929427577e-06,0,0,0.0500000000044974,FALSE
50,"Localized",0.25,0.05,0.5,8,"Central",0.0125846610430436,0.00629233052152178,0.0422,0.00284320804725929,0.0500045354484228,FALSE
50,"Localized",0.25,0.05,0.5,8,"Tail",-0.0205735451293947,-0.0102867725646973,0.0496,0.00307049963361014,0.0500121215308438,FALSE
50,"Localized",0.25,0.05,1,1,"Uniform",-1.25316985885515e-05,-1.25316985885515e-05,0,0,0.0500000000179894,FALSE
50,"Localized",0.25,0.05,1,1,"Central",0.0125846610430436,0.0125846610430436,0.0504,0.00309385972532693,0.0500181419447845,FALSE
50,"Localized",0.25,0.05,1,1,"Tail",-0.0205735451293947,-0.0205735451293947,0.0496,0.00307049963361014,0.0500484872024868,FALSE
50,"Localized",0.25,0.05,1,2,"Uniform",-1.25316985885515e-05,-1.25316985885515e-05,0,0,0.0500000000179894,FALSE
50,"Localized",0.25,0.05,1,2,"Central",0.0125846610430436,0.0125846610430436,0.0564,0.00326248494249399,0.0500181419447845,FALSE
50,"Localized",0.25,0.05,1,2,"Tail",-0.0205735451293947,-0.0205735451293947,0.0484,0.00303504332753257,0.0500484872024868,FALSE
50,"Localized",0.25,0.05,1,3,"Uniform",-1.25316985885515e-05,-1.25316985885515e-05,0,0,0.0500000000179894,FALSE
50,"Localized",0.25,0.05,1,3,"Central",0.0125846610430436,0.0125846610430436,0.0504,0.00309385972532693,0.0500181419447845,FALSE
50,"Localized",0.25,0.05,1,3,"Tail",-0.0205735451293947,-0.0205735451293947,0.0488,0.00304691844328003,0.0500484872024868,FALSE
50,"Localized",0.25,0.05,1,5,"Uniform",-1.25316985885515e-05,-1.25316985885515e-05,0,0,0.0500000000179894,FALSE
50,"Localized",0.25,0.05,1,5,"Central",0.0125846610430436,0.0125846610430436,0.0436,0.00288787257336608,0.0500181419447845,FALSE
50,"Localized",0.25,0.05,1,5,"Tail",-0.0205735451293947,-0.0205735451293947,0.0456,0.00295027591929975,0.0500484872024868,FALSE
50,"Localized",0.25,0.05,1,8,"Uniform",-1.25316985885515e-05,-1.25316985885515e-05,0,0,0.0500000000179894,FALSE
50,"Localized",0.25,0.05,1,8,"Central",0.0125846610430436,0.0125846610430436,0.0516,0.00312849612433834,0.0500181419447845,FALSE
50,"Localized",0.25,0.05,1,8,"Tail",-0.0205735451293947,-0.0205735451293947,0.0442,0.00290676314824583,0.0500484872024868,FALSE
50,"Localized",0.25,0.05,1.5,1,"Uniform",-1.25316985885515e-05,-1.87975478828273e-05,0,0,0.0500000000404762,FALSE
50,"Localized",0.25,0.05,1.5,1,"Central",0.0125846610430436,0.0188769915645653,0.0566,0.00326791799162709,0.0500408199423036,FALSE
50,"Localized",0.25,0.05,1.5,1,"Tail",-0.0205735451293947,-0.030860317694092,0.0462,0.00296868859936505,0.0501091002510909,FALSE
50,"Localized",0.25,0.05,1.5,2,"Uniform",-1.25316985885515e-05,-1.87975478828273e-05,0,0,0.0500000000404762,FALSE
50,"Localized",0.25,0.05,1.5,2,"Central",0.0125846610430436,0.0188769915645653,0.0562,0.00325704037432759,0.0500408199423036,FALSE
50,"Localized",0.25,0.05,1.5,2,"Tail",-0.0205735451293947,-0.030860317694092,0.0454,0.00294410733499986,0.0501091002510909,FALSE
50,"Localized",0.25,0.05,1.5,3,"Uniform",-1.25316985885515e-05,-1.87975478828273e-05,0,0,0.0500000000404762,FALSE
50,"Localized",0.25,0.05,1.5,3,"Central",0.0125846610430436,0.0188769915645653,0.0642,0.00346636293541227,0.0500408199423036,FALSE
50,"Localized",0.25,0.05,1.5,3,"Tail",-0.0205735451293947,-0.030860317694092,0.0522,0.00314563697841947,0.0501091002510909,FALSE
50,"Localized",0.25,0.05,1.5,5,"Uniform",-1.25316985885515e-05,-1.87975478828273e-05,0,0,0.0500000000404762,FALSE
50,"Localized",0.25,0.05,1.5,5,"Central",0.0125846610430436,0.0188769915645653,0.0534,0.00317957355631223,0.0500408199423036,FALSE
50,"Localized",0.25,0.05,1.5,5,"Tail",-0.0205735451293947,-0.030860317694092,0.0416,0.00282380735886852,0.0501091002510909,FALSE
50,"Localized",0.25,0.05,1.5,8,"Uniform",-1.25316985885515e-05,-1.87975478828273e-05,0,0,0.0500000000404762,FALSE
50,"Localized",0.25,0.05,1.5,8,"Central",0.0125846610430436,0.0188769915645653,0.051,0.00311123769583746,0.0500408199423036,FALSE
50,"Localized",0.25,0.05,1.5,8,"Tail",-0.0205735451293947,-0.030860317694092,0.0388,0.00273110087693589,0.0501091002510909,FALSE
50,"Localized",0.25,0.05,2,1,"Uniform",-1.25316985885515e-05,-2.50633971771031e-05,0,0,0.0500000000719575,FALSE
50,"Localized",0.25,0.05,2,1,"Central",0.0125846610430436,0.0251693220860871,0.058,0.00330563155841664,0.0500725701961394,FALSE
50,"Localized",0.25,0.05,2,1,"Tail",-0.0205735451293947,-0.0411470902587893,0.0482,0.00302908435009658,0.0501939660663426,FALSE
50,"Localized",0.25,0.05,2,2,"Uniform",-1.25316985885515e-05,-2.50633971771031e-05,0,0,0.0500000000719575,FALSE
50,"Localized",0.25,0.05,2,2,"Central",0.0125846610430436,0.0251693220860871,0.0598,0.00335332551357604,0.0500725701961394,FALSE
50,"Localized",0.25,0.05,2,2,"Tail",-0.0205735451293947,-0.0411470902587893,0.0526,0.00315699984162179,0.0501939660663426,FALSE
50,"Localized",0.25,0.05,2,3,"Uniform",-1.25316985885515e-05,-2.50633971771031e-05,0,0,0.0500000000719575,FALSE
50,"Localized",0.25,0.05,2,3,"Central",0.0125846610430436,0.0251693220860871,0.06,0.00335857112474933,0.0500725701961394,FALSE
50,"Localized",0.25,0.05,2,3,"Tail",-0.0205735451293947,-0.0411470902587893,0.0478,0.00301712313305241,0.0501939660663426,FALSE
50,"Localized",0.25,0.05,2,5,"Uniform",-1.25316985885515e-05,-2.50633971771031e-05,0,0,0.0500000000719575,FALSE
50,"Localized",0.25,0.05,2,5,"Central",0.0125846610430436,0.0251693220860871,0.0594,0.00334280241713446,0.0500725701961394,FALSE
50,"Localized",0.25,0.05,2,5,"Tail",-0.0205735451293947,-0.0411470902587893,0.0428,0.00286245209566903,0.0501939660663426,FALSE
50,"Localized",0.25,0.05,2,8,"Uniform",-1.25316985885515e-05,-2.50633971771031e-05,0,0,0.0500000000719575,FALSE
50,"Localized",0.25,0.05,2,8,"Central",0.0125846610430436,0.0251693220860871,0.0474,0.00300510365877785,0.0500725701961394,FALSE
50,"Localized",0.25,0.05,2,8,"Tail",-0.0205735451293947,-0.0411470902587893,0.036,0.00263453980801202,0.0501939660663426,FALSE
50,"Localized",0.25,0.1,0.5,1,"Uniform",-2.27124269483238e-05,-1.13562134741619e-05,0,0,0.0500000000147728,FALSE
50,"Localized",0.25,0.1,0.5,1,"Central",0.0165851897439836,0.00829259487199178,0.0478,0.00301712313305241,0.0500078773286388,FALSE
50,"Localized",0.25,0.1,0.5,1,"Tail",-0.0271275085762083,-0.0135637542881041,0.0462,0.00296868859936505,0.05002107470007,FALSE
50,"Localized",0.25,0.1,0.5,2,"Uniform",-2.27124269483238e-05,-1.13562134741619e-05,0,0,0.0500000000147728,FALSE
50,"Localized",0.25,0.1,0.5,2,"Central",0.0165851897439836,0.00829259487199178,0.0524,0.00315132480077824,0.0500078773286388,FALSE
50,"Localized",0.25,0.1,0.5,2,"Tail",-0.0271275085762083,-0.0135637542881041,0.05,0.00308220700148449,0.05002107470007,FALSE
50,"Localized",0.25,0.1,0.5,3,"Uniform",-2.27124269483238e-05,-1.13562134741619e-05,0,0,0.0500000000147728,FALSE
50,"Localized",0.25,0.1,0.5,3,"Central",0.0165851897439836,0.00829259487199178,0.0586,0.00332162731202644,0.0500078773286388,FALSE
50,"Localized",0.25,0.1,0.5,3,"Tail",-0.0271275085762083,-0.0135637542881041,0.0508,0.00310545842026584,0.05002107470007,FALSE
50,"Localized",0.25,0.1,0.5,5,"Uniform",-2.27124269483238e-05,-1.13562134741619e-05,0,0,0.0500000000147728,FALSE
50,"Localized",0.25,0.1,0.5,5,"Central",0.0165851897439836,0.00829259487199178,0.0472,0.00299907185642492,0.0500078773286388,FALSE
50,"Localized",0.25,0.1,0.5,5,"Tail",-0.0271275085762083,-0.0135637542881041,0.0464,0.00297479545515318,0.05002107470007,FALSE
50,"Localized",0.25,0.1,0.5,8,"Uniform",-2.27124269483238e-05,-1.13562134741619e-05,0,0,0.0500000000147728,FALSE
50,"Localized",0.25,0.1,0.5,8,"Central",0.0165851897439836,0.00829259487199178,0.0474,0.00300510365877785,0.0500078773286388,FALSE
50,"Localized",0.25,0.1,0.5,8,"Tail",-0.0271275085762083,-0.0135637542881041,0.046,0.00296256645495084,0.05002107470007,FALSE
50,"Localized",0.25,0.1,1,1,"Uniform",-2.27124269483238e-05,-2.27124269483238e-05,0,0,0.0500000000590913,FALSE
50,"Localized",0.25,0.1,1,1,"Central",0.0165851897439836,0.0165851897439836,0.0588,0.00332693733033852,0.0500315097703187,FALSE
50,"Localized",0.25,0.1,1,1,"Tail",-0.0271275085762083,-0.0271275085762083,0.0502,0.00308804015517933,0.0500843020617354,FALSE
50,"Localized",0.25,0.1,1,2,"Uniform",-2.27124269483238e-05,-2.27124269483238e-05,0,0,0.0500000000590913,FALSE
50,"Localized",0.25,0.1,1,2,"Central",0.0165851897439836,0.0165851897439836,0.0546,0.00321306209090332,0.0500315097703187,FALSE
50,"Localized",0.25,0.1,1,2,"Tail",-0.0271275085762083,-0.0271275085762083,0.0394,0.00275127752144345,0.0500843020617354,FALSE
50,"Localized",0.25,0.1,1,3,"Uniform",-2.27124269483238e-05,-2.27124269483238e-05,0,0,0.0500000000590913,FALSE
50,"Localized",0.25,0.1,1,3,"Central",0.0165851897439836,0.0165851897439836,0.0542,0.00320194815698193,0.0500315097703187,FALSE
50,"Localized",0.25,0.1,1,3,"Tail",-0.0271275085762083,-0.0271275085762083,0.0508,0.00310545842026584,0.0500843020617354,FALSE
50,"Localized",0.25,0.1,1,5,"Uniform",-2.27124269483238e-05,-2.27124269483238e-05,0,0,0.0500000000590913,FALSE
50,"Localized",0.25,0.1,1,5,"Central",0.0165851897439836,0.0165851897439836,0.052,0.00313993630508646,0.0500315097703187,FALSE
50,"Localized",0.25,0.1,1,5,"Tail",-0.0271275085762083,-0.0271275085762083,0.0496,0.00307049963361014,0.0500843020617354,FALSE
50,"Localized",0.25,0.1,1,8,"Uniform",-2.27124269483238e-05,-2.27124269483238e-05,0,0,0.0500000000590913,FALSE
50,"Localized",0.25,0.1,1,8,"Central",0.0165851897439836,0.0165851897439836,0.0492,0.00305873699425106,0.0500315097703187,FALSE
50,"Localized",0.25,0.1,1,8,"Tail",-0.0271275085762083,-0.0271275085762083,0.0392,0.0027445713690848,0.0500843020617354,FALSE
50,"Localized",0.25,0.1,1.5,1,"Uniform",-2.27124269483238e-05,-3.40686404224857e-05,0,0,0.0500000001329553,FALSE
50,"Localized",0.25,0.1,1.5,1,"Central",0.0165851897439836,0.0248777846159753,0.0508,0.00310545842026584,0.0500708986920069,FALSE
50,"Localized",0.25,0.1,1.5,1,"Tail",-0.0271275085762083,-0.0406912628643124,0.0518,0.0031342227106573,0.0501896918631887,FALSE
50,"Localized",0.25,0.1,1.5,2,"Uniform",-2.27124269483238e-05,-3.40686404224857e-05,0,0,0.0500000001329553,FALSE
50,"Localized",0.25,0.1,1.5,2,"Central",0.0165851897439836,0.0248777846159753,0.0564,0.00326248494249399,0.0500708986920069,FALSE
50,"Localized",0.25,0.1,1.5,2,"Tail",-0.0271275085762083,-0.0406912628643124,0.0434,0.00288154264240528,0.0501896918631887,FALSE
50,"Localized",0.25,0.1,1.5,3,"Uniform",-2.27124269483238e-05,-3.40686404224857e-05,0,0,0.0500000001329553,FALSE
50,"Localized",0.25,0.1,1.5,3,"Central",0.0165851897439836,0.0248777846159753,0.0596,0.00334806929438445,0.0500708986920069,FALSE
50,"Localized",0.25,0.1,1.5,3,"Tail",-0.0271275085762083,-0.0406912628643124,0.0462,0.00296868859936505,0.0501896918631887,FALSE
50,"Localized",0.25,0.1,1.5,5,"Uniform",-2.27124269483238e-05,-3.40686404224857e-05,0,0,0.0500000001329553,FALSE
50,"Localized",0.25,0.1,1.5,5,"Central",0.0165851897439836,0.0248777846159753,0.058,0.00330563155841664,0.0500708986920069,FALSE
50,"Localized",0.25,0.1,1.5,5,"Tail",-0.0271275085762083,-0.0406912628643124,0.0372,0.00267642149146953,0.0501896918631887,FALSE
50,"Localized",0.25,0.1,1.5,8,"Uniform",-2.27124269483238e-05,-3.40686404224857e-05,0,0,0.0500000001329553,FALSE
50,"Localized",0.25,0.1,1.5,8,"Central",0.0165851897439836,0.0248777846159753,0.0468,0.00298696367570816,0.0500708986920069,FALSE
50,"Localized",0.25,0.1,1.5,8,"Tail",-0.0271275085762083,-0.0406912628643124,0.0364,0.00264858603787002,0.0501896918631887,FALSE
50,"Localized",0.25,0.1,2,1,"Uniform",-2.27124269483238e-05,-4.54248538966477e-05,0,0,0.050000000236365,FALSE
50,"Localized",0.25,0.1,2,1,"Central",0.0165851897439836,0.0331703794879671,0.0664,0.00352110891623647,0.0501260463709084,FALSE
50,"Localized",0.25,0.1,2,1,"Tail",-0.0271275085762083,-0.0542550171524165,0.0494,0.0030646252625729,0.0503372603808433,FALSE
50,"Localized",0.25,0.1,2,2,"Uniform",-2.27124269483238e-05,-4.54248538966477e-05,0,0,0.050000000236365,FALSE
50,"Localized",0.25,0.1,2,2,"Central",0.0165851897439836,0.0331703794879671,0.0632,0.00344109749934523,0.0501260463709084,FALSE
50,"Localized",0.25,0.1,2,2,"Tail",-0.0271275085762083,-0.0542550171524165,0.0466,0.00298088711627931,0.0503372603808433,FALSE
50,"Localized",0.25,0.1,2,3,"Uniform",-2.27124269483238e-05,-4.54248538966477e-05,0,0,0.050000000236365,FALSE
50,"Localized",0.25,0.1,2,3,"Central",0.0165851897439836,0.0331703794879671,0.0602,0.00336380617753164,0.0501260463709084,FALSE
50,"Localized",0.25,0.1,2,3,"Tail",-0.0271275085762083,-0.0542550171524165,0.0494,0.0030646252625729,0.0503372603808433,FALSE
50,"Localized",0.25,0.1,2,5,"Uniform",-2.27124269483238e-05,-4.54248538966477e-05,0,0,0.050000000236365,FALSE
50,"Localized",0.25,0.1,2,5,"Central",0.0165851897439836,0.0331703794879671,0.0558,0.00324611644892786,0.0501260463709084,FALSE
50,"Localized",0.25,0.1,2,5,"Tail",-0.0271275085762083,-0.0542550171524165,0.0368,0.00266254614983478,0.0503372603808433,FALSE
50,"Localized",0.25,0.1,2,8,"Uniform",-2.27124269483238e-05,-4.54248538966477e-05,0,0,0.050000000236365,FALSE
50,"Localized",0.25,0.1,2,8,"Central",0.0165851897439836,0.0331703794879671,0.0554,0.00323514574633045,0.0501260463709084,FALSE
50,"Localized",0.25,0.1,2,8,"Tail",-0.0271275085762083,-0.0542550171524165,0.0336,0.00254837359898426,0.0503372603808433,FALSE
50,"Localized",0.25,0.2,0.5,1,"Uniform",-2.18959880655235e-05,-1.09479940327618e-05,0,0,0.0500000000137299,FALSE
50,"Localized",0.25,0.2,0.5,1,"Central",0.0282123738839925,0.0141061869419963,0.0468,0.00298696367570816,0.0500227940397899,FALSE
50,"Localized",0.25,0.2,0.5,1,"Tail",-0.0461080498894961,-0.023054024944748,0.0504,0.00309385972532693,0.0500608843498128,FALSE
50,"Localized",0.25,0.2,0.5,2,"Uniform",-2.18959880655235e-05,-1.09479940327618e-05,0,0,0.0500000000137299,FALSE
50,"Localized",0.25,0.2,0.5,2,"Central",0.0282123738839925,0.0141061869419963,0.0448,0.00292550713552369,0.0500227940397899,FALSE
50,"Localized",0.25,0.2,0.5,2,"Tail",-0.0461080498894961,-0.023054024944748,0.049,0.00305283474822991,0.0500608843498128,FALSE
50,"Localized",0.25,0.2,0.5,3,"Uniform",-2.18959880655235e-05,-1.09479940327618e-05,0,0,0.0500000000137299,FALSE
50,"Localized",0.25,0.2,0.5,3,"Central",0.0282123738839925,0.0141061869419963,0.0562,0.00325704037432759,0.0500227940397899,FALSE
50,"Localized",0.25,0.2,0.5,3,"Tail",-0.0461080498894961,-0.023054024944748,0.0482,0.00302908435009658,0.0500608843498128,FALSE
50,"Localized",0.25,0.2,0.5,5,"Uniform",-2.18959880655235e-05,-1.09479940327618e-05,0,0,0.0500000000137299,FALSE
50,"Localized",0.25,0.2,0.5,5,"Central",0.0282123738839925,0.0141061869419963,0.0496,0.00307049963361014,0.0500227940397899,FALSE
50,"Localized",0.25,0.2,0.5,5,"Tail",-0.0461080498894961,-0.023054024944748,0.054,0.00319637294444813,0.0500608843498128,FALSE
50,"Localized",0.25,0.2,0.5,8,"Uniform",-2.18959880655235e-05,-1.09479940327618e-05,0,0,0.0500000000137299,FALSE
50,"Localized",0.25,0.2,0.5,8,"Central",0.0282123738839925,0.0141061869419963,0.046,0.00296256645495084,0.0500227940397899,FALSE
50,"Localized",0.25,0.2,0.5,8,"Tail",-0.0461080498894961,-0.023054024944748,0.0504,0.00309385972532693,0.0500608843498128,FALSE
50,"Localized",0.25,0.2,1,1,"Uniform",-2.18959880655235e-05,-2.18959880655235e-05,0,0,0.0500000000549194,FALSE
50,"Localized",0.25,0.2,1,1,"Central",0.0282123738839925,0.0282123738839925,0.0524,0.00315132480077824,0.0500911799743755,FALSE
50,"Localized",0.25,0.2,1,1,"Tail",-0.0461080498894961,-0.0461080498894961,0.054,0.00319637294444813,0.0502435646024483,FALSE
50,"Localized",0.25,0.2,1,2,"Uniform",-2.18959880655235e-05,-2.18959880655235e-05,0,0,0.0500000000549194,FALSE
50,"Localized",0.25,0.2,1,2,"Central",0.0282123738839925,0.0282123738839925,0.0478,0.00301712313305241,0.0500911799743755,FALSE
50,"Localized",0.25,0.2,1,2,"Tail",-0.0461080498894961,-0.0461080498894961,0.0452,0.00293792307591605,0.0502435646024483,FALSE
50,"Localized",0.25,0.2,1,3,"Uniform",-2.18959880655235e-05,-2.18959880655235e-05,0,0,0.0500000000549194,FALSE
50,"Localized",0.25,0.2,1,3,"Central",0.0282123738839925,0.0282123738839925,0.0546,0.00321306209090332,0.0500911799743755,FALSE
50,"Localized",0.25,0.2,1,3,"Tail",-0.0461080498894961,-0.0461080498894961,0.0484,0.00303504332753257,0.0502435646024483,FALSE
50,"Localized",0.25,0.2,1,5,"Uniform",-2.18959880655235e-05,-2.18959880655235e-05,0,0,0.0500000000549194,FALSE
50,"Localized",0.25,0.2,1,5,"Central",0.0282123738839925,0.0282123738839925,0.0456,0.00295027591929975,0.0500911799743755,FALSE
50,"Localized",0.25,0.2,1,5,"Tail",-0.0461080498894961,-0.0461080498894961,0.0464,0.00297479545515318,0.0502435646024483,FALSE
50,"Localized",0.25,0.2,1,8,"Uniform",-2.18959880655235e-05,-2.18959880655235e-05,0,0,0.0500000000549194,FALSE
50,"Localized",0.25,0.2,1,8,"Central",0.0282123738839925,0.0282123738839925,0.049,0.00305283474822991,0.0500911799743755,FALSE
50,"Localized",0.25,0.2,1,8,"Tail",-0.0461080498894961,-0.0461080498894961,0.0456,0.00295027591929975,0.0502435646024483,FALSE
50,"Localized",0.25,0.2,1.5,1,"Uniform",-2.18959880655235e-05,-3.28439820982853e-05,0,0,0.0500000001235685,FALSE
50,"Localized",0.25,0.2,1.5,1,"Central",0.0282123738839925,0.0423185608259888,0.057,0.00327874976172321,0.0502051692415944,FALSE
50,"Localized",0.25,0.2,1.5,1,"Tail",-0.0461080498894961,-0.0691620748342441,0.0576,0.00329491244193226,0.0505481222187061,FALSE
50,"Localized",0.25,0.2,1.5,2,"Uniform",-2.18959880655235e-05,-3.28439820982853e-05,0,0,0.0500000001235685,FALSE
50,"Localized",0.25,0.2,1.5,2,"Central",0.0282123738839925,0.0423185608259888,0.0552,0.0032296427046966,0.0502051692415944,FALSE
50,"Localized",0.25,0.2,1.5,2,"Tail",-0.0461080498894961,-0.0691620748342441,0.0518,0.0031342227106573,0.0505481222187061,FALSE
50,"Localized",0.25,0.2,1.5,3,"Uniform",-2.18959880655235e-05,-3.28439820982853e-05,0,0,0.0500000001235685,FALSE
50,"Localized",0.25,0.2,1.5,3,"Central",0.0282123738839925,0.0423185608259888,0.0502,0.00308804015517933,0.0502051692415944,FALSE
50,"Localized",0.25,0.2,1.5,3,"Tail",-0.0461080498894961,-0.0691620748342441,0.049,0.00305283474822991,0.0505481222187061,FALSE
50,"Localized",0.25,0.2,1.5,5,"Uniform",-2.18959880655235e-05,-3.28439820982853e-05,0,0,0.0500000001235685,FALSE
50,"Localized",0.25,0.2,1.5,5,"Central",0.0282123738839925,0.0423185608259888,0.0512,0.0031170036894428,0.0502051692415944,FALSE
50,"Localized",0.25,0.2,1.5,5,"Tail",-0.0461080498894961,-0.0691620748342441,0.0436,0.00288787257336608,0.0505481222187061,FALSE
50,"Localized",0.25,0.2,1.5,8,"Uniform",-2.18959880655235e-05,-3.28439820982853e-05,0,0,0.0500000001235685,FALSE
50,"Localized",0.25,0.2,1.5,8,"Central",0.0282123738839925,0.0423185608259888,0.05,0.00308220700148449,0.0502051692415944,FALSE
50,"Localized",0.25,0.2,1.5,8,"Tail",-0.0461080498894961,-0.0691620748342441,0.0388,0.00273110087693589,0.0505481222187061,FALSE
50,"Localized",0.25,0.2,2,1,"Uniform",-2.18959880655235e-05,-4.3791976131047e-05,0,0,0.0500000002196773,FALSE
50,"Localized",0.25,0.2,2,1,"Central",0.0282123738839925,0.0564247477679851,0.0566,0.00326791799162709,0.050364780878478,FALSE
50,"Localized",0.25,0.2,2,1,"Tail",-0.0461080498894961,-0.0922160997789921,0.0554,0.00323514574633045,0.0509746924710218,FALSE
50,"Localized",0.25,0.2,2,2,"Uniform",-2.18959880655235e-05,-4.3791976131047e-05,0,0,0.0500000002196773,FALSE
50,"Localized",0.25,0.2,2,2,"Central",0.0282123738839925,0.0564247477679851,0.0602,0.00336380617753164,0.050364780878478,FALSE
50,"Localized",0.25,0.2,2,2,"Tail",-0.0461080498894961,-0.0922160997789921,0.0488,0.00304691844328003,0.0509746924710218,FALSE
50,"Localized",0.25,0.2,2,3,"Uniform",-2.18959880655235e-05,-4.3791976131047e-05,0,0,0.0500000002196773,FALSE
50,"Localized",0.25,0.2,2,3,"Central",0.0282123738839925,0.0564247477679851,0.049,0.00305283474822991,0.050364780878478,FALSE
50,"Localized",0.25,0.2,2,3,"Tail",-0.0461080498894961,-0.0922160997789921,0.052,0.00313993630508646,0.0509746924710218,FALSE
50,"Localized",0.25,0.2,2,5,"Uniform",-2.18959880655235e-05,-4.3791976131047e-05,0,0,0.0500000002196773,FALSE
50,"Localized",0.25,0.2,2,5,"Central",0.0282123738839925,0.0564247477679851,0.0476,0.00301112072159188,0.050364780878478,FALSE
50,"Localized",0.25,0.2,2,5,"Tail",-0.0461080498894961,-0.0922160997789921,0.0406,0.00279111590586991,0.0509746924710218,FALSE
50,"Localized",0.25,0.2,2,8,"Uniform",-2.18959880655235e-05,-4.3791976131047e-05,0,0,0.0500000002196773,FALSE
50,"Localized",0.25,0.2,2,8,"Central",0.0282123738839925,0.0564247477679851,0.0446,0.00291927525252416,0.050364780878478,FALSE
50,"Localized",0.25,0.2,2,8,"Tail",-0.0461080498894961,-0.0922160997789921,0.0402,0.00277791144567281,0.0509746924710218,FALSE
50,"Localized",0.5,0.05,0.5,1,"Uniform",-1.25318872553162e-05,-6.26594362765812e-06,0,0,0.0500000000044975,FALSE
50,"Localized",0.5,0.05,0.5,1,"Central",0.0554867578687897,0.0277433789343948,0.0424,0.00284963997726029,0.0500881735067002,FALSE
50,"Localized",0.5,0.05,0.5,1,"Tail",-0.0906148658209355,-0.0453074329104678,0.0496,0.00307049963361014,0.0502351783558853,FALSE
50,"Localized",0.5,0.05,0.5,2,"Uniform",-1.25318872553162e-05,-6.26594362765812e-06,0,0,0.0500000000044975,FALSE
50,"Localized",0.5,0.05,0.5,2,"Central",0.0554867578687897,0.0277433789343948,0.0404,0.00278452293939195,0.0500881735067002,FALSE
50,"Localized",0.5,0.05,0.5,2,"Tail",-0.0906148658209355,-0.0453074329104678,0.046,0.00296256645495084,0.0502351783558853,FALSE
50,"Localized",0.5,0.05,0.5,3,"Uniform",-1.25318872553162e-05,-6.26594362765812e-06,0,0,0.0500000000044975,FALSE
50,"Localized",0.5,0.05,0.5,3,"Central",0.0554867578687897,0.0277433789343948,0.0452,0.00293792307591605,0.0500881735067002,FALSE
50,"Localized",0.5,0.05,0.5,3,"Tail",-0.0906148658209355,-0.0453074329104678,0.0558,0.00324611644892786,0.0502351783558853,FALSE
50,"Localized",0.5,0.05,0.5,5,"Uniform",-1.25318872553162e-05,-6.26594362765812e-06,0,0,0.0500000000044975,FALSE
50,"Localized",0.5,0.05,0.5,5,"Central",0.0554867578687897,0.0277433789343948,0.0448,0.00292550713552369,0.0500881735067002,FALSE
50,"Localized",0.5,0.05,0.5,5,"Tail",-0.0906148658209355,-0.0453074329104678,0.05,0.00308220700148449,0.0502351783558853,FALSE
50,"Localized",0.5,0.05,0.5,8,"Uniform",-1.25318872553162e-05,-6.26594362765812e-06,0,0,0.0500000000044975,FALSE
50,"Localized",0.5,0.05,0.5,8,"Central",0.0554867578687897,0.0277433789343948,0.044,0.00290048271844533,0.0500881735067002,FALSE
50,"Localized",0.5,0.05,0.5,8,"Tail",-0.0906148658209355,-0.0453074329104678,0.0496,0.00307049963361014,0.0502351783558853,FALSE
50,"Localized",0.5,0.05,1,1,"Uniform",-1.25318872553162e-05,-1.25318872553162e-05,0,0,0.0500000000179899,FALSE
50,"Localized",0.5,0.05,1,1,"Central",0.0554867578687897,0.0554867578687897,0.0458,0.00295642892693195,0.0503527510554154,FALSE
50,"Localized",0.5,0.05,1,1,"Tail",-0.0906148658209355,-0.0906148658209355,0.0518,0.0031342227106573,0.0509411181638095,FALSE
50,"Localized",0.5,0.05,1,2,"Uniform",-1.25318872553162e-05,-1.25318872553162e-05,0,0,0.0500000000179899,FALSE
50,"Localized",0.5,0.05,1,2,"Central",0.0554867578687897,0.0554867578687897,0.0406,0.00279111590586991,0.0503527510554154,FALSE
50,"Localized",0.5,0.05,1,2,"Tail",-0.0906148658209355,-0.0906148658209355,0.0462,0.00296868859936505,0.0509411181638095,FALSE
50,"Localized",0.5,0.05,1,3,"Uniform",-1.25318872553162e-05,-1.25318872553162e-05,0,0,0.0500000000179899,FALSE
50,"Localized",0.5,0.05,1,3,"Central",0.0554867578687897,0.0554867578687897,0.0508,0.00310545842026584,0.0503527510554154,FALSE
50,"Localized",0.5,0.05,1,3,"Tail",-0.0906148658209355,-0.0906148658209355,0.0498,0.00307636018697421,0.0509411181638095,FALSE
50,"Localized",0.5,0.05,1,5,"Uniform",-1.25318872553162e-05,-1.25318872553162e-05,0,0,0.0500000000179899,FALSE
50,"Localized",0.5,0.05,1,5,"Central",0.0554867578687897,0.0554867578687897,0.0444,0.00291302729132427,0.0503527510554154,FALSE
50,"Localized",0.5,0.05,1,5,"Tail",-0.0906148658209355,-0.0906148658209355,0.0482,0.00302908435009658,0.0509411181638095,FALSE
50,"Localized",0.5,0.05,1,8,"Uniform",-1.25318872553162e-05,-1.25318872553162e-05,0,0,0.0500000000179899,FALSE
50,"Localized",0.5,0.05,1,8,"Central",0.0554867578687897,0.0554867578687897,0.0458,0.00295642892693195,0.0503527510554154,FALSE
50,"Localized",0.5,0.05,1,8,"Tail",-0.0906148658209355,-0.0906148658209355,0.045,0.00293172304285381,0.0509411181638095,FALSE
50,"Localized",0.5,0.05,1.5,1,"Uniform",-1.25318872553162e-05,-1.87978308829744e-05,0,0,0.0500000000404774,FALSE
50,"Localized",0.5,0.05,1.5,1,"Central",0.0554867578687897,0.0832301368031845,0.039,0.00273784586856163,0.0507939032802147,FALSE
50,"Localized",0.5,0.05,1.5,1,"Tail",-0.0906148658209355,-0.135922298731403,0.0542,0.00320194815698193,0.0521190250888612,FALSE
50,"Localized",0.5,0.05,1.5,2,"Uniform",-1.25318872553162e-05,-1.87978308829744e-05,0,0,0.0500000000404774,FALSE
50,"Localized",0.5,0.05,1.5,2,"Central",0.0554867578687897,0.0832301368031845,0.0426,0.00285605462132642,0.0507939032802147,FALSE
50,"Localized",0.5,0.05,1.5,2,"Tail",-0.0906148658209355,-0.135922298731403,0.049,0.00305283474822991,0.0521190250888612,FALSE
50,"Localized",0.5,0.05,1.5,3,"Uniform",-1.25318872553162e-05,-1.87978308829744e-05,0,0,0.0500000000404774,FALSE
50,"Localized",0.5,0.05,1.5,3,"Central",0.0554867578687897,0.0832301368031845,0.0476,0.00301112072159188,0.0507939032802147,FALSE
50,"Localized",0.5,0.05,1.5,3,"Tail",-0.0906148658209355,-0.135922298731403,0.0502,0.00308804015517933,0.0521190250888612,FALSE
50,"Localized",0.5,0.05,1.5,5,"Uniform",-1.25318872553162e-05,-1.87978308829744e-05,0,0,0.0500000000404774,FALSE
50,"Localized",0.5,0.05,1.5,5,"Central",0.0554867578687897,0.0832301368031845,0.0342,0.0025702280054501,0.0507939032802147,FALSE
50,"Localized",0.5,0.05,1.5,5,"Tail",-0.0906148658209355,-0.135922298731403,0.0452,0.00293792307591605,0.0521190250888612,FALSE
50,"Localized",0.5,0.05,1.5,8,"Uniform",-1.25318872553162e-05,-1.87978308829744e-05,0,0,0.0500000000404774,FALSE
50,"Localized",0.5,0.05,1.5,8,"Central",0.0554867578687897,0.0832301368031845,0.0404,0.00278452293939195,0.0507939032802147,FALSE
50,"Localized",0.5,0.05,1.5,8,"Tail",-0.0906148658209355,-0.135922298731403,0.038,0.0027039230758289,0.0521190250888612,FALSE
50,"Localized",0.5,0.05,2,1,"Uniform",-1.25318872553162e-05,-2.50637745106325e-05,0,0,0.0500000000719597,FALSE
50,"Localized",0.5,0.05,2,1,"Central",0.0554867578687897,0.110973515737579,0.0388,0.00273110087693589,0.0514119130671076,FALSE
50,"Localized",0.5,0.05,2,1,"Tail",-0.0906148658209355,-0.181229731641871,0.055,0.0032241277890307,0.0537708801454311,FALSE
50,"Localized",0.5,0.05,2,2,"Uniform",-1.25318872553162e-05,-2.50637745106325e-05,0,0,0.0500000000719597,FALSE
50,"Localized",0.5,0.05,2,2,"Central",0.0554867578687897,0.110973515737579,0.0402,0.00277791144567281,0.0514119130671076,FALSE
50,"Localized",0.5,0.05,2,2,"Tail",-0.0906148658209355,-0.181229731641871,0.052,0.00313993630508646,0.0537708801454311,FALSE
50,"Localized",0.5,0.05,2,3,"Uniform",-1.25318872553162e-05,-2.50637745106325e-05,0,0,0.0500000000719597,FALSE
50,"Localized",0.5,0.05,2,3,"Central",0.0554867578687897,0.110973515737579,0.0404,0.00278452293939195,0.0514119130671076,FALSE
50,"Localized",0.5,0.05,2,3,"Tail",-0.0906148658209355,-0.181229731641871,0.0512,0.0031170036894428,0.0537708801454311,FALSE
50,"Localized",0.5,0.05,2,5,"Uniform",-1.25318872553162e-05,-2.50637745106325e-05,0,0,0.0500000000719597,FALSE
50,"Localized",0.5,0.05,2,5,"Central",0.0554867578687897,0.110973515737579,0.0426,0.00285605462132642,0.0514119130671076,FALSE
50,"Localized",0.5,0.05,2,5,"Tail",-0.0906148658209355,-0.181229731641871,0.0456,0.00295027591929975,0.0537708801454311,FALSE
50,"Localized",0.5,0.05,2,8,"Uniform",-1.25318872553162e-05,-2.50637745106325e-05,0,0,0.0500000000719597,FALSE
50,"Localized",0.5,0.05,2,8,"Central",0.0554867578687897,0.110973515737579,0.0474,0.00300510365877785,0.0514119130671076,FALSE
50,"Localized",0.5,0.05,2,8,"Tail",-0.0906148658209355,-0.181229731641871,0.042,0.00283675871374356,0.0537708801454311,FALSE
50,"Localized",0.5,0.1,0.5,1,"Uniform",-2.50633896819888e-05,-1.25316948409944e-05,0,0,0.0500000000179894,FALSE
50,"Localized",0.5,0.1,0.5,1,"Central",0.100677150567392,0.0503385752836961,0.0434,0.00288154264240528,0.0502903186303343,FALSE
50,"Localized",0.5,0.1,0.5,1,"Tail",-0.164420039324534,-0.0822100196622668,0.0586,0.00332162731202644,0.0507745523403663,FALSE
50,"Localized",0.5,0.1,0.5,2,"Uniform",-2.50633896819888e-05,-1.25316948409944e-05,0,0,0.0500000000179894,FALSE
50,"Localized",0.5,0.1,0.5,2,"Central",0.100677150567392,0.0503385752836961,0.0452,0.00293792307591605,0.0502903186303343,FALSE
50,"Localized",0.5,0.1,0.5,2,"Tail",-0.164420039324534,-0.0822100196622668,0.0556,0.00324063697442339,0.0507745523403663,FALSE
50,"Localized",0.5,0.1,0.5,3,"Uniform",-2.50633896819888e-05,-1.25316948409944e-05,0,0,0.0500000000179894,FALSE
50,"Localized",0.5,0.1,0.5,3,"Central",0.100677150567392,0.0503385752836961,0.046,0.00296256645495084,0.0502903186303343,FALSE
50,"Localized",0.5,0.1,0.5,3,"Tail",-0.164420039324534,-0.0822100196622668,0.0528,0.00316266216975509,0.0507745523403663,FALSE
50,"Localized",0.5,0.1,0.5,5,"Uniform",-2.50633896819888e-05,-1.25316948409944e-05,0,0,0.0500000000179894,FALSE
50,"Localized",0.5,0.1,0.5,5,"Central",0.100677150567392,0.0503385752836961,0.0426,0.00285605462132642,0.0502903186303343,FALSE
50,"Localized",0.5,0.1,0.5,5,"Tail",-0.164420039324534,-0.0822100196622668,0.0472,0.00299907185642492,0.0507745523403663,FALSE
50,"Localized",0.5,0.1,0.5,8,"Uniform",-2.50633896819888e-05,-1.25316948409944e-05,0,0,0.0500000000179894,FALSE
50,"Localized",0.5,0.1,0.5,8,"Central",0.100677150567392,0.0503385752836961,0.0472,0.00299907185642492,0.0502903186303343,FALSE
50,"Localized",0.5,0.1,0.5,8,"Tail",-0.164420039324534,-0.0822100196622668,0.0512,0.0031170036894428,0.0507745523403663,FALSE
50,"Localized",0.5,0.1,1,1,"Uniform",-2.50633896819888e-05,-2.50633896819888e-05,0,0,0.0500000000719576,FALSE
50,"Localized",0.5,0.1,1,1,"Central",0.100677150567392,0.100677150567392,0.0446,0.00291927525252416,0.0511618907517446,FALSE
50,"Localized",0.5,0.1,1,1,"Tail",-0.164420039324534,-0.164420039324534,0.0554,0.00323514574633045,0.053102561257984,FALSE
50,"Localized",0.5,0.1,1,2,"Uniform",-2.50633896819888e-05,-2.50633896819888e-05,0,0,0.0500000000719576,FALSE
50,"Localized",0.5,0.1,1,2,"Central",0.100677150567392,0.100677150567392,0.039,0.00273784586856163,0.0511618907517446,FALSE
50,"Localized",0.5,0.1,1,2,"Tail",-0.164420039324534,-0.164420039324534,0.0478,0.00301712313305241,0.053102561257984,FALSE
50,"Localized",0.5,0.1,1,3,"Uniform",-2.50633896819888e-05,-2.50633896819888e-05,0,0,0.0500000000719576,FALSE
50,"Localized",0.5,0.1,1,3,"Central",0.100677150567392,0.100677150567392,0.045,0.00293172304285381,0.0511618907517446,FALSE
50,"Localized",0.5,0.1,1,3,"Tail",-0.164420039324534,-0.164420039324534,0.0508,0.00310545842026584,0.053102561257984,FALSE
50,"Localized",0.5,0.1,1,5,"Uniform",-2.50633896819888e-05,-2.50633896819888e-05,0,0,0.0500000000719576,FALSE
50,"Localized",0.5,0.1,1,5,"Central",0.100677150567392,0.100677150567392,0.0402,0.00277791144567281,0.0511618907517446,FALSE
50,"Localized",0.5,0.1,1,5,"Tail",-0.164420039324534,-0.164420039324534,0.0412,0.00281078494374792,0.053102561257984,FALSE
50,"Localized",0.5,0.1,1,8,"Uniform",-2.50633896819888e-05,-2.50633896819888e-05,0,0,0.0500000000719576,FALSE
50,"Localized",0.5,0.1,1,8,"Central",0.100677150567392,0.100677150567392,0.0424,0.00284963997726029,0.0511618907517446,FALSE
50,"Localized",0.5,0.1,1,8,"Tail",-0.164420039324534,-0.164420039324534,0.0366,0.00265557677350891,0.053102561257984,FALSE
50,"Localized",0.5,0.1,1.5,1,"Uniform",-2.50633896819888e-05,-3.75950845229833e-05,0,0,0.0500000001619043,FALSE
50,"Localized",0.5,0.1,1.5,1,"Central",0.100677150567392,0.151015725851088,0.0346,0.0025846794772273,0.0526165489722555,FALSE
50,"Localized",0.5,0.1,1.5,1,"Tail",-0.164420039324534,-0.2466300589868,0.057,0.00327874976172321,0.0569967789714435,FALSE
50,"Localized",0.5,0.1,1.5,2,"Uniform",-2.50633896819888e-05,-3.75950845229833e-05,0,0,0.0500000001619043,FALSE
50,"Localized",0.5,0.1,1.5,2,"Central",0.100677150567392,0.151015725851088,0.0336,0.00254837359898426,0.0526165489722555,FALSE
50,"Localized",0.5,0.1,1.5,2,"Tail",-0.164420039324534,-0.2466300589868,0.0534,0.00317957355631223,0.0569967789714435,FALSE
50,"Localized",0.5,0.1,1.5,3,"Uniform",-2.50633896819888e-05,-3.75950845229833e-05,0,0,0.0500000001619043,FALSE
50,"Localized",0.5,0.1,1.5,3,"Central",0.100677150567392,0.151015725851088,0.0356,0.00262040607540129,0.0526165489722555,FALSE
50,"Localized",0.5,0.1,1.5,3,"Tail",-0.164420039324534,-0.2466300589868,0.0498,0.00307636018697421,0.0569967789714435,FALSE
50,"Localized",0.5,0.1,1.5,5,"Uniform",-2.50633896819888e-05,-3.75950845229833e-05,0,0,0.0500000001619043,FALSE
50,"Localized",0.5,0.1,1.5,5,"Central",0.100677150567392,0.151015725851088,0.034,0.0025629670306112,0.0526165489722555,FALSE
50,"Localized",0.5,0.1,1.5,5,"Tail",-0.164420039324534,-0.2466300589868,0.0492,0.00305873699425106,0.0569967789714435,FALSE
50,"Localized",0.5,0.1,1.5,8,"Uniform",-2.50633896819888e-05,-3.75950845229833e-05,0,0,0.0500000001619043,FALSE
50,"Localized",0.5,0.1,1.5,8,"Central",0.100677150567392,0.151015725851088,0.0452,0.00293792307591605,0.0526165489722555,FALSE
50,"Localized",0.5,0.1,1.5,8,"Tail",-0.164420039324534,-0.2466300589868,0.0354,0.00261330595223751,0.0569967789714435,FALSE
50,"Localized",0.5,0.1,2,1,"Uniform",-2.50633896819888e-05,-5.01267793639777e-05,0,0,0.0500000002878298,FALSE
50,"Localized",0.5,0.1,2,1,"Central",0.100677150567392,0.201354301134784,0.0304,0.00242799670510485,0.0546572942405795,FALSE
50,"Localized",0.5,0.1,2,1,"Tail",-0.164420039324534,-0.328840078649067,0.0586,0.00332162731202644,0.0624774583226576,FALSE
50,"Localized",0.5,0.1,2,2,"Uniform",-2.50633896819888e-05,-5.01267793639777e-05,0,0,0.0500000002878298,FALSE
50,"Localized",0.5,0.1,2,2,"Central",0.100677150567392,0.201354301134784,0.032,0.00248901586977665,0.0546572942405795,FALSE
50,"Localized",0.5,0.1,2,2,"Tail",-0.164420039324534,-0.328840078649067,0.057,0.00327874976172321,0.0624774583226576,FALSE
50,"Localized",0.5,0.1,2,3,"Uniform",-2.50633896819888e-05,-5.01267793639777e-05,0,0,0.0500000002878298,FALSE
50,"Localized",0.5,0.1,2,3,"Central",0.100677150567392,0.201354301134784,0.0348,0.00259187036712873,0.0546572942405795,FALSE
50,"Localized",0.5,0.1,2,3,"Tail",-0.164420039324534,-0.328840078649067,0.0562,0.00325704037432759,0.0624774583226576,FALSE
50,"Localized",0.5,0.1,2,5,"Uniform",-2.50633896819888e-05,-5.01267793639777e-05,0,0,0.0500000002878298,FALSE
50,"Localized",0.5,0.1,2,5,"Central",0.100677150567392,0.201354301134784,0.0396,0.00275796446677618,0.0546572942405795,FALSE
50,"Localized",0.5,0.1,2,5,"Tail",-0.164420039324534,-0.328840078649067,0.0366,0.00265557677350891,0.0624774583226576,FALSE
50,"Localized",0.5,0.1,2,8,"Uniform",-2.50633896819888e-05,-5.01267793639777e-05,0,0,0.0500000002878298,FALSE
50,"Localized",0.5,0.1,2,8,"Central",0.100677150567392,0.201354301134784,0.0356,0.00262040607540129,0.0546572942405795,FALSE
50,"Localized",0.5,0.1,2,8,"Tail",-0.164420039324534,-0.328840078649067,0.0346,0.0025846794772273,0.0624774583226576,FALSE
50,"Localized",0.5,0.2,0.5,1,"Uniform",-4.51126633094548e-05,-2.25563316547274e-05,0,0,0.0500000000582819,FALSE
50,"Localized",0.5,0.2,0.5,1,"Central",0.127129858337826,0.0635649291689132,0.0478,0.00301712313305241,0.050462971190307,FALSE
50,"Localized",0.5,0.2,0.5,1,"Tail",-0.207651156137219,-0.103825578068609,0.0558,0.00324611644892786,0.0512357528846404,FALSE
50,"Localized",0.5,0.2,0.5,2,"Uniform",-4.51126633094548e-05,-2.25563316547274e-05,0,0,0.0500000000582819,FALSE
50,"Localized",0.5,0.2,0.5,2,"Central",0.127129858337826,0.0635649291689132,0.0406,0.00279111590586991,0.050462971190307,FALSE
50,"Localized",0.5,0.2,0.5,2,"Tail",-0.207651156137219,-0.103825578068609,0.0532,0.00317394895989208,0.0512357528846404,FALSE
50,"Localized",0.5,0.2,0.5,3,"Uniform",-4.51126633094548e-05,-2.25563316547274e-05,0,0,0.0500000000582819,FALSE
50,"Localized",0.5,0.2,0.5,3,"Central",0.127129858337826,0.0635649291689132,0.0508,0.00310545842026584,0.050462971190307,FALSE
50,"Localized",0.5,0.2,0.5,3,"Tail",-0.207651156137219,-0.103825578068609,0.0516,0.00312849612433834,0.0512357528846404,FALSE
50,"Localized",0.5,0.2,0.5,5,"Uniform",-4.51126633094548e-05,-2.25563316547274e-05,0,0,0.0500000000582819,FALSE
50,"Localized",0.5,0.2,0.5,5,"Central",0.127129858337826,0.0635649291689132,0.0464,0.00297479545515318,0.050462971190307,FALSE
50,"Localized",0.5,0.2,0.5,5,"Tail",-0.207651156137219,-0.103825578068609,0.0468,0.00298696367570816,0.0512357528846404,FALSE
50,"Localized",0.5,0.2,0.5,8,"Uniform",-4.51126633094548e-05,-2.25563316547274e-05,0,0,0.0500000000582819,FALSE
50,"Localized",0.5,0.2,0.5,8,"Central",0.127129858337826,0.0635649291689132,0.0502,0.00308804015517933,0.050462971190307,FALSE
50,"Localized",0.5,0.2,0.5,8,"Tail",-0.207651156137219,-0.103825578068609,0.0422,0.00284320804725929,0.0512357528846404,FALSE
50,"Localized",0.5,0.2,1,1,"Uniform",-4.51126633094548e-05,-4.51126633094548e-05,0,0,0.0500000002331273,FALSE
50,"Localized",0.5,0.2,1,1,"Central",0.127129858337826,0.127129858337826,0.0404,0.00278452293939195,0.0518534474924345,FALSE
50,"Localized",0.5,0.2,1,1,"Tail",-0.207651156137219,-0.207651156137219,0.0662,0.00351617860752266,0.0549540060876024,FALSE
50,"Localized",0.5,0.2,1,2,"Uniform",-4.51126633094548e-05,-4.51126633094548e-05,0,0,0.0500000002331273,FALSE
50,"Localized",0.5,0.2,1,2,"Central",0.127129858337826,0.127129858337826,0.0414,0.00281730509529941,0.0518534474924345,FALSE
50,"Localized",0.5,0.2,1,2,"Tail",-0.207651156137219,-0.207651156137219,0.057,0.00327874976172321,0.0549540060876024,FALSE
50,"Localized",0.5,0.2,1,3,"Uniform",-4.51126633094548e-05,-4.51126633094548e-05,0,0,0.0500000002331273,FALSE
50,"Localized",0.5,0.2,1,3,"Central",0.127129858337826,0.127129858337826,0.047,0.00299302522541993,0.0518534474924345,FALSE
50,"Localized",0.5,0.2,1,3,"Tail",-0.207651156137219,-0.207651156137219,0.0574,0.0032895361375124,0.0549540060876024,FALSE
50,"Localized",0.5,0.2,1,5,"Uniform",-4.51126633094548e-05,-4.51126633094548e-05,0,0,0.0500000002331273,FALSE
50,"Localized",0.5,0.2,1,5,"Central",0.127129858337826,0.127129858337826,0.044,0.00290048271844533,0.0518534474924345,FALSE
50,"Localized",0.5,0.2,1,5,"Tail",-0.207651156137219,-0.207651156137219,0.0468,0.00298696367570816,0.0549540060876024,FALSE
50,"Localized",0.5,0.2,1,8,"Uniform",-4.51126633094548e-05,-4.51126633094548e-05,0,0,0.0500000002331273,FALSE
50,"Localized",0.5,0.2,1,8,"Central",0.127129858337826,0.127129858337826,0.0456,0.00295027591929975,0.0518534474924345,FALSE
50,"Localized",0.5,0.2,1,8,"Tail",-0.207651156137219,-0.207651156137219,0.0372,0.00267642149146953,0.0549540060876024,FALSE
50,"Localized",0.5,0.2,1.5,1,"Uniform",-4.51126633094548e-05,-6.76689949641822e-05,0,0,0.0500000005245362,FALSE
50,"Localized",0.5,0.2,1.5,1,"Central",0.127129858337826,0.19069478750674,0.037,0.00266949433413896,0.0541760520244724,FALSE
50,"Localized",0.5,0.2,1.5,1,"Tail",-0.207651156137219,-0.311476734205828,0.071,0.00363205176174569,0.0611865183394184,FALSE
50,"Localized",0.5,0.2,1.5,2,"Uniform",-4.51126633094548e-05,-6.76689949641822e-05,0,0,0.0500000005245362,FALSE
50,"Localized",0.5,0.2,1.5,2,"Central",0.127129858337826,0.19069478750674,0.0406,0.00279111590586991,0.0541760520244724,FALSE
50,"Localized",0.5,0.2,1.5,2,"Tail",-0.207651156137219,-0.311476734205828,0.0586,0.00332162731202644,0.0611865183394184,FALSE
50,"Localized",0.5,0.2,1.5,3,"Uniform",-4.51126633094548e-05,-6.76689949641822e-05,0,0,0.0500000005245362,FALSE
50,"Localized",0.5,0.2,1.5,3,"Central",0.127129858337826,0.19069478750674,0.0442,0.00290676314824583,0.0541760520244724,FALSE
50,"Localized",0.5,0.2,1.5,3,"Tail",-0.207651156137219,-0.311476734205828,0.055,0.0032241277890307,0.0611865183394184,FALSE
50,"Localized",0.5,0.2,1.5,5,"Uniform",-4.51126633094548e-05,-6.76689949641822e-05,0,0,0.0500000005245362,FALSE
50,"Localized",0.5,0.2,1.5,5,"Central",0.127129858337826,0.19069478750674,0.043,0.00286883251515316,0.0541760520244724,FALSE
50,"Localized",0.5,0.2,1.5,5,"Tail",-0.207651156137219,-0.311476734205828,0.0418,0.00283029185774188,0.0611865183394184,FALSE
50,"Localized",0.5,0.2,1.5,8,"Uniform",-4.51126633094548e-05,-6.76689949641822e-05,0,0,0.0500000005245362,FALSE
50,"Localized",0.5,0.2,1.5,8,"Central",0.127129858337826,0.19069478750674,0.044,0.00290048271844533,0.0541760520244724,FALSE
50,"Localized",0.5,0.2,1.5,8,"Tail",-0.207651156137219,-0.311476734205828,0.0288,0.00236518751899294,0.0611865183394184,FALSE
50,"Localized",0.5,0.2,2,1,"Uniform",-4.51126633094548e-05,-9.02253266189096e-05,0,0,0.0500000009325087,FALSE
50,"Localized",0.5,0.2,2,1,"Central",0.127129858337826,0.254259716675653,0.0342,0.0025702280054501,0.0574382744374089,FALSE
50,"Localized",0.5,0.2,2,1,"Tail",-0.207651156137219,-0.415302312274438,0.0694,0.00359398497492686,0.0699822068472973,FALSE
50,"Localized",0.5,0.2,2,2,"Uniform",-4.51126633094548e-05,-9.02253266189096e-05,0,0,0.0500000009325087,FALSE
50,"Localized",0.5,0.2,2,2,"Central",0.127129858337826,0.254259716675653,0.0336,0.00254837359898426,0.0574382744374089,FALSE
50,"Localized",0.5,0.2,2,2,"Tail",-0.207651156137219,-0.415302312274438,0.0672,0.00354073890593475,0.0699822068472973,FALSE
50,"Localized",0.5,0.2,2,3,"Uniform",-4.51126633094548e-05,-9.02253266189096e-05,0,0,0.0500000009325087,FALSE
50,"Localized",0.5,0.2,2,3,"Central",0.127129858337826,0.254259716675653,0.042,0.00283675871374356,0.0574382744374089,FALSE
50,"Localized",0.5,0.2,2,3,"Tail",-0.207651156137219,-0.415302312274438,0.0526,0.00315699984162179,0.0699822068472973,FALSE
50,"Localized",0.5,0.2,2,5,"Uniform",-4.51126633094548e-05,-9.02253266189096e-05,0,0,0.0500000009325087,FALSE
50,"Localized",0.5,0.2,2,5,"Central",0.127129858337826,0.254259716675653,0.0404,0.00278452293939195,0.0574382744374089,FALSE
50,"Localized",0.5,0.2,2,5,"Tail",-0.207651156137219,-0.415302312274438,0.0412,0.00281078494374792,0.0699822068472973,FALSE
50,"Localized",0.5,0.2,2,8,"Uniform",-4.51126633094548e-05,-9.02253266189096e-05,0,0,0.0500000009325087,FALSE
50,"Localized",0.5,0.2,2,8,"Central",0.127129858337826,0.254259716675653,0.0504,0.00309385972532693,0.0574382744374089,FALSE
50,"Localized",0.5,0.2,2,8,"Tail",-0.207651156137219,-0.415302312274438,0.0246,0.00219065469666034,0.0699822068472973,FALSE
50,"Localized",0.75,0.05,0.5,1,"Uniform",-1.2531698588551e-05,-6.2658492942755e-06,0,0,0.0500000000044974,FALSE
50,"Localized",0.75,0.05,0.5,1,"Central",0.0125846610430436,0.00629233052152178,0.0556,0.00324063697442339,0.0500045354484228,FALSE
50,"Localized",0.75,0.05,0.5,1,"Tail",-0.0205735451293947,-0.0102867725646973,0.0486,0.0030409879973456,0.0500121215308438,FALSE
50,"Localized",0.75,0.05,0.5,2,"Uniform",-1.2531698588551e-05,-6.2658492942755e-06,0,0,0.0500000000044974,FALSE
50,"Localized",0.75,0.05,0.5,2,"Central",0.0125846610430436,0.00629233052152178,0.0528,0.00316266216975509,0.0500045354484228,FALSE
50,"Localized",0.75,0.05,0.5,2,"Tail",-0.0205735451293947,-0.0102867725646973,0.0476,0.00301112072159188,0.0500121215308438,FALSE
50,"Localized",0.75,0.05,0.5,3,"Uniform",-1.2531698588551e-05,-6.2658492942755e-06,0,0,0.0500000000044974,FALSE
50,"Localized",0.75,0.05,0.5,3,"Central",0.0125846610430436,0.00629233052152178,0.0502,0.00308804015517933,0.0500045354484228,FALSE
50,"Localized",0.75,0.05,0.5,3,"Tail",-0.0205735451293947,-0.0102867725646973,0.0528,0.00316266216975509,0.0500121215308438,FALSE
50,"Localized",0.75,0.05,0.5,5,"Uniform",-1.2531698588551e-05,-6.2658492942755e-06,0,0,0.0500000000044974,FALSE
50,"Localized",0.75,0.05,0.5,5,"Central",0.0125846610430436,0.00629233052152178,0.049,0.00305283474822991,0.0500045354484228,FALSE
50,"Localized",0.75,0.05,0.5,5,"Tail",-0.0205735451293947,-0.0102867725646973,0.0498,0.00307636018697421,0.0500121215308438,FALSE
50,"Localized",0.75,0.05,0.5,8,"Uniform",-1.2531698588551e-05,-6.2658492942755e-06,0,0,0.0500000000044974,FALSE
50,"Localized",0.75,0.05,0.5,8,"Central",0.0125846610430436,0.00629233052152178,0.0492,0.00305873699425106,0.0500045354484228,FALSE
50,"Localized",0.75,0.05,0.5,8,"Tail",-0.0205735451293947,-0.0102867725646973,0.047,0.00299302522541993,0.0500121215308438,FALSE
50,"Localized",0.75,0.05,1,1,"Uniform",-1.2531698588551e-05,-1.2531698588551e-05,0,0,0.0500000000179894,FALSE
50,"Localized",0.75,0.05,1,1,"Central",0.0125846610430436,0.0125846610430436,0.0538,0.00319078548323136,0.0500181419447845,FALSE
50,"Localized",0.75,0.05,1,1,"Tail",-0.0205735451293947,-0.0205735451293947,0.049,0.00305283474822991,0.0500484872024868,FALSE
50,"Localized",0.75,0.05,1,2,"Uniform",-1.2531698588551e-05,-1.2531698588551e-05,0,0,0.0500000000179894,FALSE
50,"Localized",0.75,0.05,1,2,"Central",0.0125846610430436,0.0125846610430436,0.0478,0.00301712313305241,0.0500181419447845,FALSE
50,"Localized",0.75,0.05,1,2,"Tail",-0.0205735451293947,-0.0205735451293947,0.049,0.00305283474822991,0.0500484872024868,FALSE
50,"Localized",0.75,0.05,1,3,"Uniform",-1.2531698588551e-05,-1.2531698588551e-05,0,0,0.0500000000179894,FALSE
50,"Localized",0.75,0.05,1,3,"Central",0.0125846610430436,0.0125846610430436,0.0556,0.00324063697442339,0.0500181419447845,FALSE
50,"Localized",0.75,0.05,1,3,"Tail",-0.0205735451293947,-0.0205735451293947,0.0494,0.0030646252625729,0.0500484872024868,FALSE
50,"Localized",0.75,0.05,1,5,"Uniform",-1.2531698588551e-05,-1.2531698588551e-05,0,0,0.0500000000179894,FALSE
50,"Localized",0.75,0.05,1,5,"Central",0.0125846610430436,0.0125846610430436,0.052,0.00313993630508646,0.0500181419447845,FALSE
50,"Localized",0.75,0.05,1,5,"Tail",-0.0205735451293947,-0.0205735451293947,0.0474,0.00300510365877785,0.0500484872024868,FALSE
50,"Localized",0.75,0.05,1,8,"Uniform",-1.2531698588551e-05,-1.2531698588551e-05,0,0,0.0500000000179894,FALSE
50,"Localized",0.75,0.05,1,8,"Central",0.0125846610430436,0.0125846610430436,0.0476,0.00301112072159188,0.0500181419447845,FALSE
50,"Localized",0.75,0.05,1,8,"Tail",-0.0205735451293947,-0.0205735451293947,0.0422,0.00284320804725929,0.0500484872024868,FALSE
50,"Localized",0.75,0.05,1.5,1,"Uniform",-1.2531698588551e-05,-1.87975478828265e-05,0,0,0.0500000000404762,FALSE
50,"Localized",0.75,0.05,1.5,1,"Central",0.0125846610430436,0.0188769915645654,0.0598,0.00335332551357604,0.0500408199423036,FALSE
50,"Localized",0.75,0.05,1.5,1,"Tail",-0.0205735451293947,-0.030860317694092,0.0476,0.00301112072159188,0.0501091002510909,FALSE
50,"Localized",0.75,0.05,1.5,2,"Uniform",-1.2531698588551e-05,-1.87975478828265e-05,0,0,0.0500000000404762,FALSE
50,"Localized",0.75,0.05,1.5,2,"Central",0.0125846610430436,0.0188769915645654,0.0598,0.00335332551357604,0.0500408199423036,FALSE
50,"Localized",0.75,0.05,1.5,2,"Tail",-0.0205735451293947,-0.030860317694092,0.0504,0.00309385972532693,0.0501091002510909,FALSE
50,"Localized",0.75,0.05,1.5,3,"Uniform",-1.2531698588551e-05,-1.87975478828265e-05,0,0,0.0500000000404762,FALSE
50,"Localized",0.75,0.05,1.5,3,"Central",0.0125846610430436,0.0188769915645654,0.0612,0.00338982477423244,0.0500408199423036,FALSE
50,"Localized",0.75,0.05,1.5,3,"Tail",-0.0205735451293947,-0.030860317694092,0.0522,0.00314563697841947,0.0501091002510909,FALSE
50,"Localized",0.75,0.05,1.5,5,"Uniform",-1.2531698588551e-05,-1.87975478828265e-05,0,0,0.0500000000404762,FALSE
50,"Localized",0.75,0.05,1.5,5,"Central",0.0125846610430436,0.0188769915645654,0.0488,0.00304691844328003,0.0500408199423036,FALSE
50,"Localized",0.75,0.05,1.5,5,"Tail",-0.0205735451293947,-0.030860317694092,0.0434,0.00288154264240528,0.0501091002510909,FALSE
50,"Localized",0.75,0.05,1.5,8,"Uniform",-1.2531698588551e-05,-1.87975478828265e-05,0,0,0.0500000000404762,FALSE
50,"Localized",0.75,0.05,1.5,8,"Central",0.0125846610430436,0.0188769915645654,0.0496,0.00307049963361014,0.0500408199423036,FALSE
50,"Localized",0.75,0.05,1.5,8,"Tail",-0.0205735451293947,-0.030860317694092,0.0374,0.00268332778467335,0.0501091002510909,FALSE
50,"Localized",0.75,0.05,2,1,"Uniform",-1.2531698588551e-05,-2.5063397177102e-05,0,0,0.0500000000719575,FALSE
50,"Localized",0.75,0.05,2,1,"Central",0.0125846610430436,0.0251693220860871,0.0588,0.00332693733033852,0.0500725701961394,FALSE
50,"Localized",0.75,0.05,2,1,"Tail",-0.0205735451293947,-0.0411470902587893,0.05,0.00308220700148449,0.0501939660663426,FALSE
50,"Localized",0.75,0.05,2,2,"Uniform",-1.2531698588551e-05,-2.5063397177102e-05,0,0,0.0500000000719575,FALSE
50,"Localized",0.75,0.05,2,2,"Central",0.0125846610430436,0.0251693220860871,0.0592,0.0033375248313683,0.0500725701961394,FALSE
50,"Localized",0.75,0.05,2,2,"Tail",-0.0205735451293947,-0.0411470902587893,0.0516,0.00312849612433834,0.0501939660663426,FALSE
50,"Localized",0.75,0.05,2,3,"Uniform",-1.2531698588551e-05,-2.5063397177102e-05,0,0,0.0500000000719575,FALSE
50,"Localized",0.75,0.05,2,3,"Central",0.0125846610430436,0.0251693220860871,0.063,0.00343601513384327,0.0500725701961394,FALSE
50,"Localized",0.75,0.05,2,3,"Tail",-0.0205735451293947,-0.0411470902587893,0.0504,0.00309385972532693,0.0501939660663426,FALSE
50,"Localized",0.75,0.05,2,5,"Uniform",-1.2531698588551e-05,-2.5063397177102e-05,0,0,0.0500000000719575,FALSE
50,"Localized",0.75,0.05,2,5,"Central",0.0125846610430436,0.0251693220860871,0.0564,0.00326248494249399,0.0500725701961394,FALSE
50,"Localized",0.75,0.05,2,5,"Tail",-0.0205735451293947,-0.0411470902587893,0.0436,0.00288787257336608,0.0501939660663426,FALSE
50,"Localized",0.75,0.05,2,8,"Uniform",-1.2531698588551e-05,-2.5063397177102e-05,0,0,0.0500000000719575,FALSE
50,"Localized",0.75,0.05,2,8,"Central",0.0125846610430436,0.0251693220860871,0.0536,0.00318518570887162,0.0500725701961394,FALSE
50,"Localized",0.75,0.05,2,8,"Tail",-0.0205735451293947,-0.0411470902587893,0.0376,0.00269021337443705,0.0501939660663426,FALSE
50,"Localized",0.75,0.1,0.5,1,"Uniform",-2.27124269483004e-05,-1.13562134741502e-05,0,0,0.0500000000147728,FALSE
50,"Localized",0.75,0.1,0.5,1,"Central",0.0165851897439836,0.00829259487199179,0.0496,0.00307049963361014,0.0500078773286388,FALSE
50,"Localized",0.75,0.1,0.5,1,"Tail",-0.0271275085762082,-0.0135637542881041,0.0494,0.0030646252625729,0.05002107470007,FALSE
50,"Localized",0.75,0.1,0.5,2,"Uniform",-2.27124269483004e-05,-1.13562134741502e-05,0,0,0.0500000000147728,FALSE
50,"Localized",0.75,0.1,0.5,2,"Central",0.0165851897439836,0.00829259487199179,0.0494,0.0030646252625729,0.0500078773286388,FALSE
50,"Localized",0.75,0.1,0.5,2,"Tail",-0.0271275085762082,-0.0135637542881041,0.0496,0.00307049963361014,0.05002107470007,FALSE
50,"Localized",0.75,0.1,0.5,3,"Uniform",-2.27124269483004e-05,-1.13562134741502e-05,0,0,0.0500000000147728,FALSE
50,"Localized",0.75,0.1,0.5,3,"Central",0.0165851897439836,0.00829259487199179,0.0548,0.00321860093829602,0.0500078773286388,FALSE
50,"Localized",0.75,0.1,0.5,3,"Tail",-0.0271275085762082,-0.0135637542881041,0.055,0.0032241277890307,0.05002107470007,FALSE
50,"Localized",0.75,0.1,0.5,5,"Uniform",-2.27124269483004e-05,-1.13562134741502e-05,0,0,0.0500000000147728,FALSE
50,"Localized",0.75,0.1,0.5,5,"Central",0.0165851897439836,0.00829259487199179,0.0468,0.00298696367570816,0.0500078773286388,FALSE
50,"Localized",0.75,0.1,0.5,5,"Tail",-0.0271275085762082,-0.0135637542881041,0.0462,0.00296868859936505,0.05002107470007,FALSE
50,"Localized",0.75,0.1,0.5,8,"Uniform",-2.27124269483004e-05,-1.13562134741502e-05,0,0,0.0500000000147728,FALSE
50,"Localized",0.75,0.1,0.5,8,"Central",0.0165851897439836,0.00829259487199179,0.047,0.00299302522541993,0.0500078773286388,FALSE
50,"Localized",0.75,0.1,0.5,8,"Tail",-0.0271275085762082,-0.0135637542881041,0.0434,0.00288154264240528,0.05002107470007,FALSE
50,"Localized",0.75,0.1,1,1,"Uniform",-2.27124269483004e-05,-2.27124269483004e-05,0,0,0.0500000000590913,FALSE
50,"Localized",0.75,0.1,1,1,"Central",0.0165851897439836,0.0165851897439836,0.0554,0.00323514574633045,0.0500315097703187,FALSE
50,"Localized",0.75,0.1,1,1,"Tail",-0.0271275085762082,-0.0271275085762082,0.0558,0.00324611644892786,0.0500843020617354,FALSE
50,"Localized",0.75,0.1,1,2,"Uniform",-2.27124269483004e-05,-2.27124269483004e-05,0,0,0.0500000000590913,FALSE
50,"Localized",0.75,0.1,1,2,"Central",0.0165851897439836,0.0165851897439836,0.0544,0.0032075111847038,0.0500315097703187,FALSE
50,"Localized",0.75,0.1,1,2,"Tail",-0.0271275085762082,-0.0271275085762082,0.0464,0.00297479545515318,0.0500843020617354,FALSE
50,"Localized",0.75,0.1,1,3,"Uniform",-2.27124269483004e-05,-2.27124269483004e-05,0,0,0.0500000000590913,FALSE
50,"Localized",0.75,0.1,1,3,"Central",0.0165851897439836,0.0165851897439836,0.0648,0.00348140661227614,0.0500315097703187,FALSE
50,"Localized",0.75,0.1,1,3,"Tail",-0.0271275085762082,-0.0271275085762082,0.0492,0.00305873699425106,0.0500843020617354,FALSE
50,"Localized",0.75,0.1,1,5,"Uniform",-2.27124269483004e-05,-2.27124269483004e-05,0,0,0.0500000000590913,FALSE
50,"Localized",0.75,0.1,1,5,"Central",0.0165851897439836,0.0165851897439836,0.0482,0.00302908435009658,0.0500315097703187,FALSE
50,"Localized",0.75,0.1,1,5,"Tail",-0.0271275085762082,-0.0271275085762082,0.045,0.00293172304285381,0.0500843020617354,FALSE
50,"Localized",0.75,0.1,1,8,"Uniform",-2.27124269483004e-05,-2.27124269483004e-05,0,0,0.0500000000590913,FALSE
50,"Localized",0.75,0.1,1,8,"Central",0.0165851897439836,0.0165851897439836,0.0494,0.0030646252625729,0.0500315097703187,FALSE
50,"Localized",0.75,0.1,1,8,"Tail",-0.0271275085762082,-0.0271275085762082,0.0402,0.00277791144567281,0.0500843020617354,FALSE
50,"Localized",0.75,0.1,1.5,1,"Uniform",-2.27124269483004e-05,-3.40686404224506e-05,0,0,0.0500000001329553,FALSE
50,"Localized",0.75,0.1,1.5,1,"Central",0.0165851897439836,0.0248777846159754,0.06,0.00335857112474933,0.0500708986920069,FALSE
50,"Localized",0.75,0.1,1.5,1,"Tail",-0.0271275085762082,-0.0406912628643124,0.0414,0.00281730509529941,0.0501896918631887,FALSE
50,"Localized",0.75,0.1,1.5,2,"Uniform",-2.27124269483004e-05,-3.40686404224506e-05,0,0,0.0500000001329553,FALSE
50,"Localized",0.75,0.1,1.5,2,"Central",0.0165851897439836,0.0248777846159754,0.057,0.00327874976172321,0.0500708986920069,FALSE
50,"Localized",0.75,0.1,1.5,2,"Tail",-0.0271275085762082,-0.0406912628643124,0.0482,0.00302908435009658,0.0501896918631887,FALSE
50,"Localized",0.75,0.1,1.5,3,"Uniform",-2.27124269483004e-05,-3.40686404224506e-05,0,0,0.0500000001329553,FALSE
50,"Localized",0.75,0.1,1.5,3,"Central",0.0165851897439836,0.0248777846159754,0.055,0.0032241277890307,0.0500708986920069,FALSE
50,"Localized",0.75,0.1,1.5,3,"Tail",-0.0271275085762082,-0.0406912628643124,0.0468,0.00298696367570816,0.0501896918631887,FALSE
50,"Localized",0.75,0.1,1.5,5,"Uniform",-2.27124269483004e-05,-3.40686404224506e-05,0,0,0.0500000001329553,FALSE
50,"Localized",0.75,0.1,1.5,5,"Central",0.0165851897439836,0.0248777846159754,0.0604,0.00336903072114221,0.0500708986920069,FALSE
50,"Localized",0.75,0.1,1.5,5,"Tail",-0.0271275085762082,-0.0406912628643124,0.0374,0.00268332778467335,0.0501896918631887,FALSE
50,"Localized",0.75,0.1,1.5,8,"Uniform",-2.27124269483004e-05,-3.40686404224506e-05,0,0,0.0500000001329553,FALSE
50,"Localized",0.75,0.1,1.5,8,"Central",0.0165851897439836,0.0248777846159754,0.0522,0.00314563697841947,0.0500708986920069,FALSE
50,"Localized",0.75,0.1,1.5,8,"Tail",-0.0271275085762082,-0.0406912628643124,0.0356,0.00262040607540129,0.0501896918631887,FALSE
50,"Localized",0.75,0.1,2,1,"Uniform",-2.27124269483004e-05,-4.54248538966008e-05,0,0,0.050000000236365,FALSE
50,"Localized",0.75,0.1,2,1,"Central",0.0165851897439836,0.0331703794879672,0.0592,0.0033375248313683,0.0501260463709084,FALSE
50,"Localized",0.75,0.1,2,1,"Tail",-0.0271275085762082,-0.0542550171524165,0.0556,0.00324063697442339,0.0503372603808433,FALSE
50,"Localized",0.75,0.1,2,2,"Uniform",-2.27124269483004e-05,-4.54248538966008e-05,0,0,0.050000000236365,FALSE
50,"Localized",0.75,0.1,2,2,"Central",0.0165851897439836,0.0331703794879672,0.0672,0.00354073890593475,0.0501260463709084,FALSE
50,"Localized",0.75,0.1,2,2,"Tail",-0.0271275085762082,-0.0542550171524165,0.0428,0.00286245209566903,0.0503372603808433,FALSE
50,"Localized",0.75,0.1,2,3,"Uniform",-2.27124269483004e-05,-4.54248538966008e-05,0,0,0.050000000236365,FALSE
50,"Localized",0.75,0.1,2,3,"Central",0.0165851897439836,0.0331703794879672,0.065,0.00348640215695206,0.0501260463709084,FALSE
50,"Localized",0.75,0.1,2,3,"Tail",-0.0271275085762082,-0.0542550171524165,0.0476,0.00301112072159188,0.0503372603808433,FALSE
50,"Localized",0.75,0.1,2,5,"Uniform",-2.27124269483004e-05,-4.54248538966008e-05,0,0,0.050000000236365,FALSE
50,"Localized",0.75,0.1,2,5,"Central",0.0165851897439836,0.0331703794879672,0.0546,0.00321306209090332,0.0501260463709084,FALSE
50,"Localized",0.75,0.1,2,5,"Tail",-0.0271275085762082,-0.0542550171524165,0.0348,0.00259187036712873,0.0503372603808433,FALSE
50,"Localized",0.75,0.1,2,8,"Uniform",-2.27124269483004e-05,-4.54248538966008e-05,0,0,0.050000000236365,FALSE
50,"Localized",0.75,0.1,2,8,"Central",0.0165851897439836,0.0331703794879672,0.052,0.00313993630508646,0.0501260463709084,FALSE
50,"Localized",0.75,0.1,2,8,"Tail",-0.0271275085762082,-0.0542550171524165,0.035,0.00259903828367341,0.0503372603808433,FALSE
50,"Localized",0.75,0.2,0.5,1,"Uniform",-2.18959880655013e-05,-1.09479940327507e-05,0,0,0.0500000000137299,FALSE
50,"Localized",0.75,0.2,0.5,1,"Central",0.0282123738839925,0.0141061869419963,0.0518,0.0031342227106573,0.0500227940397899,FALSE
50,"Localized",0.75,0.2,0.5,1,"Tail",-0.046108049889496,-0.023054024944748,0.05,0.00308220700148449,0.0500608843498128,FALSE
50,"Localized",0.75,0.2,0.5,2,"Uniform",-2.18959880655013e-05,-1.09479940327507e-05,0,0,0.0500000000137299,FALSE
50,"Localized",0.75,0.2,0.5,2,"Central",0.0282123738839925,0.0141061869419963,0.049,0.00305283474822991,0.0500227940397899,FALSE
50,"Localized",0.75,0.2,0.5,2,"Tail",-0.046108049889496,-0.023054024944748,0.0504,0.00309385972532693,0.0500608843498128,FALSE
50,"Localized",0.75,0.2,0.5,3,"Uniform",-2.18959880655013e-05,-1.09479940327507e-05,0,0,0.0500000000137299,FALSE
50,"Localized",0.75,0.2,0.5,3,"Central",0.0282123738839925,0.0141061869419963,0.0522,0.00314563697841947,0.0500227940397899,FALSE
50,"Localized",0.75,0.2,0.5,3,"Tail",-0.046108049889496,-0.023054024944748,0.0438,0.00289418589589542,0.0500608843498128,FALSE
50,"Localized",0.75,0.2,0.5,5,"Uniform",-2.18959880655013e-05,-1.09479940327507e-05,0,0,0.0500000000137299,FALSE
50,"Localized",0.75,0.2,0.5,5,"Central",0.0282123738839925,0.0141061869419963,0.0498,0.00307636018697421,0.0500227940397899,FALSE
50,"Localized",0.75,0.2,0.5,5,"Tail",-0.046108049889496,-0.023054024944748,0.0484,0.00303504332753257,0.0500608843498128,FALSE
50,"Localized",0.75,0.2,0.5,8,"Uniform",-2.18959880655013e-05,-1.09479940327507e-05,0,0,0.0500000000137299,FALSE
50,"Localized",0.75,0.2,0.5,8,"Central",0.0282123738839925,0.0141061869419963,0.0466,0.00298088711627931,0.0500227940397899,FALSE
50,"Localized",0.75,0.2,0.5,8,"Tail",-0.046108049889496,-0.023054024944748,0.0472,0.00299907185642492,0.0500608843498128,FALSE
50,"Localized",0.75,0.2,1,1,"Uniform",-2.18959880655013e-05,-2.18959880655013e-05,0,0,0.0500000000549194,FALSE
50,"Localized",0.75,0.2,1,1,"Central",0.0282123738839925,0.0282123738839925,0.05,0.00308220700148449,0.0500911799743755,FALSE
50,"Localized",0.75,0.2,1,1,"Tail",-0.046108049889496,-0.046108049889496,0.0494,0.0030646252625729,0.0502435646024483,FALSE
50,"Localized",0.75,0.2,1,2,"Uniform",-2.18959880655013e-05,-2.18959880655013e-05,0,0,0.0500000000549194,FALSE
50,"Localized",0.75,0.2,1,2,"Central",0.0282123738839925,0.0282123738839925,0.0478,0.00301712313305241,0.0500911799743755,FALSE
50,"Localized",0.75,0.2,1,2,"Tail",-0.046108049889496,-0.046108049889496,0.045,0.00293172304285381,0.0502435646024483,FALSE
50,"Localized",0.75,0.2,1,3,"Uniform",-2.18959880655013e-05,-2.18959880655013e-05,0,0,0.0500000000549194,FALSE
50,"Localized",0.75,0.2,1,3,"Central",0.0282123738839925,0.0282123738839925,0.048,0.00302311098043059,0.0500911799743755,FALSE
50,"Localized",0.75,0.2,1,3,"Tail",-0.046108049889496,-0.046108049889496,0.0498,0.00307636018697421,0.0502435646024483,FALSE
50,"Localized",0.75,0.2,1,5,"Uniform",-2.18959880655013e-05,-2.18959880655013e-05,0,0,0.0500000000549194,FALSE
50,"Localized",0.75,0.2,1,5,"Central",0.0282123738839925,0.0282123738839925,0.0456,0.00295027591929975,0.0500911799743755,FALSE
50,"Localized",0.75,0.2,1,5,"Tail",-0.046108049889496,-0.046108049889496,0.0494,0.0030646252625729,0.0502435646024483,FALSE
50,"Localized",0.75,0.2,1,8,"Uniform",-2.18959880655013e-05,-2.18959880655013e-05,0,0,0.0500000000549194,FALSE
50,"Localized",0.75,0.2,1,8,"Central",0.0282123738839925,0.0282123738839925,0.046,0.00296256645495084,0.0500911799743755,FALSE
50,"Localized",0.75,0.2,1,8,"Tail",-0.046108049889496,-0.046108049889496,0.047,0.00299302522541993,0.0502435646024483,FALSE
50,"Localized",0.75,0.2,1.5,1,"Uniform",-2.18959880655013e-05,-3.2843982098252e-05,0,0,0.0500000001235685,FALSE
50,"Localized",0.75,0.2,1.5,1,"Central",0.0282123738839925,0.0423185608259888,0.0578,0.00330027756408457,0.0502051692415944,FALSE
50,"Localized",0.75,0.2,1.5,1,"Tail",-0.046108049889496,-0.069162074834244,0.057,0.00327874976172321,0.0505481222187061,FALSE
50,"Localized",0.75,0.2,1.5,2,"Uniform",-2.18959880655013e-05,-3.2843982098252e-05,0,0,0.0500000001235685,FALSE
50,"Localized",0.75,0.2,1.5,2,"Central",0.0282123738839925,0.0423185608259888,0.0482,0.00302908435009658,0.0502051692415944,FALSE
50,"Localized",0.75,0.2,1.5,2,"Tail",-0.046108049889496,-0.069162074834244,0.0498,0.00307636018697421,0.0505481222187061,FALSE
50,"Localized",0.75,0.2,1.5,3,"Uniform",-2.18959880655013e-05,-3.2843982098252e-05,0,0,0.0500000001235685,FALSE
50,"Localized",0.75,0.2,1.5,3,"Central",0.0282123738839925,0.0423185608259888,0.0482,0.00302908435009658,0.0502051692415944,FALSE
50,"Localized",0.75,0.2,1.5,3,"Tail",-0.046108049889496,-0.069162074834244,0.0532,0.00317394895989208,0.0505481222187061,FALSE
50,"Localized",0.75,0.2,1.5,5,"Uniform",-2.18959880655013e-05,-3.2843982098252e-05,0,0,0.0500000001235685,FALSE
50,"Localized",0.75,0.2,1.5,5,"Central",0.0282123738839925,0.0423185608259888,0.0474,0.00300510365877785,0.0502051692415944,FALSE
50,"Localized",0.75,0.2,1.5,5,"Tail",-0.046108049889496,-0.069162074834244,0.0396,0.00275796446677618,0.0505481222187061,FALSE
50,"Localized",0.75,0.2,1.5,8,"Uniform",-2.18959880655013e-05,-3.2843982098252e-05,0,0,0.0500000001235685,FALSE
50,"Localized",0.75,0.2,1.5,8,"Central",0.0282123738839925,0.0423185608259888,0.05,0.00308220700148449,0.0502051692415944,FALSE
50,"Localized",0.75,0.2,1.5,8,"Tail",-0.046108049889496,-0.069162074834244,0.0446,0.00291927525252416,0.0505481222187061,FALSE
50,"Localized",0.75,0.2,2,1,"Uniform",-2.18959880655013e-05,-4.37919761310026e-05,0,0,0.0500000002196773,FALSE
50,"Localized",0.75,0.2,2,1,"Central",0.0282123738839925,0.0564247477679851,0.0558,0.00324611644892786,0.050364780878478,FALSE
50,"Localized",0.75,0.2,2,1,"Tail",-0.046108049889496,-0.092216099778992,0.0518,0.0031342227106573,0.0509746924710218,FALSE
50,"Localized",0.75,0.2,2,2,"Uniform",-2.18959880655013e-05,-4.37919761310026e-05,0,0,0.0500000002196773,FALSE
50,"Localized",0.75,0.2,2,2,"Central",0.0282123738839925,0.0564247477679851,0.0492,0.00305873699425106,0.050364780878478,FALSE
50,"Localized",0.75,0.2,2,2,"Tail",-0.046108049889496,-0.092216099778992,0.048,0.00302311098043059,0.0509746924710218,FALSE
50,"Localized",0.75,0.2,2,3,"Uniform",-2.18959880655013e-05,-4.37919761310026e-05,0,0,0.0500000002196773,FALSE
50,"Localized",0.75,0.2,2,3,"Central",0.0282123738839925,0.0564247477679851,0.0564,0.00326248494249399,0.050364780878478,FALSE
50,"Localized",0.75,0.2,2,3,"Tail",-0.046108049889496,-0.092216099778992,0.0494,0.0030646252625729,0.0509746924710218,FALSE
50,"Localized",0.75,0.2,2,5,"Uniform",-2.18959880655013e-05,-4.37919761310026e-05,0,0,0.0500000002196773,FALSE
50,"Localized",0.75,0.2,2,5,"Central",0.0282123738839925,0.0564247477679851,0.0464,0.00297479545515318,0.050364780878478,FALSE
50,"Localized",0.75,0.2,2,5,"Tail",-0.046108049889496,-0.092216099778992,0.0484,0.00303504332753257,0.0509746924710218,FALSE
50,"Localized",0.75,0.2,2,8,"Uniform",-2.18959880655013e-05,-4.37919761310026e-05,0,0,0.0500000002196773,FALSE
50,"Localized",0.75,0.2,2,8,"Central",0.0282123738839925,0.0564247477679851,0.0502,0.00308804015517933,0.050364780878478,FALSE
50,"Localized",0.75,0.2,2,8,"Tail",-0.046108049889496,-0.092216099778992,0.0412,0.00281078494374792,0.0509746924710218,FALSE
100,"Linear",NA,NA,0.5,1,"Uniform",4.56700082322557e-17,2.28350041161279e-17,0,0,0.0500000000000001,TRUE
100,"Linear",NA,NA,0.5,1,"Central",-1.09855274925353e-19,-5.49276374626766e-20,0.0488,0.00304691844328003,0.0500000000000001,TRUE
100,"Linear",NA,NA,0.5,1,"Tail",1.07213309997844e-16,5.36066549989218e-17,0.051,0.00311123769583746,0.0500000000000001,TRUE
100,"Linear",NA,NA,0.5,2,"Uniform",4.56700082322557e-17,2.28350041161279e-17,0,0,0.0500000000000001,TRUE
100,"Linear",NA,NA,0.5,2,"Central",-1.09855274925353e-19,-5.49276374626766e-20,0.0454,0.00294410733499986,0.0500000000000001,TRUE
100,"Linear",NA,NA,0.5,2,"Tail",1.07213309997844e-16,5.36066549989218e-17,0.0408,0.00279769047608916,0.0500000000000001,TRUE
100,"Linear",NA,NA,0.5,3,"Uniform",4.56700082322557e-17,2.28350041161279e-17,0,0,0.0500000000000001,TRUE
100,"Linear",NA,NA,0.5,3,"Central",-1.09855274925353e-19,-5.49276374626766e-20,0.05,0.00308220700148449,0.0500000000000001,TRUE
100,"Linear",NA,NA,0.5,3,"Tail",1.07213309997844e-16,5.36066549989218e-17,0.0506,0.00309966578843591,0.0500000000000001,TRUE
100,"Linear",NA,NA,0.5,5,"Uniform",4.56700082322557e-17,2.28350041161279e-17,0,0,0.0500000000000001,TRUE
100,"Linear",NA,NA,0.5,5,"Central",-1.09855274925353e-19,-5.49276374626766e-20,0.0498,0.00307636018697421,0.0500000000000001,TRUE
100,"Linear",NA,NA,0.5,5,"Tail",1.07213309997844e-16,5.36066549989218e-17,0.0524,0.00315132480077824,0.0500000000000001,TRUE
100,"Linear",NA,NA,0.5,8,"Uniform",4.56700082322557e-17,2.28350041161279e-17,0,0,0.0500000000000001,TRUE
100,"Linear",NA,NA,0.5,8,"Central",-1.09855274925353e-19,-5.49276374626766e-20,0.0492,0.00305873699425106,0.0500000000000001,TRUE
100,"Linear",NA,NA,0.5,8,"Tail",1.07213309997844e-16,5.36066549989218e-17,0.056,0.00325158422926425,0.0500000000000001,TRUE
100,"Linear",NA,NA,1,1,"Uniform",4.56700082322557e-17,4.56700082322557e-17,0,0,0.0500000000000001,TRUE
100,"Linear",NA,NA,1,1,"Central",-1.09855274925353e-19,-1.09855274925353e-19,0.048,0.00302311098043059,0.0500000000000001,TRUE
100,"Linear",NA,NA,1,1,"Tail",1.07213309997844e-16,1.07213309997844e-16,0.0522,0.00314563697841947,0.0500000000000001,TRUE
100,"Linear",NA,NA,1,2,"Uniform",4.56700082322557e-17,4.56700082322557e-17,0,0,0.0500000000000001,TRUE
100,"Linear",NA,NA,1,2,"Central",-1.09855274925353e-19,-1.09855274925353e-19,0.048,0.00302311098043059,0.0500000000000001,TRUE
100,"Linear",NA,NA,1,2,"Tail",1.07213309997844e-16,1.07213309997844e-16,0.045,0.00293172304285381,0.0500000000000001,TRUE
100,"Linear",NA,NA,1,3,"Uniform",4.56700082322557e-17,4.56700082322557e-17,0,0,0.0500000000000001,TRUE
100,"Linear",NA,NA,1,3,"Central",-1.09855274925353e-19,-1.09855274925353e-19,0.042,0.00283675871374356,0.0500000000000001,TRUE
100,"Linear",NA,NA,1,3,"Tail",1.07213309997844e-16,1.07213309997844e-16,0.0538,0.00319078548323136,0.0500000000000001,TRUE
100,"Linear",NA,NA,1,5,"Uniform",4.56700082322557e-17,4.56700082322557e-17,0,0,0.0500000000000001,TRUE
100,"Linear",NA,NA,1,5,"Central",-1.09855274925353e-19,-1.09855274925353e-19,0.0406,0.00279111590586991,0.0500000000000001,TRUE
100,"Linear",NA,NA,1,5,"Tail",1.07213309997844e-16,1.07213309997844e-16,0.0496,0.00307049963361014,0.0500000000000001,TRUE
100,"Linear",NA,NA,1,8,"Uniform",4.56700082322557e-17,4.56700082322557e-17,0,0,0.0500000000000001,TRUE
100,"Linear",NA,NA,1,8,"Central",-1.09855274925353e-19,-1.09855274925353e-19,0.0494,0.0030646252625729,0.0500000000000001,TRUE
100,"Linear",NA,NA,1,8,"Tail",1.07213309997844e-16,1.07213309997844e-16,0.0656,0.00350133231784702,0.0500000000000001,TRUE
100,"Linear",NA,NA,1.5,1,"Uniform",4.56700082322557e-17,6.85050123483836e-17,0,0,0.0500000000000001,TRUE
100,"Linear",NA,NA,1.5,1,"Central",-1.09855274925353e-19,-1.6478291238803e-19,0.0488,0.00304691844328003,0.0500000000000001,TRUE
100,"Linear",NA,NA,1.5,1,"Tail",1.07213309997844e-16,1.60819964996765e-16,0.0608,0.00337944847571316,0.0500000000000001,TRUE
100,"Linear",NA,NA,1.5,2,"Uniform",4.56700082322557e-17,6.85050123483836e-17,0,0,0.0500000000000001,TRUE
100,"Linear",NA,NA,1.5,2,"Central",-1.09855274925353e-19,-1.6478291238803e-19,0.0462,0.00296868859936505,0.0500000000000001,TRUE
100,"Linear",NA,NA,1.5,2,"Tail",1.07213309997844e-16,1.60819964996765e-16,0.054,0.00319637294444813,0.0500000000000001,TRUE
100,"Linear",NA,NA,1.5,3,"Uniform",4.56700082322557e-17,6.85050123483836e-17,0,0,0.0500000000000001,TRUE
100,"Linear",NA,NA,1.5,3,"Central",-1.09855274925353e-19,-1.6478291238803e-19,0.042,0.00283675871374356,0.0500000000000001,TRUE
100,"Linear",NA,NA,1.5,3,"Tail",1.07213309997844e-16,1.60819964996765e-16,0.0572,0.00328414859590732,0.0500000000000001,TRUE
100,"Linear",NA,NA,1.5,5,"Uniform",4.56700082322557e-17,6.85050123483836e-17,0,0,0.0500000000000001,TRUE
100,"Linear",NA,NA,1.5,5,"Central",-1.09855274925353e-19,-1.6478291238803e-19,0.0432,0.00287519599331941,0.0500000000000001,TRUE
100,"Linear",NA,NA,1.5,5,"Tail",1.07213309997844e-16,1.60819964996765e-16,0.0648,0.00348140661227614,0.0500000000000001,TRUE
100,"Linear",NA,NA,1.5,8,"Uniform",4.56700082322557e-17,6.85050123483836e-17,0,0,0.0500000000000001,TRUE
100,"Linear",NA,NA,1.5,8,"Central",-1.09855274925353e-19,-1.6478291238803e-19,0.0486,0.0030409879973456,0.0500000000000001,TRUE
100,"Linear",NA,NA,1.5,8,"Tail",1.07213309997844e-16,1.60819964996765e-16,0.0724,0.00366492128155572,0.0500000000000001,TRUE
100,"Linear",NA,NA,2,1,"Uniform",4.56700082322557e-17,9.13400164645114e-17,0,0,0.0500000000000001,TRUE
100,"Linear",NA,NA,2,1,"Central",-1.09855274925353e-19,-2.19710549850706e-19,0.0456,0.00295027591929975,0.0500000000000001,TRUE
100,"Linear",NA,NA,2,1,"Tail",1.07213309997844e-16,2.14426619995687e-16,0.0596,0.00334806929438445,0.0500000000000001,TRUE
100,"Linear",NA,NA,2,2,"Uniform",4.56700082322557e-17,9.13400164645114e-17,0,0,0.0500000000000001,TRUE
100,"Linear",NA,NA,2,2,"Central",-1.09855274925353e-19,-2.19710549850706e-19,0.0418,0.00283029185774188,0.0500000000000001,TRUE
100,"Linear",NA,NA,2,2,"Tail",1.07213309997844e-16,2.14426619995687e-16,0.0626,0.00342582077756557,0.0500000000000001,TRUE
100,"Linear",NA,NA,2,3,"Uniform",4.56700082322557e-17,9.13400164645114e-17,0,0,0.0500000000000001,TRUE
100,"Linear",NA,NA,2,3,"Central",-1.09855274925353e-19,-2.19710549850706e-19,0.041,0.00280424677944007,0.0500000000000001,TRUE
100,"Linear",NA,NA,2,3,"Tail",1.07213309997844e-16,2.14426619995687e-16,0.0644,0.00347138704266753,0.0500000000000001,TRUE
100,"Linear",NA,NA,2,5,"Uniform",4.56700082322557e-17,9.13400164645114e-17,0,0,0.0500000000000001,TRUE
100,"Linear",NA,NA,2,5,"Central",-1.09855274925353e-19,-2.19710549850706e-19,0.0352,0.00260618341641566,0.0500000000000001,TRUE
100,"Linear",NA,NA,2,5,"Tail",1.07213309997844e-16,2.14426619995687e-16,0.0796,0.00382789341544406,0.0500000000000001,TRUE
100,"Linear",NA,NA,2,8,"Uniform",4.56700082322557e-17,9.13400164645114e-17,0,0,0.0500000000000001,TRUE
100,"Linear",NA,NA,2,8,"Central",-1.09855274925353e-19,-2.19710549850706e-19,0.0426,0.00285605462132642,0.0500000000000001,TRUE
100,"Linear",NA,NA,2,8,"Tail",1.07213309997844e-16,2.14426619995687e-16,0.0832,0.00390583563402251,0.0500000000000001,TRUE
100,"Quadratic",NA,NA,0.5,1,"Uniform",0.000100000000000046,5.0000000000023e-05,0,0,0.0500000002863757,FALSE
100,"Quadratic",NA,NA,0.5,1,"Central",-0.182565066938613,-0.0912825334693063,0.055,0.0032241277890307,0.0509550460167297,FALSE
100,"Quadratic",NA,NA,0.5,1,"Tail",0.298276554122463,0.149138277061231,0.0484,0.00303504332753257,0.0525517956416884,FALSE
100,"Quadratic",NA,NA,0.5,2,"Uniform",0.000100000000000046,5.0000000000023e-05,0,0,0.0500000002863757,FALSE
100,"Quadratic",NA,NA,0.5,2,"Central",-0.182565066938613,-0.0912825334693063,0.0536,0.00318518570887162,0.0509550460167297,FALSE
100,"Quadratic",NA,NA,0.5,2,"Tail",0.298276554122463,0.149138277061231,0.0418,0.00283029185774188,0.0525517956416884,FALSE
100,"Quadratic",NA,NA,0.5,3,"Uniform",0.000100000000000046,5.0000000000023e-05,0,0,0.0500000002863757,FALSE
100,"Quadratic",NA,NA,0.5,3,"Central",-0.182565066938613,-0.0912825334693063,0.051,0.00311123769583746,0.0509550460167297,FALSE
100,"Quadratic",NA,NA,0.5,3,"Tail",0.298276554122463,0.149138277061231,0.0428,0.00286245209566903,0.0525517956416884,FALSE
100,"Quadratic",NA,NA,0.5,5,"Uniform",0.000100000000000046,5.0000000000023e-05,0,0,0.0500000002863757,FALSE
100,"Quadratic",NA,NA,0.5,5,"Central",-0.182565066938613,-0.0912825334693063,0.044,0.00290048271844533,0.0509550460167297,FALSE
100,"Quadratic",NA,NA,0.5,5,"Tail",0.298276554122463,0.149138277061231,0.0452,0.00293792307591605,0.0525517956416884,FALSE
100,"Quadratic",NA,NA,0.5,8,"Uniform",0.000100000000000046,5.0000000000023e-05,0,0,0.0500000002863757,FALSE
100,"Quadratic",NA,NA,0.5,8,"Central",-0.182565066938613,-0.0912825334693063,0.0524,0.00315132480077824,0.0509550460167297,FALSE
100,"Quadratic",NA,NA,0.5,8,"Tail",0.298276554122463,0.149138277061231,0.056,0.00325158422926425,0.0525517956416884,FALSE
100,"Quadratic",NA,NA,1,1,"Uniform",0.000100000000000046,0.000100000000000046,0,0,0.0500000011455023,FALSE
100,"Quadratic",NA,NA,1,1,"Central",-0.182565066938613,-0.182565066938613,0.0662,0.00351617860752266,0.0538267811162567,FALSE
100,"Quadratic",NA,NA,1,1,"Tail",0.298276554122463,0.298276554122463,0.036,0.00263453980801202,0.0602530649228937,FALSE
100,"Quadratic",NA,NA,1,2,"Uniform",0.000100000000000046,0.000100000000000046,0,0,0.0500000011455023,FALSE
100,"Quadratic",NA,NA,1,2,"Central",-0.182565066938613,-0.182565066938613,0.063,0.00343601513384327,0.0538267811162567,FALSE
100,"Quadratic",NA,NA,1,2,"Tail",0.298276554122463,0.298276554122463,0.0312,0.00245872161905328,0.0602530649228937,FALSE
100,"Quadratic",NA,NA,1,3,"Uniform",0.000100000000000046,0.000100000000000046,0,0,0.0500000011455023,FALSE
100,"Quadratic",NA,NA,1,3,"Central",-0.182565066938613,-0.182565066938613,0.0584,0.00331630637909105,0.0538267811162567,FALSE
100,"Quadratic",NA,NA,1,3,"Tail",0.298276554122463,0.298276554122463,0.0428,0.00286245209566903,0.0602530649228937,FALSE
100,"Quadratic",NA,NA,1,5,"Uniform",0.000100000000000046,0.000100000000000046,0,0,0.0500000011455023,FALSE
100,"Quadratic",NA,NA,1,5,"Central",-0.182565066938613,-0.182565066938613,0.0466,0.00298088711627931,0.0538267811162567,FALSE
100,"Quadratic",NA,NA,1,5,"Tail",0.298276554122463,0.298276554122463,0.0454,0.00294410733499986,0.0602530649228937,FALSE
100,"Quadratic",NA,NA,1,8,"Uniform",0.000100000000000046,0.000100000000000046,0,0,0.0500000011455023,FALSE
100,"Quadratic",NA,NA,1,8,"Central",-0.182565066938613,-0.182565066938613,0.053,0.00316831185333767,0.0538267811162567,FALSE
100,"Quadratic",NA,NA,1,8,"Tail",0.298276554122463,0.298276554122463,0.064,0.00346132922444543,0.0602530649228937,FALSE
100,"Quadratic",NA,NA,1.5,1,"Uniform",0.000100000000000046,0.000150000000000069,0,0,0.0500000025773803,FALSE
100,"Quadratic",NA,NA,1.5,1,"Central",-0.182565066938613,-0.273847600407919,0.0748,0.00372034837078465,0.0586344289023913,FALSE
100,"Quadratic",NA,NA,1.5,1,"Tail",0.298276554122463,0.447414831183694,0.028,0.00233306665142683,0.073230855938243,FALSE
100,"Quadratic",NA,NA,1.5,2,"Uniform",0.000100000000000046,0.000150000000000069,0,0,0.0500000025773803,FALSE
100,"Quadratic",NA,NA,1.5,2,"Central",-0.182565066938613,-0.273847600407919,0.0622,0.00341558662604244,0.0586344289023913,FALSE
100,"Quadratic",NA,NA,1.5,2,"Tail",0.298276554122463,0.447414831183694,0.0302,0.00242024626846112,0.073230855938243,FALSE
100,"Quadratic",NA,NA,1.5,3,"Uniform",0.000100000000000046,0.000150000000000069,0,0,0.0500000025773803,FALSE
100,"Quadratic",NA,NA,1.5,3,"Central",-0.182565066938613,-0.273847600407919,0.0608,0.00337944847571316,0.0586344289023913,FALSE
100,"Quadratic",NA,NA,1.5,3,"Tail",0.298276554122463,0.447414831183694,0.0382,0.0027107474983849,0.073230855938243,FALSE
100,"Quadratic",NA,NA,1.5,5,"Uniform",0.000100000000000046,0.000150000000000069,0,0,0.0500000025773803,FALSE
100,"Quadratic",NA,NA,1.5,5,"Central",-0.182565066938613,-0.273847600407919,0.0474,0.00300510365877785,0.0586344289023913,FALSE
100,"Quadratic",NA,NA,1.5,5,"Tail",0.298276554122463,0.447414831183694,0.0492,0.00305873699425106,0.073230855938243,FALSE
100,"Quadratic",NA,NA,1.5,8,"Uniform",0.000100000000000046,0.000150000000000069,0,0,0.0500000025773803,FALSE
100,"Quadratic",NA,NA,1.5,8,"Central",-0.182565066938613,-0.273847600407919,0.0512,0.0031170036894428,0.0586344289023913,FALSE
100,"Quadratic",NA,NA,1.5,8,"Tail",0.298276554122463,0.447414831183694,0.0696,0.00359877312427444,0.073230855938243,FALSE
100,"Quadratic",NA,NA,2,1,"Uniform",0.000100000000000046,0.000200000000000092,0,0,0.0500000045820093,FALSE
100,"Quadratic",NA,NA,2,1,"Central",-0.182565066938613,-0.365130133877225,0.0878,0.00400227835113951,0.0654081616143587,FALSE
100,"Quadratic",NA,NA,2,1,"Tail",0.298276554122463,0.596553108244926,0.0258,0.00224206868761865,0.091662821447148,FALSE
100,"Quadratic",NA,NA,2,2,"Uniform",0.000100000000000046,0.000200000000000092,0,0,0.0500000045820093,FALSE
100,"Quadratic",NA,NA,2,2,"Central",-0.182565066938613,-0.365130133877225,0.0746,0.00371577286711661,0.0654081616143587,FALSE
100,"Quadratic",NA,NA,2,2,"Tail",0.298276554122463,0.596553108244926,0.0256,0.00223359083092674,0.091662821447148,FALSE
100,"Quadratic",NA,NA,2,3,"Uniform",0.000100000000000046,0.000200000000000092,0,0,0.0500000045820093,FALSE
100,"Quadratic",NA,NA,2,3,"Central",-0.182565066938613,-0.365130133877225,0.0584,0.00331630637909105,0.0654081616143587,FALSE
100,"Quadratic",NA,NA,2,3,"Tail",0.298276554122463,0.596553108244926,0.0326,0.00251146331846595,0.091662821447148,FALSE
100,"Quadratic",NA,NA,2,5,"Uniform",0.000100000000000046,0.000200000000000092,0,0,0.0500000045820093,FALSE
100,"Quadratic",NA,NA,2,5,"Central",-0.182565066938613,-0.365130133877225,0.0514,0.00312275647465504,0.0654081616143587,FALSE
100,"Quadratic",NA,NA,2,5,"Tail",0.298276554122463,0.596553108244926,0.0478,0.00301712313305241,0.091662821447148,FALSE
100,"Quadratic",NA,NA,2,8,"Uniform",0.000100000000000046,0.000200000000000092,0,0,0.0500000045820093,FALSE
100,"Quadratic",NA,NA,2,8,"Central",-0.182565066938613,-0.365130133877225,0.052,0.00313993630508646,0.0654081616143587,FALSE
100,"Quadratic",NA,NA,2,8,"Tail",0.298276554122463,0.596553108244926,0.0768,0.00376568081493905,0.091662821447148,FALSE
100,"Oscillatory",NA,NA,0.5,1,"Uniform",-7.53954689429551e-19,-3.76977344714775e-19,0,0,0.0500000000000001,TRUE
100,"Oscillatory",NA,NA,0.5,1,"Central",3.47782333417008e-17,1.73891166708504e-17,0.0488,0.00304691844328003,0.0500000000000001,TRUE
100,"Oscillatory",NA,NA,0.5,1,"Tail",-5.61365292553813e-17,-2.80682646276906e-17,0.0532,0.00317394895989208,0.0500000000000001,TRUE
100,"Oscillatory",NA,NA,0.5,2,"Uniform",-7.53954689429551e-19,-3.76977344714775e-19,0,0,0.0500000000000001,TRUE
100,"Oscillatory",NA,NA,0.5,2,"Central",3.47782333417008e-17,1.73891166708504e-17,0.05,0.00308220700148449,0.0500000000000001,TRUE
100,"Oscillatory",NA,NA,0.5,2,"Tail",-5.61365292553813e-17,-2.80682646276906e-17,0.0464,0.00297479545515318,0.0500000000000001,TRUE
100,"Oscillatory",NA,NA,0.5,3,"Uniform",-7.53954689429551e-19,-3.76977344714775e-19,0,0,0.0500000000000001,TRUE
100,"Oscillatory",NA,NA,0.5,3,"Central",3.47782333417008e-17,1.73891166708504e-17,0.044,0.00290048271844533,0.0500000000000001,TRUE
100,"Oscillatory",NA,NA,0.5,3,"Tail",-5.61365292553813e-17,-2.80682646276906e-17,0.0486,0.0030409879973456,0.0500000000000001,TRUE
100,"Oscillatory",NA,NA,0.5,5,"Uniform",-7.53954689429551e-19,-3.76977344714775e-19,0,0,0.0500000000000001,TRUE
100,"Oscillatory",NA,NA,0.5,5,"Central",3.47782333417008e-17,1.73891166708504e-17,0.0434,0.00288154264240528,0.0500000000000001,TRUE
100,"Oscillatory",NA,NA,0.5,5,"Tail",-5.61365292553813e-17,-2.80682646276906e-17,0.0486,0.0030409879973456,0.0500000000000001,TRUE
100,"Oscillatory",NA,NA,0.5,8,"Uniform",-7.53954689429551e-19,-3.76977344714775e-19,0,0,0.0500000000000001,TRUE
100,"Oscillatory",NA,NA,0.5,8,"Central",3.47782333417008e-17,1.73891166708504e-17,0.051,0.00311123769583746,0.0500000000000001,TRUE
100,"Oscillatory",NA,NA,0.5,8,"Tail",-5.61365292553813e-17,-2.80682646276906e-17,0.0514,0.00312275647465504,0.0500000000000001,TRUE
100,"Oscillatory",NA,NA,1,1,"Uniform",-7.53954689429551e-19,-7.53954689429551e-19,0,0,0.0500000000000001,TRUE
100,"Oscillatory",NA,NA,1,1,"Central",3.47782333417008e-17,3.47782333417008e-17,0.046,0.00296256645495084,0.0500000000000001,TRUE
100,"Oscillatory",NA,NA,1,1,"Tail",-5.61365292553813e-17,-5.61365292553813e-17,0.0544,0.0032075111847038,0.0500000000000001,TRUE
100,"Oscillatory",NA,NA,1,2,"Uniform",-7.53954689429551e-19,-7.53954689429551e-19,0,0,0.0500000000000001,TRUE
100,"Oscillatory",NA,NA,1,2,"Central",3.47782333417008e-17,3.47782333417008e-17,0.0464,0.00297479545515318,0.0500000000000001,TRUE
100,"Oscillatory",NA,NA,1,2,"Tail",-5.61365292553813e-17,-5.61365292553813e-17,0.0444,0.00291302729132427,0.0500000000000001,TRUE
100,"Oscillatory",NA,NA,1,3,"Uniform",-7.53954689429551e-19,-7.53954689429551e-19,0,0,0.0500000000000001,TRUE
100,"Oscillatory",NA,NA,1,3,"Central",3.47782333417008e-17,3.47782333417008e-17,0.0514,0.00312275647465504,0.0500000000000001,TRUE
100,"Oscillatory",NA,NA,1,3,"Tail",-5.61365292553813e-17,-5.61365292553813e-17,0.05,0.00308220700148449,0.0500000000000001,TRUE
100,"Oscillatory",NA,NA,1,5,"Uniform",-7.53954689429551e-19,-7.53954689429551e-19,0,0,0.0500000000000001,TRUE
100,"Oscillatory",NA,NA,1,5,"Central",3.47782333417008e-17,3.47782333417008e-17,0.0432,0.00287519599331941,0.0500000000000001,TRUE
100,"Oscillatory",NA,NA,1,5,"Tail",-5.61365292553813e-17,-5.61365292553813e-17,0.051,0.00311123769583746,0.0500000000000001,TRUE
100,"Oscillatory",NA,NA,1,8,"Uniform",-7.53954689429551e-19,-7.53954689429551e-19,0,0,0.0500000000000001,TRUE
100,"Oscillatory",NA,NA,1,8,"Central",3.47782333417008e-17,3.47782333417008e-17,0.053,0.00316831185333767,0.0500000000000001,TRUE
100,"Oscillatory",NA,NA,1,8,"Tail",-5.61365292553813e-17,-5.61365292553813e-17,0.05,0.00308220700148449,0.0500000000000001,TRUE
100,"Oscillatory",NA,NA,1.5,1,"Uniform",-7.53954689429551e-19,-1.13093203414433e-18,0,0,0.0500000000000001,TRUE
100,"Oscillatory",NA,NA,1.5,1,"Central",3.47782333417008e-17,5.21673500125512e-17,0.0498,0.00307636018697421,0.0500000000000001,TRUE
100,"Oscillatory",NA,NA,1.5,1,"Tail",-5.61365292553813e-17,-8.42047938830719e-17,0.0512,0.0031170036894428,0.0500000000000001,TRUE
100,"Oscillatory",NA,NA,1.5,2,"Uniform",-7.53954689429551e-19,-1.13093203414433e-18,0,0,0.0500000000000001,TRUE
100,"Oscillatory",NA,NA,1.5,2,"Central",3.47782333417008e-17,5.21673500125512e-17,0.049,0.00305283474822991,0.0500000000000001,TRUE
100,"Oscillatory",NA,NA,1.5,2,"Tail",-5.61365292553813e-17,-8.42047938830719e-17,0.043,0.00286883251515316,0.0500000000000001,TRUE
100,"Oscillatory",NA,NA,1.5,3,"Uniform",-7.53954689429551e-19,-1.13093203414433e-18,0,0,0.0500000000000001,TRUE
100,"Oscillatory",NA,NA,1.5,3,"Central",3.47782333417008e-17,5.21673500125512e-17,0.0456,0.00295027591929975,0.0500000000000001,TRUE
100,"Oscillatory",NA,NA,1.5,3,"Tail",-5.61365292553813e-17,-8.42047938830719e-17,0.045,0.00293172304285381,0.0500000000000001,TRUE
100,"Oscillatory",NA,NA,1.5,5,"Uniform",-7.53954689429551e-19,-1.13093203414433e-18,0,0,0.0500000000000001,TRUE
100,"Oscillatory",NA,NA,1.5,5,"Central",3.47782333417008e-17,5.21673500125512e-17,0.04,0.0027712812921102,0.0500000000000001,TRUE
100,"Oscillatory",NA,NA,1.5,5,"Tail",-5.61365292553813e-17,-8.42047938830719e-17,0.0494,0.0030646252625729,0.0500000000000001,TRUE
100,"Oscillatory",NA,NA,1.5,8,"Uniform",-7.53954689429551e-19,-1.13093203414433e-18,0,0,0.0500000000000001,TRUE
100,"Oscillatory",NA,NA,1.5,8,"Central",3.47782333417008e-17,5.21673500125512e-17,0.0526,0.00315699984162179,0.0500000000000001,TRUE
100,"Oscillatory",NA,NA,1.5,8,"Tail",-5.61365292553813e-17,-8.42047938830719e-17,0.05,0.00308220700148449,0.0500000000000001,TRUE
100,"Oscillatory",NA,NA,2,1,"Uniform",-7.53954689429551e-19,-1.5079093788591e-18,0,0,0.0500000000000001,TRUE
100,"Oscillatory",NA,NA,2,1,"Central",3.47782333417008e-17,6.95564666834016e-17,0.053,0.00316831185333767,0.0500000000000001,TRUE
100,"Oscillatory",NA,NA,2,1,"Tail",-5.61365292553813e-17,-1.12273058510763e-16,0.0488,0.00304691844328003,0.0500000000000001,TRUE
100,"Oscillatory",NA,NA,2,2,"Uniform",-7.53954689429551e-19,-1.5079093788591e-18,0,0,0.0500000000000001,TRUE
100,"Oscillatory",NA,NA,2,2,"Central",3.47782333417008e-17,6.95564666834016e-17,0.0498,0.00307636018697421,0.0500000000000001,TRUE
100,"Oscillatory",NA,NA,2,2,"Tail",-5.61365292553813e-17,-1.12273058510763e-16,0.0442,0.00290676314824583,0.0500000000000001,TRUE
100,"Oscillatory",NA,NA,2,3,"Uniform",-7.53954689429551e-19,-1.5079093788591e-18,0,0,0.0500000000000001,TRUE
100,"Oscillatory",NA,NA,2,3,"Central",3.47782333417008e-17,6.95564666834016e-17,0.0522,0.00314563697841947,0.0500000000000001,TRUE
100,"Oscillatory",NA,NA,2,3,"Tail",-5.61365292553813e-17,-1.12273058510763e-16,0.0412,0.00281078494374792,0.0500000000000001,TRUE
100,"Oscillatory",NA,NA,2,5,"Uniform",-7.53954689429551e-19,-1.5079093788591e-18,0,0,0.0500000000000001,TRUE
100,"Oscillatory",NA,NA,2,5,"Central",3.47782333417008e-17,6.95564666834016e-17,0.0422,0.00284320804725929,0.0500000000000001,TRUE
100,"Oscillatory",NA,NA,2,5,"Tail",-5.61365292553813e-17,-1.12273058510763e-16,0.0458,0.00295642892693195,0.0500000000000001,TRUE
100,"Oscillatory",NA,NA,2,8,"Uniform",-7.53954689429551e-19,-1.5079093788591e-18,0,0,0.0500000000000001,TRUE
100,"Oscillatory",NA,NA,2,8,"Central",3.47782333417008e-17,6.95564666834016e-17,0.0476,0.00301112072159188,0.0500000000000001,TRUE
100,"Oscillatory",NA,NA,2,8,"Tail",-5.61365292553813e-17,-1.12273058510763e-16,0.0548,0.00321860093829602,0.0500000000000001,TRUE
100,"Localized",0.25,0.05,0.5,1,"Uniform",-1.25316985885515e-05,-6.26584929427577e-06,0,0,0.0500000000044974,FALSE
100,"Localized",0.25,0.05,0.5,1,"Central",0.0125846610430436,0.00629233052152178,0.0488,0.00304691844328003,0.0500045354484228,FALSE
100,"Localized",0.25,0.05,0.5,1,"Tail",-0.0205735451293947,-0.0102867725646973,0.054,0.00319637294444813,0.0500121215308438,FALSE
100,"Localized",0.25,0.05,0.5,2,"Uniform",-1.25316985885515e-05,-6.26584929427577e-06,0,0,0.0500000000044974,FALSE
100,"Localized",0.25,0.05,0.5,2,"Central",0.0125846610430436,0.00629233052152178,0.0484,0.00303504332753257,0.0500045354484228,FALSE
100,"Localized",0.25,0.05,0.5,2,"Tail",-0.0205735451293947,-0.0102867725646973,0.0458,0.00295642892693195,0.0500121215308438,FALSE
100,"Localized",0.25,0.05,0.5,3,"Uniform",-1.25316985885515e-05,-6.26584929427577e-06,0,0,0.0500000000044974,FALSE
100,"Localized",0.25,0.05,0.5,3,"Central",0.0125846610430436,0.00629233052152178,0.0526,0.00315699984162179,0.0500045354484228,FALSE
100,"Localized",0.25,0.05,0.5,3,"Tail",-0.0205735451293947,-0.0102867725646973,0.0528,0.00316266216975509,0.0500121215308438,FALSE
100,"Localized",0.25,0.05,0.5,5,"Uniform",-1.25316985885515e-05,-6.26584929427577e-06,0,0,0.0500000000044974,FALSE
100,"Localized",0.25,0.05,0.5,5,"Central",0.0125846610430436,0.00629233052152178,0.0428,0.00286245209566903,0.0500045354484228,FALSE
100,"Localized",0.25,0.05,0.5,5,"Tail",-0.0205735451293947,-0.0102867725646973,0.0522,0.00314563697841947,0.0500121215308438,FALSE
100,"Localized",0.25,0.05,0.5,8,"Uniform",-1.25316985885515e-05,-6.26584929427577e-06,0,0,0.0500000000044974,FALSE
100,"Localized",0.25,0.05,0.5,8,"Central",0.0125846610430436,0.00629233052152178,0.0574,0.0032895361375124,0.0500045354484228,FALSE
100,"Localized",0.25,0.05,0.5,8,"Tail",-0.0205735451293947,-0.0102867725646973,0.0478,0.00301712313305241,0.0500121215308438,FALSE
100,"Localized",0.25,0.05,1,1,"Uniform",-1.25316985885515e-05,-1.25316985885515e-05,0,0,0.0500000000179894,FALSE
100,"Localized",0.25,0.05,1,1,"Central",0.0125846610430436,0.0125846610430436,0.0566,0.00326791799162709,0.0500181419447845,FALSE
100,"Localized",0.25,0.05,1,1,"Tail",-0.0205735451293947,-0.0205735451293947,0.052,0.00313993630508646,0.0500484872024868,FALSE
100,"Localized",0.25,0.05,1,2,"Uniform",-1.25316985885515e-05,-1.25316985885515e-05,0,0,0.0500000000179894,FALSE
100,"Localized",0.25,0.05,1,2,"Central",0.0125846610430436,0.0125846610430436,0.0568,0.00327333957908433,0.0500181419447845,FALSE
100,"Localized",0.25,0.05,1,2,"Tail",-0.0205735451293947,-0.0205735451293947,0.048,0.00302311098043059,0.0500484872024868,FALSE
100,"Localized",0.25,0.05,1,3,"Uniform",-1.25316985885515e-05,-1.25316985885515e-05,0,0,0.0500000000179894,FALSE
100,"Localized",0.25,0.05,1,3,"Central",0.0125846610430436,0.0125846610430436,0.0528,0.00316266216975509,0.0500181419447845,FALSE
100,"Localized",0.25,0.05,1,3,"Tail",-0.0205735451293947,-0.0205735451293947,0.0472,0.00299907185642492,0.0500484872024868,FALSE
100,"Localized",0.25,0.05,1,5,"Uniform",-1.25316985885515e-05,-1.25316985885515e-05,0,0,0.0500000000179894,FALSE
100,"Localized",0.25,0.05,1,5,"Central",0.0125846610430436,0.0125846610430436,0.0408,0.00279769047608916,0.0500181419447845,FALSE
100,"Localized",0.25,0.05,1,5,"Tail",-0.0205735451293947,-0.0205735451293947,0.0482,0.00302908435009658,0.0500484872024868,FALSE
100,"Localized",0.25,0.05,1,8,"Uniform",-1.25316985885515e-05,-1.25316985885515e-05,0,0,0.0500000000179894,FALSE
100,"Localized",0.25,0.05,1,8,"Central",0.0125846610430436,0.0125846610430436,0.0554,0.00323514574633045,0.0500181419447845,FALSE
100,"Localized",0.25,0.05,1,8,"Tail",-0.0205735451293947,-0.0205735451293947,0.0496,0.00307049963361014,0.0500484872024868,FALSE
100,"Localized",0.25,0.05,1.5,1,"Uniform",-1.25316985885515e-05,-1.87975478828273e-05,0,0,0.0500000000404762,FALSE
100,"Localized",0.25,0.05,1.5,1,"Central",0.0125846610430436,0.0188769915645653,0.0496,0.00307049963361014,0.0500408199423036,FALSE
100,"Localized",0.25,0.05,1.5,1,"Tail",-0.0205735451293947,-0.030860317694092,0.0638,0.00345628586780665,0.0501091002510909,FALSE
100,"Localized",0.25,0.05,1.5,2,"Uniform",-1.25316985885515e-05,-1.87975478828273e-05,0,0,0.0500000000404762,FALSE
100,"Localized",0.25,0.05,1.5,2,"Central",0.0125846610430436,0.0188769915645653,0.0542,0.00320194815698193,0.0500408199423036,FALSE
100,"Localized",0.25,0.05,1.5,2,"Tail",-0.0205735451293947,-0.030860317694092,0.047,0.00299302522541993,0.0501091002510909,FALSE
100,"Localized",0.25,0.05,1.5,3,"Uniform",-1.25316985885515e-05,-1.87975478828273e-05,0,0,0.0500000000404762,FALSE
100,"Localized",0.25,0.05,1.5,3,"Central",0.0125846610430436,0.0188769915645653,0.0522,0.00314563697841947,0.0500408199423036,FALSE
100,"Localized",0.25,0.05,1.5,3,"Tail",-0.0205735451293947,-0.030860317694092,0.0518,0.0031342227106573,0.0501091002510909,FALSE
100,"Localized",0.25,0.05,1.5,5,"Uniform",-1.25316985885515e-05,-1.87975478828273e-05,0,0,0.0500000000404762,FALSE
100,"Localized",0.25,0.05,1.5,5,"Central",0.0125846610430436,0.0188769915645653,0.0438,0.00289418589589542,0.0500408199423036,FALSE
100,"Localized",0.25,0.05,1.5,5,"Tail",-0.0205735451293947,-0.030860317694092,0.0514,0.00312275647465504,0.0501091002510909,FALSE
100,"Localized",0.25,0.05,1.5,8,"Uniform",-1.25316985885515e-05,-1.87975478828273e-05,0,0,0.0500000000404762,FALSE
100,"Localized",0.25,0.05,1.5,8,"Central",0.0125846610430436,0.0188769915645653,0.0554,0.00323514574633045,0.0500408199423036,FALSE
100,"Localized",0.25,0.05,1.5,8,"Tail",-0.0205735451293947,-0.030860317694092,0.0516,0.00312849612433834,0.0501091002510909,FALSE
100,"Localized",0.25,0.05,2,1,"Uniform",-1.25316985885515e-05,-2.50633971771031e-05,0,0,0.0500000000719575,FALSE
100,"Localized",0.25,0.05,2,1,"Central",0.0125846610430436,0.0251693220860871,0.0518,0.0031342227106573,0.0500725701961394,FALSE
100,"Localized",0.25,0.05,2,1,"Tail",-0.0205735451293947,-0.0411470902587893,0.0516,0.00312849612433834,0.0501939660663426,FALSE
100,"Localized",0.25,0.05,2,2,"Uniform",-1.25316985885515e-05,-2.50633971771031e-05,0,0,0.0500000000719575,FALSE
100,"Localized",0.25,0.05,2,2,"Central",0.0125846610430436,0.0251693220860871,0.0552,0.0032296427046966,0.0500725701961394,FALSE
100,"Localized",0.25,0.05,2,2,"Tail",-0.0205735451293947,-0.0411470902587893,0.0516,0.00312849612433834,0.0501939660663426,FALSE
100,"Localized",0.25,0.05,2,3,"Uniform",-1.25316985885515e-05,-2.50633971771031e-05,0,0,0.0500000000719575,FALSE
100,"Localized",0.25,0.05,2,3,"Central",0.0125846610430436,0.0251693220860871,0.0566,0.00326791799162709,0.0500725701961394,FALSE
100,"Localized",0.25,0.05,2,3,"Tail",-0.0205735451293947,-0.0411470902587893,0.0528,0.00316266216975509,0.0501939660663426,FALSE
100,"Localized",0.25,0.05,2,5,"Uniform",-1.25316985885515e-05,-2.50633971771031e-05,0,0,0.0500000000719575,FALSE
100,"Localized",0.25,0.05,2,5,"Central",0.0125846610430436,0.0251693220860871,0.048,0.00302311098043059,0.0500725701961394,FALSE
100,"Localized",0.25,0.05,2,5,"Tail",-0.0205735451293947,-0.0411470902587893,0.0534,0.00317957355631223,0.0501939660663426,FALSE
100,"Localized",0.25,0.05,2,8,"Uniform",-1.25316985885515e-05,-2.50633971771031e-05,0,0,0.0500000000719575,FALSE
100,"Localized",0.25,0.05,2,8,"Central",0.0125846610430436,0.0251693220860871,0.0564,0.00326248494249399,0.0500725701961394,FALSE
100,"Localized",0.25,0.05,2,8,"Tail",-0.0205735451293947,-0.0411470902587893,0.0466,0.00298088711627931,0.0501939660663426,FALSE
100,"Localized",0.25,0.1,0.5,1,"Uniform",-2.27124269483238e-05,-1.13562134741619e-05,0,0,0.0500000000147728,FALSE
100,"Localized",0.25,0.1,0.5,1,"Central",0.0165851897439836,0.00829259487199178,0.046,0.00296256645495084,0.0500078773286388,FALSE
100,"Localized",0.25,0.1,0.5,1,"Tail",-0.0271275085762083,-0.0135637542881041,0.0566,0.00326791799162709,0.05002107470007,FALSE
100,"Localized",0.25,0.1,0.5,2,"Uniform",-2.27124269483238e-05,-1.13562134741619e-05,0,0,0.0500000000147728,FALSE
100,"Localized",0.25,0.1,0.5,2,"Central",0.0165851897439836,0.00829259487199178,0.0526,0.00315699984162179,0.0500078773286388,FALSE
100,"Localized",0.25,0.1,0.5,2,"Tail",-0.0271275085762083,-0.0135637542881041,0.052,0.00313993630508646,0.05002107470007,FALSE
100,"Localized",0.25,0.1,0.5,3,"Uniform",-2.27124269483238e-05,-1.13562134741619e-05,0,0,0.0500000000147728,FALSE
100,"Localized",0.25,0.1,0.5,3,"Central",0.0165851897439836,0.00829259487199178,0.0478,0.00301712313305241,0.0500078773286388,FALSE
100,"Localized",0.25,0.1,0.5,3,"Tail",-0.0271275085762083,-0.0135637542881041,0.0474,0.00300510365877785,0.05002107470007,FALSE
100,"Localized",0.25,0.1,0.5,5,"Uniform",-2.27124269483238e-05,-1.13562134741619e-05,0,0,0.0500000000147728,FALSE
100,"Localized",0.25,0.1,0.5,5,"Central",0.0165851897439836,0.00829259487199178,0.0448,0.00292550713552369,0.0500078773286388,FALSE
100,"Localized",0.25,0.1,0.5,5,"Tail",-0.0271275085762083,-0.0135637542881041,0.045,0.00293172304285381,0.05002107470007,FALSE
100,"Localized",0.25,0.1,0.5,8,"Uniform",-2.27124269483238e-05,-1.13562134741619e-05,0,0,0.0500000000147728,FALSE
100,"Localized",0.25,0.1,0.5,8,"Central",0.0165851897439836,0.00829259487199178,0.0558,0.00324611644892786,0.0500078773286388,FALSE
100,"Localized",0.25,0.1,0.5,8,"Tail",-0.0271275085762083,-0.0135637542881041,0.0532,0.00317394895989208,0.05002107470007,FALSE
100,"Localized",0.25,0.1,1,1,"Uniform",-2.27124269483238e-05,-2.27124269483238e-05,0,0,0.0500000000590913,FALSE
100,"Localized",0.25,0.1,1,1,"Central",0.0165851897439836,0.0165851897439836,0.0472,0.00299907185642492,0.0500315097703187,FALSE
100,"Localized",0.25,0.1,1,1,"Tail",-0.0271275085762083,-0.0271275085762083,0.0518,0.0031342227106573,0.0500843020617354,FALSE
100,"Localized",0.25,0.1,1,2,"Uniform",-2.27124269483238e-05,-2.27124269483238e-05,0,0,0.0500000000590913,FALSE
100,"Localized",0.25,0.1,1,2,"Central",0.0165851897439836,0.0165851897439836,0.0516,0.00312849612433834,0.0500315097703187,FALSE
100,"Localized",0.25,0.1,1,2,"Tail",-0.0271275085762083,-0.0271275085762083,0.0464,0.00297479545515318,0.0500843020617354,FALSE
100,"Localized",0.25,0.1,1,3,"Uniform",-2.27124269483238e-05,-2.27124269483238e-05,0,0,0.0500000000590913,FALSE
100,"Localized",0.25,0.1,1,3,"Central",0.0165851897439836,0.0165851897439836,0.0552,0.0032296427046966,0.0500315097703187,FALSE
100,"Localized",0.25,0.1,1,3,"Tail",-0.0271275085762083,-0.0271275085762083,0.0462,0.00296868859936505,0.0500843020617354,FALSE
100,"Localized",0.25,0.1,1,5,"Uniform",-2.27124269483238e-05,-2.27124269483238e-05,0,0,0.0500000000590913,FALSE
100,"Localized",0.25,0.1,1,5,"Central",0.0165851897439836,0.0165851897439836,0.0448,0.00292550713552369,0.0500315097703187,FALSE
100,"Localized",0.25,0.1,1,5,"Tail",-0.0271275085762083,-0.0271275085762083,0.048,0.00302311098043059,0.0500843020617354,FALSE
100,"Localized",0.25,0.1,1,8,"Uniform",-2.27124269483238e-05,-2.27124269483238e-05,0,0,0.0500000000590913,FALSE
100,"Localized",0.25,0.1,1,8,"Central",0.0165851897439836,0.0165851897439836,0.0514,0.00312275647465504,0.0500315097703187,FALSE
100,"Localized",0.25,0.1,1,8,"Tail",-0.0271275085762083,-0.0271275085762083,0.0416,0.00282380735886852,0.0500843020617354,FALSE
100,"Localized",0.25,0.1,1.5,1,"Uniform",-2.27124269483238e-05,-3.40686404224857e-05,0,0,0.0500000001329553,FALSE
100,"Localized",0.25,0.1,1.5,1,"Central",0.0165851897439836,0.0248777846159753,0.05,0.00308220700148449,0.0500708986920069,FALSE
100,"Localized",0.25,0.1,1.5,1,"Tail",-0.0271275085762083,-0.0406912628643124,0.0606,0.00337424480439698,0.0501896918631887,FALSE
100,"Localized",0.25,0.1,1.5,2,"Uniform",-2.27124269483238e-05,-3.40686404224857e-05,0,0,0.0500000001329553,FALSE
100,"Localized",0.25,0.1,1.5,2,"Central",0.0165851897439836,0.0248777846159753,0.0592,0.0033375248313683,0.0500708986920069,FALSE
100,"Localized",0.25,0.1,1.5,2,"Tail",-0.0271275085762083,-0.0406912628643124,0.0498,0.00307636018697421,0.0501896918631887,FALSE
100,"Localized",0.25,0.1,1.5,3,"Uniform",-2.27124269483238e-05,-3.40686404224857e-05,0,0,0.0500000001329553,FALSE
100,"Localized",0.25,0.1,1.5,3,"Central",0.0165851897439836,0.0248777846159753,0.0598,0.00335332551357604,0.0500708986920069,FALSE
100,"Localized",0.25,0.1,1.5,3,"Tail",-0.0271275085762083,-0.0406912628643124,0.047,0.00299302522541993,0.0501896918631887,FALSE
100,"Localized",0.25,0.1,1.5,5,"Uniform",-2.27124269483238e-05,-3.40686404224857e-05,0,0,0.0500000001329553,FALSE
100,"Localized",0.25,0.1,1.5,5,"Central",0.0165851897439836,0.0248777846159753,0.0536,0.00318518570887162,0.0500708986920069,FALSE
100,"Localized",0.25,0.1,1.5,5,"Tail",-0.0271275085762083,-0.0406912628643124,0.0444,0.00291302729132427,0.0501896918631887,FALSE
100,"Localized",0.25,0.1,1.5,8,"Uniform",-2.27124269483238e-05,-3.40686404224857e-05,0,0,0.0500000001329553,FALSE
100,"Localized",0.25,0.1,1.5,8,"Central",0.0165851897439836,0.0248777846159753,0.0554,0.00323514574633045,0.0500708986920069,FALSE
100,"Localized",0.25,0.1,1.5,8,"Tail",-0.0271275085762083,-0.0406912628643124,0.045,0.00293172304285381,0.0501896918631887,FALSE
100,"Localized",0.25,0.1,2,1,"Uniform",-2.27124269483238e-05,-4.54248538966477e-05,0,0,0.050000000236365,FALSE
100,"Localized",0.25,0.1,2,1,"Central",0.0165851897439836,0.0331703794879671,0.052,0.00313993630508646,0.0501260463709084,FALSE
100,"Localized",0.25,0.1,2,1,"Tail",-0.0271275085762083,-0.0542550171524165,0.0602,0.00336380617753164,0.0503372603808433,FALSE
100,"Localized",0.25,0.1,2,2,"Uniform",-2.27124269483238e-05,-4.54248538966477e-05,0,0,0.050000000236365,FALSE
100,"Localized",0.25,0.1,2,2,"Central",0.0165851897439836,0.0331703794879671,0.0632,0.00344109749934523,0.0501260463709084,FALSE
100,"Localized",0.25,0.1,2,2,"Tail",-0.0271275085762083,-0.0542550171524165,0.0508,0.00310545842026584,0.0503372603808433,FALSE
100,"Localized",0.25,0.1,2,3,"Uniform",-2.27124269483238e-05,-4.54248538966477e-05,0,0,0.050000000236365,FALSE
100,"Localized",0.25,0.1,2,3,"Central",0.0165851897439836,0.0331703794879671,0.0534,0.00317957355631223,0.0501260463709084,FALSE
100,"Localized",0.25,0.1,2,3,"Tail",-0.0271275085762083,-0.0542550171524165,0.0526,0.00315699984162179,0.0503372603808433,FALSE
100,"Localized",0.25,0.1,2,5,"Uniform",-2.27124269483238e-05,-4.54248538966477e-05,0,0,0.050000000236365,FALSE
100,"Localized",0.25,0.1,2,5,"Central",0.0165851897439836,0.0331703794879671,0.0616,0.00340015999623547,0.0501260463709084,FALSE
100,"Localized",0.25,0.1,2,5,"Tail",-0.0271275085762083,-0.0542550171524165,0.0438,0.00289418589589542,0.0503372603808433,FALSE
100,"Localized",0.25,0.1,2,8,"Uniform",-2.27124269483238e-05,-4.54248538966477e-05,0,0,0.050000000236365,FALSE
100,"Localized",0.25,0.1,2,8,"Central",0.0165851897439836,0.0331703794879671,0.0594,0.00334280241713446,0.0501260463709084,FALSE
100,"Localized",0.25,0.1,2,8,"Tail",-0.0271275085762083,-0.0542550171524165,0.0418,0.00283029185774188,0.0503372603808433,FALSE
100,"Localized",0.25,0.2,0.5,1,"Uniform",-2.18959880655235e-05,-1.09479940327618e-05,0,0,0.0500000000137299,FALSE
100,"Localized",0.25,0.2,0.5,1,"Central",0.0282123738839925,0.0141061869419963,0.0496,0.00307049963361014,0.0500227940397899,FALSE
100,"Localized",0.25,0.2,0.5,1,"Tail",-0.0461080498894961,-0.023054024944748,0.0586,0.00332162731202644,0.0500608843498128,FALSE
100,"Localized",0.25,0.2,0.5,2,"Uniform",-2.18959880655235e-05,-1.09479940327618e-05,0,0,0.0500000000137299,FALSE
100,"Localized",0.25,0.2,0.5,2,"Central",0.0282123738839925,0.0141061869419963,0.0476,0.00301112072159188,0.0500227940397899,FALSE
100,"Localized",0.25,0.2,0.5,2,"Tail",-0.0461080498894961,-0.023054024944748,0.0442,0.00290676314824583,0.0500608843498128,FALSE
100,"Localized",0.25,0.2,0.5,3,"Uniform",-2.18959880655235e-05,-1.09479940327618e-05,0,0,0.0500000000137299,FALSE
100,"Localized",0.25,0.2,0.5,3,"Central",0.0282123738839925,0.0141061869419963,0.048,0.00302311098043059,0.0500227940397899,FALSE
100,"Localized",0.25,0.2,0.5,3,"Tail",-0.0461080498894961,-0.023054024944748,0.0486,0.0030409879973456,0.0500608843498128,FALSE
100,"Localized",0.25,0.2,0.5,5,"Uniform",-2.18959880655235e-05,-1.09479940327618e-05,0,0,0.0500000000137299,FALSE
100,"Localized",0.25,0.2,0.5,5,"Central",0.0282123738839925,0.0141061869419963,0.0466,0.00298088711627931,0.0500227940397899,FALSE
100,"Localized",0.25,0.2,0.5,5,"Tail",-0.0461080498894961,-0.023054024944748,0.0506,0.00309966578843591,0.0500608843498128,FALSE
100,"Localized",0.25,0.2,0.5,8,"Uniform",-2.18959880655235e-05,-1.09479940327618e-05,0,0,0.0500000000137299,FALSE
100,"Localized",0.25,0.2,0.5,8,"Central",0.0282123738839925,0.0141061869419963,0.0536,0.00318518570887162,0.0500227940397899,FALSE
100,"Localized",0.25,0.2,0.5,8,"Tail",-0.0461080498894961,-0.023054024944748,0.0514,0.00312275647465504,0.0500608843498128,FALSE
100,"Localized",0.25,0.2,1,1,"Uniform",-2.18959880655235e-05,-2.18959880655235e-05,0,0,0.0500000000549194,FALSE
100,"Localized",0.25,0.2,1,1,"Central",0.0282123738839925,0.0282123738839925,0.05,0.00308220700148449,0.0500911799743755,FALSE
100,"Localized",0.25,0.2,1,1,"Tail",-0.0461080498894961,-0.0461080498894961,0.0614,0.00339499749631719,0.0502435646024483,FALSE
100,"Localized",0.25,0.2,1,2,"Uniform",-2.18959880655235e-05,-2.18959880655235e-05,0,0,0.0500000000549194,FALSE
100,"Localized",0.25,0.2,1,2,"Central",0.0282123738839925,0.0282123738839925,0.0486,0.0030409879973456,0.0500911799743755,FALSE
100,"Localized",0.25,0.2,1,2,"Tail",-0.0461080498894961,-0.0461080498894961,0.0454,0.00294410733499986,0.0502435646024483,FALSE
100,"Localized",0.25,0.2,1,3,"Uniform",-2.18959880655235e-05,-2.18959880655235e-05,0,0,0.0500000000549194,FALSE
100,"Localized",0.25,0.2,1,3,"Central",0.0282123738839925,0.0282123738839925,0.0492,0.00305873699425106,0.0500911799743755,FALSE
100,"Localized",0.25,0.2,1,3,"Tail",-0.0461080498894961,-0.0461080498894961,0.0434,0.00288154264240528,0.0502435646024483,FALSE
100,"Localized",0.25,0.2,1,5,"Uniform",-2.18959880655235e-05,-2.18959880655235e-05,0,0,0.0500000000549194,FALSE
100,"Localized",0.25,0.2,1,5,"Central",0.0282123738839925,0.0282123738839925,0.0434,0.00288154264240528,0.0500911799743755,FALSE
100,"Localized",0.25,0.2,1,5,"Tail",-0.0461080498894961,-0.0461080498894961,0.0548,0.00321860093829602,0.0502435646024483,FALSE
100,"Localized",0.25,0.2,1,8,"Uniform",-2.18959880655235e-05,-2.18959880655235e-05,0,0,0.0500000000549194,FALSE
100,"Localized",0.25,0.2,1,8,"Central",0.0282123738839925,0.0282123738839925,0.056,0.00325158422926425,0.0500911799743755,FALSE
100,"Localized",0.25,0.2,1,8,"Tail",-0.0461080498894961,-0.0461080498894961,0.0488,0.00304691844328003,0.0502435646024483,FALSE
100,"Localized",0.25,0.2,1.5,1,"Uniform",-2.18959880655235e-05,-3.28439820982853e-05,0,0,0.0500000001235685,FALSE
100,"Localized",0.25,0.2,1.5,1,"Central",0.0282123738839925,0.0423185608259888,0.0448,0.00292550713552369,0.0502051692415944,FALSE
100,"Localized",0.25,0.2,1.5,1,"Tail",-0.0461080498894961,-0.0691620748342441,0.0546,0.00321306209090332,0.0505481222187061,FALSE
100,"Localized",0.25,0.2,1.5,2,"Uniform",-2.18959880655235e-05,-3.28439820982853e-05,0,0,0.0500000001235685,FALSE
100,"Localized",0.25,0.2,1.5,2,"Central",0.0282123738839925,0.0423185608259888,0.0506,0.00309966578843591,0.0502051692415944,FALSE
100,"Localized",0.25,0.2,1.5,2,"Tail",-0.0461080498894961,-0.0691620748342441,0.055,0.0032241277890307,0.0505481222187061,FALSE
100,"Localized",0.25,0.2,1.5,3,"Uniform",-2.18959880655235e-05,-3.28439820982853e-05,0,0,0.0500000001235685,FALSE
100,"Localized",0.25,0.2,1.5,3,"Central",0.0282123738839925,0.0423185608259888,0.045,0.00293172304285381,0.0502051692415944,FALSE
100,"Localized",0.25,0.2,1.5,3,"Tail",-0.0461080498894961,-0.0691620748342441,0.0488,0.00304691844328003,0.0505481222187061,FALSE
100,"Localized",0.25,0.2,1.5,5,"Uniform",-2.18959880655235e-05,-3.28439820982853e-05,0,0,0.0500000001235685,FALSE
100,"Localized",0.25,0.2,1.5,5,"Central",0.0282123738839925,0.0423185608259888,0.0466,0.00298088711627931,0.0502051692415944,FALSE
100,"Localized",0.25,0.2,1.5,5,"Tail",-0.0461080498894961,-0.0691620748342441,0.0558,0.00324611644892786,0.0505481222187061,FALSE
100,"Localized",0.25,0.2,1.5,8,"Uniform",-2.18959880655235e-05,-3.28439820982853e-05,0,0,0.0500000001235685,FALSE
100,"Localized",0.25,0.2,1.5,8,"Central",0.0282123738839925,0.0423185608259888,0.0534,0.00317957355631223,0.0502051692415944,FALSE
100,"Localized",0.25,0.2,1.5,8,"Tail",-0.0461080498894961,-0.0691620748342441,0.0484,0.00303504332753257,0.0505481222187061,FALSE
100,"Localized",0.25,0.2,2,1,"Uniform",-2.18959880655235e-05,-4.3791976131047e-05,0,0,0.0500000002196773,FALSE
100,"Localized",0.25,0.2,2,1,"Central",0.0282123738839925,0.0564247477679851,0.0464,0.00297479545515318,0.050364780878478,FALSE
100,"Localized",0.25,0.2,2,1,"Tail",-0.0461080498894961,-0.0922160997789921,0.054,0.00319637294444813,0.0509746924710218,FALSE
100,"Localized",0.25,0.2,2,2,"Uniform",-2.18959880655235e-05,-4.3791976131047e-05,0,0,0.0500000002196773,FALSE
100,"Localized",0.25,0.2,2,2,"Central",0.0282123738839925,0.0564247477679851,0.0468,0.00298696367570816,0.050364780878478,FALSE
100,"Localized",0.25,0.2,2,2,"Tail",-0.0461080498894961,-0.0922160997789921,0.0494,0.0030646252625729,0.0509746924710218,FALSE
100,"Localized",0.25,0.2,2,3,"Uniform",-2.18959880655235e-05,-4.3791976131047e-05,0,0,0.0500000002196773,FALSE
100,"Localized",0.25,0.2,2,3,"Central",0.0282123738839925,0.0564247477679851,0.0494,0.0030646252625729,0.050364780878478,FALSE
100,"Localized",0.25,0.2,2,3,"Tail",-0.0461080498894961,-0.0922160997789921,0.0476,0.00301112072159188,0.0509746924710218,FALSE
100,"Localized",0.25,0.2,2,5,"Uniform",-2.18959880655235e-05,-4.3791976131047e-05,0,0,0.0500000002196773,FALSE
100,"Localized",0.25,0.2,2,5,"Central",0.0282123738839925,0.0564247477679851,0.0408,0.00279769047608916,0.050364780878478,FALSE
100,"Localized",0.25,0.2,2,5,"Tail",-0.0461080498894961,-0.0922160997789921,0.0468,0.00298696367570816,0.0509746924710218,FALSE
100,"Localized",0.25,0.2,2,8,"Uniform",-2.18959880655235e-05,-4.3791976131047e-05,0,0,0.0500000002196773,FALSE
100,"Localized",0.25,0.2,2,8,"Central",0.0282123738839925,0.0564247477679851,0.0536,0.00318518570887162,0.050364780878478,FALSE
100,"Localized",0.25,0.2,2,8,"Tail",-0.0461080498894961,-0.0922160997789921,0.0512,0.0031170036894428,0.0509746924710218,FALSE
100,"Localized",0.5,0.05,0.5,1,"Uniform",-1.25318872553162e-05,-6.26594362765812e-06,0,0,0.0500000000044975,FALSE
100,"Localized",0.5,0.05,0.5,1,"Central",0.0554867578687897,0.0277433789343948,0.0468,0.00298696367570816,0.0500881735067002,FALSE
100,"Localized",0.5,0.05,0.5,1,"Tail",-0.0906148658209355,-0.0453074329104678,0.0536,0.00318518570887162,0.0502351783558853,FALSE
100,"Localized",0.5,0.05,0.5,2,"Uniform",-1.25318872553162e-05,-6.26594362765812e-06,0,0,0.0500000000044975,FALSE
100,"Localized",0.5,0.05,0.5,2,"Central",0.0554867578687897,0.0277433789343948,0.0442,0.00290676314824583,0.0500881735067002,FALSE
100,"Localized",0.5,0.05,0.5,2,"Tail",-0.0906148658209355,-0.0453074329104678,0.047,0.00299302522541993,0.0502351783558853,FALSE
100,"Localized",0.5,0.05,0.5,3,"Uniform",-1.25318872553162e-05,-6.26594362765812e-06,0,0,0.0500000000044975,FALSE
100,"Localized",0.5,0.05,0.5,3,"Central",0.0554867578687897,0.0277433789343948,0.0458,0.00295642892693195,0.0500881735067002,FALSE
100,"Localized",0.5,0.05,0.5,3,"Tail",-0.0906148658209355,-0.0453074329104678,0.0578,0.00330027756408457,0.0502351783558853,FALSE
100,"Localized",0.5,0.05,0.5,5,"Uniform",-1.25318872553162e-05,-6.26594362765812e-06,0,0,0.0500000000044975,FALSE
100,"Localized",0.5,0.05,0.5,5,"Central",0.0554867578687897,0.0277433789343948,0.0422,0.00284320804725929,0.0500881735067002,FALSE
100,"Localized",0.5,0.05,0.5,5,"Tail",-0.0906148658209355,-0.0453074329104678,0.05,0.00308220700148449,0.0502351783558853,FALSE
100,"Localized",0.5,0.05,0.5,8,"Uniform",-1.25318872553162e-05,-6.26594362765812e-06,0,0,0.0500000000044975,FALSE
100,"Localized",0.5,0.05,0.5,8,"Central",0.0554867578687897,0.0277433789343948,0.0512,0.0031170036894428,0.0500881735067002,FALSE
100,"Localized",0.5,0.05,0.5,8,"Tail",-0.0906148658209355,-0.0453074329104678,0.052,0.00313993630508646,0.0502351783558853,FALSE
100,"Localized",0.5,0.05,1,1,"Uniform",-1.25318872553162e-05,-1.25318872553162e-05,0,0,0.0500000000179899,FALSE
100,"Localized",0.5,0.05,1,1,"Central",0.0554867578687897,0.0554867578687897,0.041,0.00280424677944007,0.0503527510554154,FALSE
100,"Localized",0.5,0.05,1,1,"Tail",-0.0906148658209355,-0.0906148658209355,0.0566,0.00326791799162709,0.0509411181638095,FALSE
100,"Localized",0.5,0.05,1,2,"Uniform",-1.25318872553162e-05,-1.25318872553162e-05,0,0,0.0500000000179899,FALSE
100,"Localized",0.5,0.05,1,2,"Central",0.0554867578687897,0.0554867578687897,0.0416,0.00282380735886852,0.0503527510554154,FALSE
100,"Localized",0.5,0.05,1,2,"Tail",-0.0906148658209355,-0.0906148658209355,0.0524,0.00315132480077824,0.0509411181638095,FALSE
100,"Localized",0.5,0.05,1,3,"Uniform",-1.25318872553162e-05,-1.25318872553162e-05,0,0,0.0500000000179899,FALSE
100,"Localized",0.5,0.05,1,3,"Central",0.0554867578687897,0.0554867578687897,0.0442,0.00290676314824583,0.0503527510554154,FALSE
100,"Localized",0.5,0.05,1,3,"Tail",-0.0906148658209355,-0.0906148658209355,0.0522,0.00314563697841947,0.0509411181638095,FALSE
100,"Localized",0.5,0.05,1,5,"Uniform",-1.25318872553162e-05,-1.25318872553162e-05,0,0,0.0500000000179899,FALSE
100,"Localized",0.5,0.05,1,5,"Central",0.0554867578687897,0.0554867578687897,0.0408,0.00279769047608916,0.0503527510554154,FALSE
100,"Localized",0.5,0.05,1,5,"Tail",-0.0906148658209355,-0.0906148658209355,0.0502,0.00308804015517933,0.0509411181638095,FALSE
100,"Localized",0.5,0.05,1,8,"Uniform",-1.25318872553162e-05,-1.25318872553162e-05,0,0,0.0500000000179899,FALSE
100,"Localized",0.5,0.05,1,8,"Central",0.0554867578687897,0.0554867578687897,0.0522,0.00314563697841947,0.0503527510554154,FALSE
100,"Localized",0.5,0.05,1,8,"Tail",-0.0906148658209355,-0.0906148658209355,0.0614,0.00339499749631719,0.0509411181638095,FALSE
100,"Localized",0.5,0.05,1.5,1,"Uniform",-1.25318872553162e-05,-1.87978308829744e-05,0,0,0.0500000000404774,FALSE
100,"Localized",0.5,0.05,1.5,1,"Central",0.0554867578687897,0.0832301368031845,0.0426,0.00285605462132642,0.0507939032802147,FALSE
100,"Localized",0.5,0.05,1.5,1,"Tail",-0.0906148658209355,-0.135922298731403,0.0554,0.00323514574633045,0.0521190250888612,FALSE
100,"Localized",0.5,0.05,1.5,2,"Uniform",-1.25318872553162e-05,-1.87978308829744e-05,0,0,0.0500000000404774,FALSE
100,"Localized",0.5,0.05,1.5,2,"Central",0.0554867578687897,0.0832301368031845,0.0392,0.0027445713690848,0.0507939032802147,FALSE
100,"Localized",0.5,0.05,1.5,2,"Tail",-0.0906148658209355,-0.135922298731403,0.0444,0.00291302729132427,0.0521190250888612,FALSE
100,"Localized",0.5,0.05,1.5,3,"Uniform",-1.25318872553162e-05,-1.87978308829744e-05,0,0,0.0500000000404774,FALSE
100,"Localized",0.5,0.05,1.5,3,"Central",0.0554867578687897,0.0832301368031845,0.0414,0.00281730509529941,0.0507939032802147,FALSE
100,"Localized",0.5,0.05,1.5,3,"Tail",-0.0906148658209355,-0.135922298731403,0.0478,0.00301712313305241,0.0521190250888612,FALSE
100,"Localized",0.5,0.05,1.5,5,"Uniform",-1.25318872553162e-05,-1.87978308829744e-05,0,0,0.0500000000404774,FALSE
100,"Localized",0.5,0.05,1.5,5,"Central",0.0554867578687897,0.0832301368031845,0.0364,0.00264858603787002,0.0507939032802147,FALSE
100,"Localized",0.5,0.05,1.5,5,"Tail",-0.0906148658209355,-0.135922298731403,0.0486,0.0030409879973456,0.0521190250888612,FALSE
100,"Localized",0.5,0.05,1.5,8,"Uniform",-1.25318872553162e-05,-1.87978308829744e-05,0,0,0.0500000000404774,FALSE
100,"Localized",0.5,0.05,1.5,8,"Central",0.0554867578687897,0.0832301368031845,0.051,0.00311123769583746,0.0507939032802147,FALSE
100,"Localized",0.5,0.05,1.5,8,"Tail",-0.0906148658209355,-0.135922298731403,0.0538,0.00319078548323136,0.0521190250888612,FALSE
100,"Localized",0.5,0.05,2,1,"Uniform",-1.25318872553162e-05,-2.50637745106325e-05,0,0,0.0500000000719597,FALSE
100,"Localized",0.5,0.05,2,1,"Central",0.0554867578687897,0.110973515737579,0.0318,0.00248148181536758,0.0514119130671076,FALSE
100,"Localized",0.5,0.05,2,1,"Tail",-0.0906148658209355,-0.181229731641871,0.0642,0.00346636293541227,0.0537708801454311,FALSE
100,"Localized",0.5,0.05,2,2,"Uniform",-1.25318872553162e-05,-2.50637745106325e-05,0,0,0.0500000000719597,FALSE
100,"Localized",0.5,0.05,2,2,"Central",0.0554867578687897,0.110973515737579,0.0406,0.00279111590586991,0.0514119130671076,FALSE
100,"Localized",0.5,0.05,2,2,"Tail",-0.0906148658209355,-0.181229731641871,0.0502,0.00308804015517933,0.0537708801454311,FALSE
100,"Localized",0.5,0.05,2,3,"Uniform",-1.25318872553162e-05,-2.50637745106325e-05,0,0,0.0500000000719597,FALSE
100,"Localized",0.5,0.05,2,3,"Central",0.0554867578687897,0.110973515737579,0.0366,0.00265557677350891,0.0514119130671076,FALSE
100,"Localized",0.5,0.05,2,3,"Tail",-0.0906148658209355,-0.181229731641871,0.0524,0.00315132480077824,0.0537708801454311,FALSE
100,"Localized",0.5,0.05,2,5,"Uniform",-1.25318872553162e-05,-2.50637745106325e-05,0,0,0.0500000000719597,FALSE
100,"Localized",0.5,0.05,2,5,"Central",0.0554867578687897,0.110973515737579,0.0374,0.00268332778467335,0.0514119130671076,FALSE
100,"Localized",0.5,0.05,2,5,"Tail",-0.0906148658209355,-0.181229731641871,0.0466,0.00298088711627931,0.0537708801454311,FALSE
100,"Localized",0.5,0.05,2,8,"Uniform",-1.25318872553162e-05,-2.50637745106325e-05,0,0,0.0500000000719597,FALSE
100,"Localized",0.5,0.05,2,8,"Central",0.0554867578687897,0.110973515737579,0.0532,0.00317394895989208,0.0514119130671076,FALSE
100,"Localized",0.5,0.05,2,8,"Tail",-0.0906148658209355,-0.181229731641871,0.044,0.00290048271844533,0.0537708801454311,FALSE
100,"Localized",0.5,0.1,0.5,1,"Uniform",-2.50633896819888e-05,-1.25316948409944e-05,0,0,0.0500000000179894,FALSE
100,"Localized",0.5,0.1,0.5,1,"Central",0.100677150567392,0.0503385752836961,0.0386,0.00272433624943765,0.0502903186303343,FALSE
100,"Localized",0.5,0.1,0.5,1,"Tail",-0.164420039324534,-0.0822100196622668,0.0538,0.00319078548323136,0.0507745523403663,FALSE
100,"Localized",0.5,0.1,0.5,2,"Uniform",-2.50633896819888e-05,-1.25316948409944e-05,0,0,0.0500000000179894,FALSE
100,"Localized",0.5,0.1,0.5,2,"Central",0.100677150567392,0.0503385752836961,0.0396,0.00275796446677618,0.0502903186303343,FALSE
100,"Localized",0.5,0.1,0.5,2,"Tail",-0.164420039324534,-0.0822100196622668,0.051,0.00311123769583746,0.0507745523403663,FALSE
100,"Localized",0.5,0.1,0.5,3,"Uniform",-2.50633896819888e-05,-1.25316948409944e-05,0,0,0.0500000000179894,FALSE
100,"Localized",0.5,0.1,0.5,3,"Central",0.100677150567392,0.0503385752836961,0.042,0.00283675871374356,0.0502903186303343,FALSE
100,"Localized",0.5,0.1,0.5,3,"Tail",-0.164420039324534,-0.0822100196622668,0.0476,0.00301112072159188,0.0507745523403663,FALSE
100,"Localized",0.5,0.1,0.5,5,"Uniform",-2.50633896819888e-05,-1.25316948409944e-05,0,0,0.0500000000179894,FALSE
100,"Localized",0.5,0.1,0.5,5,"Central",0.100677150567392,0.0503385752836961,0.043,0.00286883251515316,0.0502903186303343,FALSE
100,"Localized",0.5,0.1,0.5,5,"Tail",-0.164420039324534,-0.0822100196622668,0.0474,0.00300510365877785,0.0507745523403663,FALSE
100,"Localized",0.5,0.1,0.5,8,"Uniform",-2.50633896819888e-05,-1.25316948409944e-05,0,0,0.0500000000179894,FALSE
100,"Localized",0.5,0.1,0.5,8,"Central",0.100677150567392,0.0503385752836961,0.0528,0.00316266216975509,0.0502903186303343,FALSE
100,"Localized",0.5,0.1,0.5,8,"Tail",-0.164420039324534,-0.0822100196622668,0.0526,0.00315699984162179,0.0507745523403663,FALSE
100,"Localized",0.5,0.1,1,1,"Uniform",-2.50633896819888e-05,-2.50633896819888e-05,0,0,0.0500000000719576,FALSE
100,"Localized",0.5,0.1,1,1,"Central",0.100677150567392,0.100677150567392,0.0384,0.00271755183943195,0.0511618907517446,FALSE
100,"Localized",0.5,0.1,1,1,"Tail",-0.164420039324534,-0.164420039324534,0.0574,0.0032895361375124,0.053102561257984,FALSE
100,"Localized",0.5,0.1,1,2,"Uniform",-2.50633896819888e-05,-2.50633896819888e-05,0,0,0.0500000000719576,FALSE
100,"Localized",0.5,0.1,1,2,"Central",0.100677150567392,0.100677150567392,0.0416,0.00282380735886852,0.0511618907517446,FALSE
100,"Localized",0.5,0.1,1,2,"Tail",-0.164420039324534,-0.164420039324534,0.054,0.00319637294444813,0.053102561257984,FALSE
100,"Localized",0.5,0.1,1,3,"Uniform",-2.50633896819888e-05,-2.50633896819888e-05,0,0,0.0500000000719576,FALSE
100,"Localized",0.5,0.1,1,3,"Central",0.100677150567392,0.100677150567392,0.0352,0.00260618341641566,0.0511618907517446,FALSE
100,"Localized",0.5,0.1,1,3,"Tail",-0.164420039324534,-0.164420039324534,0.0522,0.00314563697841947,0.053102561257984,FALSE
100,"Localized",0.5,0.1,1,5,"Uniform",-2.50633896819888e-05,-2.50633896819888e-05,0,0,0.0500000000719576,FALSE
100,"Localized",0.5,0.1,1,5,"Central",0.100677150567392,0.100677150567392,0.0364,0.00264858603787002,0.0511618907517446,FALSE
100,"Localized",0.5,0.1,1,5,"Tail",-0.164420039324534,-0.164420039324534,0.05,0.00308220700148449,0.053102561257984,FALSE
100,"Localized",0.5,0.1,1,8,"Uniform",-2.50633896819888e-05,-2.50633896819888e-05,0,0,0.0500000000719576,FALSE
100,"Localized",0.5,0.1,1,8,"Central",0.100677150567392,0.100677150567392,0.051,0.00311123769583746,0.0511618907517446,FALSE
100,"Localized",0.5,0.1,1,8,"Tail",-0.164420039324534,-0.164420039324534,0.0554,0.00323514574633045,0.053102561257984,FALSE
100,"Localized",0.5,0.1,1.5,1,"Uniform",-2.50633896819888e-05,-3.75950845229833e-05,0,0,0.0500000001619043,FALSE
100,"Localized",0.5,0.1,1.5,1,"Central",0.100677150567392,0.151015725851088,0.0314,0.00246633493264804,0.0526165489722555,FALSE
100,"Localized",0.5,0.1,1.5,1,"Tail",-0.164420039324534,-0.2466300589868,0.0654,0.00349636496950762,0.0569967789714435,FALSE
100,"Localized",0.5,0.1,1.5,2,"Uniform",-2.50633896819888e-05,-3.75950845229833e-05,0,0,0.0500000001619043,FALSE
100,"Localized",0.5,0.1,1.5,2,"Central",0.100677150567392,0.151015725851088,0.0338,0.0025556822963741,0.0526165489722555,FALSE
100,"Localized",0.5,0.1,1.5,2,"Tail",-0.164420039324534,-0.2466300589868,0.0554,0.00323514574633045,0.0569967789714435,FALSE
100,"Localized",0.5,0.1,1.5,3,"Uniform",-2.50633896819888e-05,-3.75950845229833e-05,0,0,0.0500000001619043,FALSE
100,"Localized",0.5,0.1,1.5,3,"Central",0.100677150567392,0.151015725851088,0.0362,0.00264157377334043,0.0526165489722555,FALSE
100,"Localized",0.5,0.1,1.5,3,"Tail",-0.164420039324534,-0.2466300589868,0.0526,0.00315699984162179,0.0569967789714435,FALSE
100,"Localized",0.5,0.1,1.5,5,"Uniform",-2.50633896819888e-05,-3.75950845229833e-05,0,0,0.0500000001619043,FALSE
100,"Localized",0.5,0.1,1.5,5,"Central",0.100677150567392,0.151015725851088,0.034,0.0025629670306112,0.0526165489722555,FALSE
100,"Localized",0.5,0.1,1.5,5,"Tail",-0.164420039324534,-0.2466300589868,0.053,0.00316831185333767,0.0569967789714435,FALSE
100,"Localized",0.5,0.1,1.5,8,"Uniform",-2.50633896819888e-05,-3.75950845229833e-05,0,0,0.0500000001619043,FALSE
100,"Localized",0.5,0.1,1.5,8,"Central",0.100677150567392,0.151015725851088,0.0436,0.00288787257336608,0.0526165489722555,FALSE
100,"Localized",0.5,0.1,1.5,8,"Tail",-0.164420039324534,-0.2466300589868,0.048,0.00302311098043059,0.0569967789714435,FALSE
100,"Localized",0.5,0.1,2,1,"Uniform",-2.50633896819888e-05,-5.01267793639777e-05,0,0,0.0500000002878298,FALSE
100,"Localized",0.5,0.1,2,1,"Central",0.100677150567392,0.201354301134784,0.0228,0.00211093154791907,0.0546572942405795,FALSE
100,"Localized",0.5,0.1,2,1,"Tail",-0.164420039324534,-0.328840078649067,0.07,0.00360832371053374,0.0624774583226576,FALSE
100,"Localized",0.5,0.1,2,2,"Uniform",-2.50633896819888e-05,-5.01267793639777e-05,0,0,0.0500000002878298,FALSE
100,"Localized",0.5,0.1,2,2,"Central",0.100677150567392,0.201354301134784,0.0344,0.00257746542168852,0.0546572942405795,FALSE
100,"Localized",0.5,0.1,2,2,"Tail",-0.164420039324534,-0.328840078649067,0.0572,0.00328414859590732,0.0624774583226576,FALSE
100,"Localized",0.5,0.1,2,3,"Uniform",-2.50633896819888e-05,-5.01267793639777e-05,0,0,0.0500000002878298,FALSE
100,"Localized",0.5,0.1,2,3,"Central",0.100677150567392,0.201354301134784,0.0304,0.00242799670510485,0.0546572942405795,FALSE
100,"Localized",0.5,0.1,2,3,"Tail",-0.164420039324534,-0.328840078649067,0.057,0.00327874976172321,0.0624774583226576,FALSE
100,"Localized",0.5,0.1,2,5,"Uniform",-2.50633896819888e-05,-5.01267793639777e-05,0,0,0.0500000002878298,FALSE
100,"Localized",0.5,0.1,2,5,"Central",0.100677150567392,0.201354301134784,0.0298,0.00240466047499434,0.0546572942405795,FALSE
100,"Localized",0.5,0.1,2,5,"Tail",-0.164420039324534,-0.328840078649067,0.052,0.00313993630508646,0.0624774583226576,FALSE
100,"Localized",0.5,0.1,2,8,"Uniform",-2.50633896819888e-05,-5.01267793639777e-05,0,0,0.0500000002878298,FALSE
100,"Localized",0.5,0.1,2,8,"Central",0.100677150567392,0.201354301134784,0.0452,0.00293792307591605,0.0546572942405795,FALSE
100,"Localized",0.5,0.1,2,8,"Tail",-0.164420039324534,-0.328840078649067,0.0454,0.00294410733499986,0.0624774583226576,FALSE
100,"Localized",0.5,0.2,0.5,1,"Uniform",-4.51126633094548e-05,-2.25563316547274e-05,0,0,0.0500000000582819,FALSE
100,"Localized",0.5,0.2,0.5,1,"Central",0.127129858337826,0.0635649291689132,0.0428,0.00286245209566903,0.050462971190307,FALSE
100,"Localized",0.5,0.2,0.5,1,"Tail",-0.207651156137219,-0.103825578068609,0.0604,0.00336903072114221,0.0512357528846404,FALSE
100,"Localized",0.5,0.2,0.5,2,"Uniform",-4.51126633094548e-05,-2.25563316547274e-05,0,0,0.0500000000582819,FALSE
100,"Localized",0.5,0.2,0.5,2,"Central",0.127129858337826,0.0635649291689132,0.0412,0.00281078494374792,0.050462971190307,FALSE
100,"Localized",0.5,0.2,0.5,2,"Tail",-0.207651156137219,-0.103825578068609,0.0444,0.00291302729132427,0.0512357528846404,FALSE
100,"Localized",0.5,0.2,0.5,3,"Uniform",-4.51126633094548e-05,-2.25563316547274e-05,0,0,0.0500000000582819,FALSE
100,"Localized",0.5,0.2,0.5,3,"Central",0.127129858337826,0.0635649291689132,0.0414,0.00281730509529941,0.050462971190307,FALSE
100,"Localized",0.5,0.2,0.5,3,"Tail",-0.207651156137219,-0.103825578068609,0.0478,0.00301712313305241,0.0512357528846404,FALSE
100,"Localized",0.5,0.2,0.5,5,"Uniform",-4.51126633094548e-05,-2.25563316547274e-05,0,0,0.0500000000582819,FALSE
100,"Localized",0.5,0.2,0.5,5,"Central",0.127129858337826,0.0635649291689132,0.0374,0.00268332778467335,0.050462971190307,FALSE
100,"Localized",0.5,0.2,0.5,5,"Tail",-0.207651156137219,-0.103825578068609,0.0556,0.00324063697442339,0.0512357528846404,FALSE
100,"Localized",0.5,0.2,0.5,8,"Uniform",-4.51126633094548e-05,-2.25563316547274e-05,0,0,0.0500000000582819,FALSE
100,"Localized",0.5,0.2,0.5,8,"Central",0.127129858337826,0.0635649291689132,0.0532,0.00317394895989208,0.050462971190307,FALSE
100,"Localized",0.5,0.2,0.5,8,"Tail",-0.207651156137219,-0.103825578068609,0.0506,0.00309966578843591,0.0512357528846404,FALSE
100,"Localized",0.5,0.2,1,1,"Uniform",-4.51126633094548e-05,-4.51126633094548e-05,0,0,0.0500000002331273,FALSE
100,"Localized",0.5,0.2,1,1,"Central",0.127129858337826,0.127129858337826,0.037,0.00266949433413896,0.0518534474924345,FALSE
100,"Localized",0.5,0.2,1,1,"Tail",-0.207651156137219,-0.207651156137219,0.0652,0.00349138826256834,0.0549540060876024,FALSE
100,"Localized",0.5,0.2,1,2,"Uniform",-4.51126633094548e-05,-4.51126633094548e-05,0,0,0.0500000002331273,FALSE
100,"Localized",0.5,0.2,1,2,"Central",0.127129858337826,0.127129858337826,0.038,0.0027039230758289,0.0518534474924345,FALSE
100,"Localized",0.5,0.2,1,2,"Tail",-0.207651156137219,-0.207651156137219,0.0584,0.00331630637909105,0.0549540060876024,FALSE
100,"Localized",0.5,0.2,1,3,"Uniform",-4.51126633094548e-05,-4.51126633094548e-05,0,0,0.0500000002331273,FALSE
100,"Localized",0.5,0.2,1,3,"Central",0.127129858337826,0.127129858337826,0.0386,0.00272433624943765,0.0518534474924345,FALSE
100,"Localized",0.5,0.2,1,3,"Tail",-0.207651156137219,-0.207651156137219,0.053,0.00316831185333767,0.0549540060876024,FALSE
100,"Localized",0.5,0.2,1,5,"Uniform",-4.51126633094548e-05,-4.51126633094548e-05,0,0,0.0500000002331273,FALSE
100,"Localized",0.5,0.2,1,5,"Central",0.127129858337826,0.127129858337826,0.036,0.00263453980801202,0.0518534474924345,FALSE
100,"Localized",0.5,0.2,1,5,"Tail",-0.207651156137219,-0.207651156137219,0.0512,0.0031170036894428,0.0549540060876024,FALSE
100,"Localized",0.5,0.2,1,8,"Uniform",-4.51126633094548e-05,-4.51126633094548e-05,0,0,0.0500000002331273,FALSE
100,"Localized",0.5,0.2,1,8,"Central",0.127129858337826,0.127129858337826,0.0454,0.00294410733499986,0.0518534474924345,FALSE
100,"Localized",0.5,0.2,1,8,"Tail",-0.207651156137219,-0.207651156137219,0.0488,0.00304691844328003,0.0549540060876024,FALSE
100,"Localized",0.5,0.2,1.5,1,"Uniform",-4.51126633094548e-05,-6.76689949641822e-05,0,0,0.0500000005245362,FALSE
100,"Localized",0.5,0.2,1.5,1,"Central",0.127129858337826,0.19069478750674,0.0362,0.00264157377334043,0.0541760520244724,FALSE
100,"Localized",0.5,0.2,1.5,1,"Tail",-0.207651156137219,-0.311476734205828,0.0736,0.00369277781622453,0.0611865183394184,FALSE
100,"Localized",0.5,0.2,1.5,2,"Uniform",-4.51126633094548e-05,-6.76689949641822e-05,0,0,0.0500000005245362,FALSE
100,"Localized",0.5,0.2,1.5,2,"Central",0.127129858337826,0.19069478750674,0.0324,0.00250400638976821,0.0541760520244724,FALSE
100,"Localized",0.5,0.2,1.5,2,"Tail",-0.207651156137219,-0.311476734205828,0.063,0.00343601513384327,0.0611865183394184,FALSE
100,"Localized",0.5,0.2,1.5,3,"Uniform",-4.51126633094548e-05,-6.76689949641822e-05,0,0,0.0500000005245362,FALSE
100,"Localized",0.5,0.2,1.5,3,"Central",0.127129858337826,0.19069478750674,0.0348,0.00259187036712873,0.0541760520244724,FALSE
100,"Localized",0.5,0.2,1.5,3,"Tail",-0.207651156137219,-0.311476734205828,0.06,0.00335857112474933,0.0611865183394184,FALSE
100,"Localized",0.5,0.2,1.5,5,"Uniform",-4.51126633094548e-05,-6.76689949641822e-05,0,0,0.0500000005245362,FALSE
100,"Localized",0.5,0.2,1.5,5,"Central",0.127129858337826,0.19069478750674,0.0336,0.00254837359898426,0.0541760520244724,FALSE
100,"Localized",0.5,0.2,1.5,5,"Tail",-0.207651156137219,-0.311476734205828,0.0532,0.00317394895989208,0.0611865183394184,FALSE
100,"Localized",0.5,0.2,1.5,8,"Uniform",-4.51126633094548e-05,-6.76689949641822e-05,0,0,0.0500000005245362,FALSE
100,"Localized",0.5,0.2,1.5,8,"Central",0.127129858337826,0.19069478750674,0.049,0.00305283474822991,0.0541760520244724,FALSE
100,"Localized",0.5,0.2,1.5,8,"Tail",-0.207651156137219,-0.311476734205828,0.047,0.00299302522541993,0.0611865183394184,FALSE
100,"Localized",0.5,0.2,2,1,"Uniform",-4.51126633094548e-05,-9.02253266189096e-05,0,0,0.0500000009325087,FALSE
100,"Localized",0.5,0.2,2,1,"Central",0.127129858337826,0.254259716675653,0.0266,0.00227562914377541,0.0574382744374089,FALSE
100,"Localized",0.5,0.2,2,1,"Tail",-0.207651156137219,-0.415302312274438,0.0794,0.00382349682882045,0.0699822068472973,FALSE
100,"Localized",0.5,0.2,2,2,"Uniform",-4.51126633094548e-05,-9.02253266189096e-05,0,0,0.0500000009325087,FALSE
100,"Localized",0.5,0.2,2,2,"Central",0.127129858337826,0.254259716675653,0.0302,0.00242024626846112,0.0574382744374089,FALSE
100,"Localized",0.5,0.2,2,2,"Tail",-0.207651156137219,-0.415302312274438,0.0612,0.00338982477423244,0.0699822068472973,FALSE
100,"Localized",0.5,0.2,2,3,"Uniform",-4.51126633094548e-05,-9.02253266189096e-05,0,0,0.0500000009325087,FALSE
100,"Localized",0.5,0.2,2,3,"Central",0.127129858337826,0.254259716675653,0.0304,0.00242799670510485,0.0574382744374089,FALSE
100,"Localized",0.5,0.2,2,3,"Tail",-0.207651156137219,-0.415302312274438,0.0664,0.00352110891623647,0.0699822068472973,FALSE
100,"Localized",0.5,0.2,2,5,"Uniform",-4.51126633094548e-05,-9.02253266189096e-05,0,0,0.0500000009325087,FALSE
100,"Localized",0.5,0.2,2,5,"Central",0.127129858337826,0.254259716675653,0.0326,0.00251146331846595,0.0574382744374089,FALSE
100,"Localized",0.5,0.2,2,5,"Tail",-0.207651156137219,-0.415302312274438,0.0604,0.00336903072114221,0.0699822068472973,FALSE
100,"Localized",0.5,0.2,2,8,"Uniform",-4.51126633094548e-05,-9.02253266189096e-05,0,0,0.0500000009325087,FALSE
100,"Localized",0.5,0.2,2,8,"Central",0.127129858337826,0.254259716675653,0.0486,0.0030409879973456,0.0574382744374089,FALSE
100,"Localized",0.5,0.2,2,8,"Tail",-0.207651156137219,-0.415302312274438,0.0516,0.00312849612433834,0.0699822068472973,FALSE
100,"Localized",0.75,0.05,0.5,1,"Uniform",-1.2531698588551e-05,-6.2658492942755e-06,0,0,0.0500000000044974,FALSE
100,"Localized",0.75,0.05,0.5,1,"Central",0.0125846610430436,0.00629233052152178,0.0498,0.00307636018697421,0.0500045354484228,FALSE
100,"Localized",0.75,0.05,0.5,1,"Tail",-0.0205735451293947,-0.0102867725646973,0.0492,0.00305873699425106,0.0500121215308438,FALSE
100,"Localized",0.75,0.05,0.5,2,"Uniform",-1.2531698588551e-05,-6.2658492942755e-06,0,0,0.0500000000044974,FALSE
100,"Localized",0.75,0.05,0.5,2,"Central",0.0125846610430436,0.00629233052152178,0.0502,0.00308804015517933,0.0500045354484228,FALSE
100,"Localized",0.75,0.05,0.5,2,"Tail",-0.0205735451293947,-0.0102867725646973,0.0456,0.00295027591929975,0.0500121215308438,FALSE
100,"Localized",0.75,0.05,0.5,3,"Uniform",-1.2531698588551e-05,-6.2658492942755e-06,0,0,0.0500000000044974,FALSE
100,"Localized",0.75,0.05,0.5,3,"Central",0.0125846610430436,0.00629233052152178,0.051,0.00311123769583746,0.0500045354484228,FALSE
100,"Localized",0.75,0.05,0.5,3,"Tail",-0.0205735451293947,-0.0102867725646973,0.0488,0.00304691844328003,0.0500121215308438,FALSE
100,"Localized",0.75,0.05,0.5,5,"Uniform",-1.2531698588551e-05,-6.2658492942755e-06,0,0,0.0500000000044974,FALSE
100,"Localized",0.75,0.05,0.5,5,"Central",0.0125846610430436,0.00629233052152178,0.0438,0.00289418589589542,0.0500045354484228,FALSE
100,"Localized",0.75,0.05,0.5,5,"Tail",-0.0205735451293947,-0.0102867725646973,0.0516,0.00312849612433834,0.0500121215308438,FALSE
100,"Localized",0.75,0.05,0.5,8,"Uniform",-1.2531698588551e-05,-6.2658492942755e-06,0,0,0.0500000000044974,FALSE
100,"Localized",0.75,0.05,0.5,8,"Central",0.0125846610430436,0.00629233052152178,0.0508,0.00310545842026584,0.0500045354484228,FALSE
100,"Localized",0.75,0.05,0.5,8,"Tail",-0.0205735451293947,-0.0102867725646973,0.0544,0.0032075111847038,0.0500121215308438,FALSE
100,"Localized",0.75,0.05,1,1,"Uniform",-1.2531698588551e-05,-1.2531698588551e-05,0,0,0.0500000000179894,FALSE
100,"Localized",0.75,0.05,1,1,"Central",0.0125846610430436,0.0125846610430436,0.0506,0.00309966578843591,0.0500181419447845,FALSE
100,"Localized",0.75,0.05,1,1,"Tail",-0.0205735451293947,-0.0205735451293947,0.0522,0.00314563697841947,0.0500484872024868,FALSE
100,"Localized",0.75,0.05,1,2,"Uniform",-1.2531698588551e-05,-1.2531698588551e-05,0,0,0.0500000000179894,FALSE
100,"Localized",0.75,0.05,1,2,"Central",0.0125846610430436,0.0125846610430436,0.0502,0.00308804015517933,0.0500181419447845,FALSE
100,"Localized",0.75,0.05,1,2,"Tail",-0.0205735451293947,-0.0205735451293947,0.0518,0.0031342227106573,0.0500484872024868,FALSE
100,"Localized",0.75,0.05,1,3,"Uniform",-1.2531698588551e-05,-1.2531698588551e-05,0,0,0.0500000000179894,FALSE
100,"Localized",0.75,0.05,1,3,"Central",0.0125846610430436,0.0125846610430436,0.053,0.00316831185333767,0.0500181419447845,FALSE
100,"Localized",0.75,0.05,1,3,"Tail",-0.0205735451293947,-0.0205735451293947,0.0538,0.00319078548323136,0.0500484872024868,FALSE
100,"Localized",0.75,0.05,1,5,"Uniform",-1.2531698588551e-05,-1.2531698588551e-05,0,0,0.0500000000179894,FALSE
100,"Localized",0.75,0.05,1,5,"Central",0.0125846610430436,0.0125846610430436,0.0476,0.00301112072159188,0.0500181419447845,FALSE
100,"Localized",0.75,0.05,1,5,"Tail",-0.0205735451293947,-0.0205735451293947,0.0502,0.00308804015517933,0.0500484872024868,FALSE
100,"Localized",0.75,0.05,1,8,"Uniform",-1.2531698588551e-05,-1.2531698588551e-05,0,0,0.0500000000179894,FALSE
100,"Localized",0.75,0.05,1,8,"Central",0.0125846610430436,0.0125846610430436,0.059,0.00333223648620562,0.0500181419447845,FALSE
100,"Localized",0.75,0.05,1,8,"Tail",-0.0205735451293947,-0.0205735451293947,0.0558,0.00324611644892786,0.0500484872024868,FALSE
100,"Localized",0.75,0.05,1.5,1,"Uniform",-1.2531698588551e-05,-1.87975478828265e-05,0,0,0.0500000000404762,FALSE
100,"Localized",0.75,0.05,1.5,1,"Central",0.0125846610430436,0.0188769915645654,0.0478,0.00301712313305241,0.0500408199423036,FALSE
100,"Localized",0.75,0.05,1.5,1,"Tail",-0.0205735451293947,-0.030860317694092,0.0528,0.00316266216975509,0.0501091002510909,FALSE
100,"Localized",0.75,0.05,1.5,2,"Uniform",-1.2531698588551e-05,-1.87975478828265e-05,0,0,0.0500000000404762,FALSE
100,"Localized",0.75,0.05,1.5,2,"Central",0.0125846610430436,0.0188769915645654,0.0534,0.00317957355631223,0.0500408199423036,FALSE
100,"Localized",0.75,0.05,1.5,2,"Tail",-0.0205735451293947,-0.030860317694092,0.0528,0.00316266216975509,0.0501091002510909,FALSE
100,"Localized",0.75,0.05,1.5,3,"Uniform",-1.2531698588551e-05,-1.87975478828265e-05,0,0,0.0500000000404762,FALSE
100,"Localized",0.75,0.05,1.5,3,"Central",0.0125846610430436,0.0188769915645654,0.0548,0.00321860093829602,0.0500408199423036,FALSE
100,"Localized",0.75,0.05,1.5,3,"Tail",-0.0205735451293947,-0.030860317694092,0.0528,0.00316266216975509,0.0501091002510909,FALSE
100,"Localized",0.75,0.05,1.5,5,"Uniform",-1.2531698588551e-05,-1.87975478828265e-05,0,0,0.0500000000404762,FALSE
100,"Localized",0.75,0.05,1.5,5,"Central",0.0125846610430436,0.0188769915645654,0.0458,0.00295642892693195,0.0500408199423036,FALSE
100,"Localized",0.75,0.05,1.5,5,"Tail",-0.0205735451293947,-0.030860317694092,0.0494,0.0030646252625729,0.0501091002510909,FALSE
100,"Localized",0.75,0.05,1.5,8,"Uniform",-1.2531698588551e-05,-1.87975478828265e-05,0,0,0.0500000000404762,FALSE
100,"Localized",0.75,0.05,1.5,8,"Central",0.0125846610430436,0.0188769915645654,0.0598,0.00335332551357604,0.0500408199423036,FALSE
100,"Localized",0.75,0.05,1.5,8,"Tail",-0.0205735451293947,-0.030860317694092,0.047,0.00299302522541993,0.0501091002510909,FALSE
100,"Localized",0.75,0.05,2,1,"Uniform",-1.2531698588551e-05,-2.5063397177102e-05,0,0,0.0500000000719575,FALSE
100,"Localized",0.75,0.05,2,1,"Central",0.0125846610430436,0.0251693220860871,0.0548,0.00321860093829602,0.0500725701961394,FALSE
100,"Localized",0.75,0.05,2,1,"Tail",-0.0205735451293947,-0.0411470902587893,0.0594,0.00334280241713446,0.0501939660663426,FALSE
100,"Localized",0.75,0.05,2,2,"Uniform",-1.2531698588551e-05,-2.5063397177102e-05,0,0,0.0500000000719575,FALSE
100,"Localized",0.75,0.05,2,2,"Central",0.0125846610430436,0.0251693220860871,0.0572,0.00328414859590732,0.0500725701961394,FALSE
100,"Localized",0.75,0.05,2,2,"Tail",-0.0205735451293947,-0.0411470902587893,0.0474,0.00300510365877785,0.0501939660663426,FALSE
100,"Localized",0.75,0.05,2,3,"Uniform",-1.2531698588551e-05,-2.5063397177102e-05,0,0,0.0500000000719575,FALSE
100,"Localized",0.75,0.05,2,3,"Central",0.0125846610430436,0.0251693220860871,0.0544,0.0032075111847038,0.0500725701961394,FALSE
100,"Localized",0.75,0.05,2,3,"Tail",-0.0205735451293947,-0.0411470902587893,0.0528,0.00316266216975509,0.0501939660663426,FALSE
100,"Localized",0.75,0.05,2,5,"Uniform",-1.2531698588551e-05,-2.5063397177102e-05,0,0,0.0500000000719575,FALSE
100,"Localized",0.75,0.05,2,5,"Central",0.0125846610430436,0.0251693220860871,0.0516,0.00312849612433834,0.0500725701961394,FALSE
100,"Localized",0.75,0.05,2,5,"Tail",-0.0205735451293947,-0.0411470902587893,0.045,0.00293172304285381,0.0501939660663426,FALSE
100,"Localized",0.75,0.05,2,8,"Uniform",-1.2531698588551e-05,-2.5063397177102e-05,0,0,0.0500000000719575,FALSE
100,"Localized",0.75,0.05,2,8,"Central",0.0125846610430436,0.0251693220860871,0.0634,0.00344617004803884,0.0500725701961394,FALSE
100,"Localized",0.75,0.05,2,8,"Tail",-0.0205735451293947,-0.0411470902587893,0.0474,0.00300510365877785,0.0501939660663426,FALSE
100,"Localized",0.75,0.1,0.5,1,"Uniform",-2.27124269483004e-05,-1.13562134741502e-05,0,0,0.0500000000147728,FALSE
100,"Localized",0.75,0.1,0.5,1,"Central",0.0165851897439836,0.00829259487199179,0.0484,0.00303504332753257,0.0500078773286388,FALSE
100,"Localized",0.75,0.1,0.5,1,"Tail",-0.0271275085762082,-0.0135637542881041,0.057,0.00327874976172321,0.05002107470007,FALSE
100,"Localized",0.75,0.1,0.5,2,"Uniform",-2.27124269483004e-05,-1.13562134741502e-05,0,0,0.0500000000147728,FALSE
100,"Localized",0.75,0.1,0.5,2,"Central",0.0165851897439836,0.00829259487199179,0.0534,0.00317957355631223,0.0500078773286388,FALSE
100,"Localized",0.75,0.1,0.5,2,"Tail",-0.0271275085762082,-0.0135637542881041,0.0428,0.00286245209566903,0.05002107470007,FALSE
100,"Localized",0.75,0.1,0.5,3,"Uniform",-2.27124269483004e-05,-1.13562134741502e-05,0,0,0.0500000000147728,FALSE
100,"Localized",0.75,0.1,0.5,3,"Central",0.0165851897439836,0.00829259487199179,0.0572,0.00328414859590732,0.0500078773286388,FALSE
100,"Localized",0.75,0.1,0.5,3,"Tail",-0.0271275085762082,-0.0135637542881041,0.0516,0.00312849612433834,0.05002107470007,FALSE
100,"Localized",0.75,0.1,0.5,5,"Uniform",-2.27124269483004e-05,-1.13562134741502e-05,0,0,0.0500000000147728,FALSE
100,"Localized",0.75,0.1,0.5,5,"Central",0.0165851897439836,0.00829259487199179,0.0442,0.00290676314824583,0.0500078773286388,FALSE
100,"Localized",0.75,0.1,0.5,5,"Tail",-0.0271275085762082,-0.0135637542881041,0.051,0.00311123769583746,0.05002107470007,FALSE
100,"Localized",0.75,0.1,0.5,8,"Uniform",-2.27124269483004e-05,-1.13562134741502e-05,0,0,0.0500000000147728,FALSE
100,"Localized",0.75,0.1,0.5,8,"Central",0.0165851897439836,0.00829259487199179,0.0594,0.00334280241713446,0.0500078773286388,FALSE
100,"Localized",0.75,0.1,0.5,8,"Tail",-0.0271275085762082,-0.0135637542881041,0.0528,0.00316266216975509,0.05002107470007,FALSE
100,"Localized",0.75,0.1,1,1,"Uniform",-2.27124269483004e-05,-2.27124269483004e-05,0,0,0.0500000000590913,FALSE
100,"Localized",0.75,0.1,1,1,"Central",0.0165851897439836,0.0165851897439836,0.0544,0.0032075111847038,0.0500315097703187,FALSE
100,"Localized",0.75,0.1,1,1,"Tail",-0.0271275085762082,-0.0271275085762082,0.0488,0.00304691844328003,0.0500843020617354,FALSE
100,"Localized",0.75,0.1,1,2,"Uniform",-2.27124269483004e-05,-2.27124269483004e-05,0,0,0.0500000000590913,FALSE
100,"Localized",0.75,0.1,1,2,"Central",0.0165851897439836,0.0165851897439836,0.0576,0.00329491244193226,0.0500315097703187,FALSE
100,"Localized",0.75,0.1,1,2,"Tail",-0.0271275085762082,-0.0271275085762082,0.0464,0.00297479545515318,0.0500843020617354,FALSE
100,"Localized",0.75,0.1,1,3,"Uniform",-2.27124269483004e-05,-2.27124269483004e-05,0,0,0.0500000000590913,FALSE
100,"Localized",0.75,0.1,1,3,"Central",0.0165851897439836,0.0165851897439836,0.058,0.00330563155841664,0.0500315097703187,FALSE
100,"Localized",0.75,0.1,1,3,"Tail",-0.0271275085762082,-0.0271275085762082,0.0484,0.00303504332753257,0.0500843020617354,FALSE
100,"Localized",0.75,0.1,1,5,"Uniform",-2.27124269483004e-05,-2.27124269483004e-05,0,0,0.0500000000590913,FALSE
100,"Localized",0.75,0.1,1,5,"Central",0.0165851897439836,0.0165851897439836,0.0518,0.0031342227106573,0.0500315097703187,FALSE
100,"Localized",0.75,0.1,1,5,"Tail",-0.0271275085762082,-0.0271275085762082,0.0482,0.00302908435009658,0.0500843020617354,FALSE
100,"Localized",0.75,0.1,1,8,"Uniform",-2.27124269483004e-05,-2.27124269483004e-05,0,0,0.0500000000590913,FALSE
100,"Localized",0.75,0.1,1,8,"Central",0.0165851897439836,0.0165851897439836,0.0468,0.00298696367570816,0.0500315097703187,FALSE
100,"Localized",0.75,0.1,1,8,"Tail",-0.0271275085762082,-0.0271275085762082,0.0546,0.00321306209090332,0.0500843020617354,FALSE
100,"Localized",0.75,0.1,1.5,1,"Uniform",-2.27124269483004e-05,-3.40686404224506e-05,0,0,0.0500000001329553,FALSE
100,"Localized",0.75,0.1,1.5,1,"Central",0.0165851897439836,0.0248777846159754,0.0504,0.00309385972532693,0.0500708986920069,FALSE
100,"Localized",0.75,0.1,1.5,1,"Tail",-0.0271275085762082,-0.0406912628643124,0.056,0.00325158422926425,0.0501896918631887,FALSE
100,"Localized",0.75,0.1,1.5,2,"Uniform",-2.27124269483004e-05,-3.40686404224506e-05,0,0,0.0500000001329553,FALSE
100,"Localized",0.75,0.1,1.5,2,"Central",0.0165851897439836,0.0248777846159754,0.0532,0.00317394895989208,0.0500708986920069,FALSE
100,"Localized",0.75,0.1,1.5,2,"Tail",-0.0271275085762082,-0.0406912628643124,0.0514,0.00312275647465504,0.0501896918631887,FALSE
100,"Localized",0.75,0.1,1.5,3,"Uniform",-2.27124269483004e-05,-3.40686404224506e-05,0,0,0.0500000001329553,FALSE
100,"Localized",0.75,0.1,1.5,3,"Central",0.0165851897439836,0.0248777846159754,0.0562,0.00325704037432759,0.0500708986920069,FALSE
100,"Localized",0.75,0.1,1.5,3,"Tail",-0.0271275085762082,-0.0406912628643124,0.0524,0.00315132480077824,0.0501896918631887,FALSE
100,"Localized",0.75,0.1,1.5,5,"Uniform",-2.27124269483004e-05,-3.40686404224506e-05,0,0,0.0500000001329553,FALSE
100,"Localized",0.75,0.1,1.5,5,"Central",0.0165851897439836,0.0248777846159754,0.0538,0.00319078548323136,0.0500708986920069,FALSE
100,"Localized",0.75,0.1,1.5,5,"Tail",-0.0271275085762082,-0.0406912628643124,0.0544,0.0032075111847038,0.0501896918631887,FALSE
100,"Localized",0.75,0.1,1.5,8,"Uniform",-2.27124269483004e-05,-3.40686404224506e-05,0,0,0.0500000001329553,FALSE
100,"Localized",0.75,0.1,1.5,8,"Central",0.0165851897439836,0.0248777846159754,0.0564,0.00326248494249399,0.0500708986920069,FALSE
100,"Localized",0.75,0.1,1.5,8,"Tail",-0.0271275085762082,-0.0406912628643124,0.047,0.00299302522541993,0.0501896918631887,FALSE
100,"Localized",0.75,0.1,2,1,"Uniform",-2.27124269483004e-05,-4.54248538966008e-05,0,0,0.050000000236365,FALSE
100,"Localized",0.75,0.1,2,1,"Central",0.0165851897439836,0.0331703794879672,0.0544,0.0032075111847038,0.0501260463709084,FALSE
100,"Localized",0.75,0.1,2,1,"Tail",-0.0271275085762082,-0.0542550171524165,0.0578,0.00330027756408457,0.0503372603808433,FALSE
100,"Localized",0.75,0.1,2,2,"Uniform",-2.27124269483004e-05,-4.54248538966008e-05,0,0,0.050000000236365,FALSE
100,"Localized",0.75,0.1,2,2,"Central",0.0165851897439836,0.0331703794879672,0.054,0.00319637294444813,0.0501260463709084,FALSE
100,"Localized",0.75,0.1,2,2,"Tail",-0.0271275085762082,-0.0542550171524165,0.0462,0.00296868859936505,0.0503372603808433,FALSE
100,"Localized",0.75,0.1,2,3,"Uniform",-2.27124269483004e-05,-4.54248538966008e-05,0,0,0.050000000236365,FALSE
100,"Localized",0.75,0.1,2,3,"Central",0.0165851897439836,0.0331703794879672,0.0534,0.00317957355631223,0.0501260463709084,FALSE
100,"Localized",0.75,0.1,2,3,"Tail",-0.0271275085762082,-0.0542550171524165,0.0514,0.00312275647465504,0.0503372603808433,FALSE
100,"Localized",0.75,0.1,2,5,"Uniform",-2.27124269483004e-05,-4.54248538966008e-05,0,0,0.050000000236365,FALSE
100,"Localized",0.75,0.1,2,5,"Central",0.0165851897439836,0.0331703794879672,0.0588,0.00332693733033852,0.0501260463709084,FALSE
100,"Localized",0.75,0.1,2,5,"Tail",-0.0271275085762082,-0.0542550171524165,0.0462,0.00296868859936505,0.0503372603808433,FALSE
100,"Localized",0.75,0.1,2,8,"Uniform",-2.27124269483004e-05,-4.54248538966008e-05,0,0,0.050000000236365,FALSE
100,"Localized",0.75,0.1,2,8,"Central",0.0165851897439836,0.0331703794879672,0.0614,0.00339499749631719,0.0501260463709084,FALSE
100,"Localized",0.75,0.1,2,8,"Tail",-0.0271275085762082,-0.0542550171524165,0.0442,0.00290676314824583,0.0503372603808433,FALSE
100,"Localized",0.75,0.2,0.5,1,"Uniform",-2.18959880655013e-05,-1.09479940327507e-05,0,0,0.0500000000137299,FALSE
100,"Localized",0.75,0.2,0.5,1,"Central",0.0282123738839925,0.0141061869419963,0.0516,0.00312849612433834,0.0500227940397899,FALSE
100,"Localized",0.75,0.2,0.5,1,"Tail",-0.046108049889496,-0.023054024944748,0.046,0.00296256645495084,0.0500608843498128,FALSE
100,"Localized",0.75,0.2,0.5,2,"Uniform",-2.18959880655013e-05,-1.09479940327507e-05,0,0,0.0500000000137299,FALSE
100,"Localized",0.75,0.2,0.5,2,"Central",0.0282123738839925,0.0141061869419963,0.0526,0.00315699984162179,0.0500227940397899,FALSE
100,"Localized",0.75,0.2,0.5,2,"Tail",-0.046108049889496,-0.023054024944748,0.0476,0.00301112072159188,0.0500608843498128,FALSE
100,"Localized",0.75,0.2,0.5,3,"Uniform",-2.18959880655013e-05,-1.09479940327507e-05,0,0,0.0500000000137299,FALSE
100,"Localized",0.75,0.2,0.5,3,"Central",0.0282123738839925,0.0141061869419963,0.052,0.00313993630508646,0.0500227940397899,FALSE
100,"Localized",0.75,0.2,0.5,3,"Tail",-0.046108049889496,-0.023054024944748,0.0454,0.00294410733499986,0.0500608843498128,FALSE
100,"Localized",0.75,0.2,0.5,5,"Uniform",-2.18959880655013e-05,-1.09479940327507e-05,0,0,0.0500000000137299,FALSE
100,"Localized",0.75,0.2,0.5,5,"Central",0.0282123738839925,0.0141061869419963,0.0454,0.00294410733499986,0.0500227940397899,FALSE
100,"Localized",0.75,0.2,0.5,5,"Tail",-0.046108049889496,-0.023054024944748,0.052,0.00313993630508646,0.0500608843498128,FALSE
100,"Localized",0.75,0.2,0.5,8,"Uniform",-2.18959880655013e-05,-1.09479940327507e-05,0,0,0.0500000000137299,FALSE
100,"Localized",0.75,0.2,0.5,8,"Central",0.0282123738839925,0.0141061869419963,0.0554,0.00323514574633045,0.0500227940397899,FALSE
100,"Localized",0.75,0.2,0.5,8,"Tail",-0.046108049889496,-0.023054024944748,0.0536,0.00318518570887162,0.0500608843498128,FALSE
100,"Localized",0.75,0.2,1,1,"Uniform",-2.18959880655013e-05,-2.18959880655013e-05,0,0,0.0500000000549194,FALSE
100,"Localized",0.75,0.2,1,1,"Central",0.0282123738839925,0.0282123738839925,0.0502,0.00308804015517933,0.0500911799743755,FALSE
100,"Localized",0.75,0.2,1,1,"Tail",-0.046108049889496,-0.046108049889496,0.0574,0.0032895361375124,0.0502435646024483,FALSE
100,"Localized",0.75,0.2,1,2,"Uniform",-2.18959880655013e-05,-2.18959880655013e-05,0,0,0.0500000000549194,FALSE
100,"Localized",0.75,0.2,1,2,"Central",0.0282123738839925,0.0282123738839925,0.0506,0.00309966578843591,0.0500911799743755,FALSE
100,"Localized",0.75,0.2,1,2,"Tail",-0.046108049889496,-0.046108049889496,0.0456,0.00295027591929975,0.0502435646024483,FALSE
100,"Localized",0.75,0.2,1,3,"Uniform",-2.18959880655013e-05,-2.18959880655013e-05,0,0,0.0500000000549194,FALSE
100,"Localized",0.75,0.2,1,3,"Central",0.0282123738839925,0.0282123738839925,0.0484,0.00303504332753257,0.0500911799743755,FALSE
100,"Localized",0.75,0.2,1,3,"Tail",-0.046108049889496,-0.046108049889496,0.05,0.00308220700148449,0.0502435646024483,FALSE
100,"Localized",0.75,0.2,1,5,"Uniform",-2.18959880655013e-05,-2.18959880655013e-05,0,0,0.0500000000549194,FALSE
100,"Localized",0.75,0.2,1,5,"Central",0.0282123738839925,0.0282123738839925,0.039,0.00273784586856163,0.0500911799743755,FALSE
100,"Localized",0.75,0.2,1,5,"Tail",-0.046108049889496,-0.046108049889496,0.049,0.00305283474822991,0.0502435646024483,FALSE
100,"Localized",0.75,0.2,1,8,"Uniform",-2.18959880655013e-05,-2.18959880655013e-05,0,0,0.0500000000549194,FALSE
100,"Localized",0.75,0.2,1,8,"Central",0.0282123738839925,0.0282123738839925,0.0478,0.00301712313305241,0.0500911799743755,FALSE
100,"Localized",0.75,0.2,1,8,"Tail",-0.046108049889496,-0.046108049889496,0.0536,0.00318518570887162,0.0502435646024483,FALSE
100,"Localized",0.75,0.2,1.5,1,"Uniform",-2.18959880655013e-05,-3.2843982098252e-05,0,0,0.0500000001235685,FALSE
100,"Localized",0.75,0.2,1.5,1,"Central",0.0282123738839925,0.0423185608259888,0.0494,0.0030646252625729,0.0502051692415944,FALSE
100,"Localized",0.75,0.2,1.5,1,"Tail",-0.046108049889496,-0.069162074834244,0.055,0.0032241277890307,0.0505481222187061,FALSE
100,"Localized",0.75,0.2,1.5,2,"Uniform",-2.18959880655013e-05,-3.2843982098252e-05,0,0,0.0500000001235685,FALSE
100,"Localized",0.75,0.2,1.5,2,"Central",0.0282123738839925,0.0423185608259888,0.047,0.00299302522541993,0.0502051692415944,FALSE
100,"Localized",0.75,0.2,1.5,2,"Tail",-0.046108049889496,-0.069162074834244,0.0558,0.00324611644892786,0.0505481222187061,FALSE
100,"Localized",0.75,0.2,1.5,3,"Uniform",-2.18959880655013e-05,-3.2843982098252e-05,0,0,0.0500000001235685,FALSE
100,"Localized",0.75,0.2,1.5,3,"Central",0.0282123738839925,0.0423185608259888,0.0454,0.00294410733499986,0.0502051692415944,FALSE
100,"Localized",0.75,0.2,1.5,3,"Tail",-0.046108049889496,-0.069162074834244,0.0524,0.00315132480077824,0.0505481222187061,FALSE
100,"Localized",0.75,0.2,1.5,5,"Uniform",-2.18959880655013e-05,-3.2843982098252e-05,0,0,0.0500000001235685,FALSE
100,"Localized",0.75,0.2,1.5,5,"Central",0.0282123738839925,0.0423185608259888,0.0448,0.00292550713552369,0.0502051692415944,FALSE
100,"Localized",0.75,0.2,1.5,5,"Tail",-0.046108049889496,-0.069162074834244,0.0494,0.0030646252625729,0.0505481222187061,FALSE
100,"Localized",0.75,0.2,1.5,8,"Uniform",-2.18959880655013e-05,-3.2843982098252e-05,0,0,0.0500000001235685,FALSE
100,"Localized",0.75,0.2,1.5,8,"Central",0.0282123738839925,0.0423185608259888,0.0542,0.00320194815698193,0.0502051692415944,FALSE
100,"Localized",0.75,0.2,1.5,8,"Tail",-0.046108049889496,-0.069162074834244,0.0526,0.00315699984162179,0.0505481222187061,FALSE
100,"Localized",0.75,0.2,2,1,"Uniform",-2.18959880655013e-05,-4.37919761310026e-05,0,0,0.0500000002196773,FALSE
100,"Localized",0.75,0.2,2,1,"Central",0.0282123738839925,0.0564247477679851,0.0556,0.00324063697442339,0.050364780878478,FALSE
100,"Localized",0.75,0.2,2,1,"Tail",-0.046108049889496,-0.092216099778992,0.0594,0.00334280241713446,0.0509746924710218,FALSE
100,"Localized",0.75,0.2,2,2,"Uniform",-2.18959880655013e-05,-4.37919761310026e-05,0,0,0.0500000002196773,FALSE
100,"Localized",0.75,0.2,2,2,"Central",0.0282123738839925,0.0564247477679851,0.0506,0.00309966578843591,0.050364780878478,FALSE
100,"Localized",0.75,0.2,2,2,"Tail",-0.046108049889496,-0.092216099778992,0.0518,0.0031342227106573,0.0509746924710218,FALSE
100,"Localized",0.75,0.2,2,3,"Uniform",-2.18959880655013e-05,-4.37919761310026e-05,0,0,0.0500000002196773,FALSE
100,"Localized",0.75,0.2,2,3,"Central",0.0282123738839925,0.0564247477679851,0.0486,0.0030409879973456,0.050364780878478,FALSE
100,"Localized",0.75,0.2,2,3,"Tail",-0.046108049889496,-0.092216099778992,0.0474,0.00300510365877785,0.0509746924710218,FALSE
100,"Localized",0.75,0.2,2,5,"Uniform",-2.18959880655013e-05,-4.37919761310026e-05,0,0,0.0500000002196773,FALSE
100,"Localized",0.75,0.2,2,5,"Central",0.0282123738839925,0.0564247477679851,0.044,0.00290048271844533,0.050364780878478,FALSE
100,"Localized",0.75,0.2,2,5,"Tail",-0.046108049889496,-0.092216099778992,0.0518,0.0031342227106573,0.0509746924710218,FALSE
100,"Localized",0.75,0.2,2,8,"Uniform",-2.18959880655013e-05,-4.37919761310026e-05,0,0,0.0500000002196773,FALSE
100,"Localized",0.75,0.2,2,8,"Central",0.0282123738839925,0.0564247477679851,0.0504,0.00309385972532693,0.050364780878478,FALSE
100,"Localized",0.75,0.2,2,8,"Tail",-0.046108049889496,-0.092216099778992,0.0484,0.00303504332753257,0.0509746924710218,FALSE
200,"Linear",NA,NA,0.5,1,"Uniform",4.56700082322557e-17,2.28350041161279e-17,0,0,0.0500000000000001,TRUE
200,"Linear",NA,NA,0.5,1,"Central",-1.09855274925353e-19,-5.49276374626766e-20,0.0554,0.00323514574633045,0.0500000000000001,TRUE
200,"Linear",NA,NA,0.5,1,"Tail",1.07213309997844e-16,5.36066549989218e-17,0.045,0.00293172304285381,0.0500000000000001,TRUE
200,"Linear",NA,NA,0.5,2,"Uniform",4.56700082322557e-17,2.28350041161279e-17,0,0,0.0500000000000001,TRUE
200,"Linear",NA,NA,0.5,2,"Central",-1.09855274925353e-19,-5.49276374626766e-20,0.0468,0.00298696367570816,0.0500000000000001,TRUE
200,"Linear",NA,NA,0.5,2,"Tail",1.07213309997844e-16,5.36066549989218e-17,0.0432,0.00287519599331941,0.0500000000000001,TRUE
200,"Linear",NA,NA,0.5,3,"Uniform",4.56700082322557e-17,2.28350041161279e-17,0,0,0.0500000000000001,TRUE
200,"Linear",NA,NA,0.5,3,"Central",-1.09855274925353e-19,-5.49276374626766e-20,0.0544,0.0032075111847038,0.0500000000000001,TRUE
200,"Linear",NA,NA,0.5,3,"Tail",1.07213309997844e-16,5.36066549989218e-17,0.0516,0.00312849612433834,0.0500000000000001,TRUE
200,"Linear",NA,NA,0.5,5,"Uniform",4.56700082322557e-17,2.28350041161279e-17,0,0,0.0500000000000001,TRUE
200,"Linear",NA,NA,0.5,5,"Central",-1.09855274925353e-19,-5.49276374626766e-20,0.049,0.00305283474822991,0.0500000000000001,TRUE
200,"Linear",NA,NA,0.5,5,"Tail",1.07213309997844e-16,5.36066549989218e-17,0.0508,0.00310545842026584,0.0500000000000001,TRUE
200,"Linear",NA,NA,0.5,8,"Uniform",4.56700082322557e-17,2.28350041161279e-17,0,0,0.0500000000000001,TRUE
200,"Linear",NA,NA,0.5,8,"Central",-1.09855274925353e-19,-5.49276374626766e-20,0.0542,0.00320194815698193,0.0500000000000001,TRUE
200,"Linear",NA,NA,0.5,8,"Tail",1.07213309997844e-16,5.36066549989218e-17,0.0482,0.00302908435009658,0.0500000000000001,TRUE
200,"Linear",NA,NA,1,1,"Uniform",4.56700082322557e-17,4.56700082322557e-17,0,0,0.0500000000000001,TRUE
200,"Linear",NA,NA,1,1,"Central",-1.09855274925353e-19,-1.09855274925353e-19,0.0464,0.00297479545515318,0.0500000000000001,TRUE
200,"Linear",NA,NA,1,1,"Tail",1.07213309997844e-16,1.07213309997844e-16,0.047,0.00299302522541993,0.0500000000000001,TRUE
200,"Linear",NA,NA,1,2,"Uniform",4.56700082322557e-17,4.56700082322557e-17,0,0,0.0500000000000001,TRUE
200,"Linear",NA,NA,1,2,"Central",-1.09855274925353e-19,-1.09855274925353e-19,0.042,0.00283675871374356,0.0500000000000001,TRUE
200,"Linear",NA,NA,1,2,"Tail",1.07213309997844e-16,1.07213309997844e-16,0.0434,0.00288154264240528,0.0500000000000001,TRUE
200,"Linear",NA,NA,1,3,"Uniform",4.56700082322557e-17,4.56700082322557e-17,0,0,0.0500000000000001,TRUE
200,"Linear",NA,NA,1,3,"Central",-1.09855274925353e-19,-1.09855274925353e-19,0.0536,0.00318518570887162,0.0500000000000001,TRUE
200,"Linear",NA,NA,1,3,"Tail",1.07213309997844e-16,1.07213309997844e-16,0.057,0.00327874976172321,0.0500000000000001,TRUE
200,"Linear",NA,NA,1,5,"Uniform",4.56700082322557e-17,4.56700082322557e-17,0,0,0.0500000000000001,TRUE
200,"Linear",NA,NA,1,5,"Central",-1.09855274925353e-19,-1.09855274925353e-19,0.043,0.00286883251515316,0.0500000000000001,TRUE
200,"Linear",NA,NA,1,5,"Tail",1.07213309997844e-16,1.07213309997844e-16,0.0486,0.0030409879973456,0.0500000000000001,TRUE
200,"Linear",NA,NA,1,8,"Uniform",4.56700082322557e-17,4.56700082322557e-17,0,0,0.0500000000000001,TRUE
200,"Linear",NA,NA,1,8,"Central",-1.09855274925353e-19,-1.09855274925353e-19,0.046,0.00296256645495084,0.0500000000000001,TRUE
200,"Linear",NA,NA,1,8,"Tail",1.07213309997844e-16,1.07213309997844e-16,0.0612,0.00338982477423244,0.0500000000000001,TRUE
200,"Linear",NA,NA,1.5,1,"Uniform",4.56700082322557e-17,6.85050123483836e-17,0,0,0.0500000000000001,TRUE
200,"Linear",NA,NA,1.5,1,"Central",-1.09855274925353e-19,-1.6478291238803e-19,0.049,0.00305283474822991,0.0500000000000001,TRUE
200,"Linear",NA,NA,1.5,1,"Tail",1.07213309997844e-16,1.60819964996765e-16,0.0528,0.00316266216975509,0.0500000000000001,TRUE
200,"Linear",NA,NA,1.5,2,"Uniform",4.56700082322557e-17,6.85050123483836e-17,0,0,0.0500000000000001,TRUE
200,"Linear",NA,NA,1.5,2,"Central",-1.09855274925353e-19,-1.6478291238803e-19,0.0432,0.00287519599331941,0.0500000000000001,TRUE
200,"Linear",NA,NA,1.5,2,"Tail",1.07213309997844e-16,1.60819964996765e-16,0.0506,0.00309966578843591,0.0500000000000001,TRUE
200,"Linear",NA,NA,1.5,3,"Uniform",4.56700082322557e-17,6.85050123483836e-17,0,0,0.0500000000000001,TRUE
200,"Linear",NA,NA,1.5,3,"Central",-1.09855274925353e-19,-1.6478291238803e-19,0.0466,0.00298088711627931,0.0500000000000001,TRUE
200,"Linear",NA,NA,1.5,3,"Tail",1.07213309997844e-16,1.60819964996765e-16,0.0578,0.00330027756408457,0.0500000000000001,TRUE
200,"Linear",NA,NA,1.5,5,"Uniform",4.56700082322557e-17,6.85050123483836e-17,0,0,0.0500000000000001,TRUE
200,"Linear",NA,NA,1.5,5,"Central",-1.09855274925353e-19,-1.6478291238803e-19,0.0412,0.00281078494374792,0.0500000000000001,TRUE
200,"Linear",NA,NA,1.5,5,"Tail",1.07213309997844e-16,1.60819964996765e-16,0.0638,0.00345628586780665,0.0500000000000001,TRUE
200,"Linear",NA,NA,1.5,8,"Uniform",4.56700082322557e-17,6.85050123483836e-17,0,0,0.0500000000000001,TRUE
200,"Linear",NA,NA,1.5,8,"Central",-1.09855274925353e-19,-1.6478291238803e-19,0.0406,0.00279111590586991,0.0500000000000001,TRUE
200,"Linear",NA,NA,1.5,8,"Tail",1.07213309997844e-16,1.60819964996765e-16,0.0642,0.00346636293541227,0.0500000000000001,TRUE
200,"Linear",NA,NA,2,1,"Uniform",4.56700082322557e-17,9.13400164645114e-17,0,0,0.0500000000000001,TRUE
200,"Linear",NA,NA,2,1,"Central",-1.09855274925353e-19,-2.19710549850706e-19,0.0434,0.00288154264240528,0.0500000000000001,TRUE
200,"Linear",NA,NA,2,1,"Tail",1.07213309997844e-16,2.14426619995687e-16,0.0562,0.00325704037432759,0.0500000000000001,TRUE
200,"Linear",NA,NA,2,2,"Uniform",4.56700082322557e-17,9.13400164645114e-17,0,0,0.0500000000000001,TRUE
200,"Linear",NA,NA,2,2,"Central",-1.09855274925353e-19,-2.19710549850706e-19,0.0388,0.00273110087693589,0.0500000000000001,TRUE
200,"Linear",NA,NA,2,2,"Tail",1.07213309997844e-16,2.14426619995687e-16,0.052,0.00313993630508646,0.0500000000000001,TRUE
200,"Linear",NA,NA,2,3,"Uniform",4.56700082322557e-17,9.13400164645114e-17,0,0,0.0500000000000001,TRUE
200,"Linear",NA,NA,2,3,"Central",-1.09855274925353e-19,-2.19710549850706e-19,0.0384,0.00271755183943195,0.0500000000000001,TRUE
200,"Linear",NA,NA,2,3,"Tail",1.07213309997844e-16,2.14426619995687e-16,0.0656,0.00350133231784702,0.0500000000000001,TRUE
200,"Linear",NA,NA,2,5,"Uniform",4.56700082322557e-17,9.13400164645114e-17,0,0,0.0500000000000001,TRUE
200,"Linear",NA,NA,2,5,"Central",-1.09855274925353e-19,-2.19710549850706e-19,0.034,0.0025629670306112,0.0500000000000001,TRUE
200,"Linear",NA,NA,2,5,"Tail",1.07213309997844e-16,2.14426619995687e-16,0.0674,0.00354562378150869,0.0500000000000001,TRUE
200,"Linear",NA,NA,2,8,"Uniform",4.56700082322557e-17,9.13400164645114e-17,0,0,0.0500000000000001,TRUE
200,"Linear",NA,NA,2,8,"Central",-1.09855274925353e-19,-2.19710549850706e-19,0.034,0.0025629670306112,0.0500000000000001,TRUE
200,"Linear",NA,NA,2,8,"Tail",1.07213309997844e-16,2.14426619995687e-16,0.0778,0.00378806441339109,0.0500000000000001,TRUE
200,"Quadratic",NA,NA,0.5,1,"Uniform",0.000100000000000046,5.0000000000023e-05,0,0,0.0500000002863757,FALSE
200,"Quadratic",NA,NA,0.5,1,"Central",-0.182565066938613,-0.0912825334693063,0.066,0.00351123909752668,0.0509550460167297,FALSE
200,"Quadratic",NA,NA,0.5,1,"Tail",0.298276554122463,0.149138277061231,0.0412,0.00281078494374792,0.0525517956416884,FALSE
200,"Quadratic",NA,NA,0.5,2,"Uniform",0.000100000000000046,5.0000000000023e-05,0,0,0.0500000002863757,FALSE
200,"Quadratic",NA,NA,0.5,2,"Central",-0.182565066938613,-0.0912825334693063,0.052,0.00313993630508646,0.0509550460167297,FALSE
200,"Quadratic",NA,NA,0.5,2,"Tail",0.298276554122463,0.149138277061231,0.0392,0.0027445713690848,0.0525517956416884,FALSE
200,"Quadratic",NA,NA,0.5,3,"Uniform",0.000100000000000046,5.0000000000023e-05,0,0,0.0500000002863757,FALSE
200,"Quadratic",NA,NA,0.5,3,"Central",-0.182565066938613,-0.0912825334693063,0.057,0.00327874976172321,0.0509550460167297,FALSE
200,"Quadratic",NA,NA,0.5,3,"Tail",0.298276554122463,0.149138277061231,0.0374,0.00268332778467335,0.0525517956416884,FALSE
200,"Quadratic",NA,NA,0.5,5,"Uniform",0.000100000000000046,5.0000000000023e-05,0,0,0.0500000002863757,FALSE
200,"Quadratic",NA,NA,0.5,5,"Central",-0.182565066938613,-0.0912825334693063,0.0462,0.00296868859936505,0.0509550460167297,FALSE
200,"Quadratic",NA,NA,0.5,5,"Tail",0.298276554122463,0.149138277061231,0.0418,0.00283029185774188,0.0525517956416884,FALSE
200,"Quadratic",NA,NA,0.5,8,"Uniform",0.000100000000000046,5.0000000000023e-05,0,0,0.0500000002863757,FALSE
200,"Quadratic",NA,NA,0.5,8,"Central",-0.182565066938613,-0.0912825334693063,0.049,0.00305283474822991,0.0509550460167297,FALSE
200,"Quadratic",NA,NA,0.5,8,"Tail",0.298276554122463,0.149138277061231,0.0458,0.00295642892693195,0.0525517956416884,FALSE
200,"Quadratic",NA,NA,1,1,"Uniform",0.000100000000000046,0.000100000000000046,0,0,0.0500000011455023,FALSE
200,"Quadratic",NA,NA,1,1,"Central",-0.182565066938613,-0.182565066938613,0.0642,0.00346636293541227,0.0538267811162567,FALSE
200,"Quadratic",NA,NA,1,1,"Tail",0.298276554122463,0.298276554122463,0.0308,0.00244341400503476,0.0602530649228937,FALSE
200,"Quadratic",NA,NA,1,2,"Uniform",0.000100000000000046,0.000100000000000046,0,0,0.0500000011455023,FALSE
200,"Quadratic",NA,NA,1,2,"Central",-0.182565066938613,-0.182565066938613,0.0542,0.00320194815698193,0.0538267811162567,FALSE
200,"Quadratic",NA,NA,1,2,"Tail",0.298276554122463,0.298276554122463,0.0256,0.00223359083092674,0.0602530649228937,FALSE
200,"Quadratic",NA,NA,1,3,"Uniform",0.000100000000000046,0.000100000000000046,0,0,0.0500000011455023,FALSE
200,"Quadratic",NA,NA,1,3,"Central",-0.182565066938613,-0.182565066938613,0.0606,0.00337424480439698,0.0538267811162567,FALSE
200,"Quadratic",NA,NA,1,3,"Tail",0.298276554122463,0.298276554122463,0.0392,0.0027445713690848,0.0602530649228937,FALSE
200,"Quadratic",NA,NA,1,5,"Uniform",0.000100000000000046,0.000100000000000046,0,0,0.0500000011455023,FALSE
200,"Quadratic",NA,NA,1,5,"Central",-0.182565066938613,-0.182565066938613,0.0498,0.00307636018697421,0.0538267811162567,FALSE
200,"Quadratic",NA,NA,1,5,"Tail",0.298276554122463,0.298276554122463,0.0424,0.00284963997726029,0.0602530649228937,FALSE
200,"Quadratic",NA,NA,1,8,"Uniform",0.000100000000000046,0.000100000000000046,0,0,0.0500000011455023,FALSE
200,"Quadratic",NA,NA,1,8,"Central",-0.182565066938613,-0.182565066938613,0.0508,0.00310545842026584,0.0538267811162567,FALSE
200,"Quadratic",NA,NA,1,8,"Tail",0.298276554122463,0.298276554122463,0.0466,0.00298088711627931,0.0602530649228937,FALSE
200,"Quadratic",NA,NA,1.5,1,"Uniform",0.000100000000000046,0.000150000000000069,0,0,0.0500000025773803,FALSE
200,"Quadratic",NA,NA,1.5,1,"Central",-0.182565066938613,-0.273847600407919,0.0828,0.00389728520896277,0.0586344289023913,FALSE
200,"Quadratic",NA,NA,1.5,1,"Tail",0.298276554122463,0.447414831183694,0.0238,0.00215562334372218,0.073230855938243,FALSE
200,"Quadratic",NA,NA,1.5,2,"Uniform",0.000100000000000046,0.000150000000000069,0,0,0.0500000025773803,FALSE
200,"Quadratic",NA,NA,1.5,2,"Central",-0.182565066938613,-0.273847600407919,0.069,0.00358438279205779,0.0586344289023913,FALSE
200,"Quadratic",NA,NA,1.5,2,"Tail",0.298276554122463,0.447414831183694,0.0234,0.00213786996798215,0.073230855938243,FALSE
200,"Quadratic",NA,NA,1.5,3,"Uniform",0.000100000000000046,0.000150000000000069,0,0,0.0500000025773803,FALSE
200,"Quadratic",NA,NA,1.5,3,"Central",-0.182565066938613,-0.273847600407919,0.071,0.00363205176174569,0.0586344289023913,FALSE
200,"Quadratic",NA,NA,1.5,3,"Tail",0.298276554122463,0.447414831183694,0.0282,0.00234114331043616,0.073230855938243,FALSE
200,"Quadratic",NA,NA,1.5,5,"Uniform",0.000100000000000046,0.000150000000000069,0,0,0.0500000025773803,FALSE
200,"Quadratic",NA,NA,1.5,5,"Central",-0.182565066938613,-0.273847600407919,0.0522,0.00314563697841947,0.0586344289023913,FALSE
200,"Quadratic",NA,NA,1.5,5,"Tail",0.298276554122463,0.447414831183694,0.0358,0.00262748396760094,0.073230855938243,FALSE
200,"Quadratic",NA,NA,1.5,8,"Uniform",0.000100000000000046,0.000150000000000069,0,0,0.0500000025773803,FALSE
200,"Quadratic",NA,NA,1.5,8,"Central",-0.182565066938613,-0.273847600407919,0.0572,0.00328414859590732,0.0586344289023913,FALSE
200,"Quadratic",NA,NA,1.5,8,"Tail",0.298276554122463,0.447414831183694,0.0422,0.00284320804725929,0.073230855938243,FALSE
200,"Quadratic",NA,NA,2,1,"Uniform",0.000100000000000046,0.000200000000000092,0,0,0.0500000045820093,FALSE
200,"Quadratic",NA,NA,2,1,"Central",-0.182565066938613,-0.365130133877225,0.0902,0.00405127041802939,0.0654081616143587,FALSE
200,"Quadratic",NA,NA,2,1,"Tail",0.298276554122463,0.596553108244926,0.0238,0.00215562334372218,0.091662821447148,FALSE
200,"Quadratic",NA,NA,2,2,"Uniform",0.000100000000000046,0.000200000000000092,0,0,0.0500000045820093,FALSE
200,"Quadratic",NA,NA,2,2,"Central",-0.182565066938613,-0.365130133877225,0.0778,0.00378806441339109,0.0654081616143587,FALSE
200,"Quadratic",NA,NA,2,2,"Tail",0.298276554122463,0.596553108244926,0.0216,0.00205589104769684,0.091662821447148,FALSE
200,"Quadratic",NA,NA,2,3,"Uniform",0.000100000000000046,0.000200000000000092,0,0,0.0500000045820093,FALSE
200,"Quadratic",NA,NA,2,3,"Central",-0.182565066938613,-0.365130133877225,0.077,0.00377017240985078,0.0654081616143587,FALSE
200,"Quadratic",NA,NA,2,3,"Tail",0.298276554122463,0.596553108244926,0.0302,0.00242024626846112,0.091662821447148,FALSE
200,"Quadratic",NA,NA,2,5,"Uniform",0.000100000000000046,0.000200000000000092,0,0,0.0500000045820093,FALSE
200,"Quadratic",NA,NA,2,5,"Central",-0.182565066938613,-0.365130133877225,0.0546,0.00321306209090332,0.0654081616143587,FALSE
200,"Quadratic",NA,NA,2,5,"Tail",0.298276554122463,0.596553108244926,0.034,0.0025629670306112,0.091662821447148,FALSE
200,"Quadratic",NA,NA,2,8,"Uniform",0.000100000000000046,0.000200000000000092,0,0,0.0500000045820093,FALSE
200,"Quadratic",NA,NA,2,8,"Central",-0.182565066938613,-0.365130133877225,0.0558,0.00324611644892786,0.0654081616143587,FALSE
200,"Quadratic",NA,NA,2,8,"Tail",0.298276554122463,0.596553108244926,0.044,0.00290048271844533,0.091662821447148,FALSE
200,"Oscillatory",NA,NA,0.5,1,"Uniform",-7.53954689429551e-19,-3.76977344714775e-19,0,0,0.0500000000000001,TRUE
200,"Oscillatory",NA,NA,0.5,1,"Central",3.47782333417008e-17,1.73891166708504e-17,0.0496,0.00307049963361014,0.0500000000000001,TRUE
200,"Oscillatory",NA,NA,0.5,1,"Tail",-5.61365292553813e-17,-2.80682646276906e-17,0.0492,0.00305873699425106,0.0500000000000001,TRUE
200,"Oscillatory",NA,NA,0.5,2,"Uniform",-7.53954689429551e-19,-3.76977344714775e-19,0,0,0.0500000000000001,TRUE
200,"Oscillatory",NA,NA,0.5,2,"Central",3.47782333417008e-17,1.73891166708504e-17,0.043,0.00286883251515316,0.0500000000000001,TRUE
200,"Oscillatory",NA,NA,0.5,2,"Tail",-5.61365292553813e-17,-2.80682646276906e-17,0.0434,0.00288154264240528,0.0500000000000001,TRUE
200,"Oscillatory",NA,NA,0.5,3,"Uniform",-7.53954689429551e-19,-3.76977344714775e-19,0,0,0.0500000000000001,TRUE
200,"Oscillatory",NA,NA,0.5,3,"Central",3.47782333417008e-17,1.73891166708504e-17,0.0528,0.00316266216975509,0.0500000000000001,TRUE
200,"Oscillatory",NA,NA,0.5,3,"Tail",-5.61365292553813e-17,-2.80682646276906e-17,0.0506,0.00309966578843591,0.0500000000000001,TRUE
200,"Oscillatory",NA,NA,0.5,5,"Uniform",-7.53954689429551e-19,-3.76977344714775e-19,0,0,0.0500000000000001,TRUE
200,"Oscillatory",NA,NA,0.5,5,"Central",3.47782333417008e-17,1.73891166708504e-17,0.043,0.00286883251515316,0.0500000000000001,TRUE
200,"Oscillatory",NA,NA,0.5,5,"Tail",-5.61365292553813e-17,-2.80682646276906e-17,0.051,0.00311123769583746,0.0500000000000001,TRUE
200,"Oscillatory",NA,NA,0.5,8,"Uniform",-7.53954689429551e-19,-3.76977344714775e-19,0,0,0.0500000000000001,TRUE
200,"Oscillatory",NA,NA,0.5,8,"Central",3.47782333417008e-17,1.73891166708504e-17,0.0542,0.00320194815698193,0.0500000000000001,TRUE
200,"Oscillatory",NA,NA,0.5,8,"Tail",-5.61365292553813e-17,-2.80682646276906e-17,0.0526,0.00315699984162179,0.0500000000000001,TRUE
200,"Oscillatory",NA,NA,1,1,"Uniform",-7.53954689429551e-19,-7.53954689429551e-19,0,0,0.0500000000000001,TRUE
200,"Oscillatory",NA,NA,1,1,"Central",3.47782333417008e-17,3.47782333417008e-17,0.047,0.00299302522541993,0.0500000000000001,TRUE
200,"Oscillatory",NA,NA,1,1,"Tail",-5.61365292553813e-17,-5.61365292553813e-17,0.0496,0.00307049963361014,0.0500000000000001,TRUE
200,"Oscillatory",NA,NA,1,2,"Uniform",-7.53954689429551e-19,-7.53954689429551e-19,0,0,0.0500000000000001,TRUE
200,"Oscillatory",NA,NA,1,2,"Central",3.47782333417008e-17,3.47782333417008e-17,0.042,0.00283675871374356,0.0500000000000001,TRUE
200,"Oscillatory",NA,NA,1,2,"Tail",-5.61365292553813e-17,-5.61365292553813e-17,0.0444,0.00291302729132427,0.0500000000000001,TRUE
200,"Oscillatory",NA,NA,1,3,"Uniform",-7.53954689429551e-19,-7.53954689429551e-19,0,0,0.0500000000000001,TRUE
200,"Oscillatory",NA,NA,1,3,"Central",3.47782333417008e-17,3.47782333417008e-17,0.0528,0.00316266216975509,0.0500000000000001,TRUE
200,"Oscillatory",NA,NA,1,3,"Tail",-5.61365292553813e-17,-5.61365292553813e-17,0.046,0.00296256645495084,0.0500000000000001,TRUE
200,"Oscillatory",NA,NA,1,5,"Uniform",-7.53954689429551e-19,-7.53954689429551e-19,0,0,0.0500000000000001,TRUE
200,"Oscillatory",NA,NA,1,5,"Central",3.47782333417008e-17,3.47782333417008e-17,0.0454,0.00294410733499986,0.0500000000000001,TRUE
200,"Oscillatory",NA,NA,1,5,"Tail",-5.61365292553813e-17,-5.61365292553813e-17,0.0518,0.0031342227106573,0.0500000000000001,TRUE
200,"Oscillatory",NA,NA,1,8,"Uniform",-7.53954689429551e-19,-7.53954689429551e-19,0,0,0.0500000000000001,TRUE
200,"Oscillatory",NA,NA,1,8,"Central",3.47782333417008e-17,3.47782333417008e-17,0.0486,0.0030409879973456,0.0500000000000001,TRUE
200,"Oscillatory",NA,NA,1,8,"Tail",-5.61365292553813e-17,-5.61365292553813e-17,0.0498,0.00307636018697421,0.0500000000000001,TRUE
200,"Oscillatory",NA,NA,1.5,1,"Uniform",-7.53954689429551e-19,-1.13093203414433e-18,0,0,0.0500000000000001,TRUE
200,"Oscillatory",NA,NA,1.5,1,"Central",3.47782333417008e-17,5.21673500125512e-17,0.0476,0.00301112072159188,0.0500000000000001,TRUE
200,"Oscillatory",NA,NA,1.5,1,"Tail",-5.61365292553813e-17,-8.42047938830719e-17,0.0424,0.00284963997726029,0.0500000000000001,TRUE
200,"Oscillatory",NA,NA,1.5,2,"Uniform",-7.53954689429551e-19,-1.13093203414433e-18,0,0,0.0500000000000001,TRUE
200,"Oscillatory",NA,NA,1.5,2,"Central",3.47782333417008e-17,5.21673500125512e-17,0.0442,0.00290676314824583,0.0500000000000001,TRUE
200,"Oscillatory",NA,NA,1.5,2,"Tail",-5.61365292553813e-17,-8.42047938830719e-17,0.0424,0.00284963997726029,0.0500000000000001,TRUE
200,"Oscillatory",NA,NA,1.5,3,"Uniform",-7.53954689429551e-19,-1.13093203414433e-18,0,0,0.0500000000000001,TRUE
200,"Oscillatory",NA,NA,1.5,3,"Central",3.47782333417008e-17,5.21673500125512e-17,0.0506,0.00309966578843591,0.0500000000000001,TRUE
200,"Oscillatory",NA,NA,1.5,3,"Tail",-5.61365292553813e-17,-8.42047938830719e-17,0.0474,0.00300510365877785,0.0500000000000001,TRUE
200,"Oscillatory",NA,NA,1.5,5,"Uniform",-7.53954689429551e-19,-1.13093203414433e-18,0,0,0.0500000000000001,TRUE
200,"Oscillatory",NA,NA,1.5,5,"Central",3.47782333417008e-17,5.21673500125512e-17,0.0472,0.00299907185642492,0.0500000000000001,TRUE
200,"Oscillatory",NA,NA,1.5,5,"Tail",-5.61365292553813e-17,-8.42047938830719e-17,0.048,0.00302311098043059,0.0500000000000001,TRUE
200,"Oscillatory",NA,NA,1.5,8,"Uniform",-7.53954689429551e-19,-1.13093203414433e-18,0,0,0.0500000000000001,TRUE
200,"Oscillatory",NA,NA,1.5,8,"Central",3.47782333417008e-17,5.21673500125512e-17,0.0482,0.00302908435009658,0.0500000000000001,TRUE
200,"Oscillatory",NA,NA,1.5,8,"Tail",-5.61365292553813e-17,-8.42047938830719e-17,0.0474,0.00300510365877785,0.0500000000000001,TRUE
200,"Oscillatory",NA,NA,2,1,"Uniform",-7.53954689429551e-19,-1.5079093788591e-18,0,0,0.0500000000000001,TRUE
200,"Oscillatory",NA,NA,2,1,"Central",3.47782333417008e-17,6.95564666834016e-17,0.052,0.00313993630508646,0.0500000000000001,TRUE
200,"Oscillatory",NA,NA,2,1,"Tail",-5.61365292553813e-17,-1.12273058510763e-16,0.0416,0.00282380735886852,0.0500000000000001,TRUE
200,"Oscillatory",NA,NA,2,2,"Uniform",-7.53954689429551e-19,-1.5079093788591e-18,0,0,0.0500000000000001,TRUE
200,"Oscillatory",NA,NA,2,2,"Central",3.47782333417008e-17,6.95564666834016e-17,0.045,0.00293172304285381,0.0500000000000001,TRUE
200,"Oscillatory",NA,NA,2,2,"Tail",-5.61365292553813e-17,-1.12273058510763e-16,0.0402,0.00277791144567281,0.0500000000000001,TRUE
200,"Oscillatory",NA,NA,2,3,"Uniform",-7.53954689429551e-19,-1.5079093788591e-18,0,0,0.0500000000000001,TRUE
200,"Oscillatory",NA,NA,2,3,"Central",3.47782333417008e-17,6.95564666834016e-17,0.0552,0.0032296427046966,0.0500000000000001,TRUE
200,"Oscillatory",NA,NA,2,3,"Tail",-5.61365292553813e-17,-1.12273058510763e-16,0.0468,0.00298696367570816,0.0500000000000001,TRUE
200,"Oscillatory",NA,NA,2,5,"Uniform",-7.53954689429551e-19,-1.5079093788591e-18,0,0,0.0500000000000001,TRUE
200,"Oscillatory",NA,NA,2,5,"Central",3.47782333417008e-17,6.95564666834016e-17,0.0528,0.00316266216975509,0.0500000000000001,TRUE
200,"Oscillatory",NA,NA,2,5,"Tail",-5.61365292553813e-17,-1.12273058510763e-16,0.0498,0.00307636018697421,0.0500000000000001,TRUE
200,"Oscillatory",NA,NA,2,8,"Uniform",-7.53954689429551e-19,-1.5079093788591e-18,0,0,0.0500000000000001,TRUE
200,"Oscillatory",NA,NA,2,8,"Central",3.47782333417008e-17,6.95564666834016e-17,0.0484,0.00303504332753257,0.0500000000000001,TRUE
200,"Oscillatory",NA,NA,2,8,"Tail",-5.61365292553813e-17,-1.12273058510763e-16,0.0482,0.00302908435009658,0.0500000000000001,TRUE
200,"Localized",0.25,0.05,0.5,1,"Uniform",-1.25316985885515e-05,-6.26584929427577e-06,0,0,0.0500000000044974,FALSE
200,"Localized",0.25,0.05,0.5,1,"Central",0.0125846610430436,0.00629233052152178,0.0456,0.00295027591929975,0.0500045354484228,FALSE
200,"Localized",0.25,0.05,0.5,1,"Tail",-0.0205735451293947,-0.0102867725646973,0.0458,0.00295642892693195,0.0500121215308438,FALSE
200,"Localized",0.25,0.05,0.5,2,"Uniform",-1.25316985885515e-05,-6.26584929427577e-06,0,0,0.0500000000044974,FALSE
200,"Localized",0.25,0.05,0.5,2,"Central",0.0125846610430436,0.00629233052152178,0.0468,0.00298696367570816,0.0500045354484228,FALSE
200,"Localized",0.25,0.05,0.5,2,"Tail",-0.0205735451293947,-0.0102867725646973,0.0474,0.00300510365877785,0.0500121215308438,FALSE
200,"Localized",0.25,0.05,0.5,3,"Uniform",-1.25316985885515e-05,-6.26584929427577e-06,0,0,0.0500000000044974,FALSE
200,"Localized",0.25,0.05,0.5,3,"Central",0.0125846610430436,0.00629233052152178,0.05,0.00308220700148449,0.0500045354484228,FALSE
200,"Localized",0.25,0.05,0.5,3,"Tail",-0.0205735451293947,-0.0102867725646973,0.0478,0.00301712313305241,0.0500121215308438,FALSE
200,"Localized",0.25,0.05,0.5,5,"Uniform",-1.25316985885515e-05,-6.26584929427577e-06,0,0,0.0500000000044974,FALSE
200,"Localized",0.25,0.05,0.5,5,"Central",0.0125846610430436,0.00629233052152178,0.0394,0.00275127752144345,0.0500045354484228,FALSE
200,"Localized",0.25,0.05,0.5,5,"Tail",-0.0205735451293947,-0.0102867725646973,0.0478,0.00301712313305241,0.0500121215308438,FALSE
200,"Localized",0.25,0.05,0.5,8,"Uniform",-1.25316985885515e-05,-6.26584929427577e-06,0,0,0.0500000000044974,FALSE
200,"Localized",0.25,0.05,0.5,8,"Central",0.0125846610430436,0.00629233052152178,0.0488,0.00304691844328003,0.0500045354484228,FALSE
200,"Localized",0.25,0.05,0.5,8,"Tail",-0.0205735451293947,-0.0102867725646973,0.052,0.00313993630508646,0.0500121215308438,FALSE
200,"Localized",0.25,0.05,1,1,"Uniform",-1.25316985885515e-05,-1.25316985885515e-05,0,0,0.0500000000179894,FALSE
200,"Localized",0.25,0.05,1,1,"Central",0.0125846610430436,0.0125846610430436,0.0486,0.0030409879973456,0.0500181419447845,FALSE
200,"Localized",0.25,0.05,1,1,"Tail",-0.0205735451293947,-0.0205735451293947,0.049,0.00305283474822991,0.0500484872024868,FALSE
200,"Localized",0.25,0.05,1,2,"Uniform",-1.25316985885515e-05,-1.25316985885515e-05,0,0,0.0500000000179894,FALSE
200,"Localized",0.25,0.05,1,2,"Central",0.0125846610430436,0.0125846610430436,0.0464,0.00297479545515318,0.0500181419447845,FALSE
200,"Localized",0.25,0.05,1,2,"Tail",-0.0205735451293947,-0.0205735451293947,0.043,0.00286883251515316,0.0500484872024868,FALSE
200,"Localized",0.25,0.05,1,3,"Uniform",-1.25316985885515e-05,-1.25316985885515e-05,0,0,0.0500000000179894,FALSE
200,"Localized",0.25,0.05,1,3,"Central",0.0125846610430436,0.0125846610430436,0.0578,0.00330027756408457,0.0500181419447845,FALSE
200,"Localized",0.25,0.05,1,3,"Tail",-0.0205735451293947,-0.0205735451293947,0.053,0.00316831185333767,0.0500484872024868,FALSE
200,"Localized",0.25,0.05,1,5,"Uniform",-1.25316985885515e-05,-1.25316985885515e-05,0,0,0.0500000000179894,FALSE
200,"Localized",0.25,0.05,1,5,"Central",0.0125846610430436,0.0125846610430436,0.0498,0.00307636018697421,0.0500181419447845,FALSE
200,"Localized",0.25,0.05,1,5,"Tail",-0.0205735451293947,-0.0205735451293947,0.0474,0.00300510365877785,0.0500484872024868,FALSE
200,"Localized",0.25,0.05,1,8,"Uniform",-1.25316985885515e-05,-1.25316985885515e-05,0,0,0.0500000000179894,FALSE
200,"Localized",0.25,0.05,1,8,"Central",0.0125846610430436,0.0125846610430436,0.0516,0.00312849612433834,0.0500181419447845,FALSE
200,"Localized",0.25,0.05,1,8,"Tail",-0.0205735451293947,-0.0205735451293947,0.0534,0.00317957355631223,0.0500484872024868,FALSE
200,"Localized",0.25,0.05,1.5,1,"Uniform",-1.25316985885515e-05,-1.87975478828273e-05,0,0,0.0500000000404762,FALSE
200,"Localized",0.25,0.05,1.5,1,"Central",0.0125846610430436,0.0188769915645653,0.047,0.00299302522541993,0.0500408199423036,FALSE
200,"Localized",0.25,0.05,1.5,1,"Tail",-0.0205735451293947,-0.030860317694092,0.0466,0.00298088711627931,0.0501091002510909,FALSE
200,"Localized",0.25,0.05,1.5,2,"Uniform",-1.25316985885515e-05,-1.87975478828273e-05,0,0,0.0500000000404762,FALSE
200,"Localized",0.25,0.05,1.5,2,"Central",0.0125846610430436,0.0188769915645653,0.0506,0.00309966578843591,0.0500408199423036,FALSE
200,"Localized",0.25,0.05,1.5,2,"Tail",-0.0205735451293947,-0.030860317694092,0.048,0.00302311098043059,0.0501091002510909,FALSE
200,"Localized",0.25,0.05,1.5,3,"Uniform",-1.25316985885515e-05,-1.87975478828273e-05,0,0,0.0500000000404762,FALSE
200,"Localized",0.25,0.05,1.5,3,"Central",0.0125846610430436,0.0188769915645653,0.0552,0.0032296427046966,0.0500408199423036,FALSE
200,"Localized",0.25,0.05,1.5,3,"Tail",-0.0205735451293947,-0.030860317694092,0.0542,0.00320194815698193,0.0501091002510909,FALSE
200,"Localized",0.25,0.05,1.5,5,"Uniform",-1.25316985885515e-05,-1.87975478828273e-05,0,0,0.0500000000404762,FALSE
200,"Localized",0.25,0.05,1.5,5,"Central",0.0125846610430436,0.0188769915645653,0.0482,0.00302908435009658,0.0500408199423036,FALSE
200,"Localized",0.25,0.05,1.5,5,"Tail",-0.0205735451293947,-0.030860317694092,0.0534,0.00317957355631223,0.0501091002510909,FALSE
200,"Localized",0.25,0.05,1.5,8,"Uniform",-1.25316985885515e-05,-1.87975478828273e-05,0,0,0.0500000000404762,FALSE
200,"Localized",0.25,0.05,1.5,8,"Central",0.0125846610430436,0.0188769915645653,0.054,0.00319637294444813,0.0500408199423036,FALSE
200,"Localized",0.25,0.05,1.5,8,"Tail",-0.0205735451293947,-0.030860317694092,0.0556,0.00324063697442339,0.0501091002510909,FALSE
200,"Localized",0.25,0.05,2,1,"Uniform",-1.25316985885515e-05,-2.50633971771031e-05,0,0,0.0500000000719575,FALSE
200,"Localized",0.25,0.05,2,1,"Central",0.0125846610430436,0.0251693220860871,0.049,0.00305283474822991,0.0500725701961394,FALSE
200,"Localized",0.25,0.05,2,1,"Tail",-0.0205735451293947,-0.0411470902587893,0.0496,0.00307049963361014,0.0501939660663426,FALSE
200,"Localized",0.25,0.05,2,2,"Uniform",-1.25316985885515e-05,-2.50633971771031e-05,0,0,0.0500000000719575,FALSE
200,"Localized",0.25,0.05,2,2,"Central",0.0125846610430436,0.0251693220860871,0.0472,0.00299907185642492,0.0500725701961394,FALSE
200,"Localized",0.25,0.05,2,2,"Tail",-0.0205735451293947,-0.0411470902587893,0.0432,0.00287519599331941,0.0501939660663426,FALSE
200,"Localized",0.25,0.05,2,3,"Uniform",-1.25316985885515e-05,-2.50633971771031e-05,0,0,0.0500000000719575,FALSE
200,"Localized",0.25,0.05,2,3,"Central",0.0125846610430436,0.0251693220860871,0.0548,0.00321860093829602,0.0500725701961394,FALSE
200,"Localized",0.25,0.05,2,3,"Tail",-0.0205735451293947,-0.0411470902587893,0.053,0.00316831185333767,0.0501939660663426,FALSE
200,"Localized",0.25,0.05,2,5,"Uniform",-1.25316985885515e-05,-2.50633971771031e-05,0,0,0.0500000000719575,FALSE
200,"Localized",0.25,0.05,2,5,"Central",0.0125846610430436,0.0251693220860871,0.0508,0.00310545842026584,0.0500725701961394,FALSE
200,"Localized",0.25,0.05,2,5,"Tail",-0.0205735451293947,-0.0411470902587893,0.0468,0.00298696367570816,0.0501939660663426,FALSE
200,"Localized",0.25,0.05,2,8,"Uniform",-1.25316985885515e-05,-2.50633971771031e-05,0,0,0.0500000000719575,FALSE
200,"Localized",0.25,0.05,2,8,"Central",0.0125846610430436,0.0251693220860871,0.0592,0.0033375248313683,0.0500725701961394,FALSE
200,"Localized",0.25,0.05,2,8,"Tail",-0.0205735451293947,-0.0411470902587893,0.0526,0.00315699984162179,0.0501939660663426,FALSE
200,"Localized",0.25,0.1,0.5,1,"Uniform",-2.27124269483238e-05,-1.13562134741619e-05,0,0,0.0500000000147728,FALSE
200,"Localized",0.25,0.1,0.5,1,"Central",0.0165851897439836,0.00829259487199178,0.0552,0.0032296427046966,0.0500078773286388,FALSE
200,"Localized",0.25,0.1,0.5,1,"Tail",-0.0271275085762083,-0.0135637542881041,0.0516,0.00312849612433834,0.05002107470007,FALSE
200,"Localized",0.25,0.1,0.5,2,"Uniform",-2.27124269483238e-05,-1.13562134741619e-05,0,0,0.0500000000147728,FALSE
200,"Localized",0.25,0.1,0.5,2,"Central",0.0165851897439836,0.00829259487199178,0.0398,0.00276463234445378,0.0500078773286388,FALSE
200,"Localized",0.25,0.1,0.5,2,"Tail",-0.0271275085762083,-0.0135637542881041,0.0436,0.00288787257336608,0.05002107470007,FALSE
200,"Localized",0.25,0.1,0.5,3,"Uniform",-2.27124269483238e-05,-1.13562134741619e-05,0,0,0.0500000000147728,FALSE
200,"Localized",0.25,0.1,0.5,3,"Central",0.0165851897439836,0.00829259487199178,0.0528,0.00316266216975509,0.0500078773286388,FALSE
200,"Localized",0.25,0.1,0.5,3,"Tail",-0.0271275085762083,-0.0135637542881041,0.0474,0.00300510365877785,0.05002107470007,FALSE
200,"Localized",0.25,0.1,0.5,5,"Uniform",-2.27124269483238e-05,-1.13562134741619e-05,0,0,0.0500000000147728,FALSE
200,"Localized",0.25,0.1,0.5,5,"Central",0.0165851897439836,0.00829259487199178,0.047,0.00299302522541993,0.0500078773286388,FALSE
200,"Localized",0.25,0.1,0.5,5,"Tail",-0.0271275085762083,-0.0135637542881041,0.0492,0.00305873699425106,0.05002107470007,FALSE
200,"Localized",0.25,0.1,0.5,8,"Uniform",-2.27124269483238e-05,-1.13562134741619e-05,0,0,0.0500000000147728,FALSE
200,"Localized",0.25,0.1,0.5,8,"Central",0.0165851897439836,0.00829259487199178,0.0464,0.00297479545515318,0.0500078773286388,FALSE
200,"Localized",0.25,0.1,0.5,8,"Tail",-0.0271275085762083,-0.0135637542881041,0.0556,0.00324063697442339,0.05002107470007,FALSE
200,"Localized",0.25,0.1,1,1,"Uniform",-2.27124269483238e-05,-2.27124269483238e-05,0,0,0.0500000000590913,FALSE
200,"Localized",0.25,0.1,1,1,"Central",0.0165851897439836,0.0165851897439836,0.0488,0.00304691844328003,0.0500315097703187,FALSE
200,"Localized",0.25,0.1,1,1,"Tail",-0.0271275085762083,-0.0271275085762083,0.0462,0.00296868859936505,0.0500843020617354,FALSE
200,"Localized",0.25,0.1,1,2,"Uniform",-2.27124269483238e-05,-2.27124269483238e-05,0,0,0.0500000000590913,FALSE
200,"Localized",0.25,0.1,1,2,"Central",0.0165851897439836,0.0165851897439836,0.0494,0.0030646252625729,0.0500315097703187,FALSE
200,"Localized",0.25,0.1,1,2,"Tail",-0.0271275085762083,-0.0271275085762083,0.044,0.00290048271844533,0.0500843020617354,FALSE
200,"Localized",0.25,0.1,1,3,"Uniform",-2.27124269483238e-05,-2.27124269483238e-05,0,0,0.0500000000590913,FALSE
200,"Localized",0.25,0.1,1,3,"Central",0.0165851897439836,0.0165851897439836,0.0526,0.00315699984162179,0.0500315097703187,FALSE
200,"Localized",0.25,0.1,1,3,"Tail",-0.0271275085762083,-0.0271275085762083,0.049,0.00305283474822991,0.0500843020617354,FALSE
200,"Localized",0.25,0.1,1,5,"Uniform",-2.27124269483238e-05,-2.27124269483238e-05,0,0,0.0500000000590913,FALSE
200,"Localized",0.25,0.1,1,5,"Central",0.0165851897439836,0.0165851897439836,0.048,0.00302311098043059,0.0500315097703187,FALSE
200,"Localized",0.25,0.1,1,5,"Tail",-0.0271275085762083,-0.0271275085762083,0.0476,0.00301112072159188,0.0500843020617354,FALSE
200,"Localized",0.25,0.1,1,8,"Uniform",-2.27124269483238e-05,-2.27124269483238e-05,0,0,0.0500000000590913,FALSE
200,"Localized",0.25,0.1,1,8,"Central",0.0165851897439836,0.0165851897439836,0.0538,0.00319078548323136,0.0500315097703187,FALSE
200,"Localized",0.25,0.1,1,8,"Tail",-0.0271275085762083,-0.0271275085762083,0.0484,0.00303504332753257,0.0500843020617354,FALSE
200,"Localized",0.25,0.1,1.5,1,"Uniform",-2.27124269483238e-05,-3.40686404224857e-05,0,0,0.0500000001329553,FALSE
200,"Localized",0.25,0.1,1.5,1,"Central",0.0165851897439836,0.0248777846159753,0.0508,0.00310545842026584,0.0500708986920069,FALSE
200,"Localized",0.25,0.1,1.5,1,"Tail",-0.0271275085762083,-0.0406912628643124,0.0496,0.00307049963361014,0.0501896918631887,FALSE
200,"Localized",0.25,0.1,1.5,2,"Uniform",-2.27124269483238e-05,-3.40686404224857e-05,0,0,0.0500000001329553,FALSE
200,"Localized",0.25,0.1,1.5,2,"Central",0.0165851897439836,0.0248777846159753,0.0494,0.0030646252625729,0.0500708986920069,FALSE
200,"Localized",0.25,0.1,1.5,2,"Tail",-0.0271275085762083,-0.0406912628643124,0.0478,0.00301712313305241,0.0501896918631887,FALSE
200,"Localized",0.25,0.1,1.5,3,"Uniform",-2.27124269483238e-05,-3.40686404224857e-05,0,0,0.0500000001329553,FALSE
200,"Localized",0.25,0.1,1.5,3,"Central",0.0165851897439836,0.0248777846159753,0.0566,0.00326791799162709,0.0500708986920069,FALSE
200,"Localized",0.25,0.1,1.5,3,"Tail",-0.0271275085762083,-0.0406912628643124,0.0592,0.0033375248313683,0.0501896918631887,FALSE
200,"Localized",0.25,0.1,1.5,5,"Uniform",-2.27124269483238e-05,-3.40686404224857e-05,0,0,0.0500000001329553,FALSE
200,"Localized",0.25,0.1,1.5,5,"Central",0.0165851897439836,0.0248777846159753,0.053,0.00316831185333767,0.0500708986920069,FALSE
200,"Localized",0.25,0.1,1.5,5,"Tail",-0.0271275085762083,-0.0406912628643124,0.0468,0.00298696367570816,0.0501896918631887,FALSE
200,"Localized",0.25,0.1,1.5,8,"Uniform",-2.27124269483238e-05,-3.40686404224857e-05,0,0,0.0500000001329553,FALSE
200,"Localized",0.25,0.1,1.5,8,"Central",0.0165851897439836,0.0248777846159753,0.0542,0.00320194815698193,0.0500708986920069,FALSE
200,"Localized",0.25,0.1,1.5,8,"Tail",-0.0271275085762083,-0.0406912628643124,0.05,0.00308220700148449,0.0501896918631887,FALSE
200,"Localized",0.25,0.1,2,1,"Uniform",-2.27124269483238e-05,-4.54248538966477e-05,0,0,0.050000000236365,FALSE
200,"Localized",0.25,0.1,2,1,"Central",0.0165851897439836,0.0331703794879671,0.0524,0.00315132480077824,0.0501260463709084,FALSE
200,"Localized",0.25,0.1,2,1,"Tail",-0.0271275085762083,-0.0542550171524165,0.0572,0.00328414859590732,0.0503372603808433,FALSE
200,"Localized",0.25,0.1,2,2,"Uniform",-2.27124269483238e-05,-4.54248538966477e-05,0,0,0.050000000236365,FALSE
200,"Localized",0.25,0.1,2,2,"Central",0.0165851897439836,0.0331703794879671,0.0518,0.0031342227106573,0.0501260463709084,FALSE
200,"Localized",0.25,0.1,2,2,"Tail",-0.0271275085762083,-0.0542550171524165,0.0498,0.00307636018697421,0.0503372603808433,FALSE
200,"Localized",0.25,0.1,2,3,"Uniform",-2.27124269483238e-05,-4.54248538966477e-05,0,0,0.050000000236365,FALSE
200,"Localized",0.25,0.1,2,3,"Central",0.0165851897439836,0.0331703794879671,0.0566,0.00326791799162709,0.0501260463709084,FALSE
200,"Localized",0.25,0.1,2,3,"Tail",-0.0271275085762083,-0.0542550171524165,0.0518,0.0031342227106573,0.0503372603808433,FALSE
200,"Localized",0.25,0.1,2,5,"Uniform",-2.27124269483238e-05,-4.54248538966477e-05,0,0,0.050000000236365,FALSE
200,"Localized",0.25,0.1,2,5,"Central",0.0165851897439836,0.0331703794879671,0.0508,0.00310545842026584,0.0501260463709084,FALSE
200,"Localized",0.25,0.1,2,5,"Tail",-0.0271275085762083,-0.0542550171524165,0.0558,0.00324611644892786,0.0503372603808433,FALSE
200,"Localized",0.25,0.1,2,8,"Uniform",-2.27124269483238e-05,-4.54248538966477e-05,0,0,0.050000000236365,FALSE
200,"Localized",0.25,0.1,2,8,"Central",0.0165851897439836,0.0331703794879671,0.0548,0.00321860093829602,0.0501260463709084,FALSE
200,"Localized",0.25,0.1,2,8,"Tail",-0.0271275085762083,-0.0542550171524165,0.0468,0.00298696367570816,0.0503372603808433,FALSE
200,"Localized",0.25,0.2,0.5,1,"Uniform",-2.18959880655235e-05,-1.09479940327618e-05,0,0,0.0500000000137299,FALSE
200,"Localized",0.25,0.2,0.5,1,"Central",0.0282123738839925,0.0141061869419963,0.0526,0.00315699984162179,0.0500227940397899,FALSE
200,"Localized",0.25,0.2,0.5,1,"Tail",-0.0461080498894961,-0.023054024944748,0.0504,0.00309385972532693,0.0500608843498128,FALSE
200,"Localized",0.25,0.2,0.5,2,"Uniform",-2.18959880655235e-05,-1.09479940327618e-05,0,0,0.0500000000137299,FALSE
200,"Localized",0.25,0.2,0.5,2,"Central",0.0282123738839925,0.0141061869419963,0.0484,0.00303504332753257,0.0500227940397899,FALSE
200,"Localized",0.25,0.2,0.5,2,"Tail",-0.0461080498894961,-0.023054024944748,0.0438,0.00289418589589542,0.0500608843498128,FALSE
200,"Localized",0.25,0.2,0.5,3,"Uniform",-2.18959880655235e-05,-1.09479940327618e-05,0,0,0.0500000000137299,FALSE
200,"Localized",0.25,0.2,0.5,3,"Central",0.0282123738839925,0.0141061869419963,0.0534,0.00317957355631223,0.0500227940397899,FALSE
200,"Localized",0.25,0.2,0.5,3,"Tail",-0.0461080498894961,-0.023054024944748,0.0476,0.00301112072159188,0.0500608843498128,FALSE
200,"Localized",0.25,0.2,0.5,5,"Uniform",-2.18959880655235e-05,-1.09479940327618e-05,0,0,0.0500000000137299,FALSE
200,"Localized",0.25,0.2,0.5,5,"Central",0.0282123738839925,0.0141061869419963,0.0484,0.00303504332753257,0.0500227940397899,FALSE
200,"Localized",0.25,0.2,0.5,5,"Tail",-0.0461080498894961,-0.023054024944748,0.0556,0.00324063697442339,0.0500608843498128,FALSE
200,"Localized",0.25,0.2,0.5,8,"Uniform",-2.18959880655235e-05,-1.09479940327618e-05,0,0,0.0500000000137299,FALSE
200,"Localized",0.25,0.2,0.5,8,"Central",0.0282123738839925,0.0141061869419963,0.0456,0.00295027591929975,0.0500227940397899,FALSE
200,"Localized",0.25,0.2,0.5,8,"Tail",-0.0461080498894961,-0.023054024944748,0.0494,0.0030646252625729,0.0500608843498128,FALSE
200,"Localized",0.25,0.2,1,1,"Uniform",-2.18959880655235e-05,-2.18959880655235e-05,0,0,0.0500000000549194,FALSE
200,"Localized",0.25,0.2,1,1,"Central",0.0282123738839925,0.0282123738839925,0.0536,0.00318518570887162,0.0500911799743755,FALSE
200,"Localized",0.25,0.2,1,1,"Tail",-0.0461080498894961,-0.0461080498894961,0.0438,0.00289418589589542,0.0502435646024483,FALSE
200,"Localized",0.25,0.2,1,2,"Uniform",-2.18959880655235e-05,-2.18959880655235e-05,0,0,0.0500000000549194,FALSE
200,"Localized",0.25,0.2,1,2,"Central",0.0282123738839925,0.0282123738839925,0.0442,0.00290676314824583,0.0500911799743755,FALSE
200,"Localized",0.25,0.2,1,2,"Tail",-0.0461080498894961,-0.0461080498894961,0.0442,0.00290676314824583,0.0502435646024483,FALSE
200,"Localized",0.25,0.2,1,3,"Uniform",-2.18959880655235e-05,-2.18959880655235e-05,0,0,0.0500000000549194,FALSE
200,"Localized",0.25,0.2,1,3,"Central",0.0282123738839925,0.0282123738839925,0.0554,0.00323514574633045,0.0500911799743755,FALSE
200,"Localized",0.25,0.2,1,3,"Tail",-0.0461080498894961,-0.0461080498894961,0.0528,0.00316266216975509,0.0502435646024483,FALSE
200,"Localized",0.25,0.2,1,5,"Uniform",-2.18959880655235e-05,-2.18959880655235e-05,0,0,0.0500000000549194,FALSE
200,"Localized",0.25,0.2,1,5,"Central",0.0282123738839925,0.0282123738839925,0.0456,0.00295027591929975,0.0500911799743755,FALSE
200,"Localized",0.25,0.2,1,5,"Tail",-0.0461080498894961,-0.0461080498894961,0.052,0.00313993630508646,0.0502435646024483,FALSE
200,"Localized",0.25,0.2,1,8,"Uniform",-2.18959880655235e-05,-2.18959880655235e-05,0,0,0.0500000000549194,FALSE
200,"Localized",0.25,0.2,1,8,"Central",0.0282123738839925,0.0282123738839925,0.0506,0.00309966578843591,0.0500911799743755,FALSE
200,"Localized",0.25,0.2,1,8,"Tail",-0.0461080498894961,-0.0461080498894961,0.0494,0.0030646252625729,0.0502435646024483,FALSE
200,"Localized",0.25,0.2,1.5,1,"Uniform",-2.18959880655235e-05,-3.28439820982853e-05,0,0,0.0500000001235685,FALSE
200,"Localized",0.25,0.2,1.5,1,"Central",0.0282123738839925,0.0423185608259888,0.0428,0.00286245209566903,0.0502051692415944,FALSE
200,"Localized",0.25,0.2,1.5,1,"Tail",-0.0461080498894961,-0.0691620748342441,0.054,0.00319637294444813,0.0505481222187061,FALSE
200,"Localized",0.25,0.2,1.5,2,"Uniform",-2.18959880655235e-05,-3.28439820982853e-05,0,0,0.0500000001235685,FALSE
200,"Localized",0.25,0.2,1.5,2,"Central",0.0282123738839925,0.0423185608259888,0.0512,0.0031170036894428,0.0502051692415944,FALSE
200,"Localized",0.25,0.2,1.5,2,"Tail",-0.0461080498894961,-0.0691620748342441,0.043,0.00286883251515316,0.0505481222187061,FALSE
200,"Localized",0.25,0.2,1.5,3,"Uniform",-2.18959880655235e-05,-3.28439820982853e-05,0,0,0.0500000001235685,FALSE
200,"Localized",0.25,0.2,1.5,3,"Central",0.0282123738839925,0.0423185608259888,0.051,0.00311123769583746,0.0502051692415944,FALSE
200,"Localized",0.25,0.2,1.5,3,"Tail",-0.0461080498894961,-0.0691620748342441,0.058,0.00330563155841664,0.0505481222187061,FALSE
200,"Localized",0.25,0.2,1.5,5,"Uniform",-2.18959880655235e-05,-3.28439820982853e-05,0,0,0.0500000001235685,FALSE
200,"Localized",0.25,0.2,1.5,5,"Central",0.0282123738839925,0.0423185608259888,0.0448,0.00292550713552369,0.0502051692415944,FALSE
200,"Localized",0.25,0.2,1.5,5,"Tail",-0.0461080498894961,-0.0691620748342441,0.0564,0.00326248494249399,0.0505481222187061,FALSE
200,"Localized",0.25,0.2,1.5,8,"Uniform",-2.18959880655235e-05,-3.28439820982853e-05,0,0,0.0500000001235685,FALSE
200,"Localized",0.25,0.2,1.5,8,"Central",0.0282123738839925,0.0423185608259888,0.0484,0.00303504332753257,0.0502051692415944,FALSE
200,"Localized",0.25,0.2,1.5,8,"Tail",-0.0461080498894961,-0.0691620748342441,0.055,0.0032241277890307,0.0505481222187061,FALSE
200,"Localized",0.25,0.2,2,1,"Uniform",-2.18959880655235e-05,-4.3791976131047e-05,0,0,0.0500000002196773,FALSE
200,"Localized",0.25,0.2,2,1,"Central",0.0282123738839925,0.0564247477679851,0.0472,0.00299907185642492,0.050364780878478,FALSE
200,"Localized",0.25,0.2,2,1,"Tail",-0.0461080498894961,-0.0922160997789921,0.0542,0.00320194815698193,0.0509746924710218,FALSE
200,"Localized",0.25,0.2,2,2,"Uniform",-2.18959880655235e-05,-4.3791976131047e-05,0,0,0.0500000002196773,FALSE
200,"Localized",0.25,0.2,2,2,"Central",0.0282123738839925,0.0564247477679851,0.0428,0.00286245209566903,0.050364780878478,FALSE
200,"Localized",0.25,0.2,2,2,"Tail",-0.0461080498894961,-0.0922160997789921,0.0512,0.0031170036894428,0.0509746924710218,FALSE
200,"Localized",0.25,0.2,2,3,"Uniform",-2.18959880655235e-05,-4.3791976131047e-05,0,0,0.0500000002196773,FALSE
200,"Localized",0.25,0.2,2,3,"Central",0.0282123738839925,0.0564247477679851,0.041,0.00280424677944007,0.050364780878478,FALSE
200,"Localized",0.25,0.2,2,3,"Tail",-0.0461080498894961,-0.0922160997789921,0.0498,0.00307636018697421,0.0509746924710218,FALSE
200,"Localized",0.25,0.2,2,5,"Uniform",-2.18959880655235e-05,-4.3791976131047e-05,0,0,0.0500000002196773,FALSE
200,"Localized",0.25,0.2,2,5,"Central",0.0282123738839925,0.0564247477679851,0.0472,0.00299907185642492,0.050364780878478,FALSE
200,"Localized",0.25,0.2,2,5,"Tail",-0.0461080498894961,-0.0922160997789921,0.06,0.00335857112474933,0.0509746924710218,FALSE
200,"Localized",0.25,0.2,2,8,"Uniform",-2.18959880655235e-05,-4.3791976131047e-05,0,0,0.0500000002196773,FALSE
200,"Localized",0.25,0.2,2,8,"Central",0.0282123738839925,0.0564247477679851,0.0514,0.00312275647465504,0.050364780878478,FALSE
200,"Localized",0.25,0.2,2,8,"Tail",-0.0461080498894961,-0.0922160997789921,0.054,0.00319637294444813,0.0509746924710218,FALSE
200,"Localized",0.5,0.05,0.5,1,"Uniform",-1.25318872553162e-05,-6.26594362765812e-06,0,0,0.0500000000044975,FALSE
200,"Localized",0.5,0.05,0.5,1,"Central",0.0554867578687897,0.0277433789343948,0.046,0.00296256645495084,0.0500881735067002,FALSE
200,"Localized",0.5,0.05,0.5,1,"Tail",-0.0906148658209355,-0.0453074329104678,0.0466,0.00298088711627931,0.0502351783558853,FALSE
200,"Localized",0.5,0.05,0.5,2,"Uniform",-1.25318872553162e-05,-6.26594362765812e-06,0,0,0.0500000000044975,FALSE
200,"Localized",0.5,0.05,0.5,2,"Central",0.0554867578687897,0.0277433789343948,0.0444,0.00291302729132427,0.0500881735067002,FALSE
200,"Localized",0.5,0.05,0.5,2,"Tail",-0.0906148658209355,-0.0453074329104678,0.049,0.00305283474822991,0.0502351783558853,FALSE
200,"Localized",0.5,0.05,0.5,3,"Uniform",-1.25318872553162e-05,-6.26594362765812e-06,0,0,0.0500000000044975,FALSE
200,"Localized",0.5,0.05,0.5,3,"Central",0.0554867578687897,0.0277433789343948,0.0502,0.00308804015517933,0.0500881735067002,FALSE
200,"Localized",0.5,0.05,0.5,3,"Tail",-0.0906148658209355,-0.0453074329104678,0.0504,0.00309385972532693,0.0502351783558853,FALSE
200,"Localized",0.5,0.05,0.5,5,"Uniform",-1.25318872553162e-05,-6.26594362765812e-06,0,0,0.0500000000044975,FALSE
200,"Localized",0.5,0.05,0.5,5,"Central",0.0554867578687897,0.0277433789343948,0.039,0.00273784586856163,0.0500881735067002,FALSE
200,"Localized",0.5,0.05,0.5,5,"Tail",-0.0906148658209355,-0.0453074329104678,0.0498,0.00307636018697421,0.0502351783558853,FALSE
200,"Localized",0.5,0.05,0.5,8,"Uniform",-1.25318872553162e-05,-6.26594362765812e-06,0,0,0.0500000000044975,FALSE
200,"Localized",0.5,0.05,0.5,8,"Central",0.0554867578687897,0.0277433789343948,0.0428,0.00286245209566903,0.0500881735067002,FALSE
200,"Localized",0.5,0.05,0.5,8,"Tail",-0.0906148658209355,-0.0453074329104678,0.047,0.00299302522541993,0.0502351783558853,FALSE
200,"Localized",0.5,0.05,1,1,"Uniform",-1.25318872553162e-05,-1.25318872553162e-05,0,0,0.0500000000179899,FALSE
200,"Localized",0.5,0.05,1,1,"Central",0.0554867578687897,0.0554867578687897,0.0388,0.00273110087693589,0.0503527510554154,FALSE
200,"Localized",0.5,0.05,1,1,"Tail",-0.0906148658209355,-0.0906148658209355,0.0464,0.00297479545515318,0.0509411181638095,FALSE
200,"Localized",0.5,0.05,1,2,"Uniform",-1.25318872553162e-05,-1.25318872553162e-05,0,0,0.0500000000179899,FALSE
200,"Localized",0.5,0.05,1,2,"Central",0.0554867578687897,0.0554867578687897,0.0386,0.00272433624943765,0.0503527510554154,FALSE
200,"Localized",0.5,0.05,1,2,"Tail",-0.0906148658209355,-0.0906148658209355,0.0452,0.00293792307591605,0.0509411181638095,FALSE
200,"Localized",0.5,0.05,1,3,"Uniform",-1.25318872553162e-05,-1.25318872553162e-05,0,0,0.0500000000179899,FALSE
200,"Localized",0.5,0.05,1,3,"Central",0.0554867578687897,0.0554867578687897,0.0464,0.00297479545515318,0.0503527510554154,FALSE
200,"Localized",0.5,0.05,1,3,"Tail",-0.0906148658209355,-0.0906148658209355,0.0596,0.00334806929438445,0.0509411181638095,FALSE
200,"Localized",0.5,0.05,1,5,"Uniform",-1.25318872553162e-05,-1.25318872553162e-05,0,0,0.0500000000179899,FALSE
200,"Localized",0.5,0.05,1,5,"Central",0.0554867578687897,0.0554867578687897,0.0394,0.00275127752144345,0.0503527510554154,FALSE
200,"Localized",0.5,0.05,1,5,"Tail",-0.0906148658209355,-0.0906148658209355,0.0526,0.00315699984162179,0.0509411181638095,FALSE
200,"Localized",0.5,0.05,1,8,"Uniform",-1.25318872553162e-05,-1.25318872553162e-05,0,0,0.0500000000179899,FALSE
200,"Localized",0.5,0.05,1,8,"Central",0.0554867578687897,0.0554867578687897,0.0456,0.00295027591929975,0.0503527510554154,FALSE
200,"Localized",0.5,0.05,1,8,"Tail",-0.0906148658209355,-0.0906148658209355,0.0514,0.00312275647465504,0.0509411181638095,FALSE
200,"Localized",0.5,0.05,1.5,1,"Uniform",-1.25318872553162e-05,-1.87978308829744e-05,0,0,0.0500000000404774,FALSE
200,"Localized",0.5,0.05,1.5,1,"Central",0.0554867578687897,0.0832301368031845,0.0376,0.00269021337443705,0.0507939032802147,FALSE
200,"Localized",0.5,0.05,1.5,1,"Tail",-0.0906148658209355,-0.135922298731403,0.0562,0.00325704037432759,0.0521190250888612,FALSE
200,"Localized",0.5,0.05,1.5,2,"Uniform",-1.25318872553162e-05,-1.87978308829744e-05,0,0,0.0500000000404774,FALSE
200,"Localized",0.5,0.05,1.5,2,"Central",0.0554867578687897,0.0832301368031845,0.0364,0.00264858603787002,0.0507939032802147,FALSE
200,"Localized",0.5,0.05,1.5,2,"Tail",-0.0906148658209355,-0.135922298731403,0.0464,0.00297479545515318,0.0521190250888612,FALSE
200,"Localized",0.5,0.05,1.5,3,"Uniform",-1.25318872553162e-05,-1.87978308829744e-05,0,0,0.0500000000404774,FALSE
200,"Localized",0.5,0.05,1.5,3,"Central",0.0554867578687897,0.0832301368031845,0.0348,0.00259187036712873,0.0507939032802147,FALSE
200,"Localized",0.5,0.05,1.5,3,"Tail",-0.0906148658209355,-0.135922298731403,0.0532,0.00317394895989208,0.0521190250888612,FALSE
200,"Localized",0.5,0.05,1.5,5,"Uniform",-1.25318872553162e-05,-1.87978308829744e-05,0,0,0.0500000000404774,FALSE
200,"Localized",0.5,0.05,1.5,5,"Central",0.0554867578687897,0.0832301368031845,0.0446,0.00291927525252416,0.0507939032802147,FALSE
200,"Localized",0.5,0.05,1.5,5,"Tail",-0.0906148658209355,-0.135922298731403,0.0482,0.00302908435009658,0.0521190250888612,FALSE
200,"Localized",0.5,0.05,1.5,8,"Uniform",-1.25318872553162e-05,-1.87978308829744e-05,0,0,0.0500000000404774,FALSE
200,"Localized",0.5,0.05,1.5,8,"Central",0.0554867578687897,0.0832301368031845,0.0432,0.00287519599331941,0.0507939032802147,FALSE
200,"Localized",0.5,0.05,1.5,8,"Tail",-0.0906148658209355,-0.135922298731403,0.0518,0.0031342227106573,0.0521190250888612,FALSE
200,"Localized",0.5,0.05,2,1,"Uniform",-1.25318872553162e-05,-2.50637745106325e-05,0,0,0.0500000000719597,FALSE
200,"Localized",0.5,0.05,2,1,"Central",0.0554867578687897,0.110973515737579,0.0324,0.00250400638976821,0.0514119130671076,FALSE
200,"Localized",0.5,0.05,2,1,"Tail",-0.0906148658209355,-0.181229731641871,0.0558,0.00324611644892786,0.0537708801454311,FALSE
200,"Localized",0.5,0.05,2,2,"Uniform",-1.25318872553162e-05,-2.50637745106325e-05,0,0,0.0500000000719597,FALSE
200,"Localized",0.5,0.05,2,2,"Central",0.0554867578687897,0.110973515737579,0.0386,0.00272433624943765,0.0514119130671076,FALSE
200,"Localized",0.5,0.05,2,2,"Tail",-0.0906148658209355,-0.181229731641871,0.0464,0.00297479545515318,0.0537708801454311,FALSE
200,"Localized",0.5,0.05,2,3,"Uniform",-1.25318872553162e-05,-2.50637745106325e-05,0,0,0.0500000000719597,FALSE
200,"Localized",0.5,0.05,2,3,"Central",0.0554867578687897,0.110973515737579,0.044,0.00290048271844533,0.0514119130671076,FALSE
200,"Localized",0.5,0.05,2,3,"Tail",-0.0906148658209355,-0.181229731641871,0.0518,0.0031342227106573,0.0537708801454311,FALSE
200,"Localized",0.5,0.05,2,5,"Uniform",-1.25318872553162e-05,-2.50637745106325e-05,0,0,0.0500000000719597,FALSE
200,"Localized",0.5,0.05,2,5,"Central",0.0554867578687897,0.110973515737579,0.0454,0.00294410733499986,0.0514119130671076,FALSE
200,"Localized",0.5,0.05,2,5,"Tail",-0.0906148658209355,-0.181229731641871,0.0516,0.00312849612433834,0.0537708801454311,FALSE
200,"Localized",0.5,0.05,2,8,"Uniform",-1.25318872553162e-05,-2.50637745106325e-05,0,0,0.0500000000719597,FALSE
200,"Localized",0.5,0.05,2,8,"Central",0.0554867578687897,0.110973515737579,0.0478,0.00301712313305241,0.0514119130671076,FALSE
200,"Localized",0.5,0.05,2,8,"Tail",-0.0906148658209355,-0.181229731641871,0.052,0.00313993630508646,0.0537708801454311,FALSE
200,"Localized",0.5,0.1,0.5,1,"Uniform",-2.50633896819888e-05,-1.25316948409944e-05,0,0,0.0500000000179894,FALSE
200,"Localized",0.5,0.1,0.5,1,"Central",0.100677150567392,0.0503385752836961,0.0506,0.00309966578843591,0.0502903186303343,FALSE
200,"Localized",0.5,0.1,0.5,1,"Tail",-0.164420039324534,-0.0822100196622668,0.0522,0.00314563697841947,0.0507745523403663,FALSE
200,"Localized",0.5,0.1,0.5,2,"Uniform",-2.50633896819888e-05,-1.25316948409944e-05,0,0,0.0500000000179894,FALSE
200,"Localized",0.5,0.1,0.5,2,"Central",0.100677150567392,0.0503385752836961,0.037,0.00266949433413896,0.0502903186303343,FALSE
200,"Localized",0.5,0.1,0.5,2,"Tail",-0.164420039324534,-0.0822100196622668,0.0414,0.00281730509529941,0.0507745523403663,FALSE
200,"Localized",0.5,0.1,0.5,3,"Uniform",-2.50633896819888e-05,-1.25316948409944e-05,0,0,0.0500000000179894,FALSE
200,"Localized",0.5,0.1,0.5,3,"Central",0.100677150567392,0.0503385752836961,0.0444,0.00291302729132427,0.0502903186303343,FALSE
200,"Localized",0.5,0.1,0.5,3,"Tail",-0.164420039324534,-0.0822100196622668,0.0538,0.00319078548323136,0.0507745523403663,FALSE
200,"Localized",0.5,0.1,0.5,5,"Uniform",-2.50633896819888e-05,-1.25316948409944e-05,0,0,0.0500000000179894,FALSE
200,"Localized",0.5,0.1,0.5,5,"Central",0.100677150567392,0.0503385752836961,0.0392,0.0027445713690848,0.0502903186303343,FALSE
200,"Localized",0.5,0.1,0.5,5,"Tail",-0.164420039324534,-0.0822100196622668,0.051,0.00311123769583746,0.0507745523403663,FALSE
200,"Localized",0.5,0.1,0.5,8,"Uniform",-2.50633896819888e-05,-1.25316948409944e-05,0,0,0.0500000000179894,FALSE
200,"Localized",0.5,0.1,0.5,8,"Central",0.100677150567392,0.0503385752836961,0.0446,0.00291927525252416,0.0502903186303343,FALSE
200,"Localized",0.5,0.1,0.5,8,"Tail",-0.164420039324534,-0.0822100196622668,0.0526,0.00315699984162179,0.0507745523403663,FALSE
200,"Localized",0.5,0.1,1,1,"Uniform",-2.50633896819888e-05,-2.50633896819888e-05,0,0,0.0500000000719576,FALSE
200,"Localized",0.5,0.1,1,1,"Central",0.100677150567392,0.100677150567392,0.0372,0.00267642149146953,0.0511618907517446,FALSE
200,"Localized",0.5,0.1,1,1,"Tail",-0.164420039324534,-0.164420039324534,0.0556,0.00324063697442339,0.053102561257984,FALSE
200,"Localized",0.5,0.1,1,2,"Uniform",-2.50633896819888e-05,-2.50633896819888e-05,0,0,0.0500000000719576,FALSE
200,"Localized",0.5,0.1,1,2,"Central",0.100677150567392,0.100677150567392,0.0422,0.00284320804725929,0.0511618907517446,FALSE
200,"Localized",0.5,0.1,1,2,"Tail",-0.164420039324534,-0.164420039324534,0.0524,0.00315132480077824,0.053102561257984,FALSE
200,"Localized",0.5,0.1,1,3,"Uniform",-2.50633896819888e-05,-2.50633896819888e-05,0,0,0.0500000000719576,FALSE
200,"Localized",0.5,0.1,1,3,"Central",0.100677150567392,0.100677150567392,0.0418,0.00283029185774188,0.0511618907517446,FALSE
200,"Localized",0.5,0.1,1,3,"Tail",-0.164420039324534,-0.164420039324534,0.05,0.00308220700148449,0.053102561257984,FALSE
200,"Localized",0.5,0.1,1,5,"Uniform",-2.50633896819888e-05,-2.50633896819888e-05,0,0,0.0500000000719576,FALSE
200,"Localized",0.5,0.1,1,5,"Central",0.100677150567392,0.100677150567392,0.0378,0.00269707841932711,0.0511618907517446,FALSE
200,"Localized",0.5,0.1,1,5,"Tail",-0.164420039324534,-0.164420039324534,0.0534,0.00317957355631223,0.053102561257984,FALSE
200,"Localized",0.5,0.1,1,8,"Uniform",-2.50633896819888e-05,-2.50633896819888e-05,0,0,0.0500000000719576,FALSE
200,"Localized",0.5,0.1,1,8,"Central",0.100677150567392,0.100677150567392,0.04,0.0027712812921102,0.0511618907517446,FALSE
200,"Localized",0.5,0.1,1,8,"Tail",-0.164420039324534,-0.164420039324534,0.057,0.00327874976172321,0.053102561257984,FALSE
200,"Localized",0.5,0.1,1.5,1,"Uniform",-2.50633896819888e-05,-3.75950845229833e-05,0,0,0.0500000001619043,FALSE
200,"Localized",0.5,0.1,1.5,1,"Central",0.100677150567392,0.151015725851088,0.0308,0.00244341400503476,0.0526165489722555,FALSE
200,"Localized",0.5,0.1,1.5,1,"Tail",-0.164420039324534,-0.2466300589868,0.0614,0.00339499749631719,0.0569967789714435,FALSE
200,"Localized",0.5,0.1,1.5,2,"Uniform",-2.50633896819888e-05,-3.75950845229833e-05,0,0,0.0500000001619043,FALSE
200,"Localized",0.5,0.1,1.5,2,"Central",0.100677150567392,0.151015725851088,0.0308,0.00244341400503476,0.0526165489722555,FALSE
200,"Localized",0.5,0.1,1.5,2,"Tail",-0.164420039324534,-0.2466300589868,0.0532,0.00317394895989208,0.0569967789714435,FALSE
200,"Localized",0.5,0.1,1.5,3,"Uniform",-2.50633896819888e-05,-3.75950845229833e-05,0,0,0.0500000001619043,FALSE
200,"Localized",0.5,0.1,1.5,3,"Central",0.100677150567392,0.151015725851088,0.033,0.00252630164469724,0.0526165489722555,FALSE
200,"Localized",0.5,0.1,1.5,3,"Tail",-0.164420039324534,-0.2466300589868,0.059,0.00333223648620562,0.0569967789714435,FALSE
200,"Localized",0.5,0.1,1.5,5,"Uniform",-2.50633896819888e-05,-3.75950845229833e-05,0,0,0.0500000001619043,FALSE
200,"Localized",0.5,0.1,1.5,5,"Central",0.100677150567392,0.151015725851088,0.0356,0.00262040607540129,0.0526165489722555,FALSE
200,"Localized",0.5,0.1,1.5,5,"Tail",-0.164420039324534,-0.2466300589868,0.0592,0.0033375248313683,0.0569967789714435,FALSE
200,"Localized",0.5,0.1,1.5,8,"Uniform",-2.50633896819888e-05,-3.75950845229833e-05,0,0,0.0500000001619043,FALSE
200,"Localized",0.5,0.1,1.5,8,"Central",0.100677150567392,0.151015725851088,0.0398,0.00276463234445378,0.0526165489722555,FALSE
200,"Localized",0.5,0.1,1.5,8,"Tail",-0.164420039324534,-0.2466300589868,0.0492,0.00305873699425106,0.0569967789714435,FALSE
200,"Localized",0.5,0.1,2,1,"Uniform",-2.50633896819888e-05,-5.01267793639777e-05,0,0,0.0500000002878298,FALSE
200,"Localized",0.5,0.1,2,1,"Central",0.100677150567392,0.201354301134784,0.0272,0.00230044169671826,0.0546572942405795,FALSE
200,"Localized",0.5,0.1,2,1,"Tail",-0.164420039324534,-0.328840078649067,0.063,0.00343601513384327,0.0624774583226576,FALSE
200,"Localized",0.5,0.1,2,2,"Uniform",-2.50633896819888e-05,-5.01267793639777e-05,0,0,0.0500000002878298,FALSE
200,"Localized",0.5,0.1,2,2,"Central",0.100677150567392,0.201354301134784,0.0288,0.00236518751899294,0.0546572942405795,FALSE
200,"Localized",0.5,0.1,2,2,"Tail",-0.164420039324534,-0.328840078649067,0.0542,0.00320194815698193,0.0624774583226576,FALSE
200,"Localized",0.5,0.1,2,3,"Uniform",-2.50633896819888e-05,-5.01267793639777e-05,0,0,0.0500000002878298,FALSE
200,"Localized",0.5,0.1,2,3,"Central",0.100677150567392,0.201354301134784,0.0318,0.00248148181536758,0.0546572942405795,FALSE
200,"Localized",0.5,0.1,2,3,"Tail",-0.164420039324534,-0.328840078649067,0.0622,0.00341558662604244,0.0624774583226576,FALSE
200,"Localized",0.5,0.1,2,5,"Uniform",-2.50633896819888e-05,-5.01267793639777e-05,0,0,0.0500000002878298,FALSE
200,"Localized",0.5,0.1,2,5,"Central",0.100677150567392,0.201354301134784,0.0362,0.00264157377334043,0.0546572942405795,FALSE
200,"Localized",0.5,0.1,2,5,"Tail",-0.164420039324534,-0.328840078649067,0.0606,0.00337424480439698,0.0624774583226576,FALSE
200,"Localized",0.5,0.1,2,8,"Uniform",-2.50633896819888e-05,-5.01267793639777e-05,0,0,0.0500000002878298,FALSE
200,"Localized",0.5,0.1,2,8,"Central",0.100677150567392,0.201354301134784,0.0392,0.0027445713690848,0.0546572942405795,FALSE
200,"Localized",0.5,0.1,2,8,"Tail",-0.164420039324534,-0.328840078649067,0.0542,0.00320194815698193,0.0624774583226576,FALSE
200,"Localized",0.5,0.2,0.5,1,"Uniform",-4.51126633094548e-05,-2.25563316547274e-05,0,0,0.0500000000582819,FALSE
200,"Localized",0.5,0.2,0.5,1,"Central",0.127129858337826,0.0635649291689132,0.0392,0.0027445713690848,0.050462971190307,FALSE
200,"Localized",0.5,0.2,0.5,1,"Tail",-0.207651156137219,-0.103825578068609,0.0512,0.0031170036894428,0.0512357528846404,FALSE
200,"Localized",0.5,0.2,0.5,2,"Uniform",-4.51126633094548e-05,-2.25563316547274e-05,0,0,0.0500000000582819,FALSE
200,"Localized",0.5,0.2,0.5,2,"Central",0.127129858337826,0.0635649291689132,0.0444,0.00291302729132427,0.050462971190307,FALSE
200,"Localized",0.5,0.2,0.5,2,"Tail",-0.207651156137219,-0.103825578068609,0.0492,0.00305873699425106,0.0512357528846404,FALSE
200,"Localized",0.5,0.2,0.5,3,"Uniform",-4.51126633094548e-05,-2.25563316547274e-05,0,0,0.0500000000582819,FALSE
200,"Localized",0.5,0.2,0.5,3,"Central",0.127129858337826,0.0635649291689132,0.0404,0.00278452293939195,0.050462971190307,FALSE
200,"Localized",0.5,0.2,0.5,3,"Tail",-0.207651156137219,-0.103825578068609,0.0552,0.0032296427046966,0.0512357528846404,FALSE
200,"Localized",0.5,0.2,0.5,5,"Uniform",-4.51126633094548e-05,-2.25563316547274e-05,0,0,0.0500000000582819,FALSE
200,"Localized",0.5,0.2,0.5,5,"Central",0.127129858337826,0.0635649291689132,0.0466,0.00298088711627931,0.050462971190307,FALSE
200,"Localized",0.5,0.2,0.5,5,"Tail",-0.207651156137219,-0.103825578068609,0.0578,0.00330027756408457,0.0512357528846404,FALSE
200,"Localized",0.5,0.2,0.5,8,"Uniform",-4.51126633094548e-05,-2.25563316547274e-05,0,0,0.0500000000582819,FALSE
200,"Localized",0.5,0.2,0.5,8,"Central",0.127129858337826,0.0635649291689132,0.0452,0.00293792307591605,0.050462971190307,FALSE
200,"Localized",0.5,0.2,0.5,8,"Tail",-0.207651156137219,-0.103825578068609,0.0516,0.00312849612433834,0.0512357528846404,FALSE
200,"Localized",0.5,0.2,1,1,"Uniform",-4.51126633094548e-05,-4.51126633094548e-05,0,0,0.0500000002331273,FALSE
200,"Localized",0.5,0.2,1,1,"Central",0.127129858337826,0.127129858337826,0.0404,0.00278452293939195,0.0518534474924345,FALSE
200,"Localized",0.5,0.2,1,1,"Tail",-0.207651156137219,-0.207651156137219,0.0644,0.00347138704266753,0.0549540060876024,FALSE
200,"Localized",0.5,0.2,1,2,"Uniform",-4.51126633094548e-05,-4.51126633094548e-05,0,0,0.0500000002331273,FALSE
200,"Localized",0.5,0.2,1,2,"Central",0.127129858337826,0.127129858337826,0.0346,0.0025846794772273,0.0518534474924345,FALSE
200,"Localized",0.5,0.2,1,2,"Tail",-0.207651156137219,-0.207651156137219,0.0562,0.00325704037432759,0.0549540060876024,FALSE
200,"Localized",0.5,0.2,1,3,"Uniform",-4.51126633094548e-05,-4.51126633094548e-05,0,0,0.0500000002331273,FALSE
200,"Localized",0.5,0.2,1,3,"Central",0.127129858337826,0.127129858337826,0.0374,0.00268332778467335,0.0518534474924345,FALSE
200,"Localized",0.5,0.2,1,3,"Tail",-0.207651156137219,-0.207651156137219,0.0592,0.0033375248313683,0.0549540060876024,FALSE
200,"Localized",0.5,0.2,1,5,"Uniform",-4.51126633094548e-05,-4.51126633094548e-05,0,0,0.0500000002331273,FALSE
200,"Localized",0.5,0.2,1,5,"Central",0.127129858337826,0.127129858337826,0.0424,0.00284963997726029,0.0518534474924345,FALSE
200,"Localized",0.5,0.2,1,5,"Tail",-0.207651156137219,-0.207651156137219,0.0574,0.0032895361375124,0.0549540060876024,FALSE
200,"Localized",0.5,0.2,1,8,"Uniform",-4.51126633094548e-05,-4.51126633094548e-05,0,0,0.0500000002331273,FALSE
200,"Localized",0.5,0.2,1,8,"Central",0.127129858337826,0.127129858337826,0.0476,0.00301112072159188,0.0518534474924345,FALSE
200,"Localized",0.5,0.2,1,8,"Tail",-0.207651156137219,-0.207651156137219,0.0544,0.0032075111847038,0.0549540060876024,FALSE
200,"Localized",0.5,0.2,1.5,1,"Uniform",-4.51126633094548e-05,-6.76689949641822e-05,0,0,0.0500000005245362,FALSE
200,"Localized",0.5,0.2,1.5,1,"Central",0.127129858337826,0.19069478750674,0.0376,0.00269021337443705,0.0541760520244724,FALSE
200,"Localized",0.5,0.2,1.5,1,"Tail",-0.207651156137219,-0.311476734205828,0.0692,0.00358918820905229,0.0611865183394184,FALSE
200,"Localized",0.5,0.2,1.5,2,"Uniform",-4.51126633094548e-05,-6.76689949641822e-05,0,0,0.0500000005245362,FALSE
200,"Localized",0.5,0.2,1.5,2,"Central",0.127129858337826,0.19069478750674,0.0328,0.00251889499582654,0.0541760520244724,FALSE
200,"Localized",0.5,0.2,1.5,2,"Tail",-0.207651156137219,-0.311476734205828,0.0576,0.00329491244193226,0.0611865183394184,FALSE
200,"Localized",0.5,0.2,1.5,3,"Uniform",-4.51126633094548e-05,-6.76689949641822e-05,0,0,0.0500000005245362,FALSE
200,"Localized",0.5,0.2,1.5,3,"Central",0.127129858337826,0.19069478750674,0.0362,0.00264157377334043,0.0541760520244724,FALSE
200,"Localized",0.5,0.2,1.5,3,"Tail",-0.207651156137219,-0.311476734205828,0.067,0.00353584501922808,0.0611865183394184,FALSE
200,"Localized",0.5,0.2,1.5,5,"Uniform",-4.51126633094548e-05,-6.76689949641822e-05,0,0,0.0500000005245362,FALSE
200,"Localized",0.5,0.2,1.5,5,"Central",0.127129858337826,0.19069478750674,0.0344,0.00257746542168852,0.0541760520244724,FALSE
200,"Localized",0.5,0.2,1.5,5,"Tail",-0.207651156137219,-0.311476734205828,0.0522,0.00314563697841947,0.0611865183394184,FALSE
200,"Localized",0.5,0.2,1.5,8,"Uniform",-4.51126633094548e-05,-6.76689949641822e-05,0,0,0.0500000005245362,FALSE
200,"Localized",0.5,0.2,1.5,8,"Central",0.127129858337826,0.19069478750674,0.0384,0.00271755183943195,0.0541760520244724,FALSE
200,"Localized",0.5,0.2,1.5,8,"Tail",-0.207651156137219,-0.311476734205828,0.057,0.00327874976172321,0.0611865183394184,FALSE
200,"Localized",0.5,0.2,2,1,"Uniform",-4.51126633094548e-05,-9.02253266189096e-05,0,0,0.0500000009325087,FALSE
200,"Localized",0.5,0.2,2,1,"Central",0.127129858337826,0.254259716675653,0.031,0.00245108139399735,0.0574382744374089,FALSE
200,"Localized",0.5,0.2,2,1,"Tail",-0.207651156137219,-0.415302312274438,0.0798,0.00383228287056162,0.0699822068472973,FALSE
200,"Localized",0.5,0.2,2,2,"Uniform",-4.51126633094548e-05,-9.02253266189096e-05,0,0,0.0500000009325087,FALSE
200,"Localized",0.5,0.2,2,2,"Central",0.127129858337826,0.254259716675653,0.0288,0.00236518751899294,0.0574382744374089,FALSE
200,"Localized",0.5,0.2,2,2,"Tail",-0.207651156137219,-0.415302312274438,0.0688,0.00357956868910208,0.0699822068472973,FALSE
200,"Localized",0.5,0.2,2,3,"Uniform",-4.51126633094548e-05,-9.02253266189096e-05,0,0,0.0500000009325087,FALSE
200,"Localized",0.5,0.2,2,3,"Central",0.127129858337826,0.254259716675653,0.0356,0.00262040607540129,0.0574382744374089,FALSE
200,"Localized",0.5,0.2,2,3,"Tail",-0.207651156137219,-0.415302312274438,0.0758,0.00374310993693747,0.0699822068472973,FALSE
200,"Localized",0.5,0.2,2,5,"Uniform",-4.51126633094548e-05,-9.02253266189096e-05,0,0,0.0500000009325087,FALSE
200,"Localized",0.5,0.2,2,5,"Central",0.127129858337826,0.254259716675653,0.03,0.00241246761636296,0.0574382744374089,FALSE
200,"Localized",0.5,0.2,2,5,"Tail",-0.207651156137219,-0.415302312274438,0.0718,0.00365088372863338,0.0699822068472973,FALSE
200,"Localized",0.5,0.2,2,8,"Uniform",-4.51126633094548e-05,-9.02253266189096e-05,0,0,0.0500000009325087,FALSE
200,"Localized",0.5,0.2,2,8,"Central",0.127129858337826,0.254259716675653,0.0368,0.00266254614983478,0.0574382744374089,FALSE
200,"Localized",0.5,0.2,2,8,"Tail",-0.207651156137219,-0.415302312274438,0.0622,0.00341558662604244,0.0699822068472973,FALSE
200,"Localized",0.75,0.05,0.5,1,"Uniform",-1.2531698588551e-05,-6.2658492942755e-06,0,0,0.0500000000044974,FALSE
200,"Localized",0.75,0.05,0.5,1,"Central",0.0125846610430436,0.00629233052152178,0.0432,0.00287519599331941,0.0500045354484228,FALSE
200,"Localized",0.75,0.05,0.5,1,"Tail",-0.0205735451293947,-0.0102867725646973,0.045,0.00293172304285381,0.0500121215308438,FALSE
200,"Localized",0.75,0.05,0.5,2,"Uniform",-1.2531698588551e-05,-6.2658492942755e-06,0,0,0.0500000000044974,FALSE
200,"Localized",0.75,0.05,0.5,2,"Central",0.0125846610430436,0.00629233052152178,0.045,0.00293172304285381,0.0500045354484228,FALSE
200,"Localized",0.75,0.05,0.5,2,"Tail",-0.0205735451293947,-0.0102867725646973,0.0426,0.00285605462132642,0.0500121215308438,FALSE
200,"Localized",0.75,0.05,0.5,3,"Uniform",-1.2531698588551e-05,-6.2658492942755e-06,0,0,0.0500000000044974,FALSE
200,"Localized",0.75,0.05,0.5,3,"Central",0.0125846610430436,0.00629233052152178,0.0516,0.00312849612433834,0.0500045354484228,FALSE
200,"Localized",0.75,0.05,0.5,3,"Tail",-0.0205735451293947,-0.0102867725646973,0.051,0.00311123769583746,0.0500121215308438,FALSE
200,"Localized",0.75,0.05,0.5,5,"Uniform",-1.2531698588551e-05,-6.2658492942755e-06,0,0,0.0500000000044974,FALSE
200,"Localized",0.75,0.05,0.5,5,"Central",0.0125846610430436,0.00629233052152178,0.0476,0.00301112072159188,0.0500045354484228,FALSE
200,"Localized",0.75,0.05,0.5,5,"Tail",-0.0205735451293947,-0.0102867725646973,0.0482,0.00302908435009658,0.0500121215308438,FALSE
200,"Localized",0.75,0.05,0.5,8,"Uniform",-1.2531698588551e-05,-6.2658492942755e-06,0,0,0.0500000000044974,FALSE
200,"Localized",0.75,0.05,0.5,8,"Central",0.0125846610430436,0.00629233052152178,0.0514,0.00312275647465504,0.0500045354484228,FALSE
200,"Localized",0.75,0.05,0.5,8,"Tail",-0.0205735451293947,-0.0102867725646973,0.0534,0.00317957355631223,0.0500121215308438,FALSE
200,"Localized",0.75,0.05,1,1,"Uniform",-1.2531698588551e-05,-1.2531698588551e-05,0,0,0.0500000000179894,FALSE
200,"Localized",0.75,0.05,1,1,"Central",0.0125846610430436,0.0125846610430436,0.0474,0.00300510365877785,0.0500181419447845,FALSE
200,"Localized",0.75,0.05,1,1,"Tail",-0.0205735451293947,-0.0205735451293947,0.054,0.00319637294444813,0.0500484872024868,FALSE
200,"Localized",0.75,0.05,1,2,"Uniform",-1.2531698588551e-05,-1.2531698588551e-05,0,0,0.0500000000179894,FALSE
200,"Localized",0.75,0.05,1,2,"Central",0.0125846610430436,0.0125846610430436,0.0456,0.00295027591929975,0.0500181419447845,FALSE
200,"Localized",0.75,0.05,1,2,"Tail",-0.0205735451293947,-0.0205735451293947,0.0432,0.00287519599331941,0.0500484872024868,FALSE
200,"Localized",0.75,0.05,1,3,"Uniform",-1.2531698588551e-05,-1.2531698588551e-05,0,0,0.0500000000179894,FALSE
200,"Localized",0.75,0.05,1,3,"Central",0.0125846610430436,0.0125846610430436,0.0538,0.00319078548323136,0.0500181419447845,FALSE
200,"Localized",0.75,0.05,1,3,"Tail",-0.0205735451293947,-0.0205735451293947,0.0502,0.00308804015517933,0.0500484872024868,FALSE
200,"Localized",0.75,0.05,1,5,"Uniform",-1.2531698588551e-05,-1.2531698588551e-05,0,0,0.0500000000179894,FALSE
200,"Localized",0.75,0.05,1,5,"Central",0.0125846610430436,0.0125846610430436,0.05,0.00308220700148449,0.0500181419447845,FALSE
200,"Localized",0.75,0.05,1,5,"Tail",-0.0205735451293947,-0.0205735451293947,0.0518,0.0031342227106573,0.0500484872024868,FALSE
200,"Localized",0.75,0.05,1,8,"Uniform",-1.2531698588551e-05,-1.2531698588551e-05,0,0,0.0500000000179894,FALSE
200,"Localized",0.75,0.05,1,8,"Central",0.0125846610430436,0.0125846610430436,0.0542,0.00320194815698193,0.0500181419447845,FALSE
200,"Localized",0.75,0.05,1,8,"Tail",-0.0205735451293947,-0.0205735451293947,0.0506,0.00309966578843591,0.0500484872024868,FALSE
200,"Localized",0.75,0.05,1.5,1,"Uniform",-1.2531698588551e-05,-1.87975478828265e-05,0,0,0.0500000000404762,FALSE
200,"Localized",0.75,0.05,1.5,1,"Central",0.0125846610430436,0.0188769915645654,0.0496,0.00307049963361014,0.0500408199423036,FALSE
200,"Localized",0.75,0.05,1.5,1,"Tail",-0.0205735451293947,-0.030860317694092,0.0402,0.00277791144567281,0.0501091002510909,FALSE
200,"Localized",0.75,0.05,1.5,2,"Uniform",-1.2531698588551e-05,-1.87975478828265e-05,0,0,0.0500000000404762,FALSE
200,"Localized",0.75,0.05,1.5,2,"Central",0.0125846610430436,0.0188769915645654,0.0548,0.00321860093829602,0.0500408199423036,FALSE
200,"Localized",0.75,0.05,1.5,2,"Tail",-0.0205735451293947,-0.030860317694092,0.0422,0.00284320804725929,0.0501091002510909,FALSE
200,"Localized",0.75,0.05,1.5,3,"Uniform",-1.2531698588551e-05,-1.87975478828265e-05,0,0,0.0500000000404762,FALSE
200,"Localized",0.75,0.05,1.5,3,"Central",0.0125846610430436,0.0188769915645654,0.0588,0.00332693733033852,0.0500408199423036,FALSE
200,"Localized",0.75,0.05,1.5,3,"Tail",-0.0205735451293947,-0.030860317694092,0.0536,0.00318518570887162,0.0501091002510909,FALSE
200,"Localized",0.75,0.05,1.5,5,"Uniform",-1.2531698588551e-05,-1.87975478828265e-05,0,0,0.0500000000404762,FALSE
200,"Localized",0.75,0.05,1.5,5,"Central",0.0125846610430436,0.0188769915645654,0.0478,0.00301712313305241,0.0500408199423036,FALSE
200,"Localized",0.75,0.05,1.5,5,"Tail",-0.0205735451293947,-0.030860317694092,0.0512,0.0031170036894428,0.0501091002510909,FALSE
200,"Localized",0.75,0.05,1.5,8,"Uniform",-1.2531698588551e-05,-1.87975478828265e-05,0,0,0.0500000000404762,FALSE
200,"Localized",0.75,0.05,1.5,8,"Central",0.0125846610430436,0.0188769915645654,0.049,0.00305283474822991,0.0500408199423036,FALSE
200,"Localized",0.75,0.05,1.5,8,"Tail",-0.0205735451293947,-0.030860317694092,0.049,0.00305283474822991,0.0501091002510909,FALSE
200,"Localized",0.75,0.05,2,1,"Uniform",-1.2531698588551e-05,-2.5063397177102e-05,0,0,0.0500000000719575,FALSE
200,"Localized",0.75,0.05,2,1,"Central",0.0125846610430436,0.0251693220860871,0.0462,0.00296868859936505,0.0500725701961394,FALSE
200,"Localized",0.75,0.05,2,1,"Tail",-0.0205735451293947,-0.0411470902587893,0.0528,0.00316266216975509,0.0501939660663426,FALSE
200,"Localized",0.75,0.05,2,2,"Uniform",-1.2531698588551e-05,-2.5063397177102e-05,0,0,0.0500000000719575,FALSE
200,"Localized",0.75,0.05,2,2,"Central",0.0125846610430436,0.0251693220860871,0.0492,0.00305873699425106,0.0500725701961394,FALSE
200,"Localized",0.75,0.05,2,2,"Tail",-0.0205735451293947,-0.0411470902587893,0.047,0.00299302522541993,0.0501939660663426,FALSE
200,"Localized",0.75,0.05,2,3,"Uniform",-1.2531698588551e-05,-2.5063397177102e-05,0,0,0.0500000000719575,FALSE
200,"Localized",0.75,0.05,2,3,"Central",0.0125846610430436,0.0251693220860871,0.0516,0.00312849612433834,0.0500725701961394,FALSE
200,"Localized",0.75,0.05,2,3,"Tail",-0.0205735451293947,-0.0411470902587893,0.054,0.00319637294444813,0.0501939660663426,FALSE
200,"Localized",0.75,0.05,2,5,"Uniform",-1.2531698588551e-05,-2.5063397177102e-05,0,0,0.0500000000719575,FALSE
200,"Localized",0.75,0.05,2,5,"Central",0.0125846610430436,0.0251693220860871,0.048,0.00302311098043059,0.0500725701961394,FALSE
200,"Localized",0.75,0.05,2,5,"Tail",-0.0205735451293947,-0.0411470902587893,0.0552,0.0032296427046966,0.0501939660663426,FALSE
200,"Localized",0.75,0.05,2,8,"Uniform",-1.2531698588551e-05,-2.5063397177102e-05,0,0,0.0500000000719575,FALSE
200,"Localized",0.75,0.05,2,8,"Central",0.0125846610430436,0.0251693220860871,0.0532,0.00317394895989208,0.0500725701961394,FALSE
200,"Localized",0.75,0.05,2,8,"Tail",-0.0205735451293947,-0.0411470902587893,0.0558,0.00324611644892786,0.0501939660663426,FALSE
200,"Localized",0.75,0.1,0.5,1,"Uniform",-2.27124269483004e-05,-1.13562134741502e-05,0,0,0.0500000000147728,FALSE
200,"Localized",0.75,0.1,0.5,1,"Central",0.0165851897439836,0.00829259487199179,0.0526,0.00315699984162179,0.0500078773286388,FALSE
200,"Localized",0.75,0.1,0.5,1,"Tail",-0.0271275085762082,-0.0135637542881041,0.055,0.0032241277890307,0.05002107470007,FALSE
200,"Localized",0.75,0.1,0.5,2,"Uniform",-2.27124269483004e-05,-1.13562134741502e-05,0,0,0.0500000000147728,FALSE
200,"Localized",0.75,0.1,0.5,2,"Central",0.0165851897439836,0.00829259487199179,0.053,0.00316831185333767,0.0500078773286388,FALSE
200,"Localized",0.75,0.1,0.5,2,"Tail",-0.0271275085762082,-0.0135637542881041,0.0408,0.00279769047608916,0.05002107470007,FALSE
200,"Localized",0.75,0.1,0.5,3,"Uniform",-2.27124269483004e-05,-1.13562134741502e-05,0,0,0.0500000000147728,FALSE
200,"Localized",0.75,0.1,0.5,3,"Central",0.0165851897439836,0.00829259487199179,0.0526,0.00315699984162179,0.0500078773286388,FALSE
200,"Localized",0.75,0.1,0.5,3,"Tail",-0.0271275085762082,-0.0135637542881041,0.0516,0.00312849612433834,0.05002107470007,FALSE
200,"Localized",0.75,0.1,0.5,5,"Uniform",-2.27124269483004e-05,-1.13562134741502e-05,0,0,0.0500000000147728,FALSE
200,"Localized",0.75,0.1,0.5,5,"Central",0.0165851897439836,0.00829259487199179,0.0576,0.00329491244193226,0.0500078773286388,FALSE
200,"Localized",0.75,0.1,0.5,5,"Tail",-0.0271275085762082,-0.0135637542881041,0.0508,0.00310545842026584,0.05002107470007,FALSE
200,"Localized",0.75,0.1,0.5,8,"Uniform",-2.27124269483004e-05,-1.13562134741502e-05,0,0,0.0500000000147728,FALSE
200,"Localized",0.75,0.1,0.5,8,"Central",0.0165851897439836,0.00829259487199179,0.0536,0.00318518570887162,0.0500078773286388,FALSE
200,"Localized",0.75,0.1,0.5,8,"Tail",-0.0271275085762082,-0.0135637542881041,0.0596,0.00334806929438445,0.05002107470007,FALSE
200,"Localized",0.75,0.1,1,1,"Uniform",-2.27124269483004e-05,-2.27124269483004e-05,0,0,0.0500000000590913,FALSE
200,"Localized",0.75,0.1,1,1,"Central",0.0165851897439836,0.0165851897439836,0.0496,0.00307049963361014,0.0500315097703187,FALSE
200,"Localized",0.75,0.1,1,1,"Tail",-0.0271275085762082,-0.0271275085762082,0.049,0.00305283474822991,0.0500843020617354,FALSE
200,"Localized",0.75,0.1,1,2,"Uniform",-2.27124269483004e-05,-2.27124269483004e-05,0,0,0.0500000000590913,FALSE
200,"Localized",0.75,0.1,1,2,"Central",0.0165851897439836,0.0165851897439836,0.0512,0.0031170036894428,0.0500315097703187,FALSE
200,"Localized",0.75,0.1,1,2,"Tail",-0.0271275085762082,-0.0271275085762082,0.0514,0.00312275647465504,0.0500843020617354,FALSE
200,"Localized",0.75,0.1,1,3,"Uniform",-2.27124269483004e-05,-2.27124269483004e-05,0,0,0.0500000000590913,FALSE
200,"Localized",0.75,0.1,1,3,"Central",0.0165851897439836,0.0165851897439836,0.0502,0.00308804015517933,0.0500315097703187,FALSE
200,"Localized",0.75,0.1,1,3,"Tail",-0.0271275085762082,-0.0271275085762082,0.0502,0.00308804015517933,0.0500843020617354,FALSE
200,"Localized",0.75,0.1,1,5,"Uniform",-2.27124269483004e-05,-2.27124269483004e-05,0,0,0.0500000000590913,FALSE
200,"Localized",0.75,0.1,1,5,"Central",0.0165851897439836,0.0165851897439836,0.0508,0.00310545842026584,0.0500315097703187,FALSE
200,"Localized",0.75,0.1,1,5,"Tail",-0.0271275085762082,-0.0271275085762082,0.0532,0.00317394895989208,0.0500843020617354,FALSE
200,"Localized",0.75,0.1,1,8,"Uniform",-2.27124269483004e-05,-2.27124269483004e-05,0,0,0.0500000000590913,FALSE
200,"Localized",0.75,0.1,1,8,"Central",0.0165851897439836,0.0165851897439836,0.051,0.00311123769583746,0.0500315097703187,FALSE
200,"Localized",0.75,0.1,1,8,"Tail",-0.0271275085762082,-0.0271275085762082,0.0516,0.00312849612433834,0.0500843020617354,FALSE
200,"Localized",0.75,0.1,1.5,1,"Uniform",-2.27124269483004e-05,-3.40686404224506e-05,0,0,0.0500000001329553,FALSE
200,"Localized",0.75,0.1,1.5,1,"Central",0.0165851897439836,0.0248777846159754,0.0512,0.0031170036894428,0.0500708986920069,FALSE
200,"Localized",0.75,0.1,1.5,1,"Tail",-0.0271275085762082,-0.0406912628643124,0.0476,0.00301112072159188,0.0501896918631887,FALSE
200,"Localized",0.75,0.1,1.5,2,"Uniform",-2.27124269483004e-05,-3.40686404224506e-05,0,0,0.0500000001329553,FALSE
200,"Localized",0.75,0.1,1.5,2,"Central",0.0165851897439836,0.0248777846159754,0.0554,0.00323514574633045,0.0500708986920069,FALSE
200,"Localized",0.75,0.1,1.5,2,"Tail",-0.0271275085762082,-0.0406912628643124,0.0428,0.00286245209566903,0.0501896918631887,FALSE
200,"Localized",0.75,0.1,1.5,3,"Uniform",-2.27124269483004e-05,-3.40686404224506e-05,0,0,0.0500000001329553,FALSE
200,"Localized",0.75,0.1,1.5,3,"Central",0.0165851897439836,0.0248777846159754,0.0564,0.00326248494249399,0.0500708986920069,FALSE
200,"Localized",0.75,0.1,1.5,3,"Tail",-0.0271275085762082,-0.0406912628643124,0.0532,0.00317394895989208,0.0501896918631887,FALSE
200,"Localized",0.75,0.1,1.5,5,"Uniform",-2.27124269483004e-05,-3.40686404224506e-05,0,0,0.0500000001329553,FALSE
200,"Localized",0.75,0.1,1.5,5,"Central",0.0165851897439836,0.0248777846159754,0.049,0.00305283474822991,0.0500708986920069,FALSE
200,"Localized",0.75,0.1,1.5,5,"Tail",-0.0271275085762082,-0.0406912628643124,0.0474,0.00300510365877785,0.0501896918631887,FALSE
200,"Localized",0.75,0.1,1.5,8,"Uniform",-2.27124269483004e-05,-3.40686404224506e-05,0,0,0.0500000001329553,FALSE
200,"Localized",0.75,0.1,1.5,8,"Central",0.0165851897439836,0.0248777846159754,0.0604,0.00336903072114221,0.0500708986920069,FALSE
200,"Localized",0.75,0.1,1.5,8,"Tail",-0.0271275085762082,-0.0406912628643124,0.0502,0.00308804015517933,0.0501896918631887,FALSE
200,"Localized",0.75,0.1,2,1,"Uniform",-2.27124269483004e-05,-4.54248538966008e-05,0,0,0.050000000236365,FALSE
200,"Localized",0.75,0.1,2,1,"Central",0.0165851897439836,0.0331703794879672,0.0488,0.00304691844328003,0.0501260463709084,FALSE
200,"Localized",0.75,0.1,2,1,"Tail",-0.0271275085762082,-0.0542550171524165,0.0558,0.00324611644892786,0.0503372603808433,FALSE
200,"Localized",0.75,0.1,2,2,"Uniform",-2.27124269483004e-05,-4.54248538966008e-05,0,0,0.050000000236365,FALSE
200,"Localized",0.75,0.1,2,2,"Central",0.0165851897439836,0.0331703794879672,0.0518,0.0031342227106573,0.0501260463709084,FALSE
200,"Localized",0.75,0.1,2,2,"Tail",-0.0271275085762082,-0.0542550171524165,0.0452,0.00293792307591605,0.0503372603808433,FALSE
200,"Localized",0.75,0.1,2,3,"Uniform",-2.27124269483004e-05,-4.54248538966008e-05,0,0,0.050000000236365,FALSE
200,"Localized",0.75,0.1,2,3,"Central",0.0165851897439836,0.0331703794879672,0.058,0.00330563155841664,0.0501260463709084,FALSE
200,"Localized",0.75,0.1,2,3,"Tail",-0.0271275085762082,-0.0542550171524165,0.0526,0.00315699984162179,0.0503372603808433,FALSE
200,"Localized",0.75,0.1,2,5,"Uniform",-2.27124269483004e-05,-4.54248538966008e-05,0,0,0.050000000236365,FALSE
200,"Localized",0.75,0.1,2,5,"Central",0.0165851897439836,0.0331703794879672,0.0494,0.0030646252625729,0.0501260463709084,FALSE
200,"Localized",0.75,0.1,2,5,"Tail",-0.0271275085762082,-0.0542550171524165,0.0542,0.00320194815698193,0.0503372603808433,FALSE
200,"Localized",0.75,0.1,2,8,"Uniform",-2.27124269483004e-05,-4.54248538966008e-05,0,0,0.050000000236365,FALSE
200,"Localized",0.75,0.1,2,8,"Central",0.0165851897439836,0.0331703794879672,0.0556,0.00324063697442339,0.0501260463709084,FALSE
200,"Localized",0.75,0.1,2,8,"Tail",-0.0271275085762082,-0.0542550171524165,0.0484,0.00303504332753257,0.0503372603808433,FALSE
200,"Localized",0.75,0.2,0.5,1,"Uniform",-2.18959880655013e-05,-1.09479940327507e-05,0,0,0.0500000000137299,FALSE
200,"Localized",0.75,0.2,0.5,1,"Central",0.0282123738839925,0.0141061869419963,0.0548,0.00321860093829602,0.0500227940397899,FALSE
200,"Localized",0.75,0.2,0.5,1,"Tail",-0.046108049889496,-0.023054024944748,0.0482,0.00302908435009658,0.0500608843498128,FALSE
200,"Localized",0.75,0.2,0.5,2,"Uniform",-2.18959880655013e-05,-1.09479940327507e-05,0,0,0.0500000000137299,FALSE
200,"Localized",0.75,0.2,0.5,2,"Central",0.0282123738839925,0.0141061869419963,0.0426,0.00285605462132642,0.0500227940397899,FALSE
200,"Localized",0.75,0.2,0.5,2,"Tail",-0.046108049889496,-0.023054024944748,0.0424,0.00284963997726029,0.0500608843498128,FALSE
200,"Localized",0.75,0.2,0.5,3,"Uniform",-2.18959880655013e-05,-1.09479940327507e-05,0,0,0.0500000000137299,FALSE
200,"Localized",0.75,0.2,0.5,3,"Central",0.0282123738839925,0.0141061869419963,0.053,0.00316831185333767,0.0500227940397899,FALSE
200,"Localized",0.75,0.2,0.5,3,"Tail",-0.046108049889496,-0.023054024944748,0.053,0.00316831185333767,0.0500608843498128,FALSE
200,"Localized",0.75,0.2,0.5,5,"Uniform",-2.18959880655013e-05,-1.09479940327507e-05,0,0,0.0500000000137299,FALSE
200,"Localized",0.75,0.2,0.5,5,"Central",0.0282123738839925,0.0141061869419963,0.048,0.00302311098043059,0.0500227940397899,FALSE
200,"Localized",0.75,0.2,0.5,5,"Tail",-0.046108049889496,-0.023054024944748,0.053,0.00316831185333767,0.0500608843498128,FALSE
200,"Localized",0.75,0.2,0.5,8,"Uniform",-2.18959880655013e-05,-1.09479940327507e-05,0,0,0.0500000000137299,FALSE
200,"Localized",0.75,0.2,0.5,8,"Central",0.0282123738839925,0.0141061869419963,0.0494,0.0030646252625729,0.0500227940397899,FALSE
200,"Localized",0.75,0.2,0.5,8,"Tail",-0.046108049889496,-0.023054024944748,0.054,0.00319637294444813,0.0500608843498128,FALSE
200,"Localized",0.75,0.2,1,1,"Uniform",-2.18959880655013e-05,-2.18959880655013e-05,0,0,0.0500000000549194,FALSE
200,"Localized",0.75,0.2,1,1,"Central",0.0282123738839925,0.0282123738839925,0.0486,0.0030409879973456,0.0500911799743755,FALSE
200,"Localized",0.75,0.2,1,1,"Tail",-0.046108049889496,-0.046108049889496,0.0498,0.00307636018697421,0.0502435646024483,FALSE
200,"Localized",0.75,0.2,1,2,"Uniform",-2.18959880655013e-05,-2.18959880655013e-05,0,0,0.0500000000549194,FALSE
200,"Localized",0.75,0.2,1,2,"Central",0.0282123738839925,0.0282123738839925,0.0462,0.00296868859936505,0.0500911799743755,FALSE
200,"Localized",0.75,0.2,1,2,"Tail",-0.046108049889496,-0.046108049889496,0.0444,0.00291302729132427,0.0502435646024483,FALSE
200,"Localized",0.75,0.2,1,3,"Uniform",-2.18959880655013e-05,-2.18959880655013e-05,0,0,0.0500000000549194,FALSE
200,"Localized",0.75,0.2,1,3,"Central",0.0282123738839925,0.0282123738839925,0.0516,0.00312849612433834,0.0500911799743755,FALSE
200,"Localized",0.75,0.2,1,3,"Tail",-0.046108049889496,-0.046108049889496,0.0512,0.0031170036894428,0.0502435646024483,FALSE
200,"Localized",0.75,0.2,1,5,"Uniform",-2.18959880655013e-05,-2.18959880655013e-05,0,0,0.0500000000549194,FALSE
200,"Localized",0.75,0.2,1,5,"Central",0.0282123738839925,0.0282123738839925,0.0488,0.00304691844328003,0.0500911799743755,FALSE
200,"Localized",0.75,0.2,1,5,"Tail",-0.046108049889496,-0.046108049889496,0.0498,0.00307636018697421,0.0502435646024483,FALSE
200,"Localized",0.75,0.2,1,8,"Uniform",-2.18959880655013e-05,-2.18959880655013e-05,0,0,0.0500000000549194,FALSE
200,"Localized",0.75,0.2,1,8,"Central",0.0282123738839925,0.0282123738839925,0.0484,0.00303504332753257,0.0500911799743755,FALSE
200,"Localized",0.75,0.2,1,8,"Tail",-0.046108049889496,-0.046108049889496,0.053,0.00316831185333767,0.0502435646024483,FALSE
200,"Localized",0.75,0.2,1.5,1,"Uniform",-2.18959880655013e-05,-3.2843982098252e-05,0,0,0.0500000001235685,FALSE
200,"Localized",0.75,0.2,1.5,1,"Central",0.0282123738839925,0.0423185608259888,0.0452,0.00293792307591605,0.0502051692415944,FALSE
200,"Localized",0.75,0.2,1.5,1,"Tail",-0.046108049889496,-0.069162074834244,0.0538,0.00319078548323136,0.0505481222187061,FALSE
200,"Localized",0.75,0.2,1.5,2,"Uniform",-2.18959880655013e-05,-3.2843982098252e-05,0,0,0.0500000001235685,FALSE
200,"Localized",0.75,0.2,1.5,2,"Central",0.0282123738839925,0.0423185608259888,0.0426,0.00285605462132642,0.0502051692415944,FALSE
200,"Localized",0.75,0.2,1.5,2,"Tail",-0.046108049889496,-0.069162074834244,0.0426,0.00285605462132642,0.0505481222187061,FALSE
200,"Localized",0.75,0.2,1.5,3,"Uniform",-2.18959880655013e-05,-3.2843982098252e-05,0,0,0.0500000001235685,FALSE
200,"Localized",0.75,0.2,1.5,3,"Central",0.0282123738839925,0.0423185608259888,0.0506,0.00309966578843591,0.0502051692415944,FALSE
200,"Localized",0.75,0.2,1.5,3,"Tail",-0.046108049889496,-0.069162074834244,0.0568,0.00327333957908433,0.0505481222187061,FALSE
200,"Localized",0.75,0.2,1.5,5,"Uniform",-2.18959880655013e-05,-3.2843982098252e-05,0,0,0.0500000001235685,FALSE
200,"Localized",0.75,0.2,1.5,5,"Central",0.0282123738839925,0.0423185608259888,0.0434,0.00288154264240528,0.0502051692415944,FALSE
200,"Localized",0.75,0.2,1.5,5,"Tail",-0.046108049889496,-0.069162074834244,0.0512,0.0031170036894428,0.0505481222187061,FALSE
200,"Localized",0.75,0.2,1.5,8,"Uniform",-2.18959880655013e-05,-3.2843982098252e-05,0,0,0.0500000001235685,FALSE
200,"Localized",0.75,0.2,1.5,8,"Central",0.0282123738839925,0.0423185608259888,0.05,0.00308220700148449,0.0502051692415944,FALSE
200,"Localized",0.75,0.2,1.5,8,"Tail",-0.046108049889496,-0.069162074834244,0.0548,0.00321860093829602,0.0505481222187061,FALSE
200,"Localized",0.75,0.2,2,1,"Uniform",-2.18959880655013e-05,-4.37919761310026e-05,0,0,0.0500000002196773,FALSE
200,"Localized",0.75,0.2,2,1,"Central",0.0282123738839925,0.0564247477679851,0.047,0.00299302522541993,0.050364780878478,FALSE
200,"Localized",0.75,0.2,2,1,"Tail",-0.046108049889496,-0.092216099778992,0.0566,0.00326791799162709,0.0509746924710218,FALSE
200,"Localized",0.75,0.2,2,2,"Uniform",-2.18959880655013e-05,-4.37919761310026e-05,0,0,0.0500000002196773,FALSE
200,"Localized",0.75,0.2,2,2,"Central",0.0282123738839925,0.0564247477679851,0.0438,0.00289418589589542,0.050364780878478,FALSE
200,"Localized",0.75,0.2,2,2,"Tail",-0.046108049889496,-0.092216099778992,0.049,0.00305283474822991,0.0509746924710218,FALSE
200,"Localized",0.75,0.2,2,3,"Uniform",-2.18959880655013e-05,-4.37919761310026e-05,0,0,0.0500000002196773,FALSE
200,"Localized",0.75,0.2,2,3,"Central",0.0282123738839925,0.0564247477679851,0.0464,0.00297479545515318,0.050364780878478,FALSE
200,"Localized",0.75,0.2,2,3,"Tail",-0.046108049889496,-0.092216099778992,0.0562,0.00325704037432759,0.0509746924710218,FALSE
200,"Localized",0.75,0.2,2,5,"Uniform",-2.18959880655013e-05,-4.37919761310026e-05,0,0,0.0500000002196773,FALSE
200,"Localized",0.75,0.2,2,5,"Central",0.0282123738839925,0.0564247477679851,0.047,0.00299302522541993,0.050364780878478,FALSE
200,"Localized",0.75,0.2,2,5,"Tail",-0.046108049889496,-0.092216099778992,0.0514,0.00312275647465504,0.0509746924710218,FALSE
200,"Localized",0.75,0.2,2,8,"Uniform",-2.18959880655013e-05,-4.37919761310026e-05,0,0,0.0500000002196773,FALSE
200,"Localized",0.75,0.2,2,8,"Central",0.0282123738839925,0.0564247477679851,0.0466,0.00298088711627931,0.050364780878478,FALSE
200,"Localized",0.75,0.2,2,8,"Tail",-0.046108049889496,-0.092216099778992,0.0558,0.00324611644892786,0.0509746924710218,FALSE
500,"Linear",NA,NA,0.5,1,"Uniform",4.56700082322557e-17,2.28350041161279e-17,0,0,0.0500000000000001,TRUE
500,"Linear",NA,NA,0.5,1,"Central",-1.09855274925353e-19,-5.49276374626766e-20,0.0484,0.00303504332753257,0.0500000000000001,TRUE
500,"Linear",NA,NA,0.5,1,"Tail",1.07213309997844e-16,5.36066549989218e-17,0.044,0.00290048271844533,0.0500000000000001,TRUE
500,"Linear",NA,NA,0.5,2,"Uniform",4.56700082322557e-17,2.28350041161279e-17,0,0,0.0500000000000001,TRUE
500,"Linear",NA,NA,0.5,2,"Central",-1.09855274925353e-19,-5.49276374626766e-20,0.05,0.00308220700148449,0.0500000000000001,TRUE
500,"Linear",NA,NA,0.5,2,"Tail",1.07213309997844e-16,5.36066549989218e-17,0.0514,0.00312275647465504,0.0500000000000001,TRUE
500,"Linear",NA,NA,0.5,3,"Uniform",4.56700082322557e-17,2.28350041161279e-17,0,0,0.0500000000000001,TRUE
500,"Linear",NA,NA,0.5,3,"Central",-1.09855274925353e-19,-5.49276374626766e-20,0.0452,0.00293792307591605,0.0500000000000001,TRUE
500,"Linear",NA,NA,0.5,3,"Tail",1.07213309997844e-16,5.36066549989218e-17,0.0522,0.00314563697841947,0.0500000000000001,TRUE
500,"Linear",NA,NA,0.5,5,"Uniform",4.56700082322557e-17,2.28350041161279e-17,0,0,0.0500000000000001,TRUE
500,"Linear",NA,NA,0.5,5,"Central",-1.09855274925353e-19,-5.49276374626766e-20,0.0522,0.00314563697841947,0.0500000000000001,TRUE
500,"Linear",NA,NA,0.5,5,"Tail",1.07213309997844e-16,5.36066549989218e-17,0.048,0.00302311098043059,0.0500000000000001,TRUE
500,"Linear",NA,NA,0.5,8,"Uniform",4.56700082322557e-17,2.28350041161279e-17,0,0,0.0500000000000001,TRUE
500,"Linear",NA,NA,0.5,8,"Central",-1.09855274925353e-19,-5.49276374626766e-20,0.0532,0.00317394895989208,0.0500000000000001,TRUE
500,"Linear",NA,NA,0.5,8,"Tail",1.07213309997844e-16,5.36066549989218e-17,0.0582,0.003310974478911,0.0500000000000001,TRUE
500,"Linear",NA,NA,1,1,"Uniform",4.56700082322557e-17,4.56700082322557e-17,0,0,0.0500000000000001,TRUE
500,"Linear",NA,NA,1,1,"Central",-1.09855274925353e-19,-1.09855274925353e-19,0.05,0.00308220700148449,0.0500000000000001,TRUE
500,"Linear",NA,NA,1,1,"Tail",1.07213309997844e-16,1.07213309997844e-16,0.051,0.00311123769583746,0.0500000000000001,TRUE
500,"Linear",NA,NA,1,2,"Uniform",4.56700082322557e-17,4.56700082322557e-17,0,0,0.0500000000000001,TRUE
500,"Linear",NA,NA,1,2,"Central",-1.09855274925353e-19,-1.09855274925353e-19,0.0476,0.00301112072159188,0.0500000000000001,TRUE
500,"Linear",NA,NA,1,2,"Tail",1.07213309997844e-16,1.07213309997844e-16,0.0582,0.003310974478911,0.0500000000000001,TRUE
500,"Linear",NA,NA,1,3,"Uniform",4.56700082322557e-17,4.56700082322557e-17,0,0,0.0500000000000001,TRUE
500,"Linear",NA,NA,1,3,"Central",-1.09855274925353e-19,-1.09855274925353e-19,0.0428,0.00286245209566903,0.0500000000000001,TRUE
500,"Linear",NA,NA,1,3,"Tail",1.07213309997844e-16,1.07213309997844e-16,0.0592,0.0033375248313683,0.0500000000000001,TRUE
500,"Linear",NA,NA,1,5,"Uniform",4.56700082322557e-17,4.56700082322557e-17,0,0,0.0500000000000001,TRUE
500,"Linear",NA,NA,1,5,"Central",-1.09855274925353e-19,-1.09855274925353e-19,0.054,0.00319637294444813,0.0500000000000001,TRUE
500,"Linear",NA,NA,1,5,"Tail",1.07213309997844e-16,1.07213309997844e-16,0.0532,0.00317394895989208,0.0500000000000001,TRUE
500,"Linear",NA,NA,1,8,"Uniform",4.56700082322557e-17,4.56700082322557e-17,0,0,0.0500000000000001,TRUE
500,"Linear",NA,NA,1,8,"Central",-1.09855274925353e-19,-1.09855274925353e-19,0.0482,0.00302908435009658,0.0500000000000001,TRUE
500,"Linear",NA,NA,1,8,"Tail",1.07213309997844e-16,1.07213309997844e-16,0.0644,0.00347138704266753,0.0500000000000001,TRUE
500,"Linear",NA,NA,1.5,1,"Uniform",4.56700082322557e-17,6.85050123483836e-17,0,0,0.0500000000000001,TRUE
500,"Linear",NA,NA,1.5,1,"Central",-1.09855274925353e-19,-1.6478291238803e-19,0.0494,0.0030646252625729,0.0500000000000001,TRUE
500,"Linear",NA,NA,1.5,1,"Tail",1.07213309997844e-16,1.60819964996765e-16,0.0502,0.00308804015517933,0.0500000000000001,TRUE
500,"Linear",NA,NA,1.5,2,"Uniform",4.56700082322557e-17,6.85050123483836e-17,0,0,0.0500000000000001,TRUE
500,"Linear",NA,NA,1.5,2,"Central",-1.09855274925353e-19,-1.6478291238803e-19,0.0476,0.00301112072159188,0.0500000000000001,TRUE
500,"Linear",NA,NA,1.5,2,"Tail",1.07213309997844e-16,1.60819964996765e-16,0.0606,0.00337424480439698,0.0500000000000001,TRUE
500,"Linear",NA,NA,1.5,3,"Uniform",4.56700082322557e-17,6.85050123483836e-17,0,0,0.0500000000000001,TRUE
500,"Linear",NA,NA,1.5,3,"Central",-1.09855274925353e-19,-1.6478291238803e-19,0.0428,0.00286245209566903,0.0500000000000001,TRUE
500,"Linear",NA,NA,1.5,3,"Tail",1.07213309997844e-16,1.60819964996765e-16,0.06,0.00335857112474933,0.0500000000000001,TRUE
500,"Linear",NA,NA,1.5,5,"Uniform",4.56700082322557e-17,6.85050123483836e-17,0,0,0.0500000000000001,TRUE
500,"Linear",NA,NA,1.5,5,"Central",-1.09855274925353e-19,-1.6478291238803e-19,0.0428,0.00286245209566903,0.0500000000000001,TRUE
500,"Linear",NA,NA,1.5,5,"Tail",1.07213309997844e-16,1.60819964996765e-16,0.0536,0.00318518570887162,0.0500000000000001,TRUE
500,"Linear",NA,NA,1.5,8,"Uniform",4.56700082322557e-17,6.85050123483836e-17,0,0,0.0500000000000001,TRUE
500,"Linear",NA,NA,1.5,8,"Central",-1.09855274925353e-19,-1.6478291238803e-19,0.0474,0.00300510365877785,0.0500000000000001,TRUE
500,"Linear",NA,NA,1.5,8,"Tail",1.07213309997844e-16,1.60819964996765e-16,0.0624,0.00342070869850094,0.0500000000000001,TRUE
500,"Linear",NA,NA,2,1,"Uniform",4.56700082322557e-17,9.13400164645114e-17,0,0,0.0500000000000001,TRUE
500,"Linear",NA,NA,2,1,"Central",-1.09855274925353e-19,-2.19710549850706e-19,0.0434,0.00288154264240528,0.0500000000000001,TRUE
500,"Linear",NA,NA,2,1,"Tail",1.07213309997844e-16,2.14426619995687e-16,0.053,0.00316831185333767,0.0500000000000001,TRUE
500,"Linear",NA,NA,2,2,"Uniform",4.56700082322557e-17,9.13400164645114e-17,0,0,0.0500000000000001,TRUE
500,"Linear",NA,NA,2,2,"Central",-1.09855274925353e-19,-2.19710549850706e-19,0.0436,0.00288787257336608,0.0500000000000001,TRUE
500,"Linear",NA,NA,2,2,"Tail",1.07213309997844e-16,2.14426619995687e-16,0.0596,0.00334806929438445,0.0500000000000001,TRUE
500,"Linear",NA,NA,2,3,"Uniform",4.56700082322557e-17,9.13400164645114e-17,0,0,0.0500000000000001,TRUE
500,"Linear",NA,NA,2,3,"Central",-1.09855274925353e-19,-2.19710549850706e-19,0.036,0.00263453980801202,0.0500000000000001,TRUE
500,"Linear",NA,NA,2,3,"Tail",1.07213309997844e-16,2.14426619995687e-16,0.06,0.00335857112474933,0.0500000000000001,TRUE
500,"Linear",NA,NA,2,5,"Uniform",4.56700082322557e-17,9.13400164645114e-17,0,0,0.0500000000000001,TRUE
500,"Linear",NA,NA,2,5,"Central",-1.09855274925353e-19,-2.19710549850706e-19,0.041,0.00280424677944007,0.0500000000000001,TRUE
500,"Linear",NA,NA,2,5,"Tail",1.07213309997844e-16,2.14426619995687e-16,0.0594,0.00334280241713446,0.0500000000000001,TRUE
500,"Linear",NA,NA,2,8,"Uniform",4.56700082322557e-17,9.13400164645114e-17,0,0,0.0500000000000001,TRUE
500,"Linear",NA,NA,2,8,"Central",-1.09855274925353e-19,-2.19710549850706e-19,0.0432,0.00287519599331941,0.0500000000000001,TRUE
500,"Linear",NA,NA,2,8,"Tail",1.07213309997844e-16,2.14426619995687e-16,0.0736,0.00369277781622453,0.0500000000000001,TRUE
500,"Quadratic",NA,NA,0.5,1,"Uniform",0.000100000000000046,5.0000000000023e-05,0,0,0.0500000002863757,FALSE
500,"Quadratic",NA,NA,0.5,1,"Central",-0.182565066938613,-0.0912825334693063,0.0588,0.00332693733033852,0.0509550460167297,FALSE
500,"Quadratic",NA,NA,0.5,1,"Tail",0.298276554122463,0.149138277061231,0.0434,0.00288154264240528,0.0525517956416884,FALSE
500,"Quadratic",NA,NA,0.5,2,"Uniform",0.000100000000000046,5.0000000000023e-05,0,0,0.0500000002863757,FALSE
500,"Quadratic",NA,NA,0.5,2,"Central",-0.182565066938613,-0.0912825334693063,0.0504,0.00309385972532693,0.0509550460167297,FALSE
500,"Quadratic",NA,NA,0.5,2,"Tail",0.298276554122463,0.149138277061231,0.0498,0.00307636018697421,0.0525517956416884,FALSE
500,"Quadratic",NA,NA,0.5,3,"Uniform",0.000100000000000046,5.0000000000023e-05,0,0,0.0500000002863757,FALSE
500,"Quadratic",NA,NA,0.5,3,"Central",-0.182565066938613,-0.0912825334693063,0.06,0.00335857112474933,0.0509550460167297,FALSE
500,"Quadratic",NA,NA,0.5,3,"Tail",0.298276554122463,0.149138277061231,0.0448,0.00292550713552369,0.0525517956416884,FALSE
500,"Quadratic",NA,NA,0.5,5,"Uniform",0.000100000000000046,5.0000000000023e-05,0,0,0.0500000002863757,FALSE
500,"Quadratic",NA,NA,0.5,5,"Central",-0.182565066938613,-0.0912825334693063,0.0612,0.00338982477423244,0.0509550460167297,FALSE
500,"Quadratic",NA,NA,0.5,5,"Tail",0.298276554122463,0.149138277061231,0.04,0.0027712812921102,0.0525517956416884,FALSE
500,"Quadratic",NA,NA,0.5,8,"Uniform",0.000100000000000046,5.0000000000023e-05,0,0,0.0500000002863757,FALSE
500,"Quadratic",NA,NA,0.5,8,"Central",-0.182565066938613,-0.0912825334693063,0.057,0.00327874976172321,0.0509550460167297,FALSE
500,"Quadratic",NA,NA,0.5,8,"Tail",0.298276554122463,0.149138277061231,0.0482,0.00302908435009658,0.0525517956416884,FALSE
500,"Quadratic",NA,NA,1,1,"Uniform",0.000100000000000046,0.000100000000000046,0,0,0.0500000011455023,FALSE
500,"Quadratic",NA,NA,1,1,"Central",-0.182565066938613,-0.182565066938613,0.0652,0.00349138826256834,0.0538267811162567,FALSE
500,"Quadratic",NA,NA,1,1,"Tail",0.298276554122463,0.298276554122463,0.027,0.00229220417938717,0.0602530649228937,FALSE
500,"Quadratic",NA,NA,1,2,"Uniform",0.000100000000000046,0.000100000000000046,0,0,0.0500000011455023,FALSE
500,"Quadratic",NA,NA,1,2,"Central",-0.182565066938613,-0.182565066938613,0.0624,0.00342070869850094,0.0538267811162567,FALSE
500,"Quadratic",NA,NA,1,2,"Tail",0.298276554122463,0.298276554122463,0.0374,0.00268332778467335,0.0602530649228937,FALSE
500,"Quadratic",NA,NA,1,3,"Uniform",0.000100000000000046,0.000100000000000046,0,0,0.0500000011455023,FALSE
500,"Quadratic",NA,NA,1,3,"Central",-0.182565066938613,-0.182565066938613,0.0612,0.00338982477423244,0.0538267811162567,FALSE
500,"Quadratic",NA,NA,1,3,"Tail",0.298276554122463,0.298276554122463,0.0362,0.00264157377334043,0.0602530649228937,FALSE
500,"Quadratic",NA,NA,1,5,"Uniform",0.000100000000000046,0.000100000000000046,0,0,0.0500000011455023,FALSE
500,"Quadratic",NA,NA,1,5,"Central",-0.182565066938613,-0.182565066938613,0.0618,0.00340531232047811,0.0538267811162567,FALSE
500,"Quadratic",NA,NA,1,5,"Tail",0.298276554122463,0.298276554122463,0.033,0.00252630164469724,0.0602530649228937,FALSE
500,"Quadratic",NA,NA,1,8,"Uniform",0.000100000000000046,0.000100000000000046,0,0,0.0500000011455023,FALSE
500,"Quadratic",NA,NA,1,8,"Central",-0.182565066938613,-0.182565066938613,0.0624,0.00342070869850094,0.0538267811162567,FALSE
500,"Quadratic",NA,NA,1,8,"Tail",0.298276554122463,0.298276554122463,0.0432,0.00287519599331941,0.0602530649228937,FALSE
500,"Quadratic",NA,NA,1.5,1,"Uniform",0.000100000000000046,0.000150000000000069,0,0,0.0500000025773803,FALSE
500,"Quadratic",NA,NA,1.5,1,"Central",-0.182565066938613,-0.273847600407919,0.0882,0.00401050520508327,0.0586344289023913,FALSE
500,"Quadratic",NA,NA,1.5,1,"Tail",0.298276554122463,0.447414831183694,0.023,0.00211995282966391,0.073230855938243,FALSE
500,"Quadratic",NA,NA,1.5,2,"Uniform",0.000100000000000046,0.000150000000000069,0,0,0.0500000025773803,FALSE
500,"Quadratic",NA,NA,1.5,2,"Central",-0.182565066938613,-0.273847600407919,0.0764,0.00375667512569293,0.0586344289023913,FALSE
500,"Quadratic",NA,NA,1.5,2,"Tail",0.298276554122463,0.447414831183694,0.0298,0.00240466047499434,0.073230855938243,FALSE
500,"Quadratic",NA,NA,1.5,3,"Uniform",0.000100000000000046,0.000150000000000069,0,0,0.0500000025773803,FALSE
500,"Quadratic",NA,NA,1.5,3,"Central",-0.182565066938613,-0.273847600407919,0.0688,0.00357956868910208,0.0586344289023913,FALSE
500,"Quadratic",NA,NA,1.5,3,"Tail",0.298276554122463,0.447414831183694,0.0322,0.00249652398346181,0.073230855938243,FALSE
500,"Quadratic",NA,NA,1.5,5,"Uniform",0.000100000000000046,0.000150000000000069,0,0,0.0500000025773803,FALSE
500,"Quadratic",NA,NA,1.5,5,"Central",-0.182565066938613,-0.273847600407919,0.0644,0.00347138704266753,0.0586344289023913,FALSE
500,"Quadratic",NA,NA,1.5,5,"Tail",0.298276554122463,0.447414831183694,0.0332,0.0025336834845734,0.073230855938243,FALSE
500,"Quadratic",NA,NA,1.5,8,"Uniform",0.000100000000000046,0.000150000000000069,0,0,0.0500000025773803,FALSE
500,"Quadratic",NA,NA,1.5,8,"Central",-0.182565066938613,-0.273847600407919,0.0586,0.00332162731202644,0.0586344289023913,FALSE
500,"Quadratic",NA,NA,1.5,8,"Tail",0.298276554122463,0.447414831183694,0.0414,0.00281730509529941,0.073230855938243,FALSE
500,"Quadratic",NA,NA,2,1,"Uniform",0.000100000000000046,0.000200000000000092,0,0,0.0500000045820093,FALSE
500,"Quadratic",NA,NA,2,1,"Central",-0.182565066938613,-0.365130133877225,0.0944,0.00413493990282809,0.0654081616143587,FALSE
500,"Quadratic",NA,NA,2,1,"Tail",0.298276554122463,0.596553108244926,0.0192,0.00194068853760721,0.091662821447148,FALSE
500,"Quadratic",NA,NA,2,2,"Uniform",0.000100000000000046,0.000200000000000092,0,0,0.0500000045820093,FALSE
500,"Quadratic",NA,NA,2,2,"Central",-0.182565066938613,-0.365130133877225,0.0872,0.00398989122658751,0.0654081616143587,FALSE
500,"Quadratic",NA,NA,2,2,"Tail",0.298276554122463,0.596553108244926,0.02,0.00197989898732233,0.091662821447148,FALSE
500,"Quadratic",NA,NA,2,3,"Uniform",0.000100000000000046,0.000200000000000092,0,0,0.0500000045820093,FALSE
500,"Quadratic",NA,NA,2,3,"Central",-0.182565066938613,-0.365130133877225,0.0756,0.00373857298979169,0.0654081616143587,FALSE
500,"Quadratic",NA,NA,2,3,"Tail",0.298276554122463,0.596553108244926,0.0302,0.00242024626846112,0.091662821447148,FALSE
500,"Quadratic",NA,NA,2,5,"Uniform",0.000100000000000046,0.000200000000000092,0,0,0.0500000045820093,FALSE
500,"Quadratic",NA,NA,2,5,"Central",-0.182565066938613,-0.365130133877225,0.0722,0.0036602502646677,0.0654081616143587,FALSE
500,"Quadratic",NA,NA,2,5,"Tail",0.298276554122463,0.596553108244926,0.0288,0.00236518751899294,0.091662821447148,FALSE
500,"Quadratic",NA,NA,2,8,"Uniform",0.000100000000000046,0.000200000000000092,0,0,0.0500000045820093,FALSE
500,"Quadratic",NA,NA,2,8,"Central",-0.182565066938613,-0.365130133877225,0.0638,0.00345628586780665,0.0654081616143587,FALSE
500,"Quadratic",NA,NA,2,8,"Tail",0.298276554122463,0.596553108244926,0.0414,0.00281730509529941,0.091662821447148,FALSE
500,"Oscillatory",NA,NA,0.5,1,"Uniform",-7.53954689429551e-19,-3.76977344714775e-19,0,0,0.0500000000000001,TRUE
500,"Oscillatory",NA,NA,0.5,1,"Central",3.47782333417008e-17,1.73891166708504e-17,0.0458,0.00295642892693195,0.0500000000000001,TRUE
500,"Oscillatory",NA,NA,0.5,1,"Tail",-5.61365292553813e-17,-2.80682646276906e-17,0.0516,0.00312849612433834,0.0500000000000001,TRUE
500,"Oscillatory",NA,NA,0.5,2,"Uniform",-7.53954689429551e-19,-3.76977344714775e-19,0,0,0.0500000000000001,TRUE
500,"Oscillatory",NA,NA,0.5,2,"Central",3.47782333417008e-17,1.73891166708504e-17,0.0522,0.00314563697841947,0.0500000000000001,TRUE
500,"Oscillatory",NA,NA,0.5,2,"Tail",-5.61365292553813e-17,-2.80682646276906e-17,0.0568,0.00327333957908433,0.0500000000000001,TRUE
500,"Oscillatory",NA,NA,0.5,3,"Uniform",-7.53954689429551e-19,-3.76977344714775e-19,0,0,0.0500000000000001,TRUE
500,"Oscillatory",NA,NA,0.5,3,"Central",3.47782333417008e-17,1.73891166708504e-17,0.0512,0.0031170036894428,0.0500000000000001,TRUE
500,"Oscillatory",NA,NA,0.5,3,"Tail",-5.61365292553813e-17,-2.80682646276906e-17,0.047,0.00299302522541993,0.0500000000000001,TRUE
500,"Oscillatory",NA,NA,0.5,5,"Uniform",-7.53954689429551e-19,-3.76977344714775e-19,0,0,0.0500000000000001,TRUE
500,"Oscillatory",NA,NA,0.5,5,"Central",3.47782333417008e-17,1.73891166708504e-17,0.048,0.00302311098043059,0.0500000000000001,TRUE
500,"Oscillatory",NA,NA,0.5,5,"Tail",-5.61365292553813e-17,-2.80682646276906e-17,0.0438,0.00289418589589542,0.0500000000000001,TRUE
500,"Oscillatory",NA,NA,0.5,8,"Uniform",-7.53954689429551e-19,-3.76977344714775e-19,0,0,0.0500000000000001,TRUE
500,"Oscillatory",NA,NA,0.5,8,"Central",3.47782333417008e-17,1.73891166708504e-17,0.0572,0.00328414859590732,0.0500000000000001,TRUE
500,"Oscillatory",NA,NA,0.5,8,"Tail",-5.61365292553813e-17,-2.80682646276906e-17,0.0488,0.00304691844328003,0.0500000000000001,TRUE
500,"Oscillatory",NA,NA,1,1,"Uniform",-7.53954689429551e-19,-7.53954689429551e-19,0,0,0.0500000000000001,TRUE
500,"Oscillatory",NA,NA,1,1,"Central",3.47782333417008e-17,3.47782333417008e-17,0.0514,0.00312275647465504,0.0500000000000001,TRUE
500,"Oscillatory",NA,NA,1,1,"Tail",-5.61365292553813e-17,-5.61365292553813e-17,0.0488,0.00304691844328003,0.0500000000000001,TRUE
500,"Oscillatory",NA,NA,1,2,"Uniform",-7.53954689429551e-19,-7.53954689429551e-19,0,0,0.0500000000000001,TRUE
500,"Oscillatory",NA,NA,1,2,"Central",3.47782333417008e-17,3.47782333417008e-17,0.0562,0.00325704037432759,0.0500000000000001,TRUE
500,"Oscillatory",NA,NA,1,2,"Tail",-5.61365292553813e-17,-5.61365292553813e-17,0.0544,0.0032075111847038,0.0500000000000001,TRUE
500,"Oscillatory",NA,NA,1,3,"Uniform",-7.53954689429551e-19,-7.53954689429551e-19,0,0,0.0500000000000001,TRUE
500,"Oscillatory",NA,NA,1,3,"Central",3.47782333417008e-17,3.47782333417008e-17,0.0438,0.00289418589589542,0.0500000000000001,TRUE
500,"Oscillatory",NA,NA,1,3,"Tail",-5.61365292553813e-17,-5.61365292553813e-17,0.0572,0.00328414859590732,0.0500000000000001,TRUE
500,"Oscillatory",NA,NA,1,5,"Uniform",-7.53954689429551e-19,-7.53954689429551e-19,0,0,0.0500000000000001,TRUE
500,"Oscillatory",NA,NA,1,5,"Central",3.47782333417008e-17,3.47782333417008e-17,0.0472,0.00299907185642492,0.0500000000000001,TRUE
500,"Oscillatory",NA,NA,1,5,"Tail",-5.61365292553813e-17,-5.61365292553813e-17,0.0466,0.00298088711627931,0.0500000000000001,TRUE
500,"Oscillatory",NA,NA,1,8,"Uniform",-7.53954689429551e-19,-7.53954689429551e-19,0,0,0.0500000000000001,TRUE
500,"Oscillatory",NA,NA,1,8,"Central",3.47782333417008e-17,3.47782333417008e-17,0.0538,0.00319078548323136,0.0500000000000001,TRUE
500,"Oscillatory",NA,NA,1,8,"Tail",-5.61365292553813e-17,-5.61365292553813e-17,0.0582,0.003310974478911,0.0500000000000001,TRUE
500,"Oscillatory",NA,NA,1.5,1,"Uniform",-7.53954689429551e-19,-1.13093203414433e-18,0,0,0.0500000000000001,TRUE
500,"Oscillatory",NA,NA,1.5,1,"Central",3.47782333417008e-17,5.21673500125512e-17,0.0472,0.00299907185642492,0.0500000000000001,TRUE
500,"Oscillatory",NA,NA,1.5,1,"Tail",-5.61365292553813e-17,-8.42047938830719e-17,0.0472,0.00299907185642492,0.0500000000000001,TRUE
500,"Oscillatory",NA,NA,1.5,2,"Uniform",-7.53954689429551e-19,-1.13093203414433e-18,0,0,0.0500000000000001,TRUE
500,"Oscillatory",NA,NA,1.5,2,"Central",3.47782333417008e-17,5.21673500125512e-17,0.053,0.00316831185333767,0.0500000000000001,TRUE
500,"Oscillatory",NA,NA,1.5,2,"Tail",-5.61365292553813e-17,-8.42047938830719e-17,0.054,0.00319637294444813,0.0500000000000001,TRUE
500,"Oscillatory",NA,NA,1.5,3,"Uniform",-7.53954689429551e-19,-1.13093203414433e-18,0,0,0.0500000000000001,TRUE
500,"Oscillatory",NA,NA,1.5,3,"Central",3.47782333417008e-17,5.21673500125512e-17,0.0522,0.00314563697841947,0.0500000000000001,TRUE
500,"Oscillatory",NA,NA,1.5,3,"Tail",-5.61365292553813e-17,-8.42047938830719e-17,0.0558,0.00324611644892786,0.0500000000000001,TRUE
500,"Oscillatory",NA,NA,1.5,5,"Uniform",-7.53954689429551e-19,-1.13093203414433e-18,0,0,0.0500000000000001,TRUE
500,"Oscillatory",NA,NA,1.5,5,"Central",3.47782333417008e-17,5.21673500125512e-17,0.05,0.00308220700148449,0.0500000000000001,TRUE
500,"Oscillatory",NA,NA,1.5,5,"Tail",-5.61365292553813e-17,-8.42047938830719e-17,0.0498,0.00307636018697421,0.0500000000000001,TRUE
500,"Oscillatory",NA,NA,1.5,8,"Uniform",-7.53954689429551e-19,-1.13093203414433e-18,0,0,0.0500000000000001,TRUE
500,"Oscillatory",NA,NA,1.5,8,"Central",3.47782333417008e-17,5.21673500125512e-17,0.0592,0.0033375248313683,0.0500000000000001,TRUE
500,"Oscillatory",NA,NA,1.5,8,"Tail",-5.61365292553813e-17,-8.42047938830719e-17,0.0592,0.0033375248313683,0.0500000000000001,TRUE
500,"Oscillatory",NA,NA,2,1,"Uniform",-7.53954689429551e-19,-1.5079093788591e-18,0,0,0.0500000000000001,TRUE
500,"Oscillatory",NA,NA,2,1,"Central",3.47782333417008e-17,6.95564666834016e-17,0.0546,0.00321306209090332,0.0500000000000001,TRUE
500,"Oscillatory",NA,NA,2,1,"Tail",-5.61365292553813e-17,-1.12273058510763e-16,0.0428,0.00286245209566903,0.0500000000000001,TRUE
500,"Oscillatory",NA,NA,2,2,"Uniform",-7.53954689429551e-19,-1.5079093788591e-18,0,0,0.0500000000000001,TRUE
500,"Oscillatory",NA,NA,2,2,"Central",3.47782333417008e-17,6.95564666834016e-17,0.049,0.00305283474822991,0.0500000000000001,TRUE
500,"Oscillatory",NA,NA,2,2,"Tail",-5.61365292553813e-17,-1.12273058510763e-16,0.058,0.00330563155841664,0.0500000000000001,TRUE
500,"Oscillatory",NA,NA,2,3,"Uniform",-7.53954689429551e-19,-1.5079093788591e-18,0,0,0.0500000000000001,TRUE
500,"Oscillatory",NA,NA,2,3,"Central",3.47782333417008e-17,6.95564666834016e-17,0.0498,0.00307636018697421,0.0500000000000001,TRUE
500,"Oscillatory",NA,NA,2,3,"Tail",-5.61365292553813e-17,-1.12273058510763e-16,0.0522,0.00314563697841947,0.0500000000000001,TRUE
500,"Oscillatory",NA,NA,2,5,"Uniform",-7.53954689429551e-19,-1.5079093788591e-18,0,0,0.0500000000000001,TRUE
500,"Oscillatory",NA,NA,2,5,"Central",3.47782333417008e-17,6.95564666834016e-17,0.0484,0.00303504332753257,0.0500000000000001,TRUE
500,"Oscillatory",NA,NA,2,5,"Tail",-5.61365292553813e-17,-1.12273058510763e-16,0.0442,0.00290676314824583,0.0500000000000001,TRUE
500,"Oscillatory",NA,NA,2,8,"Uniform",-7.53954689429551e-19,-1.5079093788591e-18,0,0,0.0500000000000001,TRUE
500,"Oscillatory",NA,NA,2,8,"Central",3.47782333417008e-17,6.95564666834016e-17,0.057,0.00327874976172321,0.0500000000000001,TRUE
500,"Oscillatory",NA,NA,2,8,"Tail",-5.61365292553813e-17,-1.12273058510763e-16,0.0544,0.0032075111847038,0.0500000000000001,TRUE
500,"Localized",0.25,0.05,0.5,1,"Uniform",-1.25316985885515e-05,-6.26584929427577e-06,0,0,0.0500000000044974,FALSE
500,"Localized",0.25,0.05,0.5,1,"Central",0.0125846610430436,0.00629233052152178,0.052,0.00313993630508646,0.0500045354484228,FALSE
500,"Localized",0.25,0.05,0.5,1,"Tail",-0.0205735451293947,-0.0102867725646973,0.047,0.00299302522541993,0.0500121215308438,FALSE
500,"Localized",0.25,0.05,0.5,2,"Uniform",-1.25316985885515e-05,-6.26584929427577e-06,0,0,0.0500000000044974,FALSE
500,"Localized",0.25,0.05,0.5,2,"Central",0.0125846610430436,0.00629233052152178,0.05,0.00308220700148449,0.0500045354484228,FALSE
500,"Localized",0.25,0.05,0.5,2,"Tail",-0.0205735451293947,-0.0102867725646973,0.0626,0.00342582077756557,0.0500121215308438,FALSE
500,"Localized",0.25,0.05,0.5,3,"Uniform",-1.25316985885515e-05,-6.26584929427577e-06,0,0,0.0500000000044974,FALSE
500,"Localized",0.25,0.05,0.5,3,"Central",0.0125846610430436,0.00629233052152178,0.046,0.00296256645495084,0.0500045354484228,FALSE
500,"Localized",0.25,0.05,0.5,3,"Tail",-0.0205735451293947,-0.0102867725646973,0.0546,0.00321306209090332,0.0500121215308438,FALSE
500,"Localized",0.25,0.05,0.5,5,"Uniform",-1.25316985885515e-05,-6.26584929427577e-06,0,0,0.0500000000044974,FALSE
500,"Localized",0.25,0.05,0.5,5,"Central",0.0125846610430436,0.00629233052152178,0.0552,0.0032296427046966,0.0500045354484228,FALSE
500,"Localized",0.25,0.05,0.5,5,"Tail",-0.0205735451293947,-0.0102867725646973,0.0482,0.00302908435009658,0.0500121215308438,FALSE
500,"Localized",0.25,0.05,0.5,8,"Uniform",-1.25316985885515e-05,-6.26584929427577e-06,0,0,0.0500000000044974,FALSE
500,"Localized",0.25,0.05,0.5,8,"Central",0.0125846610430436,0.00629233052152178,0.051,0.00311123769583746,0.0500045354484228,FALSE
500,"Localized",0.25,0.05,0.5,8,"Tail",-0.0205735451293947,-0.0102867725646973,0.0542,0.00320194815698193,0.0500121215308438,FALSE
500,"Localized",0.25,0.05,1,1,"Uniform",-1.25316985885515e-05,-1.25316985885515e-05,0,0,0.0500000000179894,FALSE
500,"Localized",0.25,0.05,1,1,"Central",0.0125846610430436,0.0125846610430436,0.0488,0.00304691844328003,0.0500181419447845,FALSE
500,"Localized",0.25,0.05,1,1,"Tail",-0.0205735451293947,-0.0205735451293947,0.0496,0.00307049963361014,0.0500484872024868,FALSE
500,"Localized",0.25,0.05,1,2,"Uniform",-1.25316985885515e-05,-1.25316985885515e-05,0,0,0.0500000000179894,FALSE
500,"Localized",0.25,0.05,1,2,"Central",0.0125846610430436,0.0125846610430436,0.0486,0.0030409879973456,0.0500181419447845,FALSE
500,"Localized",0.25,0.05,1,2,"Tail",-0.0205735451293947,-0.0205735451293947,0.0588,0.00332693733033852,0.0500484872024868,FALSE
500,"Localized",0.25,0.05,1,3,"Uniform",-1.25316985885515e-05,-1.25316985885515e-05,0,0,0.0500000000179894,FALSE
500,"Localized",0.25,0.05,1,3,"Central",0.0125846610430436,0.0125846610430436,0.0492,0.00305873699425106,0.0500181419447845,FALSE
500,"Localized",0.25,0.05,1,3,"Tail",-0.0205735451293947,-0.0205735451293947,0.057,0.00327874976172321,0.0500484872024868,FALSE
500,"Localized",0.25,0.05,1,5,"Uniform",-1.25316985885515e-05,-1.25316985885515e-05,0,0,0.0500000000179894,FALSE
500,"Localized",0.25,0.05,1,5,"Central",0.0125846610430436,0.0125846610430436,0.0508,0.00310545842026584,0.0500181419447845,FALSE
500,"Localized",0.25,0.05,1,5,"Tail",-0.0205735451293947,-0.0205735451293947,0.0502,0.00308804015517933,0.0500484872024868,FALSE
500,"Localized",0.25,0.05,1,8,"Uniform",-1.25316985885515e-05,-1.25316985885515e-05,0,0,0.0500000000179894,FALSE
500,"Localized",0.25,0.05,1,8,"Central",0.0125846610430436,0.0125846610430436,0.052,0.00313993630508646,0.0500181419447845,FALSE
500,"Localized",0.25,0.05,1,8,"Tail",-0.0205735451293947,-0.0205735451293947,0.0568,0.00327333957908433,0.0500484872024868,FALSE
500,"Localized",0.25,0.05,1.5,1,"Uniform",-1.25316985885515e-05,-1.87975478828273e-05,0,0,0.0500000000404762,FALSE
500,"Localized",0.25,0.05,1.5,1,"Central",0.0125846610430436,0.0188769915645653,0.046,0.00296256645495084,0.0500408199423036,FALSE
500,"Localized",0.25,0.05,1.5,1,"Tail",-0.0205735451293947,-0.030860317694092,0.0498,0.00307636018697421,0.0501091002510909,FALSE
500,"Localized",0.25,0.05,1.5,2,"Uniform",-1.25316985885515e-05,-1.87975478828273e-05,0,0,0.0500000000404762,FALSE
500,"Localized",0.25,0.05,1.5,2,"Central",0.0125846610430436,0.0188769915645653,0.049,0.00305283474822991,0.0500408199423036,FALSE
500,"Localized",0.25,0.05,1.5,2,"Tail",-0.0205735451293947,-0.030860317694092,0.062,0.00341045451516363,0.0501091002510909,FALSE
500,"Localized",0.25,0.05,1.5,3,"Uniform",-1.25316985885515e-05,-1.87975478828273e-05,0,0,0.0500000000404762,FALSE
500,"Localized",0.25,0.05,1.5,3,"Central",0.0125846610430436,0.0188769915645653,0.05,0.00308220700148449,0.0500408199423036,FALSE
500,"Localized",0.25,0.05,1.5,3,"Tail",-0.0205735451293947,-0.030860317694092,0.0638,0.00345628586780665,0.0501091002510909,FALSE
500,"Localized",0.25,0.05,1.5,5,"Uniform",-1.25316985885515e-05,-1.87975478828273e-05,0,0,0.0500000000404762,FALSE
500,"Localized",0.25,0.05,1.5,5,"Central",0.0125846610430436,0.0188769915645653,0.05,0.00308220700148449,0.0500408199423036,FALSE
500,"Localized",0.25,0.05,1.5,5,"Tail",-0.0205735451293947,-0.030860317694092,0.0484,0.00303504332753257,0.0501091002510909,FALSE
500,"Localized",0.25,0.05,1.5,8,"Uniform",-1.25316985885515e-05,-1.87975478828273e-05,0,0,0.0500000000404762,FALSE
500,"Localized",0.25,0.05,1.5,8,"Central",0.0125846610430436,0.0188769915645653,0.0596,0.00334806929438445,0.0500408199423036,FALSE
500,"Localized",0.25,0.05,1.5,8,"Tail",-0.0205735451293947,-0.030860317694092,0.0576,0.00329491244193226,0.0501091002510909,FALSE
500,"Localized",0.25,0.05,2,1,"Uniform",-1.25316985885515e-05,-2.50633971771031e-05,0,0,0.0500000000719575,FALSE
500,"Localized",0.25,0.05,2,1,"Central",0.0125846610430436,0.0251693220860871,0.0514,0.00312275647465504,0.0500725701961394,FALSE
500,"Localized",0.25,0.05,2,1,"Tail",-0.0205735451293947,-0.0411470902587893,0.056,0.00325158422926425,0.0501939660663426,FALSE
500,"Localized",0.25,0.05,2,2,"Uniform",-1.25316985885515e-05,-2.50633971771031e-05,0,0,0.0500000000719575,FALSE
500,"Localized",0.25,0.05,2,2,"Central",0.0125846610430436,0.0251693220860871,0.0484,0.00303504332753257,0.0500725701961394,FALSE
500,"Localized",0.25,0.05,2,2,"Tail",-0.0205735451293947,-0.0411470902587893,0.0604,0.00336903072114221,0.0501939660663426,FALSE
500,"Localized",0.25,0.05,2,3,"Uniform",-1.25316985885515e-05,-2.50633971771031e-05,0,0,0.0500000000719575,FALSE
500,"Localized",0.25,0.05,2,3,"Central",0.0125846610430436,0.0251693220860871,0.044,0.00290048271844533,0.0500725701961394,FALSE
500,"Localized",0.25,0.05,2,3,"Tail",-0.0205735451293947,-0.0411470902587893,0.0566,0.00326791799162709,0.0501939660663426,FALSE
500,"Localized",0.25,0.05,2,5,"Uniform",-1.25316985885515e-05,-2.50633971771031e-05,0,0,0.0500000000719575,FALSE
500,"Localized",0.25,0.05,2,5,"Central",0.0125846610430436,0.0251693220860871,0.0576,0.00329491244193226,0.0500725701961394,FALSE
500,"Localized",0.25,0.05,2,5,"Tail",-0.0205735451293947,-0.0411470902587893,0.0456,0.00295027591929975,0.0501939660663426,FALSE
500,"Localized",0.25,0.05,2,8,"Uniform",-1.25316985885515e-05,-2.50633971771031e-05,0,0,0.0500000000719575,FALSE
500,"Localized",0.25,0.05,2,8,"Central",0.0125846610430436,0.0251693220860871,0.057,0.00327874976172321,0.0500725701961394,FALSE
500,"Localized",0.25,0.05,2,8,"Tail",-0.0205735451293947,-0.0411470902587893,0.059,0.00333223648620562,0.0501939660663426,FALSE
500,"Localized",0.25,0.1,0.5,1,"Uniform",-2.27124269483238e-05,-1.13562134741619e-05,0,0,0.0500000000147728,FALSE
500,"Localized",0.25,0.1,0.5,1,"Central",0.0165851897439836,0.00829259487199178,0.0498,0.00307636018697421,0.0500078773286388,FALSE
500,"Localized",0.25,0.1,0.5,1,"Tail",-0.0271275085762083,-0.0135637542881041,0.051,0.00311123769583746,0.05002107470007,FALSE
500,"Localized",0.25,0.1,0.5,2,"Uniform",-2.27124269483238e-05,-1.13562134741619e-05,0,0,0.0500000000147728,FALSE
500,"Localized",0.25,0.1,0.5,2,"Central",0.0165851897439836,0.00829259487199178,0.0416,0.00282380735886852,0.0500078773286388,FALSE
500,"Localized",0.25,0.1,0.5,2,"Tail",-0.0271275085762083,-0.0135637542881041,0.0584,0.00331630637909105,0.05002107470007,FALSE
500,"Localized",0.25,0.1,0.5,3,"Uniform",-2.27124269483238e-05,-1.13562134741619e-05,0,0,0.0500000000147728,FALSE
500,"Localized",0.25,0.1,0.5,3,"Central",0.0165851897439836,0.00829259487199178,0.0492,0.00305873699425106,0.0500078773286388,FALSE
500,"Localized",0.25,0.1,0.5,3,"Tail",-0.0271275085762083,-0.0135637542881041,0.0552,0.0032296427046966,0.05002107470007,FALSE
500,"Localized",0.25,0.1,0.5,5,"Uniform",-2.27124269483238e-05,-1.13562134741619e-05,0,0,0.0500000000147728,FALSE
500,"Localized",0.25,0.1,0.5,5,"Central",0.0165851897439836,0.00829259487199178,0.0484,0.00303504332753257,0.0500078773286388,FALSE
500,"Localized",0.25,0.1,0.5,5,"Tail",-0.0271275085762083,-0.0135637542881041,0.0586,0.00332162731202644,0.05002107470007,FALSE
500,"Localized",0.25,0.1,0.5,8,"Uniform",-2.27124269483238e-05,-1.13562134741619e-05,0,0,0.0500000000147728,FALSE
500,"Localized",0.25,0.1,0.5,8,"Central",0.0165851897439836,0.00829259487199178,0.049,0.00305283474822991,0.0500078773286388,FALSE
500,"Localized",0.25,0.1,0.5,8,"Tail",-0.0271275085762083,-0.0135637542881041,0.0598,0.00335332551357604,0.05002107470007,FALSE
500,"Localized",0.25,0.1,1,1,"Uniform",-2.27124269483238e-05,-2.27124269483238e-05,0,0,0.0500000000590913,FALSE
500,"Localized",0.25,0.1,1,1,"Central",0.0165851897439836,0.0165851897439836,0.0568,0.00327333957908433,0.0500315097703187,FALSE
500,"Localized",0.25,0.1,1,1,"Tail",-0.0271275085762083,-0.0271275085762083,0.0508,0.00310545842026584,0.0500843020617354,FALSE
500,"Localized",0.25,0.1,1,2,"Uniform",-2.27124269483238e-05,-2.27124269483238e-05,0,0,0.0500000000590913,FALSE
500,"Localized",0.25,0.1,1,2,"Central",0.0165851897439836,0.0165851897439836,0.0508,0.00310545842026584,0.0500315097703187,FALSE
500,"Localized",0.25,0.1,1,2,"Tail",-0.0271275085762083,-0.0271275085762083,0.0566,0.00326791799162709,0.0500843020617354,FALSE
500,"Localized",0.25,0.1,1,3,"Uniform",-2.27124269483238e-05,-2.27124269483238e-05,0,0,0.0500000000590913,FALSE
500,"Localized",0.25,0.1,1,3,"Central",0.0165851897439836,0.0165851897439836,0.049,0.00305283474822991,0.0500315097703187,FALSE
500,"Localized",0.25,0.1,1,3,"Tail",-0.0271275085762083,-0.0271275085762083,0.0544,0.0032075111847038,0.0500843020617354,FALSE
500,"Localized",0.25,0.1,1,5,"Uniform",-2.27124269483238e-05,-2.27124269483238e-05,0,0,0.0500000000590913,FALSE
500,"Localized",0.25,0.1,1,5,"Central",0.0165851897439836,0.0165851897439836,0.05,0.00308220700148449,0.0500315097703187,FALSE
500,"Localized",0.25,0.1,1,5,"Tail",-0.0271275085762083,-0.0271275085762083,0.055,0.0032241277890307,0.0500843020617354,FALSE
500,"Localized",0.25,0.1,1,8,"Uniform",-2.27124269483238e-05,-2.27124269483238e-05,0,0,0.0500000000590913,FALSE
500,"Localized",0.25,0.1,1,8,"Central",0.0165851897439836,0.0165851897439836,0.0558,0.00324611644892786,0.0500315097703187,FALSE
500,"Localized",0.25,0.1,1,8,"Tail",-0.0271275085762083,-0.0271275085762083,0.0628,0.00343092290790685,0.0500843020617354,FALSE
500,"Localized",0.25,0.1,1.5,1,"Uniform",-2.27124269483238e-05,-3.40686404224857e-05,0,0,0.0500000001329553,FALSE
500,"Localized",0.25,0.1,1.5,1,"Central",0.0165851897439836,0.0248777846159753,0.046,0.00296256645495084,0.0500708986920069,FALSE
500,"Localized",0.25,0.1,1.5,1,"Tail",-0.0271275085762083,-0.0406912628643124,0.0568,0.00327333957908433,0.0501896918631887,FALSE
500,"Localized",0.25,0.1,1.5,2,"Uniform",-2.27124269483238e-05,-3.40686404224857e-05,0,0,0.0500000001329553,FALSE
500,"Localized",0.25,0.1,1.5,2,"Central",0.0165851897439836,0.0248777846159753,0.0526,0.00315699984162179,0.0500708986920069,FALSE
500,"Localized",0.25,0.1,1.5,2,"Tail",-0.0271275085762083,-0.0406912628643124,0.0628,0.00343092290790685,0.0501896918631887,FALSE
500,"Localized",0.25,0.1,1.5,3,"Uniform",-2.27124269483238e-05,-3.40686404224857e-05,0,0,0.0500000001329553,FALSE
500,"Localized",0.25,0.1,1.5,3,"Central",0.0165851897439836,0.0248777846159753,0.0476,0.00301112072159188,0.0500708986920069,FALSE
500,"Localized",0.25,0.1,1.5,3,"Tail",-0.0271275085762083,-0.0406912628643124,0.0572,0.00328414859590732,0.0501896918631887,FALSE
500,"Localized",0.25,0.1,1.5,5,"Uniform",-2.27124269483238e-05,-3.40686404224857e-05,0,0,0.0500000001329553,FALSE
500,"Localized",0.25,0.1,1.5,5,"Central",0.0165851897439836,0.0248777846159753,0.0548,0.00321860093829602,0.0500708986920069,FALSE
500,"Localized",0.25,0.1,1.5,5,"Tail",-0.0271275085762083,-0.0406912628643124,0.0506,0.00309966578843591,0.0501896918631887,FALSE
500,"Localized",0.25,0.1,1.5,8,"Uniform",-2.27124269483238e-05,-3.40686404224857e-05,0,0,0.0500000001329553,FALSE
500,"Localized",0.25,0.1,1.5,8,"Central",0.0165851897439836,0.0248777846159753,0.0594,0.00334280241713446,0.0500708986920069,FALSE
500,"Localized",0.25,0.1,1.5,8,"Tail",-0.0271275085762083,-0.0406912628643124,0.0576,0.00329491244193226,0.0501896918631887,FALSE
500,"Localized",0.25,0.1,2,1,"Uniform",-2.27124269483238e-05,-4.54248538966477e-05,0,0,0.050000000236365,FALSE
500,"Localized",0.25,0.1,2,1,"Central",0.0165851897439836,0.0331703794879671,0.05,0.00308220700148449,0.0501260463709084,FALSE
500,"Localized",0.25,0.1,2,1,"Tail",-0.0271275085762083,-0.0542550171524165,0.0538,0.00319078548323136,0.0503372603808433,FALSE
500,"Localized",0.25,0.1,2,2,"Uniform",-2.27124269483238e-05,-4.54248538966477e-05,0,0,0.050000000236365,FALSE
500,"Localized",0.25,0.1,2,2,"Central",0.0165851897439836,0.0331703794879671,0.0486,0.0030409879973456,0.0501260463709084,FALSE
500,"Localized",0.25,0.1,2,2,"Tail",-0.0271275085762083,-0.0542550171524165,0.0624,0.00342070869850094,0.0503372603808433,FALSE
500,"Localized",0.25,0.1,2,3,"Uniform",-2.27124269483238e-05,-4.54248538966477e-05,0,0,0.050000000236365,FALSE
500,"Localized",0.25,0.1,2,3,"Central",0.0165851897439836,0.0331703794879671,0.0436,0.00288787257336608,0.0501260463709084,FALSE
500,"Localized",0.25,0.1,2,3,"Tail",-0.0271275085762083,-0.0542550171524165,0.0598,0.00335332551357604,0.0503372603808433,FALSE
500,"Localized",0.25,0.1,2,5,"Uniform",-2.27124269483238e-05,-4.54248538966477e-05,0,0,0.050000000236365,FALSE
500,"Localized",0.25,0.1,2,5,"Central",0.0165851897439836,0.0331703794879671,0.0506,0.00309966578843591,0.0501260463709084,FALSE
500,"Localized",0.25,0.1,2,5,"Tail",-0.0271275085762083,-0.0542550171524165,0.0564,0.00326248494249399,0.0503372603808433,FALSE
500,"Localized",0.25,0.1,2,8,"Uniform",-2.27124269483238e-05,-4.54248538966477e-05,0,0,0.050000000236365,FALSE
500,"Localized",0.25,0.1,2,8,"Central",0.0165851897439836,0.0331703794879671,0.0554,0.00323514574633045,0.0501260463709084,FALSE
500,"Localized",0.25,0.1,2,8,"Tail",-0.0271275085762083,-0.0542550171524165,0.0544,0.0032075111847038,0.0503372603808433,FALSE
500,"Localized",0.25,0.2,0.5,1,"Uniform",-2.18959880655235e-05,-1.09479940327618e-05,0,0,0.0500000000137299,FALSE
500,"Localized",0.25,0.2,0.5,1,"Central",0.0282123738839925,0.0141061869419963,0.0498,0.00307636018697421,0.0500227940397899,FALSE
500,"Localized",0.25,0.2,0.5,1,"Tail",-0.0461080498894961,-0.023054024944748,0.0448,0.00292550713552369,0.0500608843498128,FALSE
500,"Localized",0.25,0.2,0.5,2,"Uniform",-2.18959880655235e-05,-1.09479940327618e-05,0,0,0.0500000000137299,FALSE
500,"Localized",0.25,0.2,0.5,2,"Central",0.0282123738839925,0.0141061869419963,0.0474,0.00300510365877785,0.0500227940397899,FALSE
500,"Localized",0.25,0.2,0.5,2,"Tail",-0.0461080498894961,-0.023054024944748,0.0542,0.00320194815698193,0.0500608843498128,FALSE
500,"Localized",0.25,0.2,0.5,3,"Uniform",-2.18959880655235e-05,-1.09479940327618e-05,0,0,0.0500000000137299,FALSE
500,"Localized",0.25,0.2,0.5,3,"Central",0.0282123738839925,0.0141061869419963,0.0446,0.00291927525252416,0.0500227940397899,FALSE
500,"Localized",0.25,0.2,0.5,3,"Tail",-0.0461080498894961,-0.023054024944748,0.059,0.00333223648620562,0.0500608843498128,FALSE
500,"Localized",0.25,0.2,0.5,5,"Uniform",-2.18959880655235e-05,-1.09479940327618e-05,0,0,0.0500000000137299,FALSE
500,"Localized",0.25,0.2,0.5,5,"Central",0.0282123738839925,0.0141061869419963,0.0422,0.00284320804725929,0.0500227940397899,FALSE
500,"Localized",0.25,0.2,0.5,5,"Tail",-0.0461080498894961,-0.023054024944748,0.047,0.00299302522541993,0.0500608843498128,FALSE
500,"Localized",0.25,0.2,0.5,8,"Uniform",-2.18959880655235e-05,-1.09479940327618e-05,0,0,0.0500000000137299,FALSE
500,"Localized",0.25,0.2,0.5,8,"Central",0.0282123738839925,0.0141061869419963,0.0544,0.0032075111847038,0.0500227940397899,FALSE
500,"Localized",0.25,0.2,0.5,8,"Tail",-0.0461080498894961,-0.023054024944748,0.0538,0.00319078548323136,0.0500608843498128,FALSE
500,"Localized",0.25,0.2,1,1,"Uniform",-2.18959880655235e-05,-2.18959880655235e-05,0,0,0.0500000000549194,FALSE
500,"Localized",0.25,0.2,1,1,"Central",0.0282123738839925,0.0282123738839925,0.049,0.00305283474822991,0.0500911799743755,FALSE
500,"Localized",0.25,0.2,1,1,"Tail",-0.0461080498894961,-0.0461080498894961,0.0536,0.00318518570887162,0.0502435646024483,FALSE
500,"Localized",0.25,0.2,1,2,"Uniform",-2.18959880655235e-05,-2.18959880655235e-05,0,0,0.0500000000549194,FALSE
500,"Localized",0.25,0.2,1,2,"Central",0.0282123738839925,0.0282123738839925,0.045,0.00293172304285381,0.0500911799743755,FALSE
500,"Localized",0.25,0.2,1,2,"Tail",-0.0461080498894961,-0.0461080498894961,0.0574,0.0032895361375124,0.0502435646024483,FALSE
500,"Localized",0.25,0.2,1,3,"Uniform",-2.18959880655235e-05,-2.18959880655235e-05,0,0,0.0500000000549194,FALSE
500,"Localized",0.25,0.2,1,3,"Central",0.0282123738839925,0.0282123738839925,0.0408,0.00279769047608916,0.0500911799743755,FALSE
500,"Localized",0.25,0.2,1,3,"Tail",-0.0461080498894961,-0.0461080498894961,0.0488,0.00304691844328003,0.0502435646024483,FALSE
500,"Localized",0.25,0.2,1,5,"Uniform",-2.18959880655235e-05,-2.18959880655235e-05,0,0,0.0500000000549194,FALSE
500,"Localized",0.25,0.2,1,5,"Central",0.0282123738839925,0.0282123738839925,0.0444,0.00291302729132427,0.0500911799743755,FALSE
500,"Localized",0.25,0.2,1,5,"Tail",-0.0461080498894961,-0.0461080498894961,0.0512,0.0031170036894428,0.0502435646024483,FALSE
500,"Localized",0.25,0.2,1,8,"Uniform",-2.18959880655235e-05,-2.18959880655235e-05,0,0,0.0500000000549194,FALSE
500,"Localized",0.25,0.2,1,8,"Central",0.0282123738839925,0.0282123738839925,0.0492,0.00305873699425106,0.0500911799743755,FALSE
500,"Localized",0.25,0.2,1,8,"Tail",-0.0461080498894961,-0.0461080498894961,0.0588,0.00332693733033852,0.0502435646024483,FALSE
500,"Localized",0.25,0.2,1.5,1,"Uniform",-2.18959880655235e-05,-3.28439820982853e-05,0,0,0.0500000001235685,FALSE
500,"Localized",0.25,0.2,1.5,1,"Central",0.0282123738839925,0.0423185608259888,0.0416,0.00282380735886852,0.0502051692415944,FALSE
500,"Localized",0.25,0.2,1.5,1,"Tail",-0.0461080498894961,-0.0691620748342441,0.0536,0.00318518570887162,0.0505481222187061,FALSE
500,"Localized",0.25,0.2,1.5,2,"Uniform",-2.18959880655235e-05,-3.28439820982853e-05,0,0,0.0500000001235685,FALSE
500,"Localized",0.25,0.2,1.5,2,"Central",0.0282123738839925,0.0423185608259888,0.0434,0.00288154264240528,0.0502051692415944,FALSE
500,"Localized",0.25,0.2,1.5,2,"Tail",-0.0461080498894961,-0.0691620748342441,0.056,0.00325158422926425,0.0505481222187061,FALSE
500,"Localized",0.25,0.2,1.5,3,"Uniform",-2.18959880655235e-05,-3.28439820982853e-05,0,0,0.0500000001235685,FALSE
500,"Localized",0.25,0.2,1.5,3,"Central",0.0282123738839925,0.0423185608259888,0.0456,0.00295027591929975,0.0502051692415944,FALSE
500,"Localized",0.25,0.2,1.5,3,"Tail",-0.0461080498894961,-0.0691620748342441,0.0552,0.0032296427046966,0.0505481222187061,FALSE
500,"Localized",0.25,0.2,1.5,5,"Uniform",-2.18959880655235e-05,-3.28439820982853e-05,0,0,0.0500000001235685,FALSE
500,"Localized",0.25,0.2,1.5,5,"Central",0.0282123738839925,0.0423185608259888,0.0456,0.00295027591929975,0.0502051692415944,FALSE
500,"Localized",0.25,0.2,1.5,5,"Tail",-0.0461080498894961,-0.0691620748342441,0.0548,0.00321860093829602,0.0505481222187061,FALSE
500,"Localized",0.25,0.2,1.5,8,"Uniform",-2.18959880655235e-05,-3.28439820982853e-05,0,0,0.0500000001235685,FALSE
500,"Localized",0.25,0.2,1.5,8,"Central",0.0282123738839925,0.0423185608259888,0.0502,0.00308804015517933,0.0502051692415944,FALSE
500,"Localized",0.25,0.2,1.5,8,"Tail",-0.0461080498894961,-0.0691620748342441,0.063,0.00343601513384327,0.0505481222187061,FALSE
500,"Localized",0.25,0.2,2,1,"Uniform",-2.18959880655235e-05,-4.3791976131047e-05,0,0,0.0500000002196773,FALSE
500,"Localized",0.25,0.2,2,1,"Central",0.0282123738839925,0.0564247477679851,0.0508,0.00310545842026584,0.050364780878478,FALSE
500,"Localized",0.25,0.2,2,1,"Tail",-0.0461080498894961,-0.0922160997789921,0.0574,0.0032895361375124,0.0509746924710218,FALSE
500,"Localized",0.25,0.2,2,2,"Uniform",-2.18959880655235e-05,-4.3791976131047e-05,0,0,0.0500000002196773,FALSE
500,"Localized",0.25,0.2,2,2,"Central",0.0282123738839925,0.0564247477679851,0.0456,0.00295027591929975,0.050364780878478,FALSE
500,"Localized",0.25,0.2,2,2,"Tail",-0.0461080498894961,-0.0922160997789921,0.065,0.00348640215695206,0.0509746924710218,FALSE
500,"Localized",0.25,0.2,2,3,"Uniform",-2.18959880655235e-05,-4.3791976131047e-05,0,0,0.0500000002196773,FALSE
500,"Localized",0.25,0.2,2,3,"Central",0.0282123738839925,0.0564247477679851,0.039,0.00273784586856163,0.050364780878478,FALSE
500,"Localized",0.25,0.2,2,3,"Tail",-0.0461080498894961,-0.0922160997789921,0.0612,0.00338982477423244,0.0509746924710218,FALSE
500,"Localized",0.25,0.2,2,5,"Uniform",-2.18959880655235e-05,-4.3791976131047e-05,0,0,0.0500000002196773,FALSE
500,"Localized",0.25,0.2,2,5,"Central",0.0282123738839925,0.0564247477679851,0.0506,0.00309966578843591,0.050364780878478,FALSE
500,"Localized",0.25,0.2,2,5,"Tail",-0.0461080498894961,-0.0922160997789921,0.0554,0.00323514574633045,0.0509746924710218,FALSE
500,"Localized",0.25,0.2,2,8,"Uniform",-2.18959880655235e-05,-4.3791976131047e-05,0,0,0.0500000002196773,FALSE
500,"Localized",0.25,0.2,2,8,"Central",0.0282123738839925,0.0564247477679851,0.0484,0.00303504332753257,0.050364780878478,FALSE
500,"Localized",0.25,0.2,2,8,"Tail",-0.0461080498894961,-0.0922160997789921,0.0576,0.00329491244193226,0.0509746924710218,FALSE
500,"Localized",0.5,0.05,0.5,1,"Uniform",-1.25318872553162e-05,-6.26594362765812e-06,0,0,0.0500000000044975,FALSE
500,"Localized",0.5,0.05,0.5,1,"Central",0.0554867578687897,0.0277433789343948,0.0462,0.00296868859936505,0.0500881735067002,FALSE
500,"Localized",0.5,0.05,0.5,1,"Tail",-0.0906148658209355,-0.0453074329104678,0.053,0.00316831185333767,0.0502351783558853,FALSE
500,"Localized",0.5,0.05,0.5,2,"Uniform",-1.25318872553162e-05,-6.26594362765812e-06,0,0,0.0500000000044975,FALSE
500,"Localized",0.5,0.05,0.5,2,"Central",0.0554867578687897,0.0277433789343948,0.0486,0.0030409879973456,0.0500881735067002,FALSE
500,"Localized",0.5,0.05,0.5,2,"Tail",-0.0906148658209355,-0.0453074329104678,0.0628,0.00343092290790685,0.0502351783558853,FALSE
500,"Localized",0.5,0.05,0.5,3,"Uniform",-1.25318872553162e-05,-6.26594362765812e-06,0,0,0.0500000000044975,FALSE
500,"Localized",0.5,0.05,0.5,3,"Central",0.0554867578687897,0.0277433789343948,0.047,0.00299302522541993,0.0500881735067002,FALSE
500,"Localized",0.5,0.05,0.5,3,"Tail",-0.0906148658209355,-0.0453074329104678,0.0558,0.00324611644892786,0.0502351783558853,FALSE
500,"Localized",0.5,0.05,0.5,5,"Uniform",-1.25318872553162e-05,-6.26594362765812e-06,0,0,0.0500000000044975,FALSE
500,"Localized",0.5,0.05,0.5,5,"Central",0.0554867578687897,0.0277433789343948,0.052,0.00313993630508646,0.0500881735067002,FALSE
500,"Localized",0.5,0.05,0.5,5,"Tail",-0.0906148658209355,-0.0453074329104678,0.0462,0.00296868859936505,0.0502351783558853,FALSE
500,"Localized",0.5,0.05,0.5,8,"Uniform",-1.25318872553162e-05,-6.26594362765812e-06,0,0,0.0500000000044975,FALSE
500,"Localized",0.5,0.05,0.5,8,"Central",0.0554867578687897,0.0277433789343948,0.0516,0.00312849612433834,0.0500881735067002,FALSE
500,"Localized",0.5,0.05,0.5,8,"Tail",-0.0906148658209355,-0.0453074329104678,0.058,0.00330563155841664,0.0502351783558853,FALSE
500,"Localized",0.5,0.05,1,1,"Uniform",-1.25318872553162e-05,-1.25318872553162e-05,0,0,0.0500000000179899,FALSE
500,"Localized",0.5,0.05,1,1,"Central",0.0554867578687897,0.0554867578687897,0.0414,0.00281730509529941,0.0503527510554154,FALSE
500,"Localized",0.5,0.05,1,1,"Tail",-0.0906148658209355,-0.0906148658209355,0.0558,0.00324611644892786,0.0509411181638095,FALSE
500,"Localized",0.5,0.05,1,2,"Uniform",-1.25318872553162e-05,-1.25318872553162e-05,0,0,0.0500000000179899,FALSE
500,"Localized",0.5,0.05,1,2,"Central",0.0554867578687897,0.0554867578687897,0.0442,0.00290676314824583,0.0503527510554154,FALSE
500,"Localized",0.5,0.05,1,2,"Tail",-0.0906148658209355,-0.0906148658209355,0.0548,0.00321860093829602,0.0509411181638095,FALSE
500,"Localized",0.5,0.05,1,3,"Uniform",-1.25318872553162e-05,-1.25318872553162e-05,0,0,0.0500000000179899,FALSE
500,"Localized",0.5,0.05,1,3,"Central",0.0554867578687897,0.0554867578687897,0.0474,0.00300510365877785,0.0503527510554154,FALSE
500,"Localized",0.5,0.05,1,3,"Tail",-0.0906148658209355,-0.0906148658209355,0.0532,0.00317394895989208,0.0509411181638095,FALSE
500,"Localized",0.5,0.05,1,5,"Uniform",-1.25318872553162e-05,-1.25318872553162e-05,0,0,0.0500000000179899,FALSE
500,"Localized",0.5,0.05,1,5,"Central",0.0554867578687897,0.0554867578687897,0.0406,0.00279111590586991,0.0503527510554154,FALSE
500,"Localized",0.5,0.05,1,5,"Tail",-0.0906148658209355,-0.0906148658209355,0.0514,0.00312275647465504,0.0509411181638095,FALSE
500,"Localized",0.5,0.05,1,8,"Uniform",-1.25318872553162e-05,-1.25318872553162e-05,0,0,0.0500000000179899,FALSE
500,"Localized",0.5,0.05,1,8,"Central",0.0554867578687897,0.0554867578687897,0.0492,0.00305873699425106,0.0503527510554154,FALSE
500,"Localized",0.5,0.05,1,8,"Tail",-0.0906148658209355,-0.0906148658209355,0.0622,0.00341558662604244,0.0509411181638095,FALSE
500,"Localized",0.5,0.05,1.5,1,"Uniform",-1.25318872553162e-05,-1.87978308829744e-05,0,0,0.0500000000404774,FALSE
500,"Localized",0.5,0.05,1.5,1,"Central",0.0554867578687897,0.0832301368031845,0.0374,0.00268332778467335,0.0507939032802147,FALSE
500,"Localized",0.5,0.05,1.5,1,"Tail",-0.0906148658209355,-0.135922298731403,0.0532,0.00317394895989208,0.0521190250888612,FALSE
500,"Localized",0.5,0.05,1.5,2,"Uniform",-1.25318872553162e-05,-1.87978308829744e-05,0,0,0.0500000000404774,FALSE
500,"Localized",0.5,0.05,1.5,2,"Central",0.0554867578687897,0.0832301368031845,0.0392,0.0027445713690848,0.0507939032802147,FALSE
500,"Localized",0.5,0.05,1.5,2,"Tail",-0.0906148658209355,-0.135922298731403,0.0596,0.00334806929438445,0.0521190250888612,FALSE
500,"Localized",0.5,0.05,1.5,3,"Uniform",-1.25318872553162e-05,-1.87978308829744e-05,0,0,0.0500000000404774,FALSE
500,"Localized",0.5,0.05,1.5,3,"Central",0.0554867578687897,0.0832301368031845,0.037,0.00266949433413896,0.0507939032802147,FALSE
500,"Localized",0.5,0.05,1.5,3,"Tail",-0.0906148658209355,-0.135922298731403,0.0618,0.00340531232047811,0.0521190250888612,FALSE
500,"Localized",0.5,0.05,1.5,5,"Uniform",-1.25318872553162e-05,-1.87978308829744e-05,0,0,0.0500000000404774,FALSE
500,"Localized",0.5,0.05,1.5,5,"Central",0.0554867578687897,0.0832301368031845,0.0412,0.00281078494374792,0.0507939032802147,FALSE
500,"Localized",0.5,0.05,1.5,5,"Tail",-0.0906148658209355,-0.135922298731403,0.05,0.00308220700148449,0.0521190250888612,FALSE
500,"Localized",0.5,0.05,1.5,8,"Uniform",-1.25318872553162e-05,-1.87978308829744e-05,0,0,0.0500000000404774,FALSE
500,"Localized",0.5,0.05,1.5,8,"Central",0.0554867578687897,0.0832301368031845,0.042,0.00283675871374356,0.0507939032802147,FALSE
500,"Localized",0.5,0.05,1.5,8,"Tail",-0.0906148658209355,-0.135922298731403,0.0642,0.00346636293541227,0.0521190250888612,FALSE
500,"Localized",0.5,0.05,2,1,"Uniform",-1.25318872553162e-05,-2.50637745106325e-05,0,0,0.0500000000719597,FALSE
500,"Localized",0.5,0.05,2,1,"Central",0.0554867578687897,0.110973515737579,0.037,0.00266949433413896,0.0514119130671076,FALSE
500,"Localized",0.5,0.05,2,1,"Tail",-0.0906148658209355,-0.181229731641871,0.0594,0.00334280241713446,0.0537708801454311,FALSE
500,"Localized",0.5,0.05,2,2,"Uniform",-1.25318872553162e-05,-2.50637745106325e-05,0,0,0.0500000000719597,FALSE
500,"Localized",0.5,0.05,2,2,"Central",0.0554867578687897,0.110973515737579,0.0428,0.00286245209566903,0.0514119130671076,FALSE
500,"Localized",0.5,0.05,2,2,"Tail",-0.0906148658209355,-0.181229731641871,0.0664,0.00352110891623647,0.0537708801454311,FALSE
500,"Localized",0.5,0.05,2,3,"Uniform",-1.25318872553162e-05,-2.50637745106325e-05,0,0,0.0500000000719597,FALSE
500,"Localized",0.5,0.05,2,3,"Central",0.0554867578687897,0.110973515737579,0.0368,0.00266254614983478,0.0514119130671076,FALSE
500,"Localized",0.5,0.05,2,3,"Tail",-0.0906148658209355,-0.181229731641871,0.0638,0.00345628586780665,0.0537708801454311,FALSE
500,"Localized",0.5,0.05,2,5,"Uniform",-1.25318872553162e-05,-2.50637745106325e-05,0,0,0.0500000000719597,FALSE
500,"Localized",0.5,0.05,2,5,"Central",0.0554867578687897,0.110973515737579,0.0412,0.00281078494374792,0.0514119130671076,FALSE
500,"Localized",0.5,0.05,2,5,"Tail",-0.0906148658209355,-0.181229731641871,0.0564,0.00326248494249399,0.0537708801454311,FALSE
500,"Localized",0.5,0.05,2,8,"Uniform",-1.25318872553162e-05,-2.50637745106325e-05,0,0,0.0500000000719597,FALSE
500,"Localized",0.5,0.05,2,8,"Central",0.0554867578687897,0.110973515737579,0.0448,0.00292550713552369,0.0514119130671076,FALSE
500,"Localized",0.5,0.05,2,8,"Tail",-0.0906148658209355,-0.181229731641871,0.06,0.00335857112474933,0.0537708801454311,FALSE
500,"Localized",0.5,0.1,0.5,1,"Uniform",-2.50633896819888e-05,-1.25316948409944e-05,0,0,0.0500000000179894,FALSE
500,"Localized",0.5,0.1,0.5,1,"Central",0.100677150567392,0.0503385752836961,0.0458,0.00295642892693195,0.0502903186303343,FALSE
500,"Localized",0.5,0.1,0.5,1,"Tail",-0.164420039324534,-0.0822100196622668,0.054,0.00319637294444813,0.0507745523403663,FALSE
500,"Localized",0.5,0.1,0.5,2,"Uniform",-2.50633896819888e-05,-1.25316948409944e-05,0,0,0.0500000000179894,FALSE
500,"Localized",0.5,0.1,0.5,2,"Central",0.100677150567392,0.0503385752836961,0.0474,0.00300510365877785,0.0502903186303343,FALSE
500,"Localized",0.5,0.1,0.5,2,"Tail",-0.164420039324534,-0.0822100196622668,0.0622,0.00341558662604244,0.0507745523403663,FALSE
500,"Localized",0.5,0.1,0.5,3,"Uniform",-2.50633896819888e-05,-1.25316948409944e-05,0,0,0.0500000000179894,FALSE
500,"Localized",0.5,0.1,0.5,3,"Central",0.100677150567392,0.0503385752836961,0.0382,0.0027107474983849,0.0502903186303343,FALSE
500,"Localized",0.5,0.1,0.5,3,"Tail",-0.164420039324534,-0.0822100196622668,0.0608,0.00337944847571316,0.0507745523403663,FALSE
500,"Localized",0.5,0.1,0.5,5,"Uniform",-2.50633896819888e-05,-1.25316948409944e-05,0,0,0.0500000000179894,FALSE
500,"Localized",0.5,0.1,0.5,5,"Central",0.100677150567392,0.0503385752836961,0.045,0.00293172304285381,0.0502903186303343,FALSE
500,"Localized",0.5,0.1,0.5,5,"Tail",-0.164420039324534,-0.0822100196622668,0.0522,0.00314563697841947,0.0507745523403663,FALSE
500,"Localized",0.5,0.1,0.5,8,"Uniform",-2.50633896819888e-05,-1.25316948409944e-05,0,0,0.0500000000179894,FALSE
500,"Localized",0.5,0.1,0.5,8,"Central",0.100677150567392,0.0503385752836961,0.0512,0.0031170036894428,0.0502903186303343,FALSE
500,"Localized",0.5,0.1,0.5,8,"Tail",-0.164420039324534,-0.0822100196622668,0.059,0.00333223648620562,0.0507745523403663,FALSE
500,"Localized",0.5,0.1,1,1,"Uniform",-2.50633896819888e-05,-2.50633896819888e-05,0,0,0.0500000000719576,FALSE
500,"Localized",0.5,0.1,1,1,"Central",0.100677150567392,0.100677150567392,0.041,0.00280424677944007,0.0511618907517446,FALSE
500,"Localized",0.5,0.1,1,1,"Tail",-0.164420039324534,-0.164420039324534,0.0546,0.00321306209090332,0.053102561257984,FALSE
500,"Localized",0.5,0.1,1,2,"Uniform",-2.50633896819888e-05,-2.50633896819888e-05,0,0,0.0500000000719576,FALSE
500,"Localized",0.5,0.1,1,2,"Central",0.100677150567392,0.100677150567392,0.0384,0.00271755183943195,0.0511618907517446,FALSE
500,"Localized",0.5,0.1,1,2,"Tail",-0.164420039324534,-0.164420039324534,0.0588,0.00332693733033852,0.053102561257984,FALSE
500,"Localized",0.5,0.1,1,3,"Uniform",-2.50633896819888e-05,-2.50633896819888e-05,0,0,0.0500000000719576,FALSE
500,"Localized",0.5,0.1,1,3,"Central",0.100677150567392,0.100677150567392,0.0328,0.00251889499582654,0.0511618907517446,FALSE
500,"Localized",0.5,0.1,1,3,"Tail",-0.164420039324534,-0.164420039324534,0.0604,0.00336903072114221,0.053102561257984,FALSE
500,"Localized",0.5,0.1,1,5,"Uniform",-2.50633896819888e-05,-2.50633896819888e-05,0,0,0.0500000000719576,FALSE
500,"Localized",0.5,0.1,1,5,"Central",0.100677150567392,0.100677150567392,0.0406,0.00279111590586991,0.0511618907517446,FALSE
500,"Localized",0.5,0.1,1,5,"Tail",-0.164420039324534,-0.164420039324534,0.054,0.00319637294444813,0.053102561257984,FALSE
500,"Localized",0.5,0.1,1,8,"Uniform",-2.50633896819888e-05,-2.50633896819888e-05,0,0,0.0500000000719576,FALSE
500,"Localized",0.5,0.1,1,8,"Central",0.100677150567392,0.100677150567392,0.0414,0.00281730509529941,0.0511618907517446,FALSE
500,"Localized",0.5,0.1,1,8,"Tail",-0.164420039324534,-0.164420039324534,0.0602,0.00336380617753164,0.053102561257984,FALSE
500,"Localized",0.5,0.1,1.5,1,"Uniform",-2.50633896819888e-05,-3.75950845229833e-05,0,0,0.0500000001619043,FALSE
500,"Localized",0.5,0.1,1.5,1,"Central",0.100677150567392,0.151015725851088,0.03,0.00241246761636296,0.0526165489722555,FALSE
500,"Localized",0.5,0.1,1.5,1,"Tail",-0.164420039324534,-0.2466300589868,0.0624,0.00342070869850094,0.0569967789714435,FALSE
500,"Localized",0.5,0.1,1.5,2,"Uniform",-2.50633896819888e-05,-3.75950845229833e-05,0,0,0.0500000001619043,FALSE
500,"Localized",0.5,0.1,1.5,2,"Central",0.100677150567392,0.151015725851088,0.0328,0.00251889499582654,0.0526165489722555,FALSE
500,"Localized",0.5,0.1,1.5,2,"Tail",-0.164420039324534,-0.2466300589868,0.0726,0.00366958417262774,0.0569967789714435,FALSE
500,"Localized",0.5,0.1,1.5,3,"Uniform",-2.50633896819888e-05,-3.75950845229833e-05,0,0,0.0500000001619043,FALSE
500,"Localized",0.5,0.1,1.5,3,"Central",0.100677150567392,0.151015725851088,0.0318,0.00248148181536758,0.0526165489722555,FALSE
500,"Localized",0.5,0.1,1.5,3,"Tail",-0.164420039324534,-0.2466300589868,0.0682,0.00356507391227728,0.0569967789714435,FALSE
500,"Localized",0.5,0.1,1.5,5,"Uniform",-2.50633896819888e-05,-3.75950845229833e-05,0,0,0.0500000001619043,FALSE
500,"Localized",0.5,0.1,1.5,5,"Central",0.100677150567392,0.151015725851088,0.0358,0.00262748396760094,0.0526165489722555,FALSE
500,"Localized",0.5,0.1,1.5,5,"Tail",-0.164420039324534,-0.2466300589868,0.0528,0.00316266216975509,0.0569967789714435,FALSE
500,"Localized",0.5,0.1,1.5,8,"Uniform",-2.50633896819888e-05,-3.75950845229833e-05,0,0,0.0500000001619043,FALSE
500,"Localized",0.5,0.1,1.5,8,"Central",0.100677150567392,0.151015725851088,0.0432,0.00287519599331941,0.0526165489722555,FALSE
500,"Localized",0.5,0.1,1.5,8,"Tail",-0.164420039324534,-0.2466300589868,0.0692,0.00358918820905229,0.0569967789714435,FALSE
500,"Localized",0.5,0.1,2,1,"Uniform",-2.50633896819888e-05,-5.01267793639777e-05,0,0,0.0500000002878298,FALSE
500,"Localized",0.5,0.1,2,1,"Central",0.100677150567392,0.201354301134784,0.031,0.00245108139399735,0.0546572942405795,FALSE
500,"Localized",0.5,0.1,2,1,"Tail",-0.164420039324534,-0.328840078649067,0.0736,0.00369277781622453,0.0624774583226576,FALSE
500,"Localized",0.5,0.1,2,2,"Uniform",-2.50633896819888e-05,-5.01267793639777e-05,0,0,0.0500000002878298,FALSE
500,"Localized",0.5,0.1,2,2,"Central",0.100677150567392,0.201354301134784,0.0296,0.00239682456596222,0.0546572942405795,FALSE
500,"Localized",0.5,0.1,2,2,"Tail",-0.164420039324534,-0.328840078649067,0.0742,0.00370659844061911,0.0624774583226576,FALSE
500,"Localized",0.5,0.1,2,3,"Uniform",-2.50633896819888e-05,-5.01267793639777e-05,0,0,0.0500000002878298,FALSE
500,"Localized",0.5,0.1,2,3,"Central",0.100677150567392,0.201354301134784,0.0314,0.00246633493264804,0.0546572942405795,FALSE
500,"Localized",0.5,0.1,2,3,"Tail",-0.164420039324534,-0.328840078649067,0.07,0.00360832371053374,0.0624774583226576,FALSE
500,"Localized",0.5,0.1,2,5,"Uniform",-2.50633896819888e-05,-5.01267793639777e-05,0,0,0.0500000002878298,FALSE
500,"Localized",0.5,0.1,2,5,"Central",0.100677150567392,0.201354301134784,0.0302,0.00242024626846112,0.0546572942405795,FALSE
500,"Localized",0.5,0.1,2,5,"Tail",-0.164420039324534,-0.328840078649067,0.0576,0.00329491244193226,0.0624774583226576,FALSE
500,"Localized",0.5,0.1,2,8,"Uniform",-2.50633896819888e-05,-5.01267793639777e-05,0,0,0.0500000002878298,FALSE
500,"Localized",0.5,0.1,2,8,"Central",0.100677150567392,0.201354301134784,0.0414,0.00281730509529941,0.0546572942405795,FALSE
500,"Localized",0.5,0.1,2,8,"Tail",-0.164420039324534,-0.328840078649067,0.0564,0.00326248494249399,0.0624774583226576,FALSE
500,"Localized",0.5,0.2,0.5,1,"Uniform",-4.51126633094548e-05,-2.25563316547274e-05,0,0,0.0500000000582819,FALSE
500,"Localized",0.5,0.2,0.5,1,"Central",0.127129858337826,0.0635649291689132,0.0428,0.00286245209566903,0.050462971190307,FALSE
500,"Localized",0.5,0.2,0.5,1,"Tail",-0.207651156137219,-0.103825578068609,0.0536,0.00318518570887162,0.0512357528846404,FALSE
500,"Localized",0.5,0.2,0.5,2,"Uniform",-4.51126633094548e-05,-2.25563316547274e-05,0,0,0.0500000000582819,FALSE
500,"Localized",0.5,0.2,0.5,2,"Central",0.127129858337826,0.0635649291689132,0.0396,0.00275796446677618,0.050462971190307,FALSE
500,"Localized",0.5,0.2,0.5,2,"Tail",-0.207651156137219,-0.103825578068609,0.0638,0.00345628586780665,0.0512357528846404,FALSE
500,"Localized",0.5,0.2,0.5,3,"Uniform",-4.51126633094548e-05,-2.25563316547274e-05,0,0,0.0500000000582819,FALSE
500,"Localized",0.5,0.2,0.5,3,"Central",0.127129858337826,0.0635649291689132,0.0402,0.00277791144567281,0.050462971190307,FALSE
500,"Localized",0.5,0.2,0.5,3,"Tail",-0.207651156137219,-0.103825578068609,0.0546,0.00321306209090332,0.0512357528846404,FALSE
500,"Localized",0.5,0.2,0.5,5,"Uniform",-4.51126633094548e-05,-2.25563316547274e-05,0,0,0.0500000000582819,FALSE
500,"Localized",0.5,0.2,0.5,5,"Central",0.127129858337826,0.0635649291689132,0.045,0.00293172304285381,0.050462971190307,FALSE
500,"Localized",0.5,0.2,0.5,5,"Tail",-0.207651156137219,-0.103825578068609,0.0538,0.00319078548323136,0.0512357528846404,FALSE
500,"Localized",0.5,0.2,0.5,8,"Uniform",-4.51126633094548e-05,-2.25563316547274e-05,0,0,0.0500000000582819,FALSE
500,"Localized",0.5,0.2,0.5,8,"Central",0.127129858337826,0.0635649291689132,0.0506,0.00309966578843591,0.050462971190307,FALSE
500,"Localized",0.5,0.2,0.5,8,"Tail",-0.207651156137219,-0.103825578068609,0.057,0.00327874976172321,0.0512357528846404,FALSE
500,"Localized",0.5,0.2,1,1,"Uniform",-4.51126633094548e-05,-4.51126633094548e-05,0,0,0.0500000002331273,FALSE
500,"Localized",0.5,0.2,1,1,"Central",0.127129858337826,0.127129858337826,0.0366,0.00265557677350891,0.0518534474924345,FALSE
500,"Localized",0.5,0.2,1,1,"Tail",-0.207651156137219,-0.207651156137219,0.0654,0.00349636496950762,0.0549540060876024,FALSE
500,"Localized",0.5,0.2,1,2,"Uniform",-4.51126633094548e-05,-4.51126633094548e-05,0,0,0.0500000002331273,FALSE
500,"Localized",0.5,0.2,1,2,"Central",0.127129858337826,0.127129858337826,0.037,0.00266949433413896,0.0518534474924345,FALSE
500,"Localized",0.5,0.2,1,2,"Tail",-0.207651156137219,-0.207651156137219,0.0738,0.00369739259478893,0.0549540060876024,FALSE
500,"Localized",0.5,0.2,1,3,"Uniform",-4.51126633094548e-05,-4.51126633094548e-05,0,0,0.0500000002331273,FALSE
500,"Localized",0.5,0.2,1,3,"Central",0.127129858337826,0.127129858337826,0.0354,0.00261330595223751,0.0518534474924345,FALSE
500,"Localized",0.5,0.2,1,3,"Tail",-0.207651156137219,-0.207651156137219,0.068,0.00356022471200906,0.0549540060876024,FALSE
500,"Localized",0.5,0.2,1,5,"Uniform",-4.51126633094548e-05,-4.51126633094548e-05,0,0,0.0500000002331273,FALSE
500,"Localized",0.5,0.2,1,5,"Central",0.127129858337826,0.127129858337826,0.0366,0.00265557677350891,0.0518534474924345,FALSE
500,"Localized",0.5,0.2,1,5,"Tail",-0.207651156137219,-0.207651156137219,0.063,0.00343601513384327,0.0549540060876024,FALSE
500,"Localized",0.5,0.2,1,8,"Uniform",-4.51126633094548e-05,-4.51126633094548e-05,0,0,0.0500000002331273,FALSE
500,"Localized",0.5,0.2,1,8,"Central",0.127129858337826,0.127129858337826,0.0438,0.00289418589589542,0.0518534474924345,FALSE
500,"Localized",0.5,0.2,1,8,"Tail",-0.207651156137219,-0.207651156137219,0.0612,0.00338982477423244,0.0549540060876024,FALSE
500,"Localized",0.5,0.2,1.5,1,"Uniform",-4.51126633094548e-05,-6.76689949641822e-05,0,0,0.0500000005245362,FALSE
500,"Localized",0.5,0.2,1.5,1,"Central",0.127129858337826,0.19069478750674,0.0296,0.00239682456596222,0.0541760520244724,FALSE
500,"Localized",0.5,0.2,1.5,1,"Tail",-0.207651156137219,-0.311476734205828,0.0694,0.00359398497492686,0.0611865183394184,FALSE
500,"Localized",0.5,0.2,1.5,2,"Uniform",-4.51126633094548e-05,-6.76689949641822e-05,0,0,0.0500000005245362,FALSE
500,"Localized",0.5,0.2,1.5,2,"Central",0.127129858337826,0.19069478750674,0.0302,0.00242024626846112,0.0541760520244724,FALSE
500,"Localized",0.5,0.2,1.5,2,"Tail",-0.207651156137219,-0.311476734205828,0.0776,0.00378360251612137,0.0611865183394184,FALSE
500,"Localized",0.5,0.2,1.5,3,"Uniform",-4.51126633094548e-05,-6.76689949641822e-05,0,0,0.0500000005245362,FALSE
500,"Localized",0.5,0.2,1.5,3,"Central",0.127129858337826,0.19069478750674,0.0308,0.00244341400503476,0.0541760520244724,FALSE
500,"Localized",0.5,0.2,1.5,3,"Tail",-0.207651156137219,-0.311476734205828,0.0684,0.00356991428468528,0.0611865183394184,FALSE
500,"Localized",0.5,0.2,1.5,5,"Uniform",-4.51126633094548e-05,-6.76689949641822e-05,0,0,0.0500000005245362,FALSE
500,"Localized",0.5,0.2,1.5,5,"Central",0.127129858337826,0.19069478750674,0.036,0.00263453980801202,0.0541760520244724,FALSE
500,"Localized",0.5,0.2,1.5,5,"Tail",-0.207651156137219,-0.311476734205828,0.0632,0.00344109749934523,0.0611865183394184,FALSE
500,"Localized",0.5,0.2,1.5,8,"Uniform",-4.51126633094548e-05,-6.76689949641822e-05,0,0,0.0500000005245362,FALSE
500,"Localized",0.5,0.2,1.5,8,"Central",0.127129858337826,0.19069478750674,0.0382,0.0027107474983849,0.0541760520244724,FALSE
500,"Localized",0.5,0.2,1.5,8,"Tail",-0.207651156137219,-0.311476734205828,0.0668,0.00353094208392038,0.0611865183394184,FALSE
500,"Localized",0.5,0.2,2,1,"Uniform",-4.51126633094548e-05,-9.02253266189096e-05,0,0,0.0500000009325087,FALSE
500,"Localized",0.5,0.2,2,1,"Central",0.127129858337826,0.254259716675653,0.0296,0.00239682456596222,0.0574382744374089,FALSE
500,"Localized",0.5,0.2,2,1,"Tail",-0.207651156137219,-0.415302312274438,0.087,0.00398574961581884,0.0699822068472973,FALSE
500,"Localized",0.5,0.2,2,2,"Uniform",-4.51126633094548e-05,-9.02253266189096e-05,0,0,0.0500000009325087,FALSE
500,"Localized",0.5,0.2,2,2,"Central",0.127129858337826,0.254259716675653,0.0282,0.00234114331043616,0.0574382744374089,FALSE
500,"Localized",0.5,0.2,2,2,"Tail",-0.207651156137219,-0.415302312274438,0.0904,0.00405531355137923,0.0699822068472973,FALSE
500,"Localized",0.5,0.2,2,3,"Uniform",-4.51126633094548e-05,-9.02253266189096e-05,0,0,0.0500000009325087,FALSE
500,"Localized",0.5,0.2,2,3,"Central",0.127129858337826,0.254259716675653,0.0296,0.00239682456596222,0.0574382744374089,FALSE
500,"Localized",0.5,0.2,2,3,"Tail",-0.207651156137219,-0.415302312274438,0.0888,0.00402279902555422,0.0699822068472973,FALSE
500,"Localized",0.5,0.2,2,5,"Uniform",-4.51126633094548e-05,-9.02253266189096e-05,0,0,0.0500000009325087,FALSE
500,"Localized",0.5,0.2,2,5,"Central",0.127129858337826,0.254259716675653,0.0322,0.00249652398346181,0.0574382744374089,FALSE
500,"Localized",0.5,0.2,2,5,"Tail",-0.207651156137219,-0.415302312274438,0.0704,0.00361784023970103,0.0699822068472973,FALSE
500,"Localized",0.5,0.2,2,8,"Uniform",-4.51126633094548e-05,-9.02253266189096e-05,0,0,0.0500000009325087,FALSE
500,"Localized",0.5,0.2,2,8,"Central",0.127129858337826,0.254259716675653,0.0388,0.00273110087693589,0.0574382744374089,FALSE
500,"Localized",0.5,0.2,2,8,"Tail",-0.207651156137219,-0.415302312274438,0.0706,0.00362258581678889,0.0699822068472973,FALSE
500,"Localized",0.75,0.05,0.5,1,"Uniform",-1.2531698588551e-05,-6.2658492942755e-06,0,0,0.0500000000044974,FALSE
500,"Localized",0.75,0.05,0.5,1,"Central",0.0125846610430436,0.00629233052152178,0.0476,0.00301112072159188,0.0500045354484228,FALSE
500,"Localized",0.75,0.05,0.5,1,"Tail",-0.0205735451293947,-0.0102867725646973,0.045,0.00293172304285381,0.0500121215308438,FALSE
500,"Localized",0.75,0.05,0.5,2,"Uniform",-1.2531698588551e-05,-6.2658492942755e-06,0,0,0.0500000000044974,FALSE
500,"Localized",0.75,0.05,0.5,2,"Central",0.0125846610430436,0.00629233052152178,0.0454,0.00294410733499986,0.0500045354484228,FALSE
500,"Localized",0.75,0.05,0.5,2,"Tail",-0.0205735451293947,-0.0102867725646973,0.0536,0.00318518570887162,0.0500121215308438,FALSE
500,"Localized",0.75,0.05,0.5,3,"Uniform",-1.2531698588551e-05,-6.2658492942755e-06,0,0,0.0500000000044974,FALSE
500,"Localized",0.75,0.05,0.5,3,"Central",0.0125846610430436,0.00629233052152178,0.0446,0.00291927525252416,0.0500045354484228,FALSE
500,"Localized",0.75,0.05,0.5,3,"Tail",-0.0205735451293947,-0.0102867725646973,0.055,0.0032241277890307,0.0500121215308438,FALSE
500,"Localized",0.75,0.05,0.5,5,"Uniform",-1.2531698588551e-05,-6.2658492942755e-06,0,0,0.0500000000044974,FALSE
500,"Localized",0.75,0.05,0.5,5,"Central",0.0125846610430436,0.00629233052152178,0.0524,0.00315132480077824,0.0500045354484228,FALSE
500,"Localized",0.75,0.05,0.5,5,"Tail",-0.0205735451293947,-0.0102867725646973,0.0504,0.00309385972532693,0.0500121215308438,FALSE
500,"Localized",0.75,0.05,0.5,8,"Uniform",-1.2531698588551e-05,-6.2658492942755e-06,0,0,0.0500000000044974,FALSE
500,"Localized",0.75,0.05,0.5,8,"Central",0.0125846610430436,0.00629233052152178,0.0498,0.00307636018697421,0.0500045354484228,FALSE
500,"Localized",0.75,0.05,0.5,8,"Tail",-0.0205735451293947,-0.0102867725646973,0.0548,0.00321860093829602,0.0500121215308438,FALSE
500,"Localized",0.75,0.05,1,1,"Uniform",-1.2531698588551e-05,-1.2531698588551e-05,0,0,0.0500000000179894,FALSE
500,"Localized",0.75,0.05,1,1,"Central",0.0125846610430436,0.0125846610430436,0.0492,0.00305873699425106,0.0500181419447845,FALSE
500,"Localized",0.75,0.05,1,1,"Tail",-0.0205735451293947,-0.0205735451293947,0.0466,0.00298088711627931,0.0500484872024868,FALSE
500,"Localized",0.75,0.05,1,2,"Uniform",-1.2531698588551e-05,-1.2531698588551e-05,0,0,0.0500000000179894,FALSE
500,"Localized",0.75,0.05,1,2,"Central",0.0125846610430436,0.0125846610430436,0.0458,0.00295642892693195,0.0500181419447845,FALSE
500,"Localized",0.75,0.05,1,2,"Tail",-0.0205735451293947,-0.0205735451293947,0.0602,0.00336380617753164,0.0500484872024868,FALSE
500,"Localized",0.75,0.05,1,3,"Uniform",-1.2531698588551e-05,-1.2531698588551e-05,0,0,0.0500000000179894,FALSE
500,"Localized",0.75,0.05,1,3,"Central",0.0125846610430436,0.0125846610430436,0.047,0.00299302522541993,0.0500181419447845,FALSE
500,"Localized",0.75,0.05,1,3,"Tail",-0.0205735451293947,-0.0205735451293947,0.0604,0.00336903072114221,0.0500484872024868,FALSE
500,"Localized",0.75,0.05,1,5,"Uniform",-1.2531698588551e-05,-1.2531698588551e-05,0,0,0.0500000000179894,FALSE
500,"Localized",0.75,0.05,1,5,"Central",0.0125846610430436,0.0125846610430436,0.0544,0.0032075111847038,0.0500181419447845,FALSE
500,"Localized",0.75,0.05,1,5,"Tail",-0.0205735451293947,-0.0205735451293947,0.047,0.00299302522541993,0.0500484872024868,FALSE
500,"Localized",0.75,0.05,1,8,"Uniform",-1.2531698588551e-05,-1.2531698588551e-05,0,0,0.0500000000179894,FALSE
500,"Localized",0.75,0.05,1,8,"Central",0.0125846610430436,0.0125846610430436,0.0552,0.0032296427046966,0.0500181419447845,FALSE
500,"Localized",0.75,0.05,1,8,"Tail",-0.0205735451293947,-0.0205735451293947,0.0538,0.00319078548323136,0.0500484872024868,FALSE
500,"Localized",0.75,0.05,1.5,1,"Uniform",-1.2531698588551e-05,-1.87975478828265e-05,0,0,0.0500000000404762,FALSE
500,"Localized",0.75,0.05,1.5,1,"Central",0.0125846610430436,0.0188769915645654,0.0484,0.00303504332753257,0.0500408199423036,FALSE
500,"Localized",0.75,0.05,1.5,1,"Tail",-0.0205735451293947,-0.030860317694092,0.0514,0.00312275647465504,0.0501091002510909,FALSE
500,"Localized",0.75,0.05,1.5,2,"Uniform",-1.2531698588551e-05,-1.87975478828265e-05,0,0,0.0500000000404762,FALSE
500,"Localized",0.75,0.05,1.5,2,"Central",0.0125846610430436,0.0188769915645654,0.046,0.00296256645495084,0.0500408199423036,FALSE
500,"Localized",0.75,0.05,1.5,2,"Tail",-0.0205735451293947,-0.030860317694092,0.054,0.00319637294444813,0.0501091002510909,FALSE
500,"Localized",0.75,0.05,1.5,3,"Uniform",-1.2531698588551e-05,-1.87975478828265e-05,0,0,0.0500000000404762,FALSE
500,"Localized",0.75,0.05,1.5,3,"Central",0.0125846610430436,0.0188769915645654,0.0488,0.00304691844328003,0.0500408199423036,FALSE
500,"Localized",0.75,0.05,1.5,3,"Tail",-0.0205735451293947,-0.030860317694092,0.06,0.00335857112474933,0.0501091002510909,FALSE
500,"Localized",0.75,0.05,1.5,5,"Uniform",-1.2531698588551e-05,-1.87975478828265e-05,0,0,0.0500000000404762,FALSE
500,"Localized",0.75,0.05,1.5,5,"Central",0.0125846610430436,0.0188769915645654,0.0484,0.00303504332753257,0.0500408199423036,FALSE
500,"Localized",0.75,0.05,1.5,5,"Tail",-0.0205735451293947,-0.030860317694092,0.0508,0.00310545842026584,0.0501091002510909,FALSE
500,"Localized",0.75,0.05,1.5,8,"Uniform",-1.2531698588551e-05,-1.87975478828265e-05,0,0,0.0500000000404762,FALSE
500,"Localized",0.75,0.05,1.5,8,"Central",0.0125846610430436,0.0188769915645654,0.058,0.00330563155841664,0.0500408199423036,FALSE
500,"Localized",0.75,0.05,1.5,8,"Tail",-0.0205735451293947,-0.030860317694092,0.053,0.00316831185333767,0.0501091002510909,FALSE
500,"Localized",0.75,0.05,2,1,"Uniform",-1.2531698588551e-05,-2.5063397177102e-05,0,0,0.0500000000719575,FALSE
500,"Localized",0.75,0.05,2,1,"Central",0.0125846610430436,0.0251693220860871,0.0524,0.00315132480077824,0.0500725701961394,FALSE
500,"Localized",0.75,0.05,2,1,"Tail",-0.0205735451293947,-0.0411470902587893,0.0552,0.0032296427046966,0.0501939660663426,FALSE
500,"Localized",0.75,0.05,2,2,"Uniform",-1.2531698588551e-05,-2.5063397177102e-05,0,0,0.0500000000719575,FALSE
500,"Localized",0.75,0.05,2,2,"Central",0.0125846610430436,0.0251693220860871,0.0458,0.00295642892693195,0.0500725701961394,FALSE
500,"Localized",0.75,0.05,2,2,"Tail",-0.0205735451293947,-0.0411470902587893,0.0674,0.00354562378150869,0.0501939660663426,FALSE
500,"Localized",0.75,0.05,2,3,"Uniform",-1.2531698588551e-05,-2.5063397177102e-05,0,0,0.0500000000719575,FALSE
500,"Localized",0.75,0.05,2,3,"Central",0.0125846610430436,0.0251693220860871,0.0492,0.00305873699425106,0.0500725701961394,FALSE
500,"Localized",0.75,0.05,2,3,"Tail",-0.0205735451293947,-0.0411470902587893,0.06,0.00335857112474933,0.0501939660663426,FALSE
500,"Localized",0.75,0.05,2,5,"Uniform",-1.2531698588551e-05,-2.5063397177102e-05,0,0,0.0500000000719575,FALSE
500,"Localized",0.75,0.05,2,5,"Central",0.0125846610430436,0.0251693220860871,0.05,0.00308220700148449,0.0500725701961394,FALSE
500,"Localized",0.75,0.05,2,5,"Tail",-0.0205735451293947,-0.0411470902587893,0.052,0.00313993630508646,0.0501939660663426,FALSE
500,"Localized",0.75,0.05,2,8,"Uniform",-1.2531698588551e-05,-2.5063397177102e-05,0,0,0.0500000000719575,FALSE
500,"Localized",0.75,0.05,2,8,"Central",0.0125846610430436,0.0251693220860871,0.0584,0.00331630637909105,0.0500725701961394,FALSE
500,"Localized",0.75,0.05,2,8,"Tail",-0.0205735451293947,-0.0411470902587893,0.061,0.00338464178311383,0.0501939660663426,FALSE
500,"Localized",0.75,0.1,0.5,1,"Uniform",-2.27124269483004e-05,-1.13562134741502e-05,0,0,0.0500000000147728,FALSE
500,"Localized",0.75,0.1,0.5,1,"Central",0.0165851897439836,0.00829259487199179,0.0444,0.00291302729132427,0.0500078773286388,FALSE
500,"Localized",0.75,0.1,0.5,1,"Tail",-0.0271275085762082,-0.0135637542881041,0.0474,0.00300510365877785,0.05002107470007,FALSE
500,"Localized",0.75,0.1,0.5,2,"Uniform",-2.27124269483004e-05,-1.13562134741502e-05,0,0,0.0500000000147728,FALSE
500,"Localized",0.75,0.1,0.5,2,"Central",0.0165851897439836,0.00829259487199179,0.051,0.00311123769583746,0.0500078773286388,FALSE
500,"Localized",0.75,0.1,0.5,2,"Tail",-0.0271275085762082,-0.0135637542881041,0.0546,0.00321306209090332,0.05002107470007,FALSE
500,"Localized",0.75,0.1,0.5,3,"Uniform",-2.27124269483004e-05,-1.13562134741502e-05,0,0,0.0500000000147728,FALSE
500,"Localized",0.75,0.1,0.5,3,"Central",0.0165851897439836,0.00829259487199179,0.042,0.00283675871374356,0.0500078773286388,FALSE
500,"Localized",0.75,0.1,0.5,3,"Tail",-0.0271275085762082,-0.0135637542881041,0.0566,0.00326791799162709,0.05002107470007,FALSE
500,"Localized",0.75,0.1,0.5,5,"Uniform",-2.27124269483004e-05,-1.13562134741502e-05,0,0,0.0500000000147728,FALSE
500,"Localized",0.75,0.1,0.5,5,"Central",0.0165851897439836,0.00829259487199179,0.0532,0.00317394895989208,0.0500078773286388,FALSE
500,"Localized",0.75,0.1,0.5,5,"Tail",-0.0271275085762082,-0.0135637542881041,0.052,0.00313993630508646,0.05002107470007,FALSE
500,"Localized",0.75,0.1,0.5,8,"Uniform",-2.27124269483004e-05,-1.13562134741502e-05,0,0,0.0500000000147728,FALSE
500,"Localized",0.75,0.1,0.5,8,"Central",0.0165851897439836,0.00829259487199179,0.0526,0.00315699984162179,0.0500078773286388,FALSE
500,"Localized",0.75,0.1,0.5,8,"Tail",-0.0271275085762082,-0.0135637542881041,0.0554,0.00323514574633045,0.05002107470007,FALSE
500,"Localized",0.75,0.1,1,1,"Uniform",-2.27124269483004e-05,-2.27124269483004e-05,0,0,0.0500000000590913,FALSE
500,"Localized",0.75,0.1,1,1,"Central",0.0165851897439836,0.0165851897439836,0.0456,0.00295027591929975,0.0500315097703187,FALSE
500,"Localized",0.75,0.1,1,1,"Tail",-0.0271275085762082,-0.0271275085762082,0.0506,0.00309966578843591,0.0500843020617354,FALSE
500,"Localized",0.75,0.1,1,2,"Uniform",-2.27124269483004e-05,-2.27124269483004e-05,0,0,0.0500000000590913,FALSE
500,"Localized",0.75,0.1,1,2,"Central",0.0165851897439836,0.0165851897439836,0.0456,0.00295027591929975,0.0500315097703187,FALSE
500,"Localized",0.75,0.1,1,2,"Tail",-0.0271275085762082,-0.0271275085762082,0.0632,0.00344109749934523,0.0500843020617354,FALSE
500,"Localized",0.75,0.1,1,3,"Uniform",-2.27124269483004e-05,-2.27124269483004e-05,0,0,0.0500000000590913,FALSE
500,"Localized",0.75,0.1,1,3,"Central",0.0165851897439836,0.0165851897439836,0.0476,0.00301112072159188,0.0500315097703187,FALSE
500,"Localized",0.75,0.1,1,3,"Tail",-0.0271275085762082,-0.0271275085762082,0.0578,0.00330027756408457,0.0500843020617354,FALSE
500,"Localized",0.75,0.1,1,5,"Uniform",-2.27124269483004e-05,-2.27124269483004e-05,0,0,0.0500000000590913,FALSE
500,"Localized",0.75,0.1,1,5,"Central",0.0165851897439836,0.0165851897439836,0.0506,0.00309966578843591,0.0500315097703187,FALSE
500,"Localized",0.75,0.1,1,5,"Tail",-0.0271275085762082,-0.0271275085762082,0.0486,0.0030409879973456,0.0500843020617354,FALSE
500,"Localized",0.75,0.1,1,8,"Uniform",-2.27124269483004e-05,-2.27124269483004e-05,0,0,0.0500000000590913,FALSE
500,"Localized",0.75,0.1,1,8,"Central",0.0165851897439836,0.0165851897439836,0.0576,0.00329491244193226,0.0500315097703187,FALSE
500,"Localized",0.75,0.1,1,8,"Tail",-0.0271275085762082,-0.0271275085762082,0.0636,0.0034512328232097,0.0500843020617354,FALSE
500,"Localized",0.75,0.1,1.5,1,"Uniform",-2.27124269483004e-05,-3.40686404224506e-05,0,0,0.0500000001329553,FALSE
500,"Localized",0.75,0.1,1.5,1,"Central",0.0165851897439836,0.0248777846159754,0.0522,0.00314563697841947,0.0500708986920069,FALSE
500,"Localized",0.75,0.1,1.5,1,"Tail",-0.0271275085762082,-0.0406912628643124,0.0536,0.00318518570887162,0.0501896918631887,FALSE
500,"Localized",0.75,0.1,1.5,2,"Uniform",-2.27124269483004e-05,-3.40686404224506e-05,0,0,0.0500000001329553,FALSE
500,"Localized",0.75,0.1,1.5,2,"Central",0.0165851897439836,0.0248777846159754,0.0528,0.00316266216975509,0.0500708986920069,FALSE
500,"Localized",0.75,0.1,1.5,2,"Tail",-0.0271275085762082,-0.0406912628643124,0.0598,0.00335332551357604,0.0501896918631887,FALSE
500,"Localized",0.75,0.1,1.5,3,"Uniform",-2.27124269483004e-05,-3.40686404224506e-05,0,0,0.0500000001329553,FALSE
500,"Localized",0.75,0.1,1.5,3,"Central",0.0165851897439836,0.0248777846159754,0.0564,0.00326248494249399,0.0500708986920069,FALSE
500,"Localized",0.75,0.1,1.5,3,"Tail",-0.0271275085762082,-0.0406912628643124,0.0598,0.00335332551357604,0.0501896918631887,FALSE
500,"Localized",0.75,0.1,1.5,5,"Uniform",-2.27124269483004e-05,-3.40686404224506e-05,0,0,0.0500000001329553,FALSE
500,"Localized",0.75,0.1,1.5,5,"Central",0.0165851897439836,0.0248777846159754,0.0506,0.00309966578843591,0.0500708986920069,FALSE
500,"Localized",0.75,0.1,1.5,5,"Tail",-0.0271275085762082,-0.0406912628643124,0.0508,0.00310545842026584,0.0501896918631887,FALSE
500,"Localized",0.75,0.1,1.5,8,"Uniform",-2.27124269483004e-05,-3.40686404224506e-05,0,0,0.0500000001329553,FALSE
500,"Localized",0.75,0.1,1.5,8,"Central",0.0165851897439836,0.0248777846159754,0.0538,0.00319078548323136,0.0500708986920069,FALSE
500,"Localized",0.75,0.1,1.5,8,"Tail",-0.0271275085762082,-0.0406912628643124,0.0574,0.0032895361375124,0.0501896918631887,FALSE
500,"Localized",0.75,0.1,2,1,"Uniform",-2.27124269483004e-05,-4.54248538966008e-05,0,0,0.050000000236365,FALSE
500,"Localized",0.75,0.1,2,1,"Central",0.0165851897439836,0.0331703794879672,0.045,0.00293172304285381,0.0501260463709084,FALSE
500,"Localized",0.75,0.1,2,1,"Tail",-0.0271275085762082,-0.0542550171524165,0.0558,0.00324611644892786,0.0503372603808433,FALSE
500,"Localized",0.75,0.1,2,2,"Uniform",-2.27124269483004e-05,-4.54248538966008e-05,0,0,0.050000000236365,FALSE
500,"Localized",0.75,0.1,2,2,"Central",0.0165851897439836,0.0331703794879672,0.057,0.00327874976172321,0.0501260463709084,FALSE
500,"Localized",0.75,0.1,2,2,"Tail",-0.0271275085762082,-0.0542550171524165,0.062,0.00341045451516363,0.0503372603808433,FALSE
500,"Localized",0.75,0.1,2,3,"Uniform",-2.27124269483004e-05,-4.54248538966008e-05,0,0,0.050000000236365,FALSE
500,"Localized",0.75,0.1,2,3,"Central",0.0165851897439836,0.0331703794879672,0.0478,0.00301712313305241,0.0501260463709084,FALSE
500,"Localized",0.75,0.1,2,3,"Tail",-0.0271275085762082,-0.0542550171524165,0.0576,0.00329491244193226,0.0503372603808433,FALSE
500,"Localized",0.75,0.1,2,5,"Uniform",-2.27124269483004e-05,-4.54248538966008e-05,0,0,0.050000000236365,FALSE
500,"Localized",0.75,0.1,2,5,"Central",0.0165851897439836,0.0331703794879672,0.0534,0.00317957355631223,0.0501260463709084,FALSE
500,"Localized",0.75,0.1,2,5,"Tail",-0.0271275085762082,-0.0542550171524165,0.0488,0.00304691844328003,0.0503372603808433,FALSE
500,"Localized",0.75,0.1,2,8,"Uniform",-2.27124269483004e-05,-4.54248538966008e-05,0,0,0.050000000236365,FALSE
500,"Localized",0.75,0.1,2,8,"Central",0.0165851897439836,0.0331703794879672,0.0616,0.00340015999623547,0.0501260463709084,FALSE
500,"Localized",0.75,0.1,2,8,"Tail",-0.0271275085762082,-0.0542550171524165,0.0584,0.00331630637909105,0.0503372603808433,FALSE
500,"Localized",0.75,0.2,0.5,1,"Uniform",-2.18959880655013e-05,-1.09479940327507e-05,0,0,0.0500000000137299,FALSE
500,"Localized",0.75,0.2,0.5,1,"Central",0.0282123738839925,0.0141061869419963,0.049,0.00305283474822991,0.0500227940397899,FALSE
500,"Localized",0.75,0.2,0.5,1,"Tail",-0.046108049889496,-0.023054024944748,0.0492,0.00305873699425106,0.0500608843498128,FALSE
500,"Localized",0.75,0.2,0.5,2,"Uniform",-2.18959880655013e-05,-1.09479940327507e-05,0,0,0.0500000000137299,FALSE
500,"Localized",0.75,0.2,0.5,2,"Central",0.0282123738839925,0.0141061869419963,0.0476,0.00301112072159188,0.0500227940397899,FALSE
500,"Localized",0.75,0.2,0.5,2,"Tail",-0.046108049889496,-0.023054024944748,0.0566,0.00326791799162709,0.0500608843498128,FALSE
500,"Localized",0.75,0.2,0.5,3,"Uniform",-2.18959880655013e-05,-1.09479940327507e-05,0,0,0.0500000000137299,FALSE
500,"Localized",0.75,0.2,0.5,3,"Central",0.0282123738839925,0.0141061869419963,0.0456,0.00295027591929975,0.0500227940397899,FALSE
500,"Localized",0.75,0.2,0.5,3,"Tail",-0.046108049889496,-0.023054024944748,0.0582,0.003310974478911,0.0500608843498128,FALSE
500,"Localized",0.75,0.2,0.5,5,"Uniform",-2.18959880655013e-05,-1.09479940327507e-05,0,0,0.0500000000137299,FALSE
500,"Localized",0.75,0.2,0.5,5,"Central",0.0282123738839925,0.0141061869419963,0.052,0.00313993630508646,0.0500227940397899,FALSE
500,"Localized",0.75,0.2,0.5,5,"Tail",-0.046108049889496,-0.023054024944748,0.051,0.00311123769583746,0.0500608843498128,FALSE
500,"Localized",0.75,0.2,0.5,8,"Uniform",-2.18959880655013e-05,-1.09479940327507e-05,0,0,0.0500000000137299,FALSE
500,"Localized",0.75,0.2,0.5,8,"Central",0.0282123738839925,0.0141061869419963,0.0566,0.00326791799162709,0.0500227940397899,FALSE
500,"Localized",0.75,0.2,0.5,8,"Tail",-0.046108049889496,-0.023054024944748,0.0564,0.00326248494249399,0.0500608843498128,FALSE
500,"Localized",0.75,0.2,1,1,"Uniform",-2.18959880655013e-05,-2.18959880655013e-05,0,0,0.0500000000549194,FALSE
500,"Localized",0.75,0.2,1,1,"Central",0.0282123738839925,0.0282123738839925,0.0478,0.00301712313305241,0.0500911799743755,FALSE
500,"Localized",0.75,0.2,1,1,"Tail",-0.046108049889496,-0.046108049889496,0.0488,0.00304691844328003,0.0502435646024483,FALSE
500,"Localized",0.75,0.2,1,2,"Uniform",-2.18959880655013e-05,-2.18959880655013e-05,0,0,0.0500000000549194,FALSE
500,"Localized",0.75,0.2,1,2,"Central",0.0282123738839925,0.0282123738839925,0.0464,0.00297479545515318,0.0500911799743755,FALSE
500,"Localized",0.75,0.2,1,2,"Tail",-0.046108049889496,-0.046108049889496,0.057,0.00327874976172321,0.0502435646024483,FALSE
500,"Localized",0.75,0.2,1,3,"Uniform",-2.18959880655013e-05,-2.18959880655013e-05,0,0,0.0500000000549194,FALSE
500,"Localized",0.75,0.2,1,3,"Central",0.0282123738839925,0.0282123738839925,0.0484,0.00303504332753257,0.0500911799743755,FALSE
500,"Localized",0.75,0.2,1,3,"Tail",-0.046108049889496,-0.046108049889496,0.0572,0.00328414859590732,0.0502435646024483,FALSE
500,"Localized",0.75,0.2,1,5,"Uniform",-2.18959880655013e-05,-2.18959880655013e-05,0,0,0.0500000000549194,FALSE
500,"Localized",0.75,0.2,1,5,"Central",0.0282123738839925,0.0282123738839925,0.0508,0.00310545842026584,0.0500911799743755,FALSE
500,"Localized",0.75,0.2,1,5,"Tail",-0.046108049889496,-0.046108049889496,0.0482,0.00302908435009658,0.0502435646024483,FALSE
500,"Localized",0.75,0.2,1,8,"Uniform",-2.18959880655013e-05,-2.18959880655013e-05,0,0,0.0500000000549194,FALSE
500,"Localized",0.75,0.2,1,8,"Central",0.0282123738839925,0.0282123738839925,0.0528,0.00316266216975509,0.0500911799743755,FALSE
500,"Localized",0.75,0.2,1,8,"Tail",-0.046108049889496,-0.046108049889496,0.0634,0.00344617004803884,0.0502435646024483,FALSE
500,"Localized",0.75,0.2,1.5,1,"Uniform",-2.18959880655013e-05,-3.2843982098252e-05,0,0,0.0500000001235685,FALSE
500,"Localized",0.75,0.2,1.5,1,"Central",0.0282123738839925,0.0423185608259888,0.0512,0.0031170036894428,0.0502051692415944,FALSE
500,"Localized",0.75,0.2,1.5,1,"Tail",-0.046108049889496,-0.069162074834244,0.0578,0.00330027756408457,0.0505481222187061,FALSE
500,"Localized",0.75,0.2,1.5,2,"Uniform",-2.18959880655013e-05,-3.2843982098252e-05,0,0,0.0500000001235685,FALSE
500,"Localized",0.75,0.2,1.5,2,"Central",0.0282123738839925,0.0423185608259888,0.045,0.00293172304285381,0.0502051692415944,FALSE
500,"Localized",0.75,0.2,1.5,2,"Tail",-0.046108049889496,-0.069162074834244,0.0612,0.00338982477423244,0.0505481222187061,FALSE
500,"Localized",0.75,0.2,1.5,3,"Uniform",-2.18959880655013e-05,-3.2843982098252e-05,0,0,0.0500000001235685,FALSE
500,"Localized",0.75,0.2,1.5,3,"Central",0.0282123738839925,0.0423185608259888,0.0422,0.00284320804725929,0.0502051692415944,FALSE
500,"Localized",0.75,0.2,1.5,3,"Tail",-0.046108049889496,-0.069162074834244,0.0584,0.00331630637909105,0.0505481222187061,FALSE
500,"Localized",0.75,0.2,1.5,5,"Uniform",-2.18959880655013e-05,-3.2843982098252e-05,0,0,0.0500000001235685,FALSE
500,"Localized",0.75,0.2,1.5,5,"Central",0.0282123738839925,0.0423185608259888,0.0524,0.00315132480077824,0.0502051692415944,FALSE
500,"Localized",0.75,0.2,1.5,5,"Tail",-0.046108049889496,-0.069162074834244,0.0518,0.0031342227106573,0.0505481222187061,FALSE
500,"Localized",0.75,0.2,1.5,8,"Uniform",-2.18959880655013e-05,-3.2843982098252e-05,0,0,0.0500000001235685,FALSE
500,"Localized",0.75,0.2,1.5,8,"Central",0.0282123738839925,0.0423185608259888,0.05,0.00308220700148449,0.0502051692415944,FALSE
500,"Localized",0.75,0.2,1.5,8,"Tail",-0.046108049889496,-0.069162074834244,0.0556,0.00324063697442339,0.0505481222187061,FALSE
500,"Localized",0.75,0.2,2,1,"Uniform",-2.18959880655013e-05,-4.37919761310026e-05,0,0,0.0500000002196773,FALSE
500,"Localized",0.75,0.2,2,1,"Central",0.0282123738839925,0.0564247477679851,0.0466,0.00298088711627931,0.050364780878478,FALSE
500,"Localized",0.75,0.2,2,1,"Tail",-0.046108049889496,-0.092216099778992,0.057,0.00327874976172321,0.0509746924710218,FALSE
500,"Localized",0.75,0.2,2,2,"Uniform",-2.18959880655013e-05,-4.37919761310026e-05,0,0,0.0500000002196773,FALSE
500,"Localized",0.75,0.2,2,2,"Central",0.0282123738839925,0.0564247477679851,0.049,0.00305283474822991,0.050364780878478,FALSE
500,"Localized",0.75,0.2,2,2,"Tail",-0.046108049889496,-0.092216099778992,0.0674,0.00354562378150869,0.0509746924710218,FALSE
500,"Localized",0.75,0.2,2,3,"Uniform",-2.18959880655013e-05,-4.37919761310026e-05,0,0,0.0500000002196773,FALSE
500,"Localized",0.75,0.2,2,3,"Central",0.0282123738839925,0.0564247477679851,0.0418,0.00283029185774188,0.050364780878478,FALSE
500,"Localized",0.75,0.2,2,3,"Tail",-0.046108049889496,-0.092216099778992,0.062,0.00341045451516363,0.0509746924710218,FALSE
500,"Localized",0.75,0.2,2,5,"Uniform",-2.18959880655013e-05,-4.37919761310026e-05,0,0,0.0500000002196773,FALSE
500,"Localized",0.75,0.2,2,5,"Central",0.0282123738839925,0.0564247477679851,0.044,0.00290048271844533,0.050364780878478,FALSE
500,"Localized",0.75,0.2,2,5,"Tail",-0.046108049889496,-0.092216099778992,0.052,0.00313993630508646,0.0509746924710218,FALSE
500,"Localized",0.75,0.2,2,8,"Uniform",-2.18959880655013e-05,-4.37919761310026e-05,0,0,0.0500000002196773,FALSE
500,"Localized",0.75,0.2,2,8,"Central",0.0282123738839925,0.0564247477679851,0.0546,0.00321306209090332,0.050364780878478,FALSE
500,"Localized",0.75,0.2,2,8,"Tail",-0.046108049889496,-0.092216099778992,0.0602,0.00336380617753164,0.0509746924710218,FALSE
1000,"Linear",NA,NA,0.5,1,"Uniform",4.56700082322557e-17,2.28350041161279e-17,0,0,0.0500000000000001,TRUE
1000,"Linear",NA,NA,0.5,1,"Central",-1.09855274925353e-19,-5.49276374626766e-20,0.0494,0.0030646252625729,0.0500000000000001,TRUE
1000,"Linear",NA,NA,0.5,1,"Tail",1.07213309997844e-16,5.36066549989218e-17,0.0448,0.00292550713552369,0.0500000000000001,TRUE
1000,"Linear",NA,NA,0.5,2,"Uniform",4.56700082322557e-17,2.28350041161279e-17,0,0,0.0500000000000001,TRUE
1000,"Linear",NA,NA,0.5,2,"Central",-1.09855274925353e-19,-5.49276374626766e-20,0.048,0.00302311098043059,0.0500000000000001,TRUE
1000,"Linear",NA,NA,0.5,2,"Tail",1.07213309997844e-16,5.36066549989218e-17,0.0512,0.0031170036894428,0.0500000000000001,TRUE
1000,"Linear",NA,NA,0.5,3,"Uniform",4.56700082322557e-17,2.28350041161279e-17,0,0,0.0500000000000001,TRUE
1000,"Linear",NA,NA,0.5,3,"Central",-1.09855274925353e-19,-5.49276374626766e-20,0.054,0.00319637294444813,0.0500000000000001,TRUE
1000,"Linear",NA,NA,0.5,3,"Tail",1.07213309997844e-16,5.36066549989218e-17,0.0496,0.00307049963361014,0.0500000000000001,TRUE
1000,"Linear",NA,NA,0.5,5,"Uniform",4.56700082322557e-17,2.28350041161279e-17,0,0,0.0500000000000001,TRUE
1000,"Linear",NA,NA,0.5,5,"Central",-1.09855274925353e-19,-5.49276374626766e-20,0.0488,0.00304691844328003,0.0500000000000001,TRUE
1000,"Linear",NA,NA,0.5,5,"Tail",1.07213309997844e-16,5.36066549989218e-17,0.0516,0.00312849612433834,0.0500000000000001,TRUE
1000,"Linear",NA,NA,0.5,8,"Uniform",4.56700082322557e-17,2.28350041161279e-17,0,0,0.0500000000000001,TRUE
1000,"Linear",NA,NA,0.5,8,"Central",-1.09855274925353e-19,-5.49276374626766e-20,0.0526,0.00315699984162179,0.0500000000000001,TRUE
1000,"Linear",NA,NA,0.5,8,"Tail",1.07213309997844e-16,5.36066549989218e-17,0.049,0.00305283474822991,0.0500000000000001,TRUE
1000,"Linear",NA,NA,1,1,"Uniform",4.56700082322557e-17,4.56700082322557e-17,0,0,0.0500000000000001,TRUE
1000,"Linear",NA,NA,1,1,"Central",-1.09855274925353e-19,-1.09855274925353e-19,0.0494,0.0030646252625729,0.0500000000000001,TRUE
1000,"Linear",NA,NA,1,1,"Tail",1.07213309997844e-16,1.07213309997844e-16,0.0468,0.00298696367570816,0.0500000000000001,TRUE
1000,"Linear",NA,NA,1,2,"Uniform",4.56700082322557e-17,4.56700082322557e-17,0,0,0.0500000000000001,TRUE
1000,"Linear",NA,NA,1,2,"Central",-1.09855274925353e-19,-1.09855274925353e-19,0.0498,0.00307636018697421,0.0500000000000001,TRUE
1000,"Linear",NA,NA,1,2,"Tail",1.07213309997844e-16,1.07213309997844e-16,0.0534,0.00317957355631223,0.0500000000000001,TRUE
1000,"Linear",NA,NA,1,3,"Uniform",4.56700082322557e-17,4.56700082322557e-17,0,0,0.0500000000000001,TRUE
1000,"Linear",NA,NA,1,3,"Central",-1.09855274925353e-19,-1.09855274925353e-19,0.0494,0.0030646252625729,0.0500000000000001,TRUE
1000,"Linear",NA,NA,1,3,"Tail",1.07213309997844e-16,1.07213309997844e-16,0.0498,0.00307636018697421,0.0500000000000001,TRUE
1000,"Linear",NA,NA,1,5,"Uniform",4.56700082322557e-17,4.56700082322557e-17,0,0,0.0500000000000001,TRUE
1000,"Linear",NA,NA,1,5,"Central",-1.09855274925353e-19,-1.09855274925353e-19,0.0468,0.00298696367570816,0.0500000000000001,TRUE
1000,"Linear",NA,NA,1,5,"Tail",1.07213309997844e-16,1.07213309997844e-16,0.0584,0.00331630637909105,0.0500000000000001,TRUE
1000,"Linear",NA,NA,1,8,"Uniform",4.56700082322557e-17,4.56700082322557e-17,0,0,0.0500000000000001,TRUE
1000,"Linear",NA,NA,1,8,"Central",-1.09855274925353e-19,-1.09855274925353e-19,0.048,0.00302311098043059,0.0500000000000001,TRUE
1000,"Linear",NA,NA,1,8,"Tail",1.07213309997844e-16,1.07213309997844e-16,0.0582,0.003310974478911,0.0500000000000001,TRUE
1000,"Linear",NA,NA,1.5,1,"Uniform",4.56700082322557e-17,6.85050123483836e-17,0,0,0.0500000000000001,TRUE
1000,"Linear",NA,NA,1.5,1,"Central",-1.09855274925353e-19,-1.6478291238803e-19,0.0506,0.00309966578843591,0.0500000000000001,TRUE
1000,"Linear",NA,NA,1.5,1,"Tail",1.07213309997844e-16,1.60819964996765e-16,0.0484,0.00303504332753257,0.0500000000000001,TRUE
1000,"Linear",NA,NA,1.5,2,"Uniform",4.56700082322557e-17,6.85050123483836e-17,0,0,0.0500000000000001,TRUE
1000,"Linear",NA,NA,1.5,2,"Central",-1.09855274925353e-19,-1.6478291238803e-19,0.052,0.00313993630508646,0.0500000000000001,TRUE
1000,"Linear",NA,NA,1.5,2,"Tail",1.07213309997844e-16,1.60819964996765e-16,0.051,0.00311123769583746,0.0500000000000001,TRUE
1000,"Linear",NA,NA,1.5,3,"Uniform",4.56700082322557e-17,6.85050123483836e-17,0,0,0.0500000000000001,TRUE
1000,"Linear",NA,NA,1.5,3,"Central",-1.09855274925353e-19,-1.6478291238803e-19,0.044,0.00290048271844533,0.0500000000000001,TRUE
1000,"Linear",NA,NA,1.5,3,"Tail",1.07213309997844e-16,1.60819964996765e-16,0.0482,0.00302908435009658,0.0500000000000001,TRUE
1000,"Linear",NA,NA,1.5,5,"Uniform",4.56700082322557e-17,6.85050123483836e-17,0,0,0.0500000000000001,TRUE
1000,"Linear",NA,NA,1.5,5,"Central",-1.09855274925353e-19,-1.6478291238803e-19,0.0424,0.00284963997726029,0.0500000000000001,TRUE
1000,"Linear",NA,NA,1.5,5,"Tail",1.07213309997844e-16,1.60819964996765e-16,0.0548,0.00321860093829602,0.0500000000000001,TRUE
1000,"Linear",NA,NA,1.5,8,"Uniform",4.56700082322557e-17,6.85050123483836e-17,0,0,0.0500000000000001,TRUE
1000,"Linear",NA,NA,1.5,8,"Central",-1.09855274925353e-19,-1.6478291238803e-19,0.049,0.00305283474822991,0.0500000000000001,TRUE
1000,"Linear",NA,NA,1.5,8,"Tail",1.07213309997844e-16,1.60819964996765e-16,0.0584,0.00331630637909105,0.0500000000000001,TRUE
1000,"Linear",NA,NA,2,1,"Uniform",4.56700082322557e-17,9.13400164645114e-17,0,0,0.0500000000000001,TRUE
1000,"Linear",NA,NA,2,1,"Central",-1.09855274925353e-19,-2.19710549850706e-19,0.054,0.00319637294444813,0.0500000000000001,TRUE
1000,"Linear",NA,NA,2,1,"Tail",1.07213309997844e-16,2.14426619995687e-16,0.0548,0.00321860093829602,0.0500000000000001,TRUE
1000,"Linear",NA,NA,2,2,"Uniform",4.56700082322557e-17,9.13400164645114e-17,0,0,0.0500000000000001,TRUE
1000,"Linear",NA,NA,2,2,"Central",-1.09855274925353e-19,-2.19710549850706e-19,0.0528,0.00316266216975509,0.0500000000000001,TRUE
1000,"Linear",NA,NA,2,2,"Tail",1.07213309997844e-16,2.14426619995687e-16,0.0588,0.00332693733033852,0.0500000000000001,TRUE
1000,"Linear",NA,NA,2,3,"Uniform",4.56700082322557e-17,9.13400164645114e-17,0,0,0.0500000000000001,TRUE
1000,"Linear",NA,NA,2,3,"Central",-1.09855274925353e-19,-2.19710549850706e-19,0.0422,0.00284320804725929,0.0500000000000001,TRUE
1000,"Linear",NA,NA,2,3,"Tail",1.07213309997844e-16,2.14426619995687e-16,0.0588,0.00332693733033852,0.0500000000000001,TRUE
1000,"Linear",NA,NA,2,5,"Uniform",4.56700082322557e-17,9.13400164645114e-17,0,0,0.0500000000000001,TRUE
1000,"Linear",NA,NA,2,5,"Central",-1.09855274925353e-19,-2.19710549850706e-19,0.0412,0.00281078494374792,0.0500000000000001,TRUE
1000,"Linear",NA,NA,2,5,"Tail",1.07213309997844e-16,2.14426619995687e-16,0.0546,0.00321306209090332,0.0500000000000001,TRUE
1000,"Linear",NA,NA,2,8,"Uniform",4.56700082322557e-17,9.13400164645114e-17,0,0,0.0500000000000001,TRUE
1000,"Linear",NA,NA,2,8,"Central",-1.09855274925353e-19,-2.19710549850706e-19,0.0424,0.00284963997726029,0.0500000000000001,TRUE
1000,"Linear",NA,NA,2,8,"Tail",1.07213309997844e-16,2.14426619995687e-16,0.0664,0.00352110891623647,0.0500000000000001,TRUE
1000,"Quadratic",NA,NA,0.5,1,"Uniform",0.000100000000000046,5.0000000000023e-05,0,0,0.0500000002863757,FALSE
1000,"Quadratic",NA,NA,0.5,1,"Central",-0.182565066938613,-0.0912825334693063,0.064,0.00346132922444543,0.0509550460167297,FALSE
1000,"Quadratic",NA,NA,0.5,1,"Tail",0.298276554122463,0.149138277061231,0.0352,0.00260618341641566,0.0525517956416884,FALSE
1000,"Quadratic",NA,NA,0.5,2,"Uniform",0.000100000000000046,5.0000000000023e-05,0,0,0.0500000002863757,FALSE
1000,"Quadratic",NA,NA,0.5,2,"Central",-0.182565066938613,-0.0912825334693063,0.0648,0.00348140661227614,0.0509550460167297,FALSE
1000,"Quadratic",NA,NA,0.5,2,"Tail",0.298276554122463,0.149138277061231,0.043,0.00286883251515316,0.0525517956416884,FALSE
1000,"Quadratic",NA,NA,0.5,3,"Uniform",0.000100000000000046,5.0000000000023e-05,0,0,0.0500000002863757,FALSE
1000,"Quadratic",NA,NA,0.5,3,"Central",-0.182565066938613,-0.0912825334693063,0.059,0.00333223648620562,0.0509550460167297,FALSE
1000,"Quadratic",NA,NA,0.5,3,"Tail",0.298276554122463,0.149138277061231,0.0442,0.00290676314824583,0.0525517956416884,FALSE
1000,"Quadratic",NA,NA,0.5,5,"Uniform",0.000100000000000046,5.0000000000023e-05,0,0,0.0500000002863757,FALSE
1000,"Quadratic",NA,NA,0.5,5,"Central",-0.182565066938613,-0.0912825334693063,0.0546,0.00321306209090332,0.0509550460167297,FALSE
1000,"Quadratic",NA,NA,0.5,5,"Tail",0.298276554122463,0.149138277061231,0.0434,0.00288154264240528,0.0525517956416884,FALSE
1000,"Quadratic",NA,NA,0.5,8,"Uniform",0.000100000000000046,5.0000000000023e-05,0,0,0.0500000002863757,FALSE
1000,"Quadratic",NA,NA,0.5,8,"Central",-0.182565066938613,-0.0912825334693063,0.0518,0.0031342227106573,0.0509550460167297,FALSE
1000,"Quadratic",NA,NA,0.5,8,"Tail",0.298276554122463,0.149138277061231,0.0446,0.00291927525252416,0.0525517956416884,FALSE
1000,"Quadratic",NA,NA,1,1,"Uniform",0.000100000000000046,0.000100000000000046,0,0,0.0500000011455023,FALSE
1000,"Quadratic",NA,NA,1,1,"Central",-0.182565066938613,-0.182565066938613,0.0782,0.00379696615734194,0.0538267811162567,FALSE
1000,"Quadratic",NA,NA,1,1,"Tail",0.298276554122463,0.298276554122463,0.0316,0.00247392158323581,0.0602530649228937,FALSE
1000,"Quadratic",NA,NA,1,2,"Uniform",0.000100000000000046,0.000100000000000046,0,0,0.0500000011455023,FALSE
1000,"Quadratic",NA,NA,1,2,"Central",-0.182565066938613,-0.182565066938613,0.066,0.00351123909752668,0.0538267811162567,FALSE
1000,"Quadratic",NA,NA,1,2,"Tail",0.298276554122463,0.298276554122463,0.0394,0.00275127752144345,0.0602530649228937,FALSE
1000,"Quadratic",NA,NA,1,3,"Uniform",0.000100000000000046,0.000100000000000046,0,0,0.0500000011455023,FALSE
1000,"Quadratic",NA,NA,1,3,"Central",-0.182565066938613,-0.182565066938613,0.072,0.00365557109081468,0.0538267811162567,FALSE
1000,"Quadratic",NA,NA,1,3,"Tail",0.298276554122463,0.298276554122463,0.0338,0.0025556822963741,0.0602530649228937,FALSE
1000,"Quadratic",NA,NA,1,5,"Uniform",0.000100000000000046,0.000100000000000046,0,0,0.0500000011455023,FALSE
1000,"Quadratic",NA,NA,1,5,"Central",-0.182565066938613,-0.182565066938613,0.0624,0.00342070869850094,0.0538267811162567,FALSE
1000,"Quadratic",NA,NA,1,5,"Tail",0.298276554122463,0.298276554122463,0.0396,0.00275796446677618,0.0602530649228937,FALSE
1000,"Quadratic",NA,NA,1,8,"Uniform",0.000100000000000046,0.000100000000000046,0,0,0.0500000011455023,FALSE
1000,"Quadratic",NA,NA,1,8,"Central",-0.182565066938613,-0.182565066938613,0.0618,0.00340531232047811,0.0538267811162567,FALSE
1000,"Quadratic",NA,NA,1,8,"Tail",0.298276554122463,0.298276554122463,0.0404,0.00278452293939195,0.0602530649228937,FALSE
1000,"Quadratic",NA,NA,1.5,1,"Uniform",0.000100000000000046,0.000150000000000069,0,0,0.0500000025773803,FALSE
1000,"Quadratic",NA,NA,1.5,1,"Central",-0.182565066938613,-0.273847600407919,0.0924,0.00409541792739154,0.0586344289023913,FALSE
1000,"Quadratic",NA,NA,1.5,1,"Tail",0.298276554122463,0.447414831183694,0.0248,0.00219931625738546,0.073230855938243,FALSE
1000,"Quadratic",NA,NA,1.5,2,"Uniform",0.000100000000000046,0.000150000000000069,0,0,0.0500000025773803,FALSE
1000,"Quadratic",NA,NA,1.5,2,"Central",-0.182565066938613,-0.273847600407919,0.0764,0.00375667512569293,0.0586344289023913,FALSE
1000,"Quadratic",NA,NA,1.5,2,"Tail",0.298276554122463,0.447414831183694,0.028,0.00233306665142683,0.073230855938243,FALSE
1000,"Quadratic",NA,NA,1.5,3,"Uniform",0.000100000000000046,0.000150000000000069,0,0,0.0500000025773803,FALSE
1000,"Quadratic",NA,NA,1.5,3,"Central",-0.182565066938613,-0.273847600407919,0.0778,0.00378806441339109,0.0586344289023913,FALSE
1000,"Quadratic",NA,NA,1.5,3,"Tail",0.298276554122463,0.447414831183694,0.0292,0.00238106530779817,0.073230855938243,FALSE
1000,"Quadratic",NA,NA,1.5,5,"Uniform",0.000100000000000046,0.000150000000000069,0,0,0.0500000025773803,FALSE
1000,"Quadratic",NA,NA,1.5,5,"Central",-0.182565066938613,-0.273847600407919,0.069,0.00358438279205779,0.0586344289023913,FALSE
1000,"Quadratic",NA,NA,1.5,5,"Tail",0.298276554122463,0.447414831183694,0.0354,0.00261330595223751,0.073230855938243,FALSE
1000,"Quadratic",NA,NA,1.5,8,"Uniform",0.000100000000000046,0.000150000000000069,0,0,0.0500000025773803,FALSE
1000,"Quadratic",NA,NA,1.5,8,"Central",-0.182565066938613,-0.273847600407919,0.0658,0.00350629034736144,0.0586344289023913,FALSE
1000,"Quadratic",NA,NA,1.5,8,"Tail",0.298276554122463,0.447414831183694,0.0368,0.00266254614983478,0.073230855938243,FALSE
1000,"Quadratic",NA,NA,2,1,"Uniform",0.000100000000000046,0.000200000000000092,0,0,0.0500000045820093,FALSE
1000,"Quadratic",NA,NA,2,1,"Central",-0.182565066938613,-0.365130133877225,0.1082,0.00439301172318035,0.0654081616143587,FALSE
1000,"Quadratic",NA,NA,2,1,"Tail",0.298276554122463,0.596553108244926,0.0172,0.00183870389133215,0.091662821447148,FALSE
1000,"Quadratic",NA,NA,2,2,"Uniform",0.000100000000000046,0.000200000000000092,0,0,0.0500000045820093,FALSE
1000,"Quadratic",NA,NA,2,2,"Central",-0.182565066938613,-0.365130133877225,0.0876,0.00399815557476194,0.0654081616143587,FALSE
1000,"Quadratic",NA,NA,2,2,"Tail",0.298276554122463,0.596553108244926,0.0224,0.00209276085590303,0.091662821447148,FALSE
1000,"Quadratic",NA,NA,2,3,"Uniform",0.000100000000000046,0.000200000000000092,0,0,0.0500000045820093,FALSE
1000,"Quadratic",NA,NA,2,3,"Central",-0.182565066938613,-0.365130133877225,0.0822,0.00388440883533132,0.0654081616143587,FALSE
1000,"Quadratic",NA,NA,2,3,"Tail",0.298276554122463,0.596553108244926,0.023,0.00211995282966391,0.091662821447148,FALSE
1000,"Quadratic",NA,NA,2,5,"Uniform",0.000100000000000046,0.000200000000000092,0,0,0.0500000045820093,FALSE
1000,"Quadratic",NA,NA,2,5,"Central",-0.182565066938613,-0.365130133877225,0.0728,0.00367423896882062,0.0654081616143587,FALSE
1000,"Quadratic",NA,NA,2,5,"Tail",0.298276554122463,0.596553108244926,0.0306,0.00243571919563812,0.091662821447148,FALSE
1000,"Quadratic",NA,NA,2,8,"Uniform",0.000100000000000046,0.000200000000000092,0,0,0.0500000045820093,FALSE
1000,"Quadratic",NA,NA,2,8,"Central",-0.182565066938613,-0.365130133877225,0.0642,0.00346636293541227,0.0654081616143587,FALSE
1000,"Quadratic",NA,NA,2,8,"Tail",0.298276554122463,0.596553108244926,0.034,0.0025629670306112,0.091662821447148,FALSE
1000,"Oscillatory",NA,NA,0.5,1,"Uniform",-7.53954689429551e-19,-3.76977344714775e-19,0,0,0.0500000000000001,TRUE
1000,"Oscillatory",NA,NA,0.5,1,"Central",3.47782333417008e-17,1.73891166708504e-17,0.0502,0.00308804015517933,0.0500000000000001,TRUE
1000,"Oscillatory",NA,NA,0.5,1,"Tail",-5.61365292553813e-17,-2.80682646276906e-17,0.0448,0.00292550713552369,0.0500000000000001,TRUE
1000,"Oscillatory",NA,NA,0.5,2,"Uniform",-7.53954689429551e-19,-3.76977344714775e-19,0,0,0.0500000000000001,TRUE
1000,"Oscillatory",NA,NA,0.5,2,"Central",3.47782333417008e-17,1.73891166708504e-17,0.0516,0.00312849612433834,0.0500000000000001,TRUE
1000,"Oscillatory",NA,NA,0.5,2,"Tail",-5.61365292553813e-17,-2.80682646276906e-17,0.0514,0.00312275647465504,0.0500000000000001,TRUE
1000,"Oscillatory",NA,NA,0.5,3,"Uniform",-7.53954689429551e-19,-3.76977344714775e-19,0,0,0.0500000000000001,TRUE
1000,"Oscillatory",NA,NA,0.5,3,"Central",3.47782333417008e-17,1.73891166708504e-17,0.053,0.00316831185333767,0.0500000000000001,TRUE
1000,"Oscillatory",NA,NA,0.5,3,"Tail",-5.61365292553813e-17,-2.80682646276906e-17,0.0504,0.00309385972532693,0.0500000000000001,TRUE
1000,"Oscillatory",NA,NA,0.5,5,"Uniform",-7.53954689429551e-19,-3.76977344714775e-19,0,0,0.0500000000000001,TRUE
1000,"Oscillatory",NA,NA,0.5,5,"Central",3.47782333417008e-17,1.73891166708504e-17,0.049,0.00305283474822991,0.0500000000000001,TRUE
1000,"Oscillatory",NA,NA,0.5,5,"Tail",-5.61365292553813e-17,-2.80682646276906e-17,0.0502,0.00308804015517933,0.0500000000000001,TRUE
1000,"Oscillatory",NA,NA,0.5,8,"Uniform",-7.53954689429551e-19,-3.76977344714775e-19,0,0,0.0500000000000001,TRUE
1000,"Oscillatory",NA,NA,0.5,8,"Central",3.47782333417008e-17,1.73891166708504e-17,0.0538,0.00319078548323136,0.0500000000000001,TRUE
1000,"Oscillatory",NA,NA,0.5,8,"Tail",-5.61365292553813e-17,-2.80682646276906e-17,0.0494,0.0030646252625729,0.0500000000000001,TRUE
1000,"Oscillatory",NA,NA,1,1,"Uniform",-7.53954689429551e-19,-7.53954689429551e-19,0,0,0.0500000000000001,TRUE
1000,"Oscillatory",NA,NA,1,1,"Central",3.47782333417008e-17,3.47782333417008e-17,0.0568,0.00327333957908433,0.0500000000000001,TRUE
1000,"Oscillatory",NA,NA,1,1,"Tail",-5.61365292553813e-17,-5.61365292553813e-17,0.0582,0.003310974478911,0.0500000000000001,TRUE
1000,"Oscillatory",NA,NA,1,2,"Uniform",-7.53954689429551e-19,-7.53954689429551e-19,0,0,0.0500000000000001,TRUE
1000,"Oscillatory",NA,NA,1,2,"Central",3.47782333417008e-17,3.47782333417008e-17,0.0492,0.00305873699425106,0.0500000000000001,TRUE
1000,"Oscillatory",NA,NA,1,2,"Tail",-5.61365292553813e-17,-5.61365292553813e-17,0.0548,0.00321860093829602,0.0500000000000001,TRUE
1000,"Oscillatory",NA,NA,1,3,"Uniform",-7.53954689429551e-19,-7.53954689429551e-19,0,0,0.0500000000000001,TRUE
1000,"Oscillatory",NA,NA,1,3,"Central",3.47782333417008e-17,3.47782333417008e-17,0.0528,0.00316266216975509,0.0500000000000001,TRUE
1000,"Oscillatory",NA,NA,1,3,"Tail",-5.61365292553813e-17,-5.61365292553813e-17,0.0488,0.00304691844328003,0.0500000000000001,TRUE
1000,"Oscillatory",NA,NA,1,5,"Uniform",-7.53954689429551e-19,-7.53954689429551e-19,0,0,0.0500000000000001,TRUE
1000,"Oscillatory",NA,NA,1,5,"Central",3.47782333417008e-17,3.47782333417008e-17,0.0478,0.00301712313305241,0.0500000000000001,TRUE
1000,"Oscillatory",NA,NA,1,5,"Tail",-5.61365292553813e-17,-5.61365292553813e-17,0.0452,0.00293792307591605,0.0500000000000001,TRUE
1000,"Oscillatory",NA,NA,1,8,"Uniform",-7.53954689429551e-19,-7.53954689429551e-19,0,0,0.0500000000000001,TRUE
1000,"Oscillatory",NA,NA,1,8,"Central",3.47782333417008e-17,3.47782333417008e-17,0.0518,0.0031342227106573,0.0500000000000001,TRUE
1000,"Oscillatory",NA,NA,1,8,"Tail",-5.61365292553813e-17,-5.61365292553813e-17,0.048,0.00302311098043059,0.0500000000000001,TRUE
1000,"Oscillatory",NA,NA,1.5,1,"Uniform",-7.53954689429551e-19,-1.13093203414433e-18,0,0,0.0500000000000001,TRUE
1000,"Oscillatory",NA,NA,1.5,1,"Central",3.47782333417008e-17,5.21673500125512e-17,0.0552,0.0032296427046966,0.0500000000000001,TRUE
1000,"Oscillatory",NA,NA,1.5,1,"Tail",-5.61365292553813e-17,-8.42047938830719e-17,0.042,0.00283675871374356,0.0500000000000001,TRUE
1000,"Oscillatory",NA,NA,1.5,2,"Uniform",-7.53954689429551e-19,-1.13093203414433e-18,0,0,0.0500000000000001,TRUE
1000,"Oscillatory",NA,NA,1.5,2,"Central",3.47782333417008e-17,5.21673500125512e-17,0.055,0.0032241277890307,0.0500000000000001,TRUE
1000,"Oscillatory",NA,NA,1.5,2,"Tail",-5.61365292553813e-17,-8.42047938830719e-17,0.0584,0.00331630637909105,0.0500000000000001,TRUE
1000,"Oscillatory",NA,NA,1.5,3,"Uniform",-7.53954689429551e-19,-1.13093203414433e-18,0,0,0.0500000000000001,TRUE
1000,"Oscillatory",NA,NA,1.5,3,"Central",3.47782333417008e-17,5.21673500125512e-17,0.051,0.00311123769583746,0.0500000000000001,TRUE
1000,"Oscillatory",NA,NA,1.5,3,"Tail",-5.61365292553813e-17,-8.42047938830719e-17,0.0504,0.00309385972532693,0.0500000000000001,TRUE
1000,"Oscillatory",NA,NA,1.5,5,"Uniform",-7.53954689429551e-19,-1.13093203414433e-18,0,0,0.0500000000000001,TRUE
1000,"Oscillatory",NA,NA,1.5,5,"Central",3.47782333417008e-17,5.21673500125512e-17,0.0494,0.0030646252625729,0.0500000000000001,TRUE
1000,"Oscillatory",NA,NA,1.5,5,"Tail",-5.61365292553813e-17,-8.42047938830719e-17,0.0508,0.00310545842026584,0.0500000000000001,TRUE
1000,"Oscillatory",NA,NA,1.5,8,"Uniform",-7.53954689429551e-19,-1.13093203414433e-18,0,0,0.0500000000000001,TRUE
1000,"Oscillatory",NA,NA,1.5,8,"Central",3.47782333417008e-17,5.21673500125512e-17,0.0536,0.00318518570887162,0.0500000000000001,TRUE
1000,"Oscillatory",NA,NA,1.5,8,"Tail",-5.61365292553813e-17,-8.42047938830719e-17,0.0492,0.00305873699425106,0.0500000000000001,TRUE
1000,"Oscillatory",NA,NA,2,1,"Uniform",-7.53954689429551e-19,-1.5079093788591e-18,0,0,0.0500000000000001,TRUE
1000,"Oscillatory",NA,NA,2,1,"Central",3.47782333417008e-17,6.95564666834016e-17,0.0528,0.00316266216975509,0.0500000000000001,TRUE
1000,"Oscillatory",NA,NA,2,1,"Tail",-5.61365292553813e-17,-1.12273058510763e-16,0.0446,0.00291927525252416,0.0500000000000001,TRUE
1000,"Oscillatory",NA,NA,2,2,"Uniform",-7.53954689429551e-19,-1.5079093788591e-18,0,0,0.0500000000000001,TRUE
1000,"Oscillatory",NA,NA,2,2,"Central",3.47782333417008e-17,6.95564666834016e-17,0.0526,0.00315699984162179,0.0500000000000001,TRUE
1000,"Oscillatory",NA,NA,2,2,"Tail",-5.61365292553813e-17,-1.12273058510763e-16,0.0542,0.00320194815698193,0.0500000000000001,TRUE
1000,"Oscillatory",NA,NA,2,3,"Uniform",-7.53954689429551e-19,-1.5079093788591e-18,0,0,0.0500000000000001,TRUE
1000,"Oscillatory",NA,NA,2,3,"Central",3.47782333417008e-17,6.95564666834016e-17,0.054,0.00319637294444813,0.0500000000000001,TRUE
1000,"Oscillatory",NA,NA,2,3,"Tail",-5.61365292553813e-17,-1.12273058510763e-16,0.0432,0.00287519599331941,0.0500000000000001,TRUE
1000,"Oscillatory",NA,NA,2,5,"Uniform",-7.53954689429551e-19,-1.5079093788591e-18,0,0,0.0500000000000001,TRUE
1000,"Oscillatory",NA,NA,2,5,"Central",3.47782333417008e-17,6.95564666834016e-17,0.0496,0.00307049963361014,0.0500000000000001,TRUE
1000,"Oscillatory",NA,NA,2,5,"Tail",-5.61365292553813e-17,-1.12273058510763e-16,0.0508,0.00310545842026584,0.0500000000000001,TRUE
1000,"Oscillatory",NA,NA,2,8,"Uniform",-7.53954689429551e-19,-1.5079093788591e-18,0,0,0.0500000000000001,TRUE
1000,"Oscillatory",NA,NA,2,8,"Central",3.47782333417008e-17,6.95564666834016e-17,0.0564,0.00326248494249399,0.0500000000000001,TRUE
1000,"Oscillatory",NA,NA,2,8,"Tail",-5.61365292553813e-17,-1.12273058510763e-16,0.0484,0.00303504332753257,0.0500000000000001,TRUE
1000,"Localized",0.25,0.05,0.5,1,"Uniform",-1.25316985885515e-05,-6.26584929427577e-06,0,0,0.0500000000044974,FALSE
1000,"Localized",0.25,0.05,0.5,1,"Central",0.0125846610430436,0.00629233052152178,0.0498,0.00307636018697421,0.0500045354484228,FALSE
1000,"Localized",0.25,0.05,0.5,1,"Tail",-0.0205735451293947,-0.0102867725646973,0.0458,0.00295642892693195,0.0500121215308438,FALSE
1000,"Localized",0.25,0.05,0.5,2,"Uniform",-1.25316985885515e-05,-6.26584929427577e-06,0,0,0.0500000000044974,FALSE
1000,"Localized",0.25,0.05,0.5,2,"Central",0.0125846610430436,0.00629233052152178,0.0526,0.00315699984162179,0.0500045354484228,FALSE
1000,"Localized",0.25,0.05,0.5,2,"Tail",-0.0205735451293947,-0.0102867725646973,0.0536,0.00318518570887162,0.0500121215308438,FALSE
1000,"Localized",0.25,0.05,0.5,3,"Uniform",-1.25316985885515e-05,-6.26584929427577e-06,0,0,0.0500000000044974,FALSE
1000,"Localized",0.25,0.05,0.5,3,"Central",0.0125846610430436,0.00629233052152178,0.0522,0.00314563697841947,0.0500045354484228,FALSE
1000,"Localized",0.25,0.05,0.5,3,"Tail",-0.0205735451293947,-0.0102867725646973,0.0466,0.00298088711627931,0.0500121215308438,FALSE
1000,"Localized",0.25,0.05,0.5,5,"Uniform",-1.25316985885515e-05,-6.26584929427577e-06,0,0,0.0500000000044974,FALSE
1000,"Localized",0.25,0.05,0.5,5,"Central",0.0125846610430436,0.00629233052152178,0.0514,0.00312275647465504,0.0500045354484228,FALSE
1000,"Localized",0.25,0.05,0.5,5,"Tail",-0.0205735451293947,-0.0102867725646973,0.0502,0.00308804015517933,0.0500121215308438,FALSE
1000,"Localized",0.25,0.05,0.5,8,"Uniform",-1.25316985885515e-05,-6.26584929427577e-06,0,0,0.0500000000044974,FALSE
1000,"Localized",0.25,0.05,0.5,8,"Central",0.0125846610430436,0.00629233052152178,0.0548,0.00321860093829602,0.0500045354484228,FALSE
1000,"Localized",0.25,0.05,0.5,8,"Tail",-0.0205735451293947,-0.0102867725646973,0.0512,0.0031170036894428,0.0500121215308438,FALSE
1000,"Localized",0.25,0.05,1,1,"Uniform",-1.25316985885515e-05,-1.25316985885515e-05,0,0,0.0500000000179894,FALSE
1000,"Localized",0.25,0.05,1,1,"Central",0.0125846610430436,0.0125846610430436,0.0506,0.00309966578843591,0.0500181419447845,FALSE
1000,"Localized",0.25,0.05,1,1,"Tail",-0.0205735451293947,-0.0205735451293947,0.051,0.00311123769583746,0.0500484872024868,FALSE
1000,"Localized",0.25,0.05,1,2,"Uniform",-1.25316985885515e-05,-1.25316985885515e-05,0,0,0.0500000000179894,FALSE
1000,"Localized",0.25,0.05,1,2,"Central",0.0125846610430436,0.0125846610430436,0.0436,0.00288787257336608,0.0500181419447845,FALSE
1000,"Localized",0.25,0.05,1,2,"Tail",-0.0205735451293947,-0.0205735451293947,0.0538,0.00319078548323136,0.0500484872024868,FALSE
1000,"Localized",0.25,0.05,1,3,"Uniform",-1.25316985885515e-05,-1.25316985885515e-05,0,0,0.0500000000179894,FALSE
1000,"Localized",0.25,0.05,1,3,"Central",0.0125846610430436,0.0125846610430436,0.0482,0.00302908435009658,0.0500181419447845,FALSE
1000,"Localized",0.25,0.05,1,3,"Tail",-0.0205735451293947,-0.0205735451293947,0.0544,0.0032075111847038,0.0500484872024868,FALSE
1000,"Localized",0.25,0.05,1,5,"Uniform",-1.25316985885515e-05,-1.25316985885515e-05,0,0,0.0500000000179894,FALSE
1000,"Localized",0.25,0.05,1,5,"Central",0.0125846610430436,0.0125846610430436,0.0486,0.0030409879973456,0.0500181419447845,FALSE
1000,"Localized",0.25,0.05,1,5,"Tail",-0.0205735451293947,-0.0205735451293947,0.0512,0.0031170036894428,0.0500484872024868,FALSE
1000,"Localized",0.25,0.05,1,8,"Uniform",-1.25316985885515e-05,-1.25316985885515e-05,0,0,0.0500000000179894,FALSE
1000,"Localized",0.25,0.05,1,8,"Central",0.0125846610430436,0.0125846610430436,0.055,0.0032241277890307,0.0500181419447845,FALSE
1000,"Localized",0.25,0.05,1,8,"Tail",-0.0205735451293947,-0.0205735451293947,0.061,0.00338464178311383,0.0500484872024868,FALSE
1000,"Localized",0.25,0.05,1.5,1,"Uniform",-1.25316985885515e-05,-1.87975478828273e-05,0,0,0.0500000000404762,FALSE
1000,"Localized",0.25,0.05,1.5,1,"Central",0.0125846610430436,0.0188769915645653,0.0516,0.00312849612433834,0.0500408199423036,FALSE
1000,"Localized",0.25,0.05,1.5,1,"Tail",-0.0205735451293947,-0.030860317694092,0.056,0.00325158422926425,0.0501091002510909,FALSE
1000,"Localized",0.25,0.05,1.5,2,"Uniform",-1.25316985885515e-05,-1.87975478828273e-05,0,0,0.0500000000404762,FALSE
1000,"Localized",0.25,0.05,1.5,2,"Central",0.0125846610430436,0.0188769915645653,0.0534,0.00317957355631223,0.0500408199423036,FALSE
1000,"Localized",0.25,0.05,1.5,2,"Tail",-0.0205735451293947,-0.030860317694092,0.0612,0.00338982477423244,0.0501091002510909,FALSE
1000,"Localized",0.25,0.05,1.5,3,"Uniform",-1.25316985885515e-05,-1.87975478828273e-05,0,0,0.0500000000404762,FALSE
1000,"Localized",0.25,0.05,1.5,3,"Central",0.0125846610430436,0.0188769915645653,0.051,0.00311123769583746,0.0500408199423036,FALSE
1000,"Localized",0.25,0.05,1.5,3,"Tail",-0.0205735451293947,-0.030860317694092,0.0498,0.00307636018697421,0.0501091002510909,FALSE
1000,"Localized",0.25,0.05,1.5,5,"Uniform",-1.25316985885515e-05,-1.87975478828273e-05,0,0,0.0500000000404762,FALSE
1000,"Localized",0.25,0.05,1.5,5,"Central",0.0125846610430436,0.0188769915645653,0.0482,0.00302908435009658,0.0500408199423036,FALSE
1000,"Localized",0.25,0.05,1.5,5,"Tail",-0.0205735451293947,-0.030860317694092,0.056,0.00325158422926425,0.0501091002510909,FALSE
1000,"Localized",0.25,0.05,1.5,8,"Uniform",-1.25316985885515e-05,-1.87975478828273e-05,0,0,0.0500000000404762,FALSE
1000,"Localized",0.25,0.05,1.5,8,"Central",0.0125846610430436,0.0188769915645653,0.0566,0.00326791799162709,0.0500408199423036,FALSE
1000,"Localized",0.25,0.05,1.5,8,"Tail",-0.0205735451293947,-0.030860317694092,0.0544,0.0032075111847038,0.0501091002510909,FALSE
1000,"Localized",0.25,0.05,2,1,"Uniform",-1.25316985885515e-05,-2.50633971771031e-05,0,0,0.0500000000719575,FALSE
1000,"Localized",0.25,0.05,2,1,"Central",0.0125846610430436,0.0251693220860871,0.0502,0.00308804015517933,0.0500725701961394,FALSE
1000,"Localized",0.25,0.05,2,1,"Tail",-0.0205735451293947,-0.0411470902587893,0.0472,0.00299907185642492,0.0501939660663426,FALSE
1000,"Localized",0.25,0.05,2,2,"Uniform",-1.25316985885515e-05,-2.50633971771031e-05,0,0,0.0500000000719575,FALSE
1000,"Localized",0.25,0.05,2,2,"Central",0.0125846610430436,0.0251693220860871,0.0492,0.00305873699425106,0.0500725701961394,FALSE
1000,"Localized",0.25,0.05,2,2,"Tail",-0.0205735451293947,-0.0411470902587893,0.0564,0.00326248494249399,0.0501939660663426,FALSE
1000,"Localized",0.25,0.05,2,3,"Uniform",-1.25316985885515e-05,-2.50633971771031e-05,0,0,0.0500000000719575,FALSE
1000,"Localized",0.25,0.05,2,3,"Central",0.0125846610430436,0.0251693220860871,0.0522,0.00314563697841947,0.0500725701961394,FALSE
1000,"Localized",0.25,0.05,2,3,"Tail",-0.0205735451293947,-0.0411470902587893,0.0514,0.00312275647465504,0.0501939660663426,FALSE
1000,"Localized",0.25,0.05,2,5,"Uniform",-1.25316985885515e-05,-2.50633971771031e-05,0,0,0.0500000000719575,FALSE
1000,"Localized",0.25,0.05,2,5,"Central",0.0125846610430436,0.0251693220860871,0.049,0.00305283474822991,0.0500725701961394,FALSE
1000,"Localized",0.25,0.05,2,5,"Tail",-0.0205735451293947,-0.0411470902587893,0.055,0.0032241277890307,0.0501939660663426,FALSE
1000,"Localized",0.25,0.05,2,8,"Uniform",-1.25316985885515e-05,-2.50633971771031e-05,0,0,0.0500000000719575,FALSE
1000,"Localized",0.25,0.05,2,8,"Central",0.0125846610430436,0.0251693220860871,0.0612,0.00338982477423244,0.0500725701961394,FALSE
1000,"Localized",0.25,0.05,2,8,"Tail",-0.0205735451293947,-0.0411470902587893,0.0486,0.0030409879973456,0.0501939660663426,FALSE
1000,"Localized",0.25,0.1,0.5,1,"Uniform",-2.27124269483238e-05,-1.13562134741619e-05,0,0,0.0500000000147728,FALSE
1000,"Localized",0.25,0.1,0.5,1,"Central",0.0165851897439836,0.00829259487199178,0.0534,0.00317957355631223,0.0500078773286388,FALSE
1000,"Localized",0.25,0.1,0.5,1,"Tail",-0.0271275085762083,-0.0135637542881041,0.0492,0.00305873699425106,0.05002107470007,FALSE
1000,"Localized",0.25,0.1,0.5,2,"Uniform",-2.27124269483238e-05,-1.13562134741619e-05,0,0,0.0500000000147728,FALSE
1000,"Localized",0.25,0.1,0.5,2,"Central",0.0165851897439836,0.00829259487199178,0.0546,0.00321306209090332,0.0500078773286388,FALSE
1000,"Localized",0.25,0.1,0.5,2,"Tail",-0.0271275085762083,-0.0135637542881041,0.057,0.00327874976172321,0.05002107470007,FALSE
1000,"Localized",0.25,0.1,0.5,3,"Uniform",-2.27124269483238e-05,-1.13562134741619e-05,0,0,0.0500000000147728,FALSE
1000,"Localized",0.25,0.1,0.5,3,"Central",0.0165851897439836,0.00829259487199178,0.0536,0.00318518570887162,0.0500078773286388,FALSE
1000,"Localized",0.25,0.1,0.5,3,"Tail",-0.0271275085762083,-0.0135637542881041,0.0498,0.00307636018697421,0.05002107470007,FALSE
1000,"Localized",0.25,0.1,0.5,5,"Uniform",-2.27124269483238e-05,-1.13562134741619e-05,0,0,0.0500000000147728,FALSE
1000,"Localized",0.25,0.1,0.5,5,"Central",0.0165851897439836,0.00829259487199178,0.044,0.00290048271844533,0.0500078773286388,FALSE
1000,"Localized",0.25,0.1,0.5,5,"Tail",-0.0271275085762083,-0.0135637542881041,0.0504,0.00309385972532693,0.05002107470007,FALSE
1000,"Localized",0.25,0.1,0.5,8,"Uniform",-2.27124269483238e-05,-1.13562134741619e-05,0,0,0.0500000000147728,FALSE
1000,"Localized",0.25,0.1,0.5,8,"Central",0.0165851897439836,0.00829259487199178,0.0518,0.0031342227106573,0.0500078773286388,FALSE
1000,"Localized",0.25,0.1,0.5,8,"Tail",-0.0271275085762083,-0.0135637542881041,0.0566,0.00326791799162709,0.05002107470007,FALSE
1000,"Localized",0.25,0.1,1,1,"Uniform",-2.27124269483238e-05,-2.27124269483238e-05,0,0,0.0500000000590913,FALSE
1000,"Localized",0.25,0.1,1,1,"Central",0.0165851897439836,0.0165851897439836,0.053,0.00316831185333767,0.0500315097703187,FALSE
1000,"Localized",0.25,0.1,1,1,"Tail",-0.0271275085762083,-0.0271275085762083,0.05,0.00308220700148449,0.0500843020617354,FALSE
1000,"Localized",0.25,0.1,1,2,"Uniform",-2.27124269483238e-05,-2.27124269483238e-05,0,0,0.0500000000590913,FALSE
1000,"Localized",0.25,0.1,1,2,"Central",0.0165851897439836,0.0165851897439836,0.047,0.00299302522541993,0.0500315097703187,FALSE
1000,"Localized",0.25,0.1,1,2,"Tail",-0.0271275085762083,-0.0271275085762083,0.0526,0.00315699984162179,0.0500843020617354,FALSE
1000,"Localized",0.25,0.1,1,3,"Uniform",-2.27124269483238e-05,-2.27124269483238e-05,0,0,0.0500000000590913,FALSE
1000,"Localized",0.25,0.1,1,3,"Central",0.0165851897439836,0.0165851897439836,0.0534,0.00317957355631223,0.0500315097703187,FALSE
1000,"Localized",0.25,0.1,1,3,"Tail",-0.0271275085762083,-0.0271275085762083,0.0488,0.00304691844328003,0.0500843020617354,FALSE
1000,"Localized",0.25,0.1,1,5,"Uniform",-2.27124269483238e-05,-2.27124269483238e-05,0,0,0.0500000000590913,FALSE
1000,"Localized",0.25,0.1,1,5,"Central",0.0165851897439836,0.0165851897439836,0.0534,0.00317957355631223,0.0500315097703187,FALSE
1000,"Localized",0.25,0.1,1,5,"Tail",-0.0271275085762083,-0.0271275085762083,0.0554,0.00323514574633045,0.0500843020617354,FALSE
1000,"Localized",0.25,0.1,1,8,"Uniform",-2.27124269483238e-05,-2.27124269483238e-05,0,0,0.0500000000590913,FALSE
1000,"Localized",0.25,0.1,1,8,"Central",0.0165851897439836,0.0165851897439836,0.05,0.00308220700148449,0.0500315097703187,FALSE
1000,"Localized",0.25,0.1,1,8,"Tail",-0.0271275085762083,-0.0271275085762083,0.0566,0.00326791799162709,0.0500843020617354,FALSE
1000,"Localized",0.25,0.1,1.5,1,"Uniform",-2.27124269483238e-05,-3.40686404224857e-05,0,0,0.0500000001329553,FALSE
1000,"Localized",0.25,0.1,1.5,1,"Central",0.0165851897439836,0.0248777846159753,0.0516,0.00312849612433834,0.0500708986920069,FALSE
1000,"Localized",0.25,0.1,1.5,1,"Tail",-0.0271275085762083,-0.0406912628643124,0.055,0.0032241277890307,0.0501896918631887,FALSE
1000,"Localized",0.25,0.1,1.5,2,"Uniform",-2.27124269483238e-05,-3.40686404224857e-05,0,0,0.0500000001329553,FALSE
1000,"Localized",0.25,0.1,1.5,2,"Central",0.0165851897439836,0.0248777846159753,0.0448,0.00292550713552369,0.0500708986920069,FALSE
1000,"Localized",0.25,0.1,1.5,2,"Tail",-0.0271275085762083,-0.0406912628643124,0.054,0.00319637294444813,0.0501896918631887,FALSE
1000,"Localized",0.25,0.1,1.5,3,"Uniform",-2.27124269483238e-05,-3.40686404224857e-05,0,0,0.0500000001329553,FALSE
1000,"Localized",0.25,0.1,1.5,3,"Central",0.0165851897439836,0.0248777846159753,0.0536,0.00318518570887162,0.0500708986920069,FALSE
1000,"Localized",0.25,0.1,1.5,3,"Tail",-0.0271275085762083,-0.0406912628643124,0.0562,0.00325704037432759,0.0501896918631887,FALSE
1000,"Localized",0.25,0.1,1.5,5,"Uniform",-2.27124269483238e-05,-3.40686404224857e-05,0,0,0.0500000001329553,FALSE
1000,"Localized",0.25,0.1,1.5,5,"Central",0.0165851897439836,0.0248777846159753,0.0478,0.00301712313305241,0.0500708986920069,FALSE
1000,"Localized",0.25,0.1,1.5,5,"Tail",-0.0271275085762083,-0.0406912628643124,0.06,0.00335857112474933,0.0501896918631887,FALSE
1000,"Localized",0.25,0.1,1.5,8,"Uniform",-2.27124269483238e-05,-3.40686404224857e-05,0,0,0.0500000001329553,FALSE
1000,"Localized",0.25,0.1,1.5,8,"Central",0.0165851897439836,0.0248777846159753,0.0582,0.003310974478911,0.0500708986920069,FALSE
1000,"Localized",0.25,0.1,1.5,8,"Tail",-0.0271275085762083,-0.0406912628643124,0.0516,0.00312849612433834,0.0501896918631887,FALSE
1000,"Localized",0.25,0.1,2,1,"Uniform",-2.27124269483238e-05,-4.54248538966477e-05,0,0,0.050000000236365,FALSE
1000,"Localized",0.25,0.1,2,1,"Central",0.0165851897439836,0.0331703794879671,0.0492,0.00305873699425106,0.0501260463709084,FALSE
1000,"Localized",0.25,0.1,2,1,"Tail",-0.0271275085762083,-0.0542550171524165,0.0514,0.00312275647465504,0.0503372603808433,FALSE
1000,"Localized",0.25,0.1,2,2,"Uniform",-2.27124269483238e-05,-4.54248538966477e-05,0,0,0.050000000236365,FALSE
1000,"Localized",0.25,0.1,2,2,"Central",0.0165851897439836,0.0331703794879671,0.0522,0.00314563697841947,0.0501260463709084,FALSE
1000,"Localized",0.25,0.1,2,2,"Tail",-0.0271275085762083,-0.0542550171524165,0.0524,0.00315132480077824,0.0503372603808433,FALSE
1000,"Localized",0.25,0.1,2,3,"Uniform",-2.27124269483238e-05,-4.54248538966477e-05,0,0,0.050000000236365,FALSE
1000,"Localized",0.25,0.1,2,3,"Central",0.0165851897439836,0.0331703794879671,0.05,0.00308220700148449,0.0501260463709084,FALSE
1000,"Localized",0.25,0.1,2,3,"Tail",-0.0271275085762083,-0.0542550171524165,0.056,0.00325158422926425,0.0503372603808433,FALSE
1000,"Localized",0.25,0.1,2,5,"Uniform",-2.27124269483238e-05,-4.54248538966477e-05,0,0,0.050000000236365,FALSE
1000,"Localized",0.25,0.1,2,5,"Central",0.0165851897439836,0.0331703794879671,0.0466,0.00298088711627931,0.0501260463709084,FALSE
1000,"Localized",0.25,0.1,2,5,"Tail",-0.0271275085762083,-0.0542550171524165,0.059,0.00333223648620562,0.0503372603808433,FALSE
1000,"Localized",0.25,0.1,2,8,"Uniform",-2.27124269483238e-05,-4.54248538966477e-05,0,0,0.050000000236365,FALSE
1000,"Localized",0.25,0.1,2,8,"Central",0.0165851897439836,0.0331703794879671,0.0542,0.00320194815698193,0.0501260463709084,FALSE
1000,"Localized",0.25,0.1,2,8,"Tail",-0.0271275085762083,-0.0542550171524165,0.0566,0.00326791799162709,0.0503372603808433,FALSE
1000,"Localized",0.25,0.2,0.5,1,"Uniform",-2.18959880655235e-05,-1.09479940327618e-05,0,0,0.0500000000137299,FALSE
1000,"Localized",0.25,0.2,0.5,1,"Central",0.0282123738839925,0.0141061869419963,0.055,0.0032241277890307,0.0500227940397899,FALSE
1000,"Localized",0.25,0.2,0.5,1,"Tail",-0.0461080498894961,-0.023054024944748,0.0492,0.00305873699425106,0.0500608843498128,FALSE
1000,"Localized",0.25,0.2,0.5,2,"Uniform",-2.18959880655235e-05,-1.09479940327618e-05,0,0,0.0500000000137299,FALSE
1000,"Localized",0.25,0.2,0.5,2,"Central",0.0282123738839925,0.0141061869419963,0.0524,0.00315132480077824,0.0500227940397899,FALSE
1000,"Localized",0.25,0.2,0.5,2,"Tail",-0.0461080498894961,-0.023054024944748,0.058,0.00330563155841664,0.0500608843498128,FALSE
1000,"Localized",0.25,0.2,0.5,3,"Uniform",-2.18959880655235e-05,-1.09479940327618e-05,0,0,0.0500000000137299,FALSE
1000,"Localized",0.25,0.2,0.5,3,"Central",0.0282123738839925,0.0141061869419963,0.0558,0.00324611644892786,0.0500227940397899,FALSE
1000,"Localized",0.25,0.2,0.5,3,"Tail",-0.0461080498894961,-0.023054024944748,0.0518,0.0031342227106573,0.0500608843498128,FALSE
1000,"Localized",0.25,0.2,0.5,5,"Uniform",-2.18959880655235e-05,-1.09479940327618e-05,0,0,0.0500000000137299,FALSE
1000,"Localized",0.25,0.2,0.5,5,"Central",0.0282123738839925,0.0141061869419963,0.0426,0.00285605462132642,0.0500227940397899,FALSE
1000,"Localized",0.25,0.2,0.5,5,"Tail",-0.0461080498894961,-0.023054024944748,0.0494,0.0030646252625729,0.0500608843498128,FALSE
1000,"Localized",0.25,0.2,0.5,8,"Uniform",-2.18959880655235e-05,-1.09479940327618e-05,0,0,0.0500000000137299,FALSE
1000,"Localized",0.25,0.2,0.5,8,"Central",0.0282123738839925,0.0141061869419963,0.05,0.00308220700148449,0.0500227940397899,FALSE
1000,"Localized",0.25,0.2,0.5,8,"Tail",-0.0461080498894961,-0.023054024944748,0.0508,0.00310545842026584,0.0500608843498128,FALSE
1000,"Localized",0.25,0.2,1,1,"Uniform",-2.18959880655235e-05,-2.18959880655235e-05,0,0,0.0500000000549194,FALSE
1000,"Localized",0.25,0.2,1,1,"Central",0.0282123738839925,0.0282123738839925,0.051,0.00311123769583746,0.0500911799743755,FALSE
1000,"Localized",0.25,0.2,1,1,"Tail",-0.0461080498894961,-0.0461080498894961,0.05,0.00308220700148449,0.0502435646024483,FALSE
1000,"Localized",0.25,0.2,1,2,"Uniform",-2.18959880655235e-05,-2.18959880655235e-05,0,0,0.0500000000549194,FALSE
1000,"Localized",0.25,0.2,1,2,"Central",0.0282123738839925,0.0282123738839925,0.05,0.00308220700148449,0.0500911799743755,FALSE
1000,"Localized",0.25,0.2,1,2,"Tail",-0.0461080498894961,-0.0461080498894961,0.0578,0.00330027756408457,0.0502435646024483,FALSE
1000,"Localized",0.25,0.2,1,3,"Uniform",-2.18959880655235e-05,-2.18959880655235e-05,0,0,0.0500000000549194,FALSE
1000,"Localized",0.25,0.2,1,3,"Central",0.0282123738839925,0.0282123738839925,0.0518,0.0031342227106573,0.0500911799743755,FALSE
1000,"Localized",0.25,0.2,1,3,"Tail",-0.0461080498894961,-0.0461080498894961,0.0536,0.00318518570887162,0.0502435646024483,FALSE
1000,"Localized",0.25,0.2,1,5,"Uniform",-2.18959880655235e-05,-2.18959880655235e-05,0,0,0.0500000000549194,FALSE
1000,"Localized",0.25,0.2,1,5,"Central",0.0282123738839925,0.0282123738839925,0.0442,0.00290676314824583,0.0500911799743755,FALSE
1000,"Localized",0.25,0.2,1,5,"Tail",-0.0461080498894961,-0.0461080498894961,0.0526,0.00315699984162179,0.0502435646024483,FALSE
1000,"Localized",0.25,0.2,1,8,"Uniform",-2.18959880655235e-05,-2.18959880655235e-05,0,0,0.0500000000549194,FALSE
1000,"Localized",0.25,0.2,1,8,"Central",0.0282123738839925,0.0282123738839925,0.0486,0.0030409879973456,0.0500911799743755,FALSE
1000,"Localized",0.25,0.2,1,8,"Tail",-0.0461080498894961,-0.0461080498894961,0.0508,0.00310545842026584,0.0502435646024483,FALSE
1000,"Localized",0.25,0.2,1.5,1,"Uniform",-2.18959880655235e-05,-3.28439820982853e-05,0,0,0.0500000001235685,FALSE
1000,"Localized",0.25,0.2,1.5,1,"Central",0.0282123738839925,0.0423185608259888,0.0422,0.00284320804725929,0.0502051692415944,FALSE
1000,"Localized",0.25,0.2,1.5,1,"Tail",-0.0461080498894961,-0.0691620748342441,0.0542,0.00320194815698193,0.0505481222187061,FALSE
1000,"Localized",0.25,0.2,1.5,2,"Uniform",-2.18959880655235e-05,-3.28439820982853e-05,0,0,0.0500000001235685,FALSE
1000,"Localized",0.25,0.2,1.5,2,"Central",0.0282123738839925,0.0423185608259888,0.0438,0.00289418589589542,0.0502051692415944,FALSE
1000,"Localized",0.25,0.2,1.5,2,"Tail",-0.0461080498894961,-0.0691620748342441,0.0672,0.00354073890593475,0.0505481222187061,FALSE
1000,"Localized",0.25,0.2,1.5,3,"Uniform",-2.18959880655235e-05,-3.28439820982853e-05,0,0,0.0500000001235685,FALSE
1000,"Localized",0.25,0.2,1.5,3,"Central",0.0282123738839925,0.0423185608259888,0.0502,0.00308804015517933,0.0502051692415944,FALSE
1000,"Localized",0.25,0.2,1.5,3,"Tail",-0.0461080498894961,-0.0691620748342441,0.0552,0.0032296427046966,0.0505481222187061,FALSE
1000,"Localized",0.25,0.2,1.5,5,"Uniform",-2.18959880655235e-05,-3.28439820982853e-05,0,0,0.0500000001235685,FALSE
1000,"Localized",0.25,0.2,1.5,5,"Central",0.0282123738839925,0.0423185608259888,0.0386,0.00272433624943765,0.0502051692415944,FALSE
1000,"Localized",0.25,0.2,1.5,5,"Tail",-0.0461080498894961,-0.0691620748342441,0.0554,0.00323514574633045,0.0505481222187061,FALSE
1000,"Localized",0.25,0.2,1.5,8,"Uniform",-2.18959880655235e-05,-3.28439820982853e-05,0,0,0.0500000001235685,FALSE
1000,"Localized",0.25,0.2,1.5,8,"Central",0.0282123738839925,0.0423185608259888,0.053,0.00316831185333767,0.0502051692415944,FALSE
1000,"Localized",0.25,0.2,1.5,8,"Tail",-0.0461080498894961,-0.0691620748342441,0.0578,0.00330027756408457,0.0505481222187061,FALSE
1000,"Localized",0.25,0.2,2,1,"Uniform",-2.18959880655235e-05,-4.3791976131047e-05,0,0,0.0500000002196773,FALSE
1000,"Localized",0.25,0.2,2,1,"Central",0.0282123738839925,0.0564247477679851,0.0476,0.00301112072159188,0.050364780878478,FALSE
1000,"Localized",0.25,0.2,2,1,"Tail",-0.0461080498894961,-0.0922160997789921,0.06,0.00335857112474933,0.0509746924710218,FALSE
1000,"Localized",0.25,0.2,2,2,"Uniform",-2.18959880655235e-05,-4.3791976131047e-05,0,0,0.0500000002196773,FALSE
1000,"Localized",0.25,0.2,2,2,"Central",0.0282123738839925,0.0564247477679851,0.047,0.00299302522541993,0.050364780878478,FALSE
1000,"Localized",0.25,0.2,2,2,"Tail",-0.0461080498894961,-0.0922160997789921,0.0562,0.00325704037432759,0.0509746924710218,FALSE
1000,"Localized",0.25,0.2,2,3,"Uniform",-2.18959880655235e-05,-4.3791976131047e-05,0,0,0.0500000002196773,FALSE
1000,"Localized",0.25,0.2,2,3,"Central",0.0282123738839925,0.0564247477679851,0.0458,0.00295642892693195,0.050364780878478,FALSE
1000,"Localized",0.25,0.2,2,3,"Tail",-0.0461080498894961,-0.0922160997789921,0.051,0.00311123769583746,0.0509746924710218,FALSE
1000,"Localized",0.25,0.2,2,5,"Uniform",-2.18959880655235e-05,-4.3791976131047e-05,0,0,0.0500000002196773,FALSE
1000,"Localized",0.25,0.2,2,5,"Central",0.0282123738839925,0.0564247477679851,0.0448,0.00292550713552369,0.050364780878478,FALSE
1000,"Localized",0.25,0.2,2,5,"Tail",-0.0461080498894961,-0.0922160997789921,0.059,0.00333223648620562,0.0509746924710218,FALSE
1000,"Localized",0.25,0.2,2,8,"Uniform",-2.18959880655235e-05,-4.3791976131047e-05,0,0,0.0500000002196773,FALSE
1000,"Localized",0.25,0.2,2,8,"Central",0.0282123738839925,0.0564247477679851,0.0486,0.0030409879973456,0.050364780878478,FALSE
1000,"Localized",0.25,0.2,2,8,"Tail",-0.0461080498894961,-0.0922160997789921,0.0538,0.00319078548323136,0.0509746924710218,FALSE
1000,"Localized",0.5,0.05,0.5,1,"Uniform",-1.25318872553162e-05,-6.26594362765812e-06,0,0,0.0500000000044975,FALSE
1000,"Localized",0.5,0.05,0.5,1,"Central",0.0554867578687897,0.0277433789343948,0.048,0.00302311098043059,0.0500881735067002,FALSE
1000,"Localized",0.5,0.05,0.5,1,"Tail",-0.0906148658209355,-0.0453074329104678,0.0506,0.00309966578843591,0.0502351783558853,FALSE
1000,"Localized",0.5,0.05,0.5,2,"Uniform",-1.25318872553162e-05,-6.26594362765812e-06,0,0,0.0500000000044975,FALSE
1000,"Localized",0.5,0.05,0.5,2,"Central",0.0554867578687897,0.0277433789343948,0.0462,0.00296868859936505,0.0500881735067002,FALSE
1000,"Localized",0.5,0.05,0.5,2,"Tail",-0.0906148658209355,-0.0453074329104678,0.057,0.00327874976172321,0.0502351783558853,FALSE
1000,"Localized",0.5,0.05,0.5,3,"Uniform",-1.25318872553162e-05,-6.26594362765812e-06,0,0,0.0500000000044975,FALSE
1000,"Localized",0.5,0.05,0.5,3,"Central",0.0554867578687897,0.0277433789343948,0.0494,0.0030646252625729,0.0500881735067002,FALSE
1000,"Localized",0.5,0.05,0.5,3,"Tail",-0.0906148658209355,-0.0453074329104678,0.0456,0.00295027591929975,0.0502351783558853,FALSE
1000,"Localized",0.5,0.05,0.5,5,"Uniform",-1.25318872553162e-05,-6.26594362765812e-06,0,0,0.0500000000044975,FALSE
1000,"Localized",0.5,0.05,0.5,5,"Central",0.0554867578687897,0.0277433789343948,0.0448,0.00292550713552369,0.0500881735067002,FALSE
1000,"Localized",0.5,0.05,0.5,5,"Tail",-0.0906148658209355,-0.0453074329104678,0.05,0.00308220700148449,0.0502351783558853,FALSE
1000,"Localized",0.5,0.05,0.5,8,"Uniform",-1.25318872553162e-05,-6.26594362765812e-06,0,0,0.0500000000044975,FALSE
1000,"Localized",0.5,0.05,0.5,8,"Central",0.0554867578687897,0.0277433789343948,0.0472,0.00299907185642492,0.0500881735067002,FALSE
1000,"Localized",0.5,0.05,0.5,8,"Tail",-0.0906148658209355,-0.0453074329104678,0.0538,0.00319078548323136,0.0502351783558853,FALSE
1000,"Localized",0.5,0.05,1,1,"Uniform",-1.25318872553162e-05,-1.25318872553162e-05,0,0,0.0500000000179899,FALSE
1000,"Localized",0.5,0.05,1,1,"Central",0.0554867578687897,0.0554867578687897,0.0454,0.00294410733499986,0.0503527510554154,FALSE
1000,"Localized",0.5,0.05,1,1,"Tail",-0.0906148658209355,-0.0906148658209355,0.056,0.00325158422926425,0.0509411181638095,FALSE
1000,"Localized",0.5,0.05,1,2,"Uniform",-1.25318872553162e-05,-1.25318872553162e-05,0,0,0.0500000000179899,FALSE
1000,"Localized",0.5,0.05,1,2,"Central",0.0554867578687897,0.0554867578687897,0.0452,0.00293792307591605,0.0503527510554154,FALSE
1000,"Localized",0.5,0.05,1,2,"Tail",-0.0906148658209355,-0.0906148658209355,0.0628,0.00343092290790685,0.0509411181638095,FALSE
1000,"Localized",0.5,0.05,1,3,"Uniform",-1.25318872553162e-05,-1.25318872553162e-05,0,0,0.0500000000179899,FALSE
1000,"Localized",0.5,0.05,1,3,"Central",0.0554867578687897,0.0554867578687897,0.0512,0.0031170036894428,0.0503527510554154,FALSE
1000,"Localized",0.5,0.05,1,3,"Tail",-0.0906148658209355,-0.0906148658209355,0.0492,0.00305873699425106,0.0509411181638095,FALSE
1000,"Localized",0.5,0.05,1,5,"Uniform",-1.25318872553162e-05,-1.25318872553162e-05,0,0,0.0500000000179899,FALSE
1000,"Localized",0.5,0.05,1,5,"Central",0.0554867578687897,0.0554867578687897,0.0418,0.00283029185774188,0.0503527510554154,FALSE
1000,"Localized",0.5,0.05,1,5,"Tail",-0.0906148658209355,-0.0906148658209355,0.0606,0.00337424480439698,0.0509411181638095,FALSE
1000,"Localized",0.5,0.05,1,8,"Uniform",-1.25318872553162e-05,-1.25318872553162e-05,0,0,0.0500000000179899,FALSE
1000,"Localized",0.5,0.05,1,8,"Central",0.0554867578687897,0.0554867578687897,0.0444,0.00291302729132427,0.0503527510554154,FALSE
1000,"Localized",0.5,0.05,1,8,"Tail",-0.0906148658209355,-0.0906148658209355,0.0548,0.00321860093829602,0.0509411181638095,FALSE
1000,"Localized",0.5,0.05,1.5,1,"Uniform",-1.25318872553162e-05,-1.87978308829744e-05,0,0,0.0500000000404774,FALSE
1000,"Localized",0.5,0.05,1.5,1,"Central",0.0554867578687897,0.0832301368031845,0.0398,0.00276463234445378,0.0507939032802147,FALSE
1000,"Localized",0.5,0.05,1.5,1,"Tail",-0.0906148658209355,-0.135922298731403,0.06,0.00335857112474933,0.0521190250888612,FALSE
1000,"Localized",0.5,0.05,1.5,2,"Uniform",-1.25318872553162e-05,-1.87978308829744e-05,0,0,0.0500000000404774,FALSE
1000,"Localized",0.5,0.05,1.5,2,"Central",0.0554867578687897,0.0832301368031845,0.0452,0.00293792307591605,0.0507939032802147,FALSE
1000,"Localized",0.5,0.05,1.5,2,"Tail",-0.0906148658209355,-0.135922298731403,0.0658,0.00350629034736144,0.0521190250888612,FALSE
1000,"Localized",0.5,0.05,1.5,3,"Uniform",-1.25318872553162e-05,-1.87978308829744e-05,0,0,0.0500000000404774,FALSE
1000,"Localized",0.5,0.05,1.5,3,"Central",0.0554867578687897,0.0832301368031845,0.0398,0.00276463234445378,0.0507939032802147,FALSE
1000,"Localized",0.5,0.05,1.5,3,"Tail",-0.0906148658209355,-0.135922298731403,0.0556,0.00324063697442339,0.0521190250888612,FALSE
1000,"Localized",0.5,0.05,1.5,5,"Uniform",-1.25318872553162e-05,-1.87978308829744e-05,0,0,0.0500000000404774,FALSE
1000,"Localized",0.5,0.05,1.5,5,"Central",0.0554867578687897,0.0832301368031845,0.043,0.00286883251515316,0.0507939032802147,FALSE
1000,"Localized",0.5,0.05,1.5,5,"Tail",-0.0906148658209355,-0.135922298731403,0.0508,0.00310545842026584,0.0521190250888612,FALSE
1000,"Localized",0.5,0.05,1.5,8,"Uniform",-1.25318872553162e-05,-1.87978308829744e-05,0,0,0.0500000000404774,FALSE
1000,"Localized",0.5,0.05,1.5,8,"Central",0.0554867578687897,0.0832301368031845,0.0482,0.00302908435009658,0.0507939032802147,FALSE
1000,"Localized",0.5,0.05,1.5,8,"Tail",-0.0906148658209355,-0.135922298731403,0.0616,0.00340015999623547,0.0521190250888612,FALSE
1000,"Localized",0.5,0.05,2,1,"Uniform",-1.25318872553162e-05,-2.50637745106325e-05,0,0,0.0500000000719597,FALSE
1000,"Localized",0.5,0.05,2,1,"Central",0.0554867578687897,0.110973515737579,0.0396,0.00275796446677618,0.0514119130671076,FALSE
1000,"Localized",0.5,0.05,2,1,"Tail",-0.0906148658209355,-0.181229731641871,0.0544,0.0032075111847038,0.0537708801454311,FALSE
1000,"Localized",0.5,0.05,2,2,"Uniform",-1.25318872553162e-05,-2.50637745106325e-05,0,0,0.0500000000719597,FALSE
1000,"Localized",0.5,0.05,2,2,"Central",0.0554867578687897,0.110973515737579,0.0342,0.0025702280054501,0.0514119130671076,FALSE
1000,"Localized",0.5,0.05,2,2,"Tail",-0.0906148658209355,-0.181229731641871,0.0644,0.00347138704266753,0.0537708801454311,FALSE
1000,"Localized",0.5,0.05,2,3,"Uniform",-1.25318872553162e-05,-2.50637745106325e-05,0,0,0.0500000000719597,FALSE
1000,"Localized",0.5,0.05,2,3,"Central",0.0554867578687897,0.110973515737579,0.0416,0.00282380735886852,0.0514119130671076,FALSE
1000,"Localized",0.5,0.05,2,3,"Tail",-0.0906148658209355,-0.181229731641871,0.0568,0.00327333957908433,0.0537708801454311,FALSE
1000,"Localized",0.5,0.05,2,5,"Uniform",-1.25318872553162e-05,-2.50637745106325e-05,0,0,0.0500000000719597,FALSE
1000,"Localized",0.5,0.05,2,5,"Central",0.0554867578687897,0.110973515737579,0.0388,0.00273110087693589,0.0514119130671076,FALSE
1000,"Localized",0.5,0.05,2,5,"Tail",-0.0906148658209355,-0.181229731641871,0.0558,0.00324611644892786,0.0537708801454311,FALSE
1000,"Localized",0.5,0.05,2,8,"Uniform",-1.25318872553162e-05,-2.50637745106325e-05,0,0,0.0500000000719597,FALSE
1000,"Localized",0.5,0.05,2,8,"Central",0.0554867578687897,0.110973515737579,0.0494,0.0030646252625729,0.0514119130671076,FALSE
1000,"Localized",0.5,0.05,2,8,"Tail",-0.0906148658209355,-0.181229731641871,0.0582,0.003310974478911,0.0537708801454311,FALSE
1000,"Localized",0.5,0.1,0.5,1,"Uniform",-2.50633896819888e-05,-1.25316948409944e-05,0,0,0.0500000000179894,FALSE
1000,"Localized",0.5,0.1,0.5,1,"Central",0.100677150567392,0.0503385752836961,0.0468,0.00298696367570816,0.0502903186303343,FALSE
1000,"Localized",0.5,0.1,0.5,1,"Tail",-0.164420039324534,-0.0822100196622668,0.0488,0.00304691844328003,0.0507745523403663,FALSE
1000,"Localized",0.5,0.1,0.5,2,"Uniform",-2.50633896819888e-05,-1.25316948409944e-05,0,0,0.0500000000179894,FALSE
1000,"Localized",0.5,0.1,0.5,2,"Central",0.100677150567392,0.0503385752836961,0.0442,0.00290676314824583,0.0502903186303343,FALSE
1000,"Localized",0.5,0.1,0.5,2,"Tail",-0.164420039324534,-0.0822100196622668,0.0638,0.00345628586780665,0.0507745523403663,FALSE
1000,"Localized",0.5,0.1,0.5,3,"Uniform",-2.50633896819888e-05,-1.25316948409944e-05,0,0,0.0500000000179894,FALSE
1000,"Localized",0.5,0.1,0.5,3,"Central",0.100677150567392,0.0503385752836961,0.0468,0.00298696367570816,0.0502903186303343,FALSE
1000,"Localized",0.5,0.1,0.5,3,"Tail",-0.164420039324534,-0.0822100196622668,0.0552,0.0032296427046966,0.0507745523403663,FALSE
1000,"Localized",0.5,0.1,0.5,5,"Uniform",-2.50633896819888e-05,-1.25316948409944e-05,0,0,0.0500000000179894,FALSE
1000,"Localized",0.5,0.1,0.5,5,"Central",0.100677150567392,0.0503385752836961,0.0454,0.00294410733499986,0.0502903186303343,FALSE
1000,"Localized",0.5,0.1,0.5,5,"Tail",-0.164420039324534,-0.0822100196622668,0.0514,0.00312275647465504,0.0507745523403663,FALSE
1000,"Localized",0.5,0.1,0.5,8,"Uniform",-2.50633896819888e-05,-1.25316948409944e-05,0,0,0.0500000000179894,FALSE
1000,"Localized",0.5,0.1,0.5,8,"Central",0.100677150567392,0.0503385752836961,0.0508,0.00310545842026584,0.0502903186303343,FALSE
1000,"Localized",0.5,0.1,0.5,8,"Tail",-0.164420039324534,-0.0822100196622668,0.0522,0.00314563697841947,0.0507745523403663,FALSE
1000,"Localized",0.5,0.1,1,1,"Uniform",-2.50633896819888e-05,-2.50633896819888e-05,0,0,0.0500000000719576,FALSE
1000,"Localized",0.5,0.1,1,1,"Central",0.100677150567392,0.100677150567392,0.0392,0.0027445713690848,0.0511618907517446,FALSE
1000,"Localized",0.5,0.1,1,1,"Tail",-0.164420039324534,-0.164420039324534,0.0634,0.00344617004803884,0.053102561257984,FALSE
1000,"Localized",0.5,0.1,1,2,"Uniform",-2.50633896819888e-05,-2.50633896819888e-05,0,0,0.0500000000719576,FALSE
1000,"Localized",0.5,0.1,1,2,"Central",0.100677150567392,0.100677150567392,0.0398,0.00276463234445378,0.0511618907517446,FALSE
1000,"Localized",0.5,0.1,1,2,"Tail",-0.164420039324534,-0.164420039324534,0.066,0.00351123909752668,0.053102561257984,FALSE
1000,"Localized",0.5,0.1,1,3,"Uniform",-2.50633896819888e-05,-2.50633896819888e-05,0,0,0.0500000000719576,FALSE
1000,"Localized",0.5,0.1,1,3,"Central",0.100677150567392,0.100677150567392,0.0424,0.00284963997726029,0.0511618907517446,FALSE
1000,"Localized",0.5,0.1,1,3,"Tail",-0.164420039324534,-0.164420039324534,0.0536,0.00318518570887162,0.053102561257984,FALSE
1000,"Localized",0.5,0.1,1,5,"Uniform",-2.50633896819888e-05,-2.50633896819888e-05,0,0,0.0500000000719576,FALSE
1000,"Localized",0.5,0.1,1,5,"Central",0.100677150567392,0.100677150567392,0.0396,0.00275796446677618,0.0511618907517446,FALSE
1000,"Localized",0.5,0.1,1,5,"Tail",-0.164420039324534,-0.164420039324534,0.0568,0.00327333957908433,0.053102561257984,FALSE
1000,"Localized",0.5,0.1,1,8,"Uniform",-2.50633896819888e-05,-2.50633896819888e-05,0,0,0.0500000000719576,FALSE
1000,"Localized",0.5,0.1,1,8,"Central",0.100677150567392,0.100677150567392,0.0458,0.00295642892693195,0.0511618907517446,FALSE
1000,"Localized",0.5,0.1,1,8,"Tail",-0.164420039324534,-0.164420039324534,0.0616,0.00340015999623547,0.053102561257984,FALSE
1000,"Localized",0.5,0.1,1.5,1,"Uniform",-2.50633896819888e-05,-3.75950845229833e-05,0,0,0.0500000001619043,FALSE
1000,"Localized",0.5,0.1,1.5,1,"Central",0.100677150567392,0.151015725851088,0.04,0.0027712812921102,0.0526165489722555,FALSE
1000,"Localized",0.5,0.1,1.5,1,"Tail",-0.164420039324534,-0.2466300589868,0.0582,0.003310974478911,0.0569967789714435,FALSE
1000,"Localized",0.5,0.1,1.5,2,"Uniform",-2.50633896819888e-05,-3.75950845229833e-05,0,0,0.0500000001619043,FALSE
1000,"Localized",0.5,0.1,1.5,2,"Central",0.100677150567392,0.151015725851088,0.0404,0.00278452293939195,0.0526165489722555,FALSE
1000,"Localized",0.5,0.1,1.5,2,"Tail",-0.164420039324534,-0.2466300589868,0.0712,0.00363677219523027,0.0569967789714435,FALSE
1000,"Localized",0.5,0.1,1.5,3,"Uniform",-2.50633896819888e-05,-3.75950845229833e-05,0,0,0.0500000001619043,FALSE
1000,"Localized",0.5,0.1,1.5,3,"Central",0.100677150567392,0.151015725851088,0.038,0.0027039230758289,0.0526165489722555,FALSE
1000,"Localized",0.5,0.1,1.5,3,"Tail",-0.164420039324534,-0.2466300589868,0.067,0.00353584501922808,0.0569967789714435,FALSE
1000,"Localized",0.5,0.1,1.5,5,"Uniform",-2.50633896819888e-05,-3.75950845229833e-05,0,0,0.0500000001619043,FALSE
1000,"Localized",0.5,0.1,1.5,5,"Central",0.100677150567392,0.151015725851088,0.0376,0.00269021337443705,0.0526165489722555,FALSE
1000,"Localized",0.5,0.1,1.5,5,"Tail",-0.164420039324534,-0.2466300589868,0.0644,0.00347138704266753,0.0569967789714435,FALSE
1000,"Localized",0.5,0.1,1.5,8,"Uniform",-2.50633896819888e-05,-3.75950845229833e-05,0,0,0.0500000001619043,FALSE
1000,"Localized",0.5,0.1,1.5,8,"Central",0.100677150567392,0.151015725851088,0.0376,0.00269021337443705,0.0526165489722555,FALSE
1000,"Localized",0.5,0.1,1.5,8,"Tail",-0.164420039324534,-0.2466300589868,0.0626,0.00342582077756557,0.0569967789714435,FALSE
1000,"Localized",0.5,0.1,2,1,"Uniform",-2.50633896819888e-05,-5.01267793639777e-05,0,0,0.0500000002878298,FALSE
1000,"Localized",0.5,0.1,2,1,"Central",0.100677150567392,0.201354301134784,0.0286,0.0023572034277932,0.0546572942405795,FALSE
1000,"Localized",0.5,0.1,2,1,"Tail",-0.164420039324534,-0.328840078649067,0.0698,0.00360355269144216,0.0624774583226576,FALSE
1000,"Localized",0.5,0.1,2,2,"Uniform",-2.50633896819888e-05,-5.01267793639777e-05,0,0,0.0500000002878298,FALSE
1000,"Localized",0.5,0.1,2,2,"Central",0.100677150567392,0.201354301134784,0.0376,0.00269021337443705,0.0546572942405795,FALSE
1000,"Localized",0.5,0.1,2,2,"Tail",-0.164420039324534,-0.328840078649067,0.0724,0.00366492128155572,0.0624774583226576,FALSE
1000,"Localized",0.5,0.1,2,3,"Uniform",-2.50633896819888e-05,-5.01267793639777e-05,0,0,0.0500000002878298,FALSE
1000,"Localized",0.5,0.1,2,3,"Central",0.100677150567392,0.201354301134784,0.0314,0.00246633493264804,0.0546572942405795,FALSE
1000,"Localized",0.5,0.1,2,3,"Tail",-0.164420039324534,-0.328840078649067,0.0696,0.00359877312427444,0.0624774583226576,FALSE
1000,"Localized",0.5,0.1,2,5,"Uniform",-2.50633896819888e-05,-5.01267793639777e-05,0,0,0.0500000002878298,FALSE
1000,"Localized",0.5,0.1,2,5,"Central",0.100677150567392,0.201354301134784,0.0354,0.00261330595223751,0.0546572942405795,FALSE
1000,"Localized",0.5,0.1,2,5,"Tail",-0.164420039324534,-0.328840078649067,0.06,0.00335857112474933,0.0624774583226576,FALSE
1000,"Localized",0.5,0.1,2,8,"Uniform",-2.50633896819888e-05,-5.01267793639777e-05,0,0,0.0500000002878298,FALSE
1000,"Localized",0.5,0.1,2,8,"Central",0.100677150567392,0.201354301134784,0.0364,0.00264858603787002,0.0546572942405795,FALSE
1000,"Localized",0.5,0.1,2,8,"Tail",-0.164420039324534,-0.328840078649067,0.0642,0.00346636293541227,0.0624774583226576,FALSE
1000,"Localized",0.5,0.2,0.5,1,"Uniform",-4.51126633094548e-05,-2.25563316547274e-05,0,0,0.0500000000582819,FALSE
1000,"Localized",0.5,0.2,0.5,1,"Central",0.127129858337826,0.0635649291689132,0.0448,0.00292550713552369,0.050462971190307,FALSE
1000,"Localized",0.5,0.2,0.5,1,"Tail",-0.207651156137219,-0.103825578068609,0.0602,0.00336380617753164,0.0512357528846404,FALSE
1000,"Localized",0.5,0.2,0.5,2,"Uniform",-4.51126633094548e-05,-2.25563316547274e-05,0,0,0.0500000000582819,FALSE
1000,"Localized",0.5,0.2,0.5,2,"Central",0.127129858337826,0.0635649291689132,0.0384,0.00271755183943195,0.050462971190307,FALSE
1000,"Localized",0.5,0.2,0.5,2,"Tail",-0.207651156137219,-0.103825578068609,0.0618,0.00340531232047811,0.0512357528846404,FALSE
1000,"Localized",0.5,0.2,0.5,3,"Uniform",-4.51126633094548e-05,-2.25563316547274e-05,0,0,0.0500000000582819,FALSE
1000,"Localized",0.5,0.2,0.5,3,"Central",0.127129858337826,0.0635649291689132,0.0458,0.00295642892693195,0.050462971190307,FALSE
1000,"Localized",0.5,0.2,0.5,3,"Tail",-0.207651156137219,-0.103825578068609,0.0588,0.00332693733033852,0.0512357528846404,FALSE
1000,"Localized",0.5,0.2,0.5,5,"Uniform",-4.51126633094548e-05,-2.25563316547274e-05,0,0,0.0500000000582819,FALSE
1000,"Localized",0.5,0.2,0.5,5,"Central",0.127129858337826,0.0635649291689132,0.0482,0.00302908435009658,0.050462971190307,FALSE
1000,"Localized",0.5,0.2,0.5,5,"Tail",-0.207651156137219,-0.103825578068609,0.0502,0.00308804015517933,0.0512357528846404,FALSE
1000,"Localized",0.5,0.2,0.5,8,"Uniform",-4.51126633094548e-05,-2.25563316547274e-05,0,0,0.0500000000582819,FALSE
1000,"Localized",0.5,0.2,0.5,8,"Central",0.127129858337826,0.0635649291689132,0.0436,0.00288787257336608,0.050462971190307,FALSE
1000,"Localized",0.5,0.2,0.5,8,"Tail",-0.207651156137219,-0.103825578068609,0.0614,0.00339499749631719,0.0512357528846404,FALSE
1000,"Localized",0.5,0.2,1,1,"Uniform",-4.51126633094548e-05,-4.51126633094548e-05,0,0,0.0500000002331273,FALSE
1000,"Localized",0.5,0.2,1,1,"Central",0.127129858337826,0.127129858337826,0.037,0.00266949433413896,0.0518534474924345,FALSE
1000,"Localized",0.5,0.2,1,1,"Tail",-0.207651156137219,-0.207651156137219,0.0642,0.00346636293541227,0.0549540060876024,FALSE
1000,"Localized",0.5,0.2,1,2,"Uniform",-4.51126633094548e-05,-4.51126633094548e-05,0,0,0.0500000002331273,FALSE
1000,"Localized",0.5,0.2,1,2,"Central",0.127129858337826,0.127129858337826,0.044,0.00290048271844533,0.0518534474924345,FALSE
1000,"Localized",0.5,0.2,1,2,"Tail",-0.207651156137219,-0.207651156137219,0.06,0.00335857112474933,0.0549540060876024,FALSE
1000,"Localized",0.5,0.2,1,3,"Uniform",-4.51126633094548e-05,-4.51126633094548e-05,0,0,0.0500000002331273,FALSE
1000,"Localized",0.5,0.2,1,3,"Central",0.127129858337826,0.127129858337826,0.0444,0.00291302729132427,0.0518534474924345,FALSE
1000,"Localized",0.5,0.2,1,3,"Tail",-0.207651156137219,-0.207651156137219,0.0624,0.00342070869850094,0.0549540060876024,FALSE
1000,"Localized",0.5,0.2,1,5,"Uniform",-4.51126633094548e-05,-4.51126633094548e-05,0,0,0.0500000002331273,FALSE
1000,"Localized",0.5,0.2,1,5,"Central",0.127129858337826,0.127129858337826,0.0344,0.00257746542168852,0.0518534474924345,FALSE
1000,"Localized",0.5,0.2,1,5,"Tail",-0.207651156137219,-0.207651156137219,0.063,0.00343601513384327,0.0549540060876024,FALSE
1000,"Localized",0.5,0.2,1,8,"Uniform",-4.51126633094548e-05,-4.51126633094548e-05,0,0,0.0500000002331273,FALSE
1000,"Localized",0.5,0.2,1,8,"Central",0.127129858337826,0.127129858337826,0.0388,0.00273110087693589,0.0518534474924345,FALSE
1000,"Localized",0.5,0.2,1,8,"Tail",-0.207651156137219,-0.207651156137219,0.0646,0.00347640158784914,0.0549540060876024,FALSE
1000,"Localized",0.5,0.2,1.5,1,"Uniform",-4.51126633094548e-05,-6.76689949641822e-05,0,0,0.0500000005245362,FALSE
1000,"Localized",0.5,0.2,1.5,1,"Central",0.127129858337826,0.19069478750674,0.0292,0.00238106530779817,0.0541760520244724,FALSE
1000,"Localized",0.5,0.2,1.5,1,"Tail",-0.207651156137219,-0.311476734205828,0.0776,0.00378360251612137,0.0611865183394184,FALSE
1000,"Localized",0.5,0.2,1.5,2,"Uniform",-4.51126633094548e-05,-6.76689949641822e-05,0,0,0.0500000005245362,FALSE
1000,"Localized",0.5,0.2,1.5,2,"Central",0.127129858337826,0.19069478750674,0.0346,0.0025846794772273,0.0541760520244724,FALSE
1000,"Localized",0.5,0.2,1.5,2,"Tail",-0.207651156137219,-0.311476734205828,0.0796,0.00382789341544406,0.0611865183394184,FALSE
1000,"Localized",0.5,0.2,1.5,3,"Uniform",-4.51126633094548e-05,-6.76689949641822e-05,0,0,0.0500000005245362,FALSE
1000,"Localized",0.5,0.2,1.5,3,"Central",0.127129858337826,0.19069478750674,0.0352,0.00260618341641566,0.0541760520244724,FALSE
1000,"Localized",0.5,0.2,1.5,3,"Tail",-0.207651156137219,-0.311476734205828,0.0752,0.00372947610261817,0.0611865183394184,FALSE
1000,"Localized",0.5,0.2,1.5,5,"Uniform",-4.51126633094548e-05,-6.76689949641822e-05,0,0,0.0500000005245362,FALSE
1000,"Localized",0.5,0.2,1.5,5,"Central",0.127129858337826,0.19069478750674,0.0368,0.00266254614983478,0.0541760520244724,FALSE
1000,"Localized",0.5,0.2,1.5,5,"Tail",-0.207651156137219,-0.311476734205828,0.0676,0.0035504996831432,0.0611865183394184,FALSE
1000,"Localized",0.5,0.2,1.5,8,"Uniform",-4.51126633094548e-05,-6.76689949641822e-05,0,0,0.0500000005245362,FALSE
1000,"Localized",0.5,0.2,1.5,8,"Central",0.127129858337826,0.19069478750674,0.0386,0.00272433624943765,0.0541760520244724,FALSE
1000,"Localized",0.5,0.2,1.5,8,"Tail",-0.207651156137219,-0.311476734205828,0.065,0.00348640215695206,0.0611865183394184,FALSE
1000,"Localized",0.5,0.2,2,1,"Uniform",-4.51126633094548e-05,-9.02253266189096e-05,0,0,0.0500000009325087,FALSE
1000,"Localized",0.5,0.2,2,1,"Central",0.127129858337826,0.254259716675653,0.0268,0.00228393344911799,0.0574382744374089,FALSE
1000,"Localized",0.5,0.2,2,1,"Tail",-0.207651156137219,-0.415302312274438,0.0828,0.00389728520896277,0.0699822068472973,FALSE
1000,"Localized",0.5,0.2,2,2,"Uniform",-4.51126633094548e-05,-9.02253266189096e-05,0,0,0.0500000009325087,FALSE
1000,"Localized",0.5,0.2,2,2,"Central",0.127129858337826,0.254259716675653,0.0304,0.00242799670510485,0.0574382744374089,FALSE
1000,"Localized",0.5,0.2,2,2,"Tail",-0.207651156137219,-0.415302312274438,0.086,0.00396494640569075,0.0699822068472973,FALSE
1000,"Localized",0.5,0.2,2,3,"Uniform",-4.51126633094548e-05,-9.02253266189096e-05,0,0,0.0500000009325087,FALSE
1000,"Localized",0.5,0.2,2,3,"Central",0.127129858337826,0.254259716675653,0.029,0.00237314137800511,0.0574382744374089,FALSE
1000,"Localized",0.5,0.2,2,3,"Tail",-0.207651156137219,-0.415302312274438,0.0808,0.00385412402498934,0.0699822068472973,FALSE
1000,"Localized",0.5,0.2,2,5,"Uniform",-4.51126633094548e-05,-9.02253266189096e-05,0,0,0.0500000009325087,FALSE
1000,"Localized",0.5,0.2,2,5,"Central",0.127129858337826,0.254259716675653,0.0328,0.00251889499582654,0.0574382744374089,FALSE
1000,"Localized",0.5,0.2,2,5,"Tail",-0.207651156137219,-0.415302312274438,0.0618,0.00340531232047811,0.0699822068472973,FALSE
1000,"Localized",0.5,0.2,2,8,"Uniform",-4.51126633094548e-05,-9.02253266189096e-05,0,0,0.0500000009325087,FALSE
1000,"Localized",0.5,0.2,2,8,"Central",0.127129858337826,0.254259716675653,0.037,0.00266949433413896,0.0574382744374089,FALSE
1000,"Localized",0.5,0.2,2,8,"Tail",-0.207651156137219,-0.415302312274438,0.0658,0.00350629034736144,0.0699822068472973,FALSE
1000,"Localized",0.75,0.05,0.5,1,"Uniform",-1.2531698588551e-05,-6.2658492942755e-06,0,0,0.0500000000044974,FALSE
1000,"Localized",0.75,0.05,0.5,1,"Central",0.0125846610430436,0.00629233052152178,0.0594,0.00334280241713446,0.0500045354484228,FALSE
1000,"Localized",0.75,0.05,0.5,1,"Tail",-0.0205735451293947,-0.0102867725646973,0.0486,0.0030409879973456,0.0500121215308438,FALSE
1000,"Localized",0.75,0.05,0.5,2,"Uniform",-1.2531698588551e-05,-6.2658492942755e-06,0,0,0.0500000000044974,FALSE
1000,"Localized",0.75,0.05,0.5,2,"Central",0.0125846610430436,0.00629233052152178,0.058,0.00330563155841664,0.0500045354484228,FALSE
1000,"Localized",0.75,0.05,0.5,2,"Tail",-0.0205735451293947,-0.0102867725646973,0.0554,0.00323514574633045,0.0500121215308438,FALSE
1000,"Localized",0.75,0.05,0.5,3,"Uniform",-1.2531698588551e-05,-6.2658492942755e-06,0,0,0.0500000000044974,FALSE
1000,"Localized",0.75,0.05,0.5,3,"Central",0.0125846610430436,0.00629233052152178,0.047,0.00299302522541993,0.0500045354484228,FALSE
1000,"Localized",0.75,0.05,0.5,3,"Tail",-0.0205735451293947,-0.0102867725646973,0.0518,0.0031342227106573,0.0500121215308438,FALSE
1000,"Localized",0.75,0.05,0.5,5,"Uniform",-1.2531698588551e-05,-6.2658492942755e-06,0,0,0.0500000000044974,FALSE
1000,"Localized",0.75,0.05,0.5,5,"Central",0.0125846610430436,0.00629233052152178,0.0446,0.00291927525252416,0.0500045354484228,FALSE
1000,"Localized",0.75,0.05,0.5,5,"Tail",-0.0205735451293947,-0.0102867725646973,0.0516,0.00312849612433834,0.0500121215308438,FALSE
1000,"Localized",0.75,0.05,0.5,8,"Uniform",-1.2531698588551e-05,-6.2658492942755e-06,0,0,0.0500000000044974,FALSE
1000,"Localized",0.75,0.05,0.5,8,"Central",0.0125846610430436,0.00629233052152178,0.0496,0.00307049963361014,0.0500045354484228,FALSE
1000,"Localized",0.75,0.05,0.5,8,"Tail",-0.0205735451293947,-0.0102867725646973,0.0566,0.00326791799162709,0.0500121215308438,FALSE
1000,"Localized",0.75,0.05,1,1,"Uniform",-1.2531698588551e-05,-1.2531698588551e-05,0,0,0.0500000000179894,FALSE
1000,"Localized",0.75,0.05,1,1,"Central",0.0125846610430436,0.0125846610430436,0.052,0.00313993630508646,0.0500181419447845,FALSE
1000,"Localized",0.75,0.05,1,1,"Tail",-0.0205735451293947,-0.0205735451293947,0.0504,0.00309385972532693,0.0500484872024868,FALSE
1000,"Localized",0.75,0.05,1,2,"Uniform",-1.2531698588551e-05,-1.2531698588551e-05,0,0,0.0500000000179894,FALSE
1000,"Localized",0.75,0.05,1,2,"Central",0.0125846610430436,0.0125846610430436,0.048,0.00302311098043059,0.0500181419447845,FALSE
1000,"Localized",0.75,0.05,1,2,"Tail",-0.0205735451293947,-0.0205735451293947,0.0572,0.00328414859590732,0.0500484872024868,FALSE
1000,"Localized",0.75,0.05,1,3,"Uniform",-1.2531698588551e-05,-1.2531698588551e-05,0,0,0.0500000000179894,FALSE
1000,"Localized",0.75,0.05,1,3,"Central",0.0125846610430436,0.0125846610430436,0.0544,0.0032075111847038,0.0500181419447845,FALSE
1000,"Localized",0.75,0.05,1,3,"Tail",-0.0205735451293947,-0.0205735451293947,0.0556,0.00324063697442339,0.0500484872024868,FALSE
1000,"Localized",0.75,0.05,1,5,"Uniform",-1.2531698588551e-05,-1.2531698588551e-05,0,0,0.0500000000179894,FALSE
1000,"Localized",0.75,0.05,1,5,"Central",0.0125846610430436,0.0125846610430436,0.053,0.00316831185333767,0.0500181419447845,FALSE
1000,"Localized",0.75,0.05,1,5,"Tail",-0.0205735451293947,-0.0205735451293947,0.048,0.00302311098043059,0.0500484872024868,FALSE
1000,"Localized",0.75,0.05,1,8,"Uniform",-1.2531698588551e-05,-1.2531698588551e-05,0,0,0.0500000000179894,FALSE
1000,"Localized",0.75,0.05,1,8,"Central",0.0125846610430436,0.0125846610430436,0.0484,0.00303504332753257,0.0500181419447845,FALSE
1000,"Localized",0.75,0.05,1,8,"Tail",-0.0205735451293947,-0.0205735451293947,0.0542,0.00320194815698193,0.0500484872024868,FALSE
1000,"Localized",0.75,0.05,1.5,1,"Uniform",-1.2531698588551e-05,-1.87975478828265e-05,0,0,0.0500000000404762,FALSE
1000,"Localized",0.75,0.05,1.5,1,"Central",0.0125846610430436,0.0188769915645654,0.0538,0.00319078548323136,0.0500408199423036,FALSE
1000,"Localized",0.75,0.05,1.5,1,"Tail",-0.0205735451293947,-0.030860317694092,0.0504,0.00309385972532693,0.0501091002510909,FALSE
1000,"Localized",0.75,0.05,1.5,2,"Uniform",-1.2531698588551e-05,-1.87975478828265e-05,0,0,0.0500000000404762,FALSE
1000,"Localized",0.75,0.05,1.5,2,"Central",0.0125846610430436,0.0188769915645654,0.0506,0.00309966578843591,0.0500408199423036,FALSE
1000,"Localized",0.75,0.05,1.5,2,"Tail",-0.0205735451293947,-0.030860317694092,0.0638,0.00345628586780665,0.0501091002510909,FALSE
1000,"Localized",0.75,0.05,1.5,3,"Uniform",-1.2531698588551e-05,-1.87975478828265e-05,0,0,0.0500000000404762,FALSE
1000,"Localized",0.75,0.05,1.5,3,"Central",0.0125846610430436,0.0188769915645654,0.0538,0.00319078548323136,0.0500408199423036,FALSE
1000,"Localized",0.75,0.05,1.5,3,"Tail",-0.0205735451293947,-0.030860317694092,0.0568,0.00327333957908433,0.0501091002510909,FALSE
1000,"Localized",0.75,0.05,1.5,5,"Uniform",-1.2531698588551e-05,-1.87975478828265e-05,0,0,0.0500000000404762,FALSE
1000,"Localized",0.75,0.05,1.5,5,"Central",0.0125846610430436,0.0188769915645654,0.0478,0.00301712313305241,0.0500408199423036,FALSE
1000,"Localized",0.75,0.05,1.5,5,"Tail",-0.0205735451293947,-0.030860317694092,0.0504,0.00309385972532693,0.0501091002510909,FALSE
1000,"Localized",0.75,0.05,1.5,8,"Uniform",-1.2531698588551e-05,-1.87975478828265e-05,0,0,0.0500000000404762,FALSE
1000,"Localized",0.75,0.05,1.5,8,"Central",0.0125846610430436,0.0188769915645654,0.0518,0.0031342227106573,0.0500408199423036,FALSE
1000,"Localized",0.75,0.05,1.5,8,"Tail",-0.0205735451293947,-0.030860317694092,0.0488,0.00304691844328003,0.0501091002510909,FALSE
1000,"Localized",0.75,0.05,2,1,"Uniform",-1.2531698588551e-05,-2.5063397177102e-05,0,0,0.0500000000719575,FALSE
1000,"Localized",0.75,0.05,2,1,"Central",0.0125846610430436,0.0251693220860871,0.0556,0.00324063697442339,0.0500725701961394,FALSE
1000,"Localized",0.75,0.05,2,1,"Tail",-0.0205735451293947,-0.0411470902587893,0.053,0.00316831185333767,0.0501939660663426,FALSE
1000,"Localized",0.75,0.05,2,2,"Uniform",-1.2531698588551e-05,-2.5063397177102e-05,0,0,0.0500000000719575,FALSE
1000,"Localized",0.75,0.05,2,2,"Central",0.0125846610430436,0.0251693220860871,0.0522,0.00314563697841947,0.0500725701961394,FALSE
1000,"Localized",0.75,0.05,2,2,"Tail",-0.0205735451293947,-0.0411470902587893,0.0588,0.00332693733033852,0.0501939660663426,FALSE
1000,"Localized",0.75,0.05,2,3,"Uniform",-1.2531698588551e-05,-2.5063397177102e-05,0,0,0.0500000000719575,FALSE
1000,"Localized",0.75,0.05,2,3,"Central",0.0125846610430436,0.0251693220860871,0.048,0.00302311098043059,0.0500725701961394,FALSE
1000,"Localized",0.75,0.05,2,3,"Tail",-0.0205735451293947,-0.0411470902587893,0.0554,0.00323514574633045,0.0501939660663426,FALSE
1000,"Localized",0.75,0.05,2,5,"Uniform",-1.2531698588551e-05,-2.5063397177102e-05,0,0,0.0500000000719575,FALSE
1000,"Localized",0.75,0.05,2,5,"Central",0.0125846610430436,0.0251693220860871,0.0518,0.0031342227106573,0.0500725701961394,FALSE
1000,"Localized",0.75,0.05,2,5,"Tail",-0.0205735451293947,-0.0411470902587893,0.059,0.00333223648620562,0.0501939660663426,FALSE
1000,"Localized",0.75,0.05,2,8,"Uniform",-1.2531698588551e-05,-2.5063397177102e-05,0,0,0.0500000000719575,FALSE
1000,"Localized",0.75,0.05,2,8,"Central",0.0125846610430436,0.0251693220860871,0.0506,0.00309966578843591,0.0500725701961394,FALSE
1000,"Localized",0.75,0.05,2,8,"Tail",-0.0205735451293947,-0.0411470902587893,0.0544,0.0032075111847038,0.0501939660663426,FALSE
1000,"Localized",0.75,0.1,0.5,1,"Uniform",-2.27124269483004e-05,-1.13562134741502e-05,0,0,0.0500000000147728,FALSE
1000,"Localized",0.75,0.1,0.5,1,"Central",0.0165851897439836,0.00829259487199179,0.0452,0.00293792307591605,0.0500078773286388,FALSE
1000,"Localized",0.75,0.1,0.5,1,"Tail",-0.0271275085762082,-0.0135637542881041,0.0564,0.00326248494249399,0.05002107470007,FALSE
1000,"Localized",0.75,0.1,0.5,2,"Uniform",-2.27124269483004e-05,-1.13562134741502e-05,0,0,0.0500000000147728,FALSE
1000,"Localized",0.75,0.1,0.5,2,"Central",0.0165851897439836,0.00829259487199179,0.048,0.00302311098043059,0.0500078773286388,FALSE
1000,"Localized",0.75,0.1,0.5,2,"Tail",-0.0271275085762082,-0.0135637542881041,0.0548,0.00321860093829602,0.05002107470007,FALSE
1000,"Localized",0.75,0.1,0.5,3,"Uniform",-2.27124269483004e-05,-1.13562134741502e-05,0,0,0.0500000000147728,FALSE
1000,"Localized",0.75,0.1,0.5,3,"Central",0.0165851897439836,0.00829259487199179,0.052,0.00313993630508646,0.0500078773286388,FALSE
1000,"Localized",0.75,0.1,0.5,3,"Tail",-0.0271275085762082,-0.0135637542881041,0.0466,0.00298088711627931,0.05002107470007,FALSE
1000,"Localized",0.75,0.1,0.5,5,"Uniform",-2.27124269483004e-05,-1.13562134741502e-05,0,0,0.0500000000147728,FALSE
1000,"Localized",0.75,0.1,0.5,5,"Central",0.0165851897439836,0.00829259487199179,0.0492,0.00305873699425106,0.0500078773286388,FALSE
1000,"Localized",0.75,0.1,0.5,5,"Tail",-0.0271275085762082,-0.0135637542881041,0.052,0.00313993630508646,0.05002107470007,FALSE
1000,"Localized",0.75,0.1,0.5,8,"Uniform",-2.27124269483004e-05,-1.13562134741502e-05,0,0,0.0500000000147728,FALSE
1000,"Localized",0.75,0.1,0.5,8,"Central",0.0165851897439836,0.00829259487199179,0.047,0.00299302522541993,0.0500078773286388,FALSE
1000,"Localized",0.75,0.1,0.5,8,"Tail",-0.0271275085762082,-0.0135637542881041,0.0554,0.00323514574633045,0.05002107470007,FALSE
1000,"Localized",0.75,0.1,1,1,"Uniform",-2.27124269483004e-05,-2.27124269483004e-05,0,0,0.0500000000590913,FALSE
1000,"Localized",0.75,0.1,1,1,"Central",0.0165851897439836,0.0165851897439836,0.0526,0.00315699984162179,0.0500315097703187,FALSE
1000,"Localized",0.75,0.1,1,1,"Tail",-0.0271275085762082,-0.0271275085762082,0.051,0.00311123769583746,0.0500843020617354,FALSE
1000,"Localized",0.75,0.1,1,2,"Uniform",-2.27124269483004e-05,-2.27124269483004e-05,0,0,0.0500000000590913,FALSE
1000,"Localized",0.75,0.1,1,2,"Central",0.0165851897439836,0.0165851897439836,0.0478,0.00301712313305241,0.0500315097703187,FALSE
1000,"Localized",0.75,0.1,1,2,"Tail",-0.0271275085762082,-0.0271275085762082,0.053,0.00316831185333767,0.0500843020617354,FALSE
1000,"Localized",0.75,0.1,1,3,"Uniform",-2.27124269483004e-05,-2.27124269483004e-05,0,0,0.0500000000590913,FALSE
1000,"Localized",0.75,0.1,1,3,"Central",0.0165851897439836,0.0165851897439836,0.0506,0.00309966578843591,0.0500315097703187,FALSE
1000,"Localized",0.75,0.1,1,3,"Tail",-0.0271275085762082,-0.0271275085762082,0.0562,0.00325704037432759,0.0500843020617354,FALSE
1000,"Localized",0.75,0.1,1,5,"Uniform",-2.27124269483004e-05,-2.27124269483004e-05,0,0,0.0500000000590913,FALSE
1000,"Localized",0.75,0.1,1,5,"Central",0.0165851897439836,0.0165851897439836,0.0512,0.0031170036894428,0.0500315097703187,FALSE
1000,"Localized",0.75,0.1,1,5,"Tail",-0.0271275085762082,-0.0271275085762082,0.0532,0.00317394895989208,0.0500843020617354,FALSE
1000,"Localized",0.75,0.1,1,8,"Uniform",-2.27124269483004e-05,-2.27124269483004e-05,0,0,0.0500000000590913,FALSE
1000,"Localized",0.75,0.1,1,8,"Central",0.0165851897439836,0.0165851897439836,0.0562,0.00325704037432759,0.0500315097703187,FALSE
1000,"Localized",0.75,0.1,1,8,"Tail",-0.0271275085762082,-0.0271275085762082,0.0578,0.00330027756408457,0.0500843020617354,FALSE
1000,"Localized",0.75,0.1,1.5,1,"Uniform",-2.27124269483004e-05,-3.40686404224506e-05,0,0,0.0500000001329553,FALSE
1000,"Localized",0.75,0.1,1.5,1,"Central",0.0165851897439836,0.0248777846159754,0.0478,0.00301712313305241,0.0500708986920069,FALSE
1000,"Localized",0.75,0.1,1.5,1,"Tail",-0.0271275085762082,-0.0406912628643124,0.0496,0.00307049963361014,0.0501896918631887,FALSE
1000,"Localized",0.75,0.1,1.5,2,"Uniform",-2.27124269483004e-05,-3.40686404224506e-05,0,0,0.0500000001329553,FALSE
1000,"Localized",0.75,0.1,1.5,2,"Central",0.0165851897439836,0.0248777846159754,0.0514,0.00312275647465504,0.0500708986920069,FALSE
1000,"Localized",0.75,0.1,1.5,2,"Tail",-0.0271275085762082,-0.0406912628643124,0.0558,0.00324611644892786,0.0501896918631887,FALSE
1000,"Localized",0.75,0.1,1.5,3,"Uniform",-2.27124269483004e-05,-3.40686404224506e-05,0,0,0.0500000001329553,FALSE
1000,"Localized",0.75,0.1,1.5,3,"Central",0.0165851897439836,0.0248777846159754,0.0562,0.00325704037432759,0.0500708986920069,FALSE
1000,"Localized",0.75,0.1,1.5,3,"Tail",-0.0271275085762082,-0.0406912628643124,0.054,0.00319637294444813,0.0501896918631887,FALSE
1000,"Localized",0.75,0.1,1.5,5,"Uniform",-2.27124269483004e-05,-3.40686404224506e-05,0,0,0.0500000001329553,FALSE
1000,"Localized",0.75,0.1,1.5,5,"Central",0.0165851897439836,0.0248777846159754,0.0532,0.00317394895989208,0.0500708986920069,FALSE
1000,"Localized",0.75,0.1,1.5,5,"Tail",-0.0271275085762082,-0.0406912628643124,0.055,0.0032241277890307,0.0501896918631887,FALSE
1000,"Localized",0.75,0.1,1.5,8,"Uniform",-2.27124269483004e-05,-3.40686404224506e-05,0,0,0.0500000001329553,FALSE
1000,"Localized",0.75,0.1,1.5,8,"Central",0.0165851897439836,0.0248777846159754,0.0514,0.00312275647465504,0.0500708986920069,FALSE
1000,"Localized",0.75,0.1,1.5,8,"Tail",-0.0271275085762082,-0.0406912628643124,0.049,0.00305283474822991,0.0501896918631887,FALSE
1000,"Localized",0.75,0.1,2,1,"Uniform",-2.27124269483004e-05,-4.54248538966008e-05,0,0,0.050000000236365,FALSE
1000,"Localized",0.75,0.1,2,1,"Central",0.0165851897439836,0.0331703794879672,0.0454,0.00294410733499986,0.0501260463709084,FALSE
1000,"Localized",0.75,0.1,2,1,"Tail",-0.0271275085762082,-0.0542550171524165,0.0566,0.00326791799162709,0.0503372603808433,FALSE
1000,"Localized",0.75,0.1,2,2,"Uniform",-2.27124269483004e-05,-4.54248538966008e-05,0,0,0.050000000236365,FALSE
1000,"Localized",0.75,0.1,2,2,"Central",0.0165851897439836,0.0331703794879672,0.0536,0.00318518570887162,0.0501260463709084,FALSE
1000,"Localized",0.75,0.1,2,2,"Tail",-0.0271275085762082,-0.0542550171524165,0.0608,0.00337944847571316,0.0503372603808433,FALSE
1000,"Localized",0.75,0.1,2,3,"Uniform",-2.27124269483004e-05,-4.54248538966008e-05,0,0,0.050000000236365,FALSE
1000,"Localized",0.75,0.1,2,3,"Central",0.0165851897439836,0.0331703794879672,0.0538,0.00319078548323136,0.0501260463709084,FALSE
1000,"Localized",0.75,0.1,2,3,"Tail",-0.0271275085762082,-0.0542550171524165,0.0568,0.00327333957908433,0.0503372603808433,FALSE
1000,"Localized",0.75,0.1,2,5,"Uniform",-2.27124269483004e-05,-4.54248538966008e-05,0,0,0.050000000236365,FALSE
1000,"Localized",0.75,0.1,2,5,"Central",0.0165851897439836,0.0331703794879672,0.0502,0.00308804015517933,0.0501260463709084,FALSE
1000,"Localized",0.75,0.1,2,5,"Tail",-0.0271275085762082,-0.0542550171524165,0.0532,0.00317394895989208,0.0503372603808433,FALSE
1000,"Localized",0.75,0.1,2,8,"Uniform",-2.27124269483004e-05,-4.54248538966008e-05,0,0,0.050000000236365,FALSE
1000,"Localized",0.75,0.1,2,8,"Central",0.0165851897439836,0.0331703794879672,0.0532,0.00317394895989208,0.0501260463709084,FALSE
1000,"Localized",0.75,0.1,2,8,"Tail",-0.0271275085762082,-0.0542550171524165,0.057,0.00327874976172321,0.0503372603808433,FALSE
1000,"Localized",0.75,0.2,0.5,1,"Uniform",-2.18959880655013e-05,-1.09479940327507e-05,0,0,0.0500000000137299,FALSE
1000,"Localized",0.75,0.2,0.5,1,"Central",0.0282123738839925,0.0141061869419963,0.051,0.00311123769583746,0.0500227940397899,FALSE
1000,"Localized",0.75,0.2,0.5,1,"Tail",-0.046108049889496,-0.023054024944748,0.0448,0.00292550713552369,0.0500608843498128,FALSE
1000,"Localized",0.75,0.2,0.5,2,"Uniform",-2.18959880655013e-05,-1.09479940327507e-05,0,0,0.0500000000137299,FALSE
1000,"Localized",0.75,0.2,0.5,2,"Central",0.0282123738839925,0.0141061869419963,0.0534,0.00317957355631223,0.0500227940397899,FALSE
1000,"Localized",0.75,0.2,0.5,2,"Tail",-0.046108049889496,-0.023054024944748,0.058,0.00330563155841664,0.0500608843498128,FALSE
1000,"Localized",0.75,0.2,0.5,3,"Uniform",-2.18959880655013e-05,-1.09479940327507e-05,0,0,0.0500000000137299,FALSE
1000,"Localized",0.75,0.2,0.5,3,"Central",0.0282123738839925,0.0141061869419963,0.051,0.00311123769583746,0.0500227940397899,FALSE
1000,"Localized",0.75,0.2,0.5,3,"Tail",-0.046108049889496,-0.023054024944748,0.05,0.00308220700148449,0.0500608843498128,FALSE
1000,"Localized",0.75,0.2,0.5,5,"Uniform",-2.18959880655013e-05,-1.09479940327507e-05,0,0,0.0500000000137299,FALSE
1000,"Localized",0.75,0.2,0.5,5,"Central",0.0282123738839925,0.0141061869419963,0.0412,0.00281078494374792,0.0500227940397899,FALSE
1000,"Localized",0.75,0.2,0.5,5,"Tail",-0.046108049889496,-0.023054024944748,0.0462,0.00296868859936505,0.0500608843498128,FALSE
1000,"Localized",0.75,0.2,0.5,8,"Uniform",-2.18959880655013e-05,-1.09479940327507e-05,0,0,0.0500000000137299,FALSE
1000,"Localized",0.75,0.2,0.5,8,"Central",0.0282123738839925,0.0141061869419963,0.0536,0.00318518570887162,0.0500227940397899,FALSE
1000,"Localized",0.75,0.2,0.5,8,"Tail",-0.046108049889496,-0.023054024944748,0.0478,0.00301712313305241,0.0500608843498128,FALSE
1000,"Localized",0.75,0.2,1,1,"Uniform",-2.18959880655013e-05,-2.18959880655013e-05,0,0,0.0500000000549194,FALSE
1000,"Localized",0.75,0.2,1,1,"Central",0.0282123738839925,0.0282123738839925,0.0544,0.0032075111847038,0.0500911799743755,FALSE
1000,"Localized",0.75,0.2,1,1,"Tail",-0.046108049889496,-0.046108049889496,0.0502,0.00308804015517933,0.0502435646024483,FALSE
1000,"Localized",0.75,0.2,1,2,"Uniform",-2.18959880655013e-05,-2.18959880655013e-05,0,0,0.0500000000549194,FALSE
1000,"Localized",0.75,0.2,1,2,"Central",0.0282123738839925,0.0282123738839925,0.046,0.00296256645495084,0.0500911799743755,FALSE
1000,"Localized",0.75,0.2,1,2,"Tail",-0.046108049889496,-0.046108049889496,0.0658,0.00350629034736144,0.0502435646024483,FALSE
1000,"Localized",0.75,0.2,1,3,"Uniform",-2.18959880655013e-05,-2.18959880655013e-05,0,0,0.0500000000549194,FALSE
1000,"Localized",0.75,0.2,1,3,"Central",0.0282123738839925,0.0282123738839925,0.0464,0.00297479545515318,0.0500911799743755,FALSE
1000,"Localized",0.75,0.2,1,3,"Tail",-0.046108049889496,-0.046108049889496,0.0498,0.00307636018697421,0.0502435646024483,FALSE
1000,"Localized",0.75,0.2,1,5,"Uniform",-2.18959880655013e-05,-2.18959880655013e-05,0,0,0.0500000000549194,FALSE
1000,"Localized",0.75,0.2,1,5,"Central",0.0282123738839925,0.0282123738839925,0.0494,0.0030646252625729,0.0500911799743755,FALSE
1000,"Localized",0.75,0.2,1,5,"Tail",-0.046108049889496,-0.046108049889496,0.054,0.00319637294444813,0.0502435646024483,FALSE
1000,"Localized",0.75,0.2,1,8,"Uniform",-2.18959880655013e-05,-2.18959880655013e-05,0,0,0.0500000000549194,FALSE
1000,"Localized",0.75,0.2,1,8,"Central",0.0282123738839925,0.0282123738839925,0.053,0.00316831185333767,0.0500911799743755,FALSE
1000,"Localized",0.75,0.2,1,8,"Tail",-0.046108049889496,-0.046108049889496,0.0504,0.00309385972532693,0.0502435646024483,FALSE
1000,"Localized",0.75,0.2,1.5,1,"Uniform",-2.18959880655013e-05,-3.2843982098252e-05,0,0,0.0500000001235685,FALSE
1000,"Localized",0.75,0.2,1.5,1,"Central",0.0282123738839925,0.0423185608259888,0.0484,0.00303504332753257,0.0502051692415944,FALSE
1000,"Localized",0.75,0.2,1.5,1,"Tail",-0.046108049889496,-0.069162074834244,0.0556,0.00324063697442339,0.0505481222187061,FALSE
1000,"Localized",0.75,0.2,1.5,2,"Uniform",-2.18959880655013e-05,-3.2843982098252e-05,0,0,0.0500000001235685,FALSE
1000,"Localized",0.75,0.2,1.5,2,"Central",0.0282123738839925,0.0423185608259888,0.0476,0.00301112072159188,0.0502051692415944,FALSE
1000,"Localized",0.75,0.2,1.5,2,"Tail",-0.046108049889496,-0.069162074834244,0.0556,0.00324063697442339,0.0505481222187061,FALSE
1000,"Localized",0.75,0.2,1.5,3,"Uniform",-2.18959880655013e-05,-3.2843982098252e-05,0,0,0.0500000001235685,FALSE
1000,"Localized",0.75,0.2,1.5,3,"Central",0.0282123738839925,0.0423185608259888,0.05,0.00308220700148449,0.0502051692415944,FALSE
1000,"Localized",0.75,0.2,1.5,3,"Tail",-0.046108049889496,-0.069162074834244,0.054,0.00319637294444813,0.0505481222187061,FALSE
1000,"Localized",0.75,0.2,1.5,5,"Uniform",-2.18959880655013e-05,-3.2843982098252e-05,0,0,0.0500000001235685,FALSE
1000,"Localized",0.75,0.2,1.5,5,"Central",0.0282123738839925,0.0423185608259888,0.0476,0.00301112072159188,0.0502051692415944,FALSE
1000,"Localized",0.75,0.2,1.5,5,"Tail",-0.046108049889496,-0.069162074834244,0.0562,0.00325704037432759,0.0505481222187061,FALSE
1000,"Localized",0.75,0.2,1.5,8,"Uniform",-2.18959880655013e-05,-3.2843982098252e-05,0,0,0.0500000001235685,FALSE
1000,"Localized",0.75,0.2,1.5,8,"Central",0.0282123738839925,0.0423185608259888,0.0504,0.00309385972532693,0.0502051692415944,FALSE
1000,"Localized",0.75,0.2,1.5,8,"Tail",-0.046108049889496,-0.069162074834244,0.0578,0.00330027756408457,0.0505481222187061,FALSE
1000,"Localized",0.75,0.2,2,1,"Uniform",-2.18959880655013e-05,-4.37919761310026e-05,0,0,0.0500000002196773,FALSE
1000,"Localized",0.75,0.2,2,1,"Central",0.0282123738839925,0.0564247477679851,0.0466,0.00298088711627931,0.050364780878478,FALSE
1000,"Localized",0.75,0.2,2,1,"Tail",-0.046108049889496,-0.092216099778992,0.0554,0.00323514574633045,0.0509746924710218,FALSE
1000,"Localized",0.75,0.2,2,2,"Uniform",-2.18959880655013e-05,-4.37919761310026e-05,0,0,0.0500000002196773,FALSE
1000,"Localized",0.75,0.2,2,2,"Central",0.0282123738839925,0.0564247477679851,0.0436,0.00288787257336608,0.050364780878478,FALSE
1000,"Localized",0.75,0.2,2,2,"Tail",-0.046108049889496,-0.092216099778992,0.0608,0.00337944847571316,0.0509746924710218,FALSE
1000,"Localized",0.75,0.2,2,3,"Uniform",-2.18959880655013e-05,-4.37919761310026e-05,0,0,0.0500000002196773,FALSE
1000,"Localized",0.75,0.2,2,3,"Central",0.0282123738839925,0.0564247477679851,0.0492,0.00305873699425106,0.050364780878478,FALSE
1000,"Localized",0.75,0.2,2,3,"Tail",-0.046108049889496,-0.092216099778992,0.0562,0.00325704037432759,0.0509746924710218,FALSE
1000,"Localized",0.75,0.2,2,5,"Uniform",-2.18959880655013e-05,-4.37919761310026e-05,0,0,0.0500000002196773,FALSE
1000,"Localized",0.75,0.2,2,5,"Central",0.0282123738839925,0.0564247477679851,0.0448,0.00292550713552369,0.050364780878478,FALSE
1000,"Localized",0.75,0.2,2,5,"Tail",-0.046108049889496,-0.092216099778992,0.0552,0.0032296427046966,0.0509746924710218,FALSE
1000,"Localized",0.75,0.2,2,8,"Uniform",-2.18959880655013e-05,-4.37919761310026e-05,0,0,0.0500000002196773,FALSE
1000,"Localized",0.75,0.2,2,8,"Central",0.0282123738839925,0.0564247477679851,0.0498,0.00307636018697421,0.050364780878478,FALSE
1000,"Localized",0.75,0.2,2,8,"Tail",-0.046108049889496,-0.092216099778992,0.0596,0.00334806929438445,0.0509746924710218,FALSE
