"n","Alternative","Parameter1","Parameter2","Parameter3","r","Weight","Power","MCSE"
50,"Localized",0.25,0.05,0.5,1,"Uniform",0,0
50,"Localized",0.25,0.05,0.5,1,"Central",0.048,0.00955991631762538
50,"Localized",0.25,0.05,0.5,1,"Tail",0.042,0.00897061870775924
50,"Localized",0.25,0.05,0.5,1,"Localized",0.048,0.00955991631762538
50,"Localized",0.25,0.05,1,1,"Uniform",0,0
50,"Localized",0.25,0.05,1,1,"Central",0.05,0.00974679434480896
50,"Localized",0.25,0.05,1,1,"Tail",0.058,0.0104533248299285
50,"Localized",0.25,0.05,1,1,"Localized",0.022,0.00655987804764692
50,"Localized",0.25,0.05,1.5,1,"Uniform",0,0
50,"Localized",0.25,0.05,1.5,1,"Central",0.048,0.00955991631762538
50,"Localized",0.25,0.05,1.5,1,"Tail",0.042,0.00897061870775924
50,"Localized",0.25,0.05,1.5,1,"Localized",0.018,0.005945754788082
50,"Localized",0.25,0.05,2,1,"Uniform",0,0
50,"Localized",0.25,0.05,2,1,"Central",0.07,0.0114105214604767
50,"Localized",0.25,0.05,2,1,"Tail",0.044,0.00917213170424411
50,"Localized",0.25,0.05,2,1,"Localized",0.026,0.00711674082709213
50,"Localized",0.25,0.1,0.5,1,"Uniform",0,0
50,"Localized",0.25,0.1,0.5,1,"Central",0.052,0.00992935043192655
50,"Localized",0.25,0.1,0.5,1,"Tail",0.034,0.00810481338464989
50,"Localized",0.25,0.1,0.5,1,"Localized",0.032,0.00787095928079926
50,"Localized",0.25,0.1,1,1,"Uniform",0,0
50,"Localized",0.25,0.1,1,1,"Central",0.058,0.0104533248299285
50,"Localized",0.25,0.1,1,1,"Tail",0.058,0.0104533248299285
50,"Localized",0.25,0.1,1,1,"Localized",0.022,0.00655987804764692
50,"Localized",0.25,0.1,1.5,1,"Uniform",0,0
50,"Localized",0.25,0.1,1.5,1,"Central",0.052,0.00992935043192655
50,"Localized",0.25,0.1,1.5,1,"Tail",0.044,0.00917213170424411
50,"Localized",0.25,0.1,1.5,1,"Localized",0.026,0.00711674082709213
50,"Localized",0.25,0.1,2,1,"Uniform",0,0
50,"Localized",0.25,0.1,2,1,"Central",0.044,0.00917213170424411
50,"Localized",0.25,0.1,2,1,"Tail",0.046,0.00936845771725528
50,"Localized",0.25,0.1,2,1,"Localized",0.02,0.00626099033699941
50,"Localized",0.25,0.2,0.5,1,"Uniform",0,0
50,"Localized",0.25,0.2,0.5,1,"Central",0.058,0.0104533248299285
50,"Localized",0.25,0.2,0.5,1,"Tail",0.05,0.00974679434480896
50,"Localized",0.25,0.2,0.5,1,"Localized",0.034,0.00810481338464989
50,"Localized",0.25,0.2,1,1,"Uniform",0,0
50,"Localized",0.25,0.2,1,1,"Central",0.046,0.00936845771725528
50,"Localized",0.25,0.2,1,1,"Tail",0.044,0.00917213170424411
50,"Localized",0.25,0.2,1,1,"Localized",0.052,0.00992935043192655
50,"Localized",0.25,0.2,1.5,1,"Uniform",0,0
50,"Localized",0.25,0.2,1.5,1,"Central",0.054,0.0101078187557949
50,"Localized",0.25,0.2,1.5,1,"Tail",0.068,0.0112584190719657
50,"Localized",0.25,0.2,1.5,1,"Localized",0.024,0.00684455988358638
50,"Localized",0.25,0.2,2,1,"Uniform",0,0
50,"Localized",0.25,0.2,2,1,"Central",0.056,0.0102824121683582
50,"Localized",0.25,0.2,2,1,"Tail",0.064,0.0109456840809517
50,"Localized",0.25,0.2,2,1,"Localized",0.03,0.00762889244910426
50,"Localized",0.5,0.05,0.5,1,"Uniform",0,0
50,"Localized",0.5,0.05,0.5,1,"Central",0.048,0.00955991631762538
50,"Localized",0.5,0.05,0.5,1,"Tail",0.046,0.00936845771725528
50,"Localized",0.5,0.05,0.5,1,"Localized",0.048,0.00955991631762538
50,"Localized",0.5,0.05,1,1,"Uniform",0,0
50,"Localized",0.5,0.05,1,1,"Central",0.024,0.00684455988358638
50,"Localized",0.5,0.05,1,1,"Tail",0.044,0.00917213170424411
50,"Localized",0.5,0.05,1,1,"Localized",0.048,0.00955991631762538
50,"Localized",0.5,0.05,1.5,1,"Uniform",0,0
50,"Localized",0.5,0.05,1.5,1,"Central",0.05,0.00974679434480896
50,"Localized",0.5,0.05,1.5,1,"Tail",0.056,0.0102824121683582
50,"Localized",0.5,0.05,1.5,1,"Localized",0.036,0.0083311463797007
50,"Localized",0.5,0.05,2,1,"Uniform",0,0
50,"Localized",0.5,0.05,2,1,"Central",0.038,0.00855055553750749
50,"Localized",0.5,0.05,2,1,"Tail",0.056,0.0102824121683582
50,"Localized",0.5,0.05,2,1,"Localized",0.032,0.00787095928079926
50,"Localized",0.5,0.1,0.5,1,"Uniform",0,0
50,"Localized",0.5,0.1,0.5,1,"Central",0.04,0.00876356092008266
50,"Localized",0.5,0.1,0.5,1,"Tail",0.05,0.00974679434480896
50,"Localized",0.5,0.1,0.5,1,"Localized",0.046,0.00936845771725528
50,"Localized",0.5,0.1,1,1,"Uniform",0,0
50,"Localized",0.5,0.1,1,1,"Central",0.028,0.00737780455149091
50,"Localized",0.5,0.1,1,1,"Tail",0.048,0.00955991631762538
50,"Localized",0.5,0.1,1,1,"Localized",0.032,0.00787095928079926
50,"Localized",0.5,0.1,1.5,1,"Uniform",0,0
50,"Localized",0.5,0.1,1.5,1,"Central",0.04,0.00876356092008266
50,"Localized",0.5,0.1,1.5,1,"Tail",0.084,0.0124051602166195
50,"Localized",0.5,0.1,1.5,1,"Localized",0.032,0.00787095928079926
50,"Localized",0.5,0.1,2,1,"Uniform",0,0
50,"Localized",0.5,0.1,2,1,"Central",0.028,0.00737780455149091
50,"Localized",0.5,0.1,2,1,"Tail",0.062,0.0107848041243223
50,"Localized",0.5,0.1,2,1,"Localized",0.026,0.00711674082709213
50,"Localized",0.5,0.2,0.5,1,"Uniform",0,0
50,"Localized",0.5,0.2,0.5,1,"Central",0.022,0.00655987804764692
50,"Localized",0.5,0.2,0.5,1,"Tail",0.054,0.0101078187557949
50,"Localized",0.5,0.2,0.5,1,"Localized",0.036,0.0083311463797007
50,"Localized",0.5,0.2,1,1,"Uniform",0,0
50,"Localized",0.5,0.2,1,1,"Central",0.034,0.00810481338464989
50,"Localized",0.5,0.2,1,1,"Tail",0.066,0.0111035129576184
50,"Localized",0.5,0.2,1,1,"Localized",0.024,0.00684455988358638
50,"Localized",0.5,0.2,1.5,1,"Uniform",0,0
50,"Localized",0.5,0.2,1.5,1,"Central",0.04,0.00876356092008266
50,"Localized",0.5,0.2,1.5,1,"Tail",0.062,0.0107848041243223
50,"Localized",0.5,0.2,1.5,1,"Localized",0.026,0.00711674082709213
50,"Localized",0.5,0.2,2,1,"Uniform",0,0
50,"Localized",0.5,0.2,2,1,"Central",0.05,0.00974679434480896
50,"Localized",0.5,0.2,2,1,"Tail",0.078,0.0119929979571415
50,"Localized",0.5,0.2,2,1,"Localized",0.03,0.00762889244910426
50,"Localized",0.75,0.05,0.5,1,"Uniform",0,0
50,"Localized",0.75,0.05,0.5,1,"Central",0.048,0.00955991631762538
50,"Localized",0.75,0.05,0.5,1,"Tail",0.042,0.00897061870775924
50,"Localized",0.75,0.05,0.5,1,"Localized",0.058,0.0104533248299285
50,"Localized",0.75,0.05,1,1,"Uniform",0,0
50,"Localized",0.75,0.05,1,1,"Central",0.05,0.00974679434480896
50,"Localized",0.75,0.05,1,1,"Tail",0.058,0.0104533248299285
50,"Localized",0.75,0.05,1,1,"Localized",0.02,0.00626099033699941
50,"Localized",0.75,0.05,1.5,1,"Uniform",0,0
50,"Localized",0.75,0.05,1.5,1,"Central",0.062,0.0107848041243223
50,"Localized",0.75,0.05,1.5,1,"Tail",0.054,0.0101078187557949
50,"Localized",0.75,0.05,1.5,1,"Localized",0.028,0.00737780455149091
50,"Localized",0.75,0.05,2,1,"Uniform",0,0
50,"Localized",0.75,0.05,2,1,"Central",0.054,0.0101078187557949
50,"Localized",0.75,0.05,2,1,"Tail",0.048,0.00955991631762538
50,"Localized",0.75,0.05,2,1,"Localized",0.026,0.00711674082709213
50,"Localized",0.75,0.1,0.5,1,"Uniform",0,0
50,"Localized",0.75,0.1,0.5,1,"Central",0.054,0.0101078187557949
50,"Localized",0.75,0.1,0.5,1,"Tail",0.042,0.00897061870775924
50,"Localized",0.75,0.1,0.5,1,"Localized",0.036,0.0083311463797007
50,"Localized",0.75,0.1,1,1,"Uniform",0,0
50,"Localized",0.75,0.1,1,1,"Central",0.038,0.00855055553750749
50,"Localized",0.75,0.1,1,1,"Tail",0.026,0.00711674082709213
50,"Localized",0.75,0.1,1,1,"Localized",0.044,0.00917213170424411
50,"Localized",0.75,0.1,1.5,1,"Uniform",0,0
50,"Localized",0.75,0.1,1.5,1,"Central",0.054,0.0101078187557949
50,"Localized",0.75,0.1,1.5,1,"Tail",0.042,0.00897061870775924
50,"Localized",0.75,0.1,1.5,1,"Localized",0.032,0.00787095928079926
50,"Localized",0.75,0.1,2,1,"Uniform",0,0
50,"Localized",0.75,0.1,2,1,"Central",0.074,0.0117067501895274
50,"Localized",0.75,0.1,2,1,"Tail",0.044,0.00917213170424411
50,"Localized",0.75,0.1,2,1,"Localized",0.03,0.00762889244910426
50,"Localized",0.75,0.2,0.5,1,"Uniform",0,0
50,"Localized",0.75,0.2,0.5,1,"Central",0.038,0.00855055553750749
50,"Localized",0.75,0.2,0.5,1,"Tail",0.032,0.00787095928079926
50,"Localized",0.75,0.2,0.5,1,"Localized",0.04,0.00876356092008266
50,"Localized",0.75,0.2,1,1,"Uniform",0,0
50,"Localized",0.75,0.2,1,1,"Central",0.038,0.00855055553750749
50,"Localized",0.75,0.2,1,1,"Tail",0.056,0.0102824121683582
50,"Localized",0.75,0.2,1,1,"Localized",0.032,0.00787095928079926
50,"Localized",0.75,0.2,1.5,1,"Uniform",0,0
50,"Localized",0.75,0.2,1.5,1,"Central",0.032,0.00787095928079926
50,"Localized",0.75,0.2,1.5,1,"Tail",0.058,0.0104533248299285
50,"Localized",0.75,0.2,1.5,1,"Localized",0.016,0.00561141693336006
50,"Localized",0.75,0.2,2,1,"Uniform",0,0
50,"Localized",0.75,0.2,2,1,"Central",0.042,0.00897061870775924
50,"Localized",0.75,0.2,2,1,"Tail",0.068,0.0112584190719657
50,"Localized",0.75,0.2,2,1,"Localized",0.018,0.005945754788082
50,"Oscillatory",1,0.5,NA,1,"Uniform",0,0
50,"Oscillatory",1,0.5,NA,1,"Central",0.058,0.0104533248299285
50,"Oscillatory",1,0.5,NA,1,"Tail",0.044,0.00917213170424411
50,"Oscillatory",1,1,NA,1,"Uniform",0,0
50,"Oscillatory",1,1,NA,1,"Central",0.044,0.00917213170424411
50,"Oscillatory",1,1,NA,1,"Tail",0.06,0.0106207344378814
50,"Oscillatory",1,1.5,NA,1,"Uniform",0,0
50,"Oscillatory",1,1.5,NA,1,"Central",0.042,0.00897061870775924
50,"Oscillatory",1,1.5,NA,1,"Tail",0.05,0.00974679434480896
50,"Oscillatory",1,2,NA,1,"Uniform",0,0
50,"Oscillatory",1,2,NA,1,"Central",0.054,0.0101078187557949
50,"Oscillatory",1,2,NA,1,"Tail",0.048,0.00955991631762538
50,"Oscillatory",2,0.5,NA,1,"Uniform",0,0
50,"Oscillatory",2,0.5,NA,1,"Central",0.06,0.0106207344378814
50,"Oscillatory",2,0.5,NA,1,"Tail",0.048,0.00955991631762538
50,"Oscillatory",2,1,NA,1,"Uniform",0,0
50,"Oscillatory",2,1,NA,1,"Central",0.056,0.0102824121683582
50,"Oscillatory",2,1,NA,1,"Tail",0.056,0.0102824121683582
50,"Oscillatory",2,1.5,NA,1,"Uniform",0,0
50,"Oscillatory",2,1.5,NA,1,"Central",0.052,0.00992935043192655
50,"Oscillatory",2,1.5,NA,1,"Tail",0.056,0.0102824121683582
50,"Oscillatory",2,2,NA,1,"Uniform",0,0
50,"Oscillatory",2,2,NA,1,"Central",0.032,0.00787095928079926
50,"Oscillatory",2,2,NA,1,"Tail",0.048,0.00955991631762538
50,"Oscillatory",4,0.5,NA,1,"Uniform",0,0
50,"Oscillatory",4,0.5,NA,1,"Central",0.042,0.00897061870775924
50,"Oscillatory",4,0.5,NA,1,"Tail",0.038,0.00855055553750749
50,"Oscillatory",4,1,NA,1,"Uniform",0,0
50,"Oscillatory",4,1,NA,1,"Central",0.042,0.00897061870775924
50,"Oscillatory",4,1,NA,1,"Tail",0.052,0.00992935043192655
50,"Oscillatory",4,1.5,NA,1,"Uniform",0,0
50,"Oscillatory",4,1.5,NA,1,"Central",0.038,0.00855055553750749
50,"Oscillatory",4,1.5,NA,1,"Tail",0.066,0.0111035129576184
50,"Oscillatory",4,2,NA,1,"Uniform",0,0
50,"Oscillatory",4,2,NA,1,"Central",0.05,0.00974679434480896
50,"Oscillatory",4,2,NA,1,"Tail",0.062,0.0107848041243223
50,"Oscillatory",8,0.5,NA,1,"Uniform",0,0
50,"Oscillatory",8,0.5,NA,1,"Central",0.04,0.00876356092008266
50,"Oscillatory",8,0.5,NA,1,"Tail",0.056,0.0102824121683582
50,"Oscillatory",8,1,NA,1,"Uniform",0,0
50,"Oscillatory",8,1,NA,1,"Central",0.04,0.00876356092008266
50,"Oscillatory",8,1,NA,1,"Tail",0.058,0.0104533248299285
50,"Oscillatory",8,1.5,NA,1,"Uniform",0,0
50,"Oscillatory",8,1.5,NA,1,"Central",0.042,0.00897061870775924
50,"Oscillatory",8,1.5,NA,1,"Tail",0.068,0.0112584190719657
50,"Oscillatory",8,2,NA,1,"Uniform",0,0
50,"Oscillatory",8,2,NA,1,"Central",0.022,0.00655987804764692
50,"Oscillatory",8,2,NA,1,"Tail",0.084,0.0124051602166195
50,"Abrupt",0.25,0.05,NA,1,"Uniform",0,0
50,"Abrupt",0.25,0.05,NA,1,"Central",0.048,0.00955991631762538
50,"Abrupt",0.25,0.05,NA,1,"Tail",0.04,0.00876356092008266
50,"Abrupt",0.25,0.1,NA,1,"Uniform",0,0
50,"Abrupt",0.25,0.1,NA,1,"Central",0.062,0.0107848041243223
50,"Abrupt",0.25,0.1,NA,1,"Tail",0.024,0.00684455988358638
50,"Abrupt",0.25,0.2,NA,1,"Uniform",0,0
50,"Abrupt",0.25,0.2,NA,1,"Central",0.066,0.0111035129576184
50,"Abrupt",0.25,0.2,NA,1,"Tail",0.042,0.00897061870775924
50,"Abrupt",0.5,0.05,NA,1,"Uniform",0,0
50,"Abrupt",0.5,0.05,NA,1,"Central",0.054,0.0101078187557949
50,"Abrupt",0.5,0.05,NA,1,"Tail",0.044,0.00917213170424411
50,"Abrupt",0.5,0.1,NA,1,"Uniform",0,0
50,"Abrupt",0.5,0.1,NA,1,"Central",0.048,0.00955991631762538
50,"Abrupt",0.5,0.1,NA,1,"Tail",0.044,0.00917213170424411
50,"Abrupt",0.5,0.2,NA,1,"Uniform",0,0
50,"Abrupt",0.5,0.2,NA,1,"Central",0.064,0.0109456840809517
50,"Abrupt",0.5,0.2,NA,1,"Tail",0.046,0.00936845771725528
50,"Abrupt",0.75,0.05,NA,1,"Uniform",0,0
50,"Abrupt",0.75,0.05,NA,1,"Central",0.054,0.0101078187557949
50,"Abrupt",0.75,0.05,NA,1,"Tail",0.06,0.0106207344378814
50,"Abrupt",0.75,0.1,NA,1,"Uniform",0,0
50,"Abrupt",0.75,0.1,NA,1,"Central",0.026,0.00711674082709213
50,"Abrupt",0.75,0.1,NA,1,"Tail",0.094,0.0130509769749241
50,"Abrupt",0.75,0.2,NA,1,"Uniform",0,0
50,"Abrupt",0.75,0.2,NA,1,"Central",0.022,0.00655987804764692
50,"Abrupt",0.75,0.2,NA,1,"Tail",0.168,0.0167198086113448
50,"Mixture",0.05,0.25,NA,1,"Uniform",0,0
50,"Mixture",0.05,0.25,NA,1,"Central",0,0
50,"Mixture",0.05,0.25,NA,1,"Tail",1,0
50,"Mixture",0.05,0.5,NA,1,"Uniform",0,0
50,"Mixture",0.05,0.5,NA,1,"Central",0,0
50,"Mixture",0.05,0.5,NA,1,"Tail",1,0
50,"Mixture",0.05,0.75,NA,1,"Uniform",0,0
50,"Mixture",0.05,0.75,NA,1,"Central",0,0
50,"Mixture",0.05,0.75,NA,1,"Tail",1,0
50,"Mixture",0.1,0.25,NA,1,"Uniform",0,0
50,"Mixture",0.1,0.25,NA,1,"Central",0,0
50,"Mixture",0.1,0.25,NA,1,"Tail",1,0
50,"Mixture",0.1,0.5,NA,1,"Uniform",0,0
50,"Mixture",0.1,0.5,NA,1,"Central",0,0
50,"Mixture",0.1,0.5,NA,1,"Tail",1,0
50,"Mixture",0.1,0.75,NA,1,"Uniform",0,0
50,"Mixture",0.1,0.75,NA,1,"Central",0,0
50,"Mixture",0.1,0.75,NA,1,"Tail",1,0
50,"Mixture",0.2,0.25,NA,1,"Uniform",0,0
50,"Mixture",0.2,0.25,NA,1,"Central",0,0
50,"Mixture",0.2,0.25,NA,1,"Tail",1,0
50,"Mixture",0.2,0.5,NA,1,"Uniform",0,0
50,"Mixture",0.2,0.5,NA,1,"Central",0,0
50,"Mixture",0.2,0.5,NA,1,"Tail",1,0
50,"Mixture",0.2,0.75,NA,1,"Uniform",0,0
50,"Mixture",0.2,0.75,NA,1,"Central",0,0
50,"Mixture",0.2,0.75,NA,1,"Tail",1,0
50,"Localized",0.25,0.05,0.5,2,"Uniform",0,0
50,"Localized",0.25,0.05,0.5,2,"Central",0.036,0.0083311463797007
50,"Localized",0.25,0.05,0.5,2,"Tail",0.034,0.00810481338464989
50,"Localized",0.25,0.05,0.5,2,"Localized",0.038,0.00855055553750749
50,"Localized",0.25,0.05,1,2,"Uniform",0,0
50,"Localized",0.25,0.05,1,2,"Central",0.048,0.00955991631762538
50,"Localized",0.25,0.05,1,2,"Tail",0.048,0.00955991631762538
50,"Localized",0.25,0.05,1,2,"Localized",0.028,0.00737780455149091
50,"Localized",0.25,0.05,1.5,2,"Uniform",0,0
50,"Localized",0.25,0.05,1.5,2,"Central",0.042,0.00897061870775924
50,"Localized",0.25,0.05,1.5,2,"Tail",0.038,0.00855055553750749
50,"Localized",0.25,0.05,1.5,2,"Localized",0.046,0.00936845771725528
50,"Localized",0.25,0.05,2,2,"Uniform",0,0
50,"Localized",0.25,0.05,2,2,"Central",0.046,0.00936845771725528
50,"Localized",0.25,0.05,2,2,"Tail",0.052,0.00992935043192655
50,"Localized",0.25,0.05,2,2,"Localized",0.022,0.00655987804764692
50,"Localized",0.25,0.1,0.5,2,"Uniform",0,0
50,"Localized",0.25,0.1,0.5,2,"Central",0.028,0.00737780455149091
50,"Localized",0.25,0.1,0.5,2,"Tail",0.03,0.00762889244910426
50,"Localized",0.25,0.1,0.5,2,"Localized",0.048,0.00955991631762538
50,"Localized",0.25,0.1,1,2,"Uniform",0,0
50,"Localized",0.25,0.1,1,2,"Central",0.042,0.00897061870775924
50,"Localized",0.25,0.1,1,2,"Tail",0.04,0.00876356092008266
50,"Localized",0.25,0.1,1,2,"Localized",0.042,0.00897061870775924
50,"Localized",0.25,0.1,1.5,2,"Uniform",0,0
50,"Localized",0.25,0.1,1.5,2,"Central",0.036,0.0083311463797007
50,"Localized",0.25,0.1,1.5,2,"Tail",0.04,0.00876356092008266
50,"Localized",0.25,0.1,1.5,2,"Localized",0.04,0.00876356092008266
50,"Localized",0.25,0.1,2,2,"Uniform",0,0
50,"Localized",0.25,0.1,2,2,"Central",0.042,0.00897061870775924
50,"Localized",0.25,0.1,2,2,"Tail",0.03,0.00762889244910426
50,"Localized",0.25,0.1,2,2,"Localized",0.026,0.00711674082709213
50,"Localized",0.25,0.2,0.5,2,"Uniform",0,0
50,"Localized",0.25,0.2,0.5,2,"Central",0.04,0.00876356092008266
50,"Localized",0.25,0.2,0.5,2,"Tail",0.06,0.0106207344378814
50,"Localized",0.25,0.2,0.5,2,"Localized",0.038,0.00855055553750749
50,"Localized",0.25,0.2,1,2,"Uniform",0,0
50,"Localized",0.25,0.2,1,2,"Central",0.036,0.0083311463797007
50,"Localized",0.25,0.2,1,2,"Tail",0.048,0.00955991631762538
50,"Localized",0.25,0.2,1,2,"Localized",0.04,0.00876356092008266
50,"Localized",0.25,0.2,1.5,2,"Uniform",0,0
50,"Localized",0.25,0.2,1.5,2,"Central",0.022,0.00655987804764692
50,"Localized",0.25,0.2,1.5,2,"Tail",0.05,0.00974679434480896
50,"Localized",0.25,0.2,1.5,2,"Localized",0.028,0.00737780455149091
50,"Localized",0.25,0.2,2,2,"Uniform",0,0
50,"Localized",0.25,0.2,2,2,"Central",0.038,0.00855055553750749
50,"Localized",0.25,0.2,2,2,"Tail",0.048,0.00955991631762538
50,"Localized",0.25,0.2,2,2,"Localized",0.024,0.00684455988358638
50,"Localized",0.5,0.05,0.5,2,"Uniform",0,0
50,"Localized",0.5,0.05,0.5,2,"Central",0.016,0.00561141693336006
50,"Localized",0.5,0.05,0.5,2,"Tail",0.054,0.0101078187557949
50,"Localized",0.5,0.05,0.5,2,"Localized",0.05,0.00974679434480896
50,"Localized",0.5,0.05,1,2,"Uniform",0,0
50,"Localized",0.5,0.05,1,2,"Central",0.038,0.00855055553750749
50,"Localized",0.5,0.05,1,2,"Tail",0.05,0.00974679434480896
50,"Localized",0.5,0.05,1,2,"Localized",0.062,0.0107848041243223
50,"Localized",0.5,0.05,1.5,2,"Uniform",0,0
50,"Localized",0.5,0.05,1.5,2,"Central",0.042,0.00897061870775924
50,"Localized",0.5,0.05,1.5,2,"Tail",0.034,0.00810481338464989
50,"Localized",0.5,0.05,1.5,2,"Localized",0.056,0.0102824121683582
50,"Localized",0.5,0.05,2,2,"Uniform",0,0
50,"Localized",0.5,0.05,2,2,"Central",0.022,0.00655987804764692
50,"Localized",0.5,0.05,2,2,"Tail",0.044,0.00917213170424411
50,"Localized",0.5,0.05,2,2,"Localized",0.036,0.0083311463797007
50,"Localized",0.5,0.1,0.5,2,"Uniform",0,0
50,"Localized",0.5,0.1,0.5,2,"Central",0.04,0.00876356092008266
50,"Localized",0.5,0.1,0.5,2,"Tail",0.048,0.00955991631762538
50,"Localized",0.5,0.1,0.5,2,"Localized",0.032,0.00787095928079926
50,"Localized",0.5,0.1,1,2,"Uniform",0,0
50,"Localized",0.5,0.1,1,2,"Central",0.02,0.00626099033699941
50,"Localized",0.5,0.1,1,2,"Tail",0.044,0.00917213170424411
50,"Localized",0.5,0.1,1,2,"Localized",0.036,0.0083311463797007
50,"Localized",0.5,0.1,1.5,2,"Uniform",0,0
50,"Localized",0.5,0.1,1.5,2,"Central",0.028,0.00737780455149091
50,"Localized",0.5,0.1,1.5,2,"Tail",0.03,0.00762889244910426
50,"Localized",0.5,0.1,1.5,2,"Localized",0.028,0.00737780455149091
50,"Localized",0.5,0.1,2,2,"Uniform",0,0
50,"Localized",0.5,0.1,2,2,"Central",0.034,0.00810481338464989
50,"Localized",0.5,0.1,2,2,"Tail",0.042,0.00897061870775924
50,"Localized",0.5,0.1,2,2,"Localized",0.028,0.00737780455149091
50,"Localized",0.5,0.2,0.5,2,"Uniform",0,0
50,"Localized",0.5,0.2,0.5,2,"Central",0.032,0.00787095928079926
50,"Localized",0.5,0.2,0.5,2,"Tail",0.046,0.00936845771725528
50,"Localized",0.5,0.2,0.5,2,"Localized",0.056,0.0102824121683582
50,"Localized",0.5,0.2,1,2,"Uniform",0,0
50,"Localized",0.5,0.2,1,2,"Central",0.04,0.00876356092008266
50,"Localized",0.5,0.2,1,2,"Tail",0.054,0.0101078187557949
50,"Localized",0.5,0.2,1,2,"Localized",0.044,0.00917213170424411
50,"Localized",0.5,0.2,1.5,2,"Uniform",0,0
50,"Localized",0.5,0.2,1.5,2,"Central",0.028,0.00737780455149091
50,"Localized",0.5,0.2,1.5,2,"Tail",0.064,0.0109456840809517
50,"Localized",0.5,0.2,1.5,2,"Localized",0.052,0.00992935043192655
50,"Localized",0.5,0.2,2,2,"Uniform",0,0
50,"Localized",0.5,0.2,2,2,"Central",0.038,0.00855055553750749
50,"Localized",0.5,0.2,2,2,"Tail",0.054,0.0101078187557949
50,"Localized",0.5,0.2,2,2,"Localized",0.03,0.00762889244910426
50,"Localized",0.75,0.05,0.5,2,"Uniform",0,0
50,"Localized",0.75,0.05,0.5,2,"Central",0.046,0.00936845771725528
50,"Localized",0.75,0.05,0.5,2,"Tail",0.052,0.00992935043192655
50,"Localized",0.75,0.05,0.5,2,"Localized",0.068,0.0112584190719657
50,"Localized",0.75,0.05,1,2,"Uniform",0,0
50,"Localized",0.75,0.05,1,2,"Central",0.022,0.00655987804764692
50,"Localized",0.75,0.05,1,2,"Tail",0.036,0.0083311463797007
50,"Localized",0.75,0.05,1,2,"Localized",0.026,0.00711674082709213
50,"Localized",0.75,0.05,1.5,2,"Uniform",0,0
50,"Localized",0.75,0.05,1.5,2,"Central",0.046,0.00936845771725528
50,"Localized",0.75,0.05,1.5,2,"Tail",0.042,0.00897061870775924
50,"Localized",0.75,0.05,1.5,2,"Localized",0.026,0.00711674082709213
50,"Localized",0.75,0.05,2,2,"Uniform",0,0
50,"Localized",0.75,0.05,2,2,"Central",0.062,0.0107848041243223
50,"Localized",0.75,0.05,2,2,"Tail",0.052,0.00992935043192655
50,"Localized",0.75,0.05,2,2,"Localized",0.02,0.00626099033699941
50,"Localized",0.75,0.1,0.5,2,"Uniform",0,0
50,"Localized",0.75,0.1,0.5,2,"Central",0.036,0.0083311463797007
50,"Localized",0.75,0.1,0.5,2,"Tail",0.048,0.00955991631762538
50,"Localized",0.75,0.1,0.5,2,"Localized",0.036,0.0083311463797007
50,"Localized",0.75,0.1,1,2,"Uniform",0,0
50,"Localized",0.75,0.1,1,2,"Central",0.048,0.00955991631762538
50,"Localized",0.75,0.1,1,2,"Tail",0.038,0.00855055553750749
50,"Localized",0.75,0.1,1,2,"Localized",0.034,0.00810481338464989
50,"Localized",0.75,0.1,1.5,2,"Uniform",0,0
50,"Localized",0.75,0.1,1.5,2,"Central",0.05,0.00974679434480896
50,"Localized",0.75,0.1,1.5,2,"Tail",0.036,0.0083311463797007
50,"Localized",0.75,0.1,1.5,2,"Localized",0.014,0.00525433154644813
50,"Localized",0.75,0.1,2,2,"Uniform",0,0
50,"Localized",0.75,0.1,2,2,"Central",0.064,0.0109456840809517
50,"Localized",0.75,0.1,2,2,"Tail",0.03,0.00762889244910426
50,"Localized",0.75,0.1,2,2,"Localized",0.018,0.005945754788082
50,"Localized",0.75,0.2,0.5,2,"Uniform",0,0
50,"Localized",0.75,0.2,0.5,2,"Central",0.03,0.00762889244910426
50,"Localized",0.75,0.2,0.5,2,"Tail",0.046,0.00936845771725528
50,"Localized",0.75,0.2,0.5,2,"Localized",0.06,0.0106207344378814
50,"Localized",0.75,0.2,1,2,"Uniform",0,0
50,"Localized",0.75,0.2,1,2,"Central",0.022,0.00655987804764692
50,"Localized",0.75,0.2,1,2,"Tail",0.044,0.00917213170424411
50,"Localized",0.75,0.2,1,2,"Localized",0.034,0.00810481338464989
50,"Localized",0.75,0.2,1.5,2,"Uniform",0,0
50,"Localized",0.75,0.2,1.5,2,"Central",0.038,0.00855055553750749
50,"Localized",0.75,0.2,1.5,2,"Tail",0.05,0.00974679434480896
50,"Localized",0.75,0.2,1.5,2,"Localized",0.042,0.00897061870775924
50,"Localized",0.75,0.2,2,2,"Uniform",0,0
50,"Localized",0.75,0.2,2,2,"Central",0.042,0.00897061870775924
50,"Localized",0.75,0.2,2,2,"Tail",0.068,0.0112584190719657
50,"Localized",0.75,0.2,2,2,"Localized",0.038,0.00855055553750749
50,"Oscillatory",1,0.5,NA,2,"Uniform",0,0
50,"Oscillatory",1,0.5,NA,2,"Central",0.054,0.0101078187557949
50,"Oscillatory",1,0.5,NA,2,"Tail",0.04,0.00876356092008266
50,"Oscillatory",1,1,NA,2,"Uniform",0,0
50,"Oscillatory",1,1,NA,2,"Central",0.068,0.0112584190719657
50,"Oscillatory",1,1,NA,2,"Tail",0.034,0.00810481338464989
50,"Oscillatory",1,1.5,NA,2,"Uniform",0,0
50,"Oscillatory",1,1.5,NA,2,"Central",0.042,0.00897061870775924
50,"Oscillatory",1,1.5,NA,2,"Tail",0.05,0.00974679434480896
50,"Oscillatory",1,2,NA,2,"Uniform",0,0
50,"Oscillatory",1,2,NA,2,"Central",0.042,0.00897061870775924
50,"Oscillatory",1,2,NA,2,"Tail",0.034,0.00810481338464989
50,"Oscillatory",2,0.5,NA,2,"Uniform",0,0
50,"Oscillatory",2,0.5,NA,2,"Central",0.036,0.0083311463797007
50,"Oscillatory",2,0.5,NA,2,"Tail",0.038,0.00855055553750749
50,"Oscillatory",2,1,NA,2,"Uniform",0,0
50,"Oscillatory",2,1,NA,2,"Central",0.046,0.00936845771725528
50,"Oscillatory",2,1,NA,2,"Tail",0.046,0.00936845771725528
50,"Oscillatory",2,1.5,NA,2,"Uniform",0,0
50,"Oscillatory",2,1.5,NA,2,"Central",0.042,0.00897061870775924
50,"Oscillatory",2,1.5,NA,2,"Tail",0.046,0.00936845771725528
50,"Oscillatory",2,2,NA,2,"Uniform",0,0
50,"Oscillatory",2,2,NA,2,"Central",0.038,0.00855055553750749
50,"Oscillatory",2,2,NA,2,"Tail",0.042,0.00897061870775924
50,"Oscillatory",4,0.5,NA,2,"Uniform",0,0
50,"Oscillatory",4,0.5,NA,2,"Central",0.032,0.00787095928079926
50,"Oscillatory",4,0.5,NA,2,"Tail",0.052,0.00992935043192655
50,"Oscillatory",4,1,NA,2,"Uniform",0,0
50,"Oscillatory",4,1,NA,2,"Central",0.038,0.00855055553750749
50,"Oscillatory",4,1,NA,2,"Tail",0.05,0.00974679434480896
50,"Oscillatory",4,1.5,NA,2,"Uniform",0,0
50,"Oscillatory",4,1.5,NA,2,"Central",0.042,0.00897061870775924
50,"Oscillatory",4,1.5,NA,2,"Tail",0.024,0.00684455988358638
50,"Oscillatory",4,2,NA,2,"Uniform",0,0
50,"Oscillatory",4,2,NA,2,"Central",0.026,0.00711674082709213
50,"Oscillatory",4,2,NA,2,"Tail",0.034,0.00810481338464989
50,"Oscillatory",8,0.5,NA,2,"Uniform",0,0
50,"Oscillatory",8,0.5,NA,2,"Central",0.03,0.00762889244910426
50,"Oscillatory",8,0.5,NA,2,"Tail",0.038,0.00855055553750749
50,"Oscillatory",8,1,NA,2,"Uniform",0,0
50,"Oscillatory",8,1,NA,2,"Central",0.024,0.00684455988358638
50,"Oscillatory",8,1,NA,2,"Tail",0.044,0.00917213170424411
50,"Oscillatory",8,1.5,NA,2,"Uniform",0,0
50,"Oscillatory",8,1.5,NA,2,"Central",0.032,0.00787095928079926
50,"Oscillatory",8,1.5,NA,2,"Tail",0.042,0.00897061870775924
50,"Oscillatory",8,2,NA,2,"Uniform",0,0
50,"Oscillatory",8,2,NA,2,"Central",0.024,0.00684455988358638
50,"Oscillatory",8,2,NA,2,"Tail",0.032,0.00787095928079926
50,"Abrupt",0.25,0.05,NA,2,"Uniform",0,0
50,"Abrupt",0.25,0.05,NA,2,"Central",0.026,0.00711674082709213
50,"Abrupt",0.25,0.05,NA,2,"Tail",0.036,0.0083311463797007
50,"Abrupt",0.25,0.1,NA,2,"Uniform",0,0
50,"Abrupt",0.25,0.1,NA,2,"Central",0.046,0.00936845771725528
50,"Abrupt",0.25,0.1,NA,2,"Tail",0.04,0.00876356092008266
50,"Abrupt",0.25,0.2,NA,2,"Uniform",0,0
50,"Abrupt",0.25,0.2,NA,2,"Central",0.056,0.0102824121683582
50,"Abrupt",0.25,0.2,NA,2,"Tail",0.042,0.00897061870775924
50,"Abrupt",0.5,0.05,NA,2,"Uniform",0,0
50,"Abrupt",0.5,0.05,NA,2,"Central",0.034,0.00810481338464989
50,"Abrupt",0.5,0.05,NA,2,"Tail",0.058,0.0104533248299285
50,"Abrupt",0.5,0.1,NA,2,"Uniform",0,0
50,"Abrupt",0.5,0.1,NA,2,"Central",0.04,0.00876356092008266
50,"Abrupt",0.5,0.1,NA,2,"Tail",0.044,0.00917213170424411
50,"Abrupt",0.5,0.2,NA,2,"Uniform",0,0
50,"Abrupt",0.5,0.2,NA,2,"Central",0.034,0.00810481338464989
50,"Abrupt",0.5,0.2,NA,2,"Tail",0.044,0.00917213170424411
50,"Abrupt",0.75,0.05,NA,2,"Uniform",0,0
50,"Abrupt",0.75,0.05,NA,2,"Central",0.026,0.00711674082709213
50,"Abrupt",0.75,0.05,NA,2,"Tail",0.066,0.0111035129576184
50,"Abrupt",0.75,0.1,NA,2,"Uniform",0,0
50,"Abrupt",0.75,0.1,NA,2,"Central",0.014,0.00525433154644813
50,"Abrupt",0.75,0.1,NA,2,"Tail",0.062,0.0107848041243223
50,"Abrupt",0.75,0.2,NA,2,"Uniform",0,0
50,"Abrupt",0.75,0.2,NA,2,"Central",0.01,0.0044497190922574
50,"Abrupt",0.75,0.2,NA,2,"Tail",0.13,0.0150399468084166
50,"Mixture",0.05,0.25,NA,2,"Uniform",0,0
50,"Mixture",0.05,0.25,NA,2,"Central",0,0
50,"Mixture",0.05,0.25,NA,2,"Tail",1,0
50,"Mixture",0.05,0.5,NA,2,"Uniform",0,0
50,"Mixture",0.05,0.5,NA,2,"Central",0,0
50,"Mixture",0.05,0.5,NA,2,"Tail",1,0
50,"Mixture",0.05,0.75,NA,2,"Uniform",0,0
50,"Mixture",0.05,0.75,NA,2,"Central",0,0
50,"Mixture",0.05,0.75,NA,2,"Tail",1,0
50,"Mixture",0.1,0.25,NA,2,"Uniform",0,0
50,"Mixture",0.1,0.25,NA,2,"Central",0,0
50,"Mixture",0.1,0.25,NA,2,"Tail",1,0
50,"Mixture",0.1,0.5,NA,2,"Uniform",0,0
50,"Mixture",0.1,0.5,NA,2,"Central",0,0
50,"Mixture",0.1,0.5,NA,2,"Tail",1,0
50,"Mixture",0.1,0.75,NA,2,"Uniform",0,0
50,"Mixture",0.1,0.75,NA,2,"Central",0,0
50,"Mixture",0.1,0.75,NA,2,"Tail",1,0
50,"Mixture",0.2,0.25,NA,2,"Uniform",0,0
50,"Mixture",0.2,0.25,NA,2,"Central",0,0
50,"Mixture",0.2,0.25,NA,2,"Tail",1,0
50,"Mixture",0.2,0.5,NA,2,"Uniform",0,0
50,"Mixture",0.2,0.5,NA,2,"Central",0,0
50,"Mixture",0.2,0.5,NA,2,"Tail",1,0
50,"Mixture",0.2,0.75,NA,2,"Uniform",0,0
50,"Mixture",0.2,0.75,NA,2,"Central",0,0
50,"Mixture",0.2,0.75,NA,2,"Tail",1,0
50,"Localized",0.25,0.05,0.5,3,"Uniform",0,0
50,"Localized",0.25,0.05,0.5,3,"Central",0.044,0.00917213170424411
50,"Localized",0.25,0.05,0.5,3,"Tail",0.042,0.00897061870775924
50,"Localized",0.25,0.05,0.5,3,"Localized",0.04,0.00876356092008266
50,"Localized",0.25,0.05,1,3,"Uniform",0,0
50,"Localized",0.25,0.05,1,3,"Central",0.052,0.00992935043192655
50,"Localized",0.25,0.05,1,3,"Tail",0.044,0.00917213170424411
50,"Localized",0.25,0.05,1,3,"Localized",0.05,0.00974679434480896
50,"Localized",0.25,0.05,1.5,3,"Uniform",0,0
50,"Localized",0.25,0.05,1.5,3,"Central",0.056,0.0102824121683582
50,"Localized",0.25,0.05,1.5,3,"Tail",0.072,0.0115599307956406
50,"Localized",0.25,0.05,1.5,3,"Localized",0.036,0.0083311463797007
50,"Localized",0.25,0.05,2,3,"Uniform",0,0
50,"Localized",0.25,0.05,2,3,"Central",0.054,0.0101078187557949
50,"Localized",0.25,0.05,2,3,"Tail",0.046,0.00936845771725528
50,"Localized",0.25,0.05,2,3,"Localized",0.026,0.00711674082709213
50,"Localized",0.25,0.1,0.5,3,"Uniform",0,0
50,"Localized",0.25,0.1,0.5,3,"Central",0.066,0.0111035129576184
50,"Localized",0.25,0.1,0.5,3,"Tail",0.04,0.00876356092008266
50,"Localized",0.25,0.1,0.5,3,"Localized",0.046,0.00936845771725528
50,"Localized",0.25,0.1,1,3,"Uniform",0,0
50,"Localized",0.25,0.1,1,3,"Central",0.046,0.00936845771725528
50,"Localized",0.25,0.1,1,3,"Tail",0.068,0.0112584190719657
50,"Localized",0.25,0.1,1,3,"Localized",0.068,0.0112584190719657
50,"Localized",0.25,0.1,1.5,3,"Uniform",0,0
50,"Localized",0.25,0.1,1.5,3,"Central",0.058,0.0104533248299285
50,"Localized",0.25,0.1,1.5,3,"Tail",0.042,0.00897061870775924
50,"Localized",0.25,0.1,1.5,3,"Localized",0.056,0.0102824121683582
50,"Localized",0.25,0.1,2,3,"Uniform",0,0
50,"Localized",0.25,0.1,2,3,"Central",0.044,0.00917213170424411
50,"Localized",0.25,0.1,2,3,"Tail",0.056,0.0102824121683582
50,"Localized",0.25,0.1,2,3,"Localized",0.032,0.00787095928079926
50,"Localized",0.25,0.2,0.5,3,"Uniform",0,0
50,"Localized",0.25,0.2,0.5,3,"Central",0.068,0.0112584190719657
50,"Localized",0.25,0.2,0.5,3,"Tail",0.052,0.00992935043192655
50,"Localized",0.25,0.2,0.5,3,"Localized",0.034,0.00810481338464989
50,"Localized",0.25,0.2,1,3,"Uniform",0,0
50,"Localized",0.25,0.2,1,3,"Central",0.052,0.00992935043192655
50,"Localized",0.25,0.2,1,3,"Tail",0.06,0.0106207344378814
50,"Localized",0.25,0.2,1,3,"Localized",0.028,0.00737780455149091
50,"Localized",0.25,0.2,1.5,3,"Uniform",0,0
50,"Localized",0.25,0.2,1.5,3,"Central",0.052,0.00992935043192655
50,"Localized",0.25,0.2,1.5,3,"Tail",0.056,0.0102824121683582
50,"Localized",0.25,0.2,1.5,3,"Localized",0.034,0.00810481338464989
50,"Localized",0.25,0.2,2,3,"Uniform",0,0
50,"Localized",0.25,0.2,2,3,"Central",0.056,0.0102824121683582
50,"Localized",0.25,0.2,2,3,"Tail",0.032,0.00787095928079926
50,"Localized",0.25,0.2,2,3,"Localized",0.028,0.00737780455149091
50,"Localized",0.5,0.05,0.5,3,"Uniform",0,0
50,"Localized",0.5,0.05,0.5,3,"Central",0.032,0.00787095928079926
50,"Localized",0.5,0.05,0.5,3,"Tail",0.054,0.0101078187557949
50,"Localized",0.5,0.05,0.5,3,"Localized",0.03,0.00762889244910426
50,"Localized",0.5,0.05,1,3,"Uniform",0,0
50,"Localized",0.5,0.05,1,3,"Central",0.05,0.00974679434480896
50,"Localized",0.5,0.05,1,3,"Tail",0.06,0.0106207344378814
50,"Localized",0.5,0.05,1,3,"Localized",0.014,0.00525433154644813
50,"Localized",0.5,0.05,1.5,3,"Uniform",0,0
50,"Localized",0.5,0.05,1.5,3,"Central",0.052,0.00992935043192655
50,"Localized",0.5,0.05,1.5,3,"Tail",0.05,0.00974679434480896
50,"Localized",0.5,0.05,1.5,3,"Localized",0.016,0.00561141693336006
50,"Localized",0.5,0.05,2,3,"Uniform",0,0
50,"Localized",0.5,0.05,2,3,"Central",0.048,0.00955991631762538
50,"Localized",0.5,0.05,2,3,"Tail",0.056,0.0102824121683582
50,"Localized",0.5,0.05,2,3,"Localized",0.01,0.0044497190922574
50,"Localized",0.5,0.1,0.5,3,"Uniform",0,0
50,"Localized",0.5,0.1,0.5,3,"Central",0.066,0.0111035129576184
50,"Localized",0.5,0.1,0.5,3,"Tail",0.068,0.0112584190719657
50,"Localized",0.5,0.1,0.5,3,"Localized",0.04,0.00876356092008266
50,"Localized",0.5,0.1,1,3,"Uniform",0,0
50,"Localized",0.5,0.1,1,3,"Central",0.032,0.00787095928079926
50,"Localized",0.5,0.1,1,3,"Tail",0.056,0.0102824121683582
50,"Localized",0.5,0.1,1,3,"Localized",0.022,0.00655987804764692
50,"Localized",0.5,0.1,1.5,3,"Uniform",0,0
50,"Localized",0.5,0.1,1.5,3,"Central",0.022,0.00655987804764692
50,"Localized",0.5,0.1,1.5,3,"Tail",0.052,0.00992935043192655
50,"Localized",0.5,0.1,1.5,3,"Localized",0.03,0.00762889244910426
50,"Localized",0.5,0.1,2,3,"Uniform",0,0
50,"Localized",0.5,0.1,2,3,"Central",0.022,0.00655987804764692
50,"Localized",0.5,0.1,2,3,"Tail",0.046,0.00936845771725528
50,"Localized",0.5,0.1,2,3,"Localized",0.034,0.00810481338464989
50,"Localized",0.5,0.2,0.5,3,"Uniform",0,0
50,"Localized",0.5,0.2,0.5,3,"Central",0.054,0.0101078187557949
50,"Localized",0.5,0.2,0.5,3,"Tail",0.05,0.00974679434480896
50,"Localized",0.5,0.2,0.5,3,"Localized",0.062,0.0107848041243223
50,"Localized",0.5,0.2,1,3,"Uniform",0,0
50,"Localized",0.5,0.2,1,3,"Central",0.06,0.0106207344378814
50,"Localized",0.5,0.2,1,3,"Tail",0.064,0.0109456840809517
50,"Localized",0.5,0.2,1,3,"Localized",0.056,0.0102824121683582
50,"Localized",0.5,0.2,1.5,3,"Uniform",0,0
50,"Localized",0.5,0.2,1.5,3,"Central",0.048,0.00955991631762538
50,"Localized",0.5,0.2,1.5,3,"Tail",0.06,0.0106207344378814
50,"Localized",0.5,0.2,1.5,3,"Localized",0.03,0.00762889244910426
50,"Localized",0.5,0.2,2,3,"Uniform",0,0
50,"Localized",0.5,0.2,2,3,"Central",0.034,0.00810481338464989
50,"Localized",0.5,0.2,2,3,"Tail",0.054,0.0101078187557949
50,"Localized",0.5,0.2,2,3,"Localized",0.046,0.00936845771725528
50,"Localized",0.75,0.05,0.5,3,"Uniform",0,0
50,"Localized",0.75,0.05,0.5,3,"Central",0.05,0.00974679434480896
50,"Localized",0.75,0.05,0.5,3,"Tail",0.046,0.00936845771725528
50,"Localized",0.75,0.05,0.5,3,"Localized",0.044,0.00917213170424411
50,"Localized",0.75,0.05,1,3,"Uniform",0,0
50,"Localized",0.75,0.05,1,3,"Central",0.056,0.0102824121683582
50,"Localized",0.75,0.05,1,3,"Tail",0.056,0.0102824121683582
50,"Localized",0.75,0.05,1,3,"Localized",0.064,0.0109456840809517
50,"Localized",0.75,0.05,1.5,3,"Uniform",0,0
50,"Localized",0.75,0.05,1.5,3,"Central",0.056,0.0102824121683582
50,"Localized",0.75,0.05,1.5,3,"Tail",0.048,0.00955991631762538
50,"Localized",0.75,0.05,1.5,3,"Localized",0.04,0.00876356092008266
50,"Localized",0.75,0.05,2,3,"Uniform",0,0
50,"Localized",0.75,0.05,2,3,"Central",0.058,0.0104533248299285
50,"Localized",0.75,0.05,2,3,"Tail",0.038,0.00855055553750749
50,"Localized",0.75,0.05,2,3,"Localized",0.032,0.00787095928079926
50,"Localized",0.75,0.1,0.5,3,"Uniform",0,0
50,"Localized",0.75,0.1,0.5,3,"Central",0.056,0.0102824121683582
50,"Localized",0.75,0.1,0.5,3,"Tail",0.052,0.00992935043192655
50,"Localized",0.75,0.1,0.5,3,"Localized",0.054,0.0101078187557949
50,"Localized",0.75,0.1,1,3,"Uniform",0,0
50,"Localized",0.75,0.1,1,3,"Central",0.042,0.00897061870775924
50,"Localized",0.75,0.1,1,3,"Tail",0.042,0.00897061870775924
50,"Localized",0.75,0.1,1,3,"Localized",0.032,0.00787095928079926
50,"Localized",0.75,0.1,1.5,3,"Uniform",0,0
50,"Localized",0.75,0.1,1.5,3,"Central",0.042,0.00897061870775924
50,"Localized",0.75,0.1,1.5,3,"Tail",0.052,0.00992935043192655
50,"Localized",0.75,0.1,1.5,3,"Localized",0.032,0.00787095928079926
50,"Localized",0.75,0.1,2,3,"Uniform",0,0
50,"Localized",0.75,0.1,2,3,"Central",0.062,0.0107848041243223
50,"Localized",0.75,0.1,2,3,"Tail",0.04,0.00876356092008266
50,"Localized",0.75,0.1,2,3,"Localized",0.028,0.00737780455149091
50,"Localized",0.75,0.2,0.5,3,"Uniform",0,0
50,"Localized",0.75,0.2,0.5,3,"Central",0.05,0.00974679434480896
50,"Localized",0.75,0.2,0.5,3,"Tail",0.05,0.00974679434480896
50,"Localized",0.75,0.2,0.5,3,"Localized",0.058,0.0104533248299285
50,"Localized",0.75,0.2,1,3,"Uniform",0,0
50,"Localized",0.75,0.2,1,3,"Central",0.052,0.00992935043192655
50,"Localized",0.75,0.2,1,3,"Tail",0.058,0.0104533248299285
50,"Localized",0.75,0.2,1,3,"Localized",0.038,0.00855055553750749
50,"Localized",0.75,0.2,1.5,3,"Uniform",0,0
50,"Localized",0.75,0.2,1.5,3,"Central",0.056,0.0102824121683582
50,"Localized",0.75,0.2,1.5,3,"Tail",0.048,0.00955991631762538
50,"Localized",0.75,0.2,1.5,3,"Localized",0.026,0.00711674082709213
50,"Localized",0.75,0.2,2,3,"Uniform",0,0
50,"Localized",0.75,0.2,2,3,"Central",0.098,0.0132963152790538
50,"Localized",0.75,0.2,2,3,"Tail",0.046,0.00936845771725528
50,"Localized",0.75,0.2,2,3,"Localized",0.018,0.005945754788082
50,"Oscillatory",1,0.5,NA,3,"Uniform",0,0
50,"Oscillatory",1,0.5,NA,3,"Central",0.028,0.00737780455149091
50,"Oscillatory",1,0.5,NA,3,"Tail",0.046,0.00936845771725528
50,"Oscillatory",1,1,NA,3,"Uniform",0,0
50,"Oscillatory",1,1,NA,3,"Central",0.048,0.00955991631762538
50,"Oscillatory",1,1,NA,3,"Tail",0.048,0.00955991631762538
50,"Oscillatory",1,1.5,NA,3,"Uniform",0,0
50,"Oscillatory",1,1.5,NA,3,"Central",0.052,0.00992935043192655
50,"Oscillatory",1,1.5,NA,3,"Tail",0.052,0.00992935043192655
50,"Oscillatory",1,2,NA,3,"Uniform",0,0
50,"Oscillatory",1,2,NA,3,"Central",0.06,0.0106207344378814
50,"Oscillatory",1,2,NA,3,"Tail",0.058,0.0104533248299285
50,"Oscillatory",2,0.5,NA,3,"Uniform",0,0
50,"Oscillatory",2,0.5,NA,3,"Central",0.058,0.0104533248299285
50,"Oscillatory",2,0.5,NA,3,"Tail",0.062,0.0107848041243223
50,"Oscillatory",2,1,NA,3,"Uniform",0,0
50,"Oscillatory",2,1,NA,3,"Central",0.058,0.0104533248299285
50,"Oscillatory",2,1,NA,3,"Tail",0.036,0.0083311463797007
50,"Oscillatory",2,1.5,NA,3,"Uniform",0,0
50,"Oscillatory",2,1.5,NA,3,"Central",0.022,0.00655987804764692
50,"Oscillatory",2,1.5,NA,3,"Tail",0.046,0.00936845771725528
50,"Oscillatory",2,2,NA,3,"Uniform",0,0
50,"Oscillatory",2,2,NA,3,"Central",0.046,0.00936845771725528
50,"Oscillatory",2,2,NA,3,"Tail",0.062,0.0107848041243223
50,"Oscillatory",4,0.5,NA,3,"Uniform",0,0
50,"Oscillatory",4,0.5,NA,3,"Central",0.052,0.00992935043192655
50,"Oscillatory",4,0.5,NA,3,"Tail",0.056,0.0102824121683582
50,"Oscillatory",4,1,NA,3,"Uniform",0,0
50,"Oscillatory",4,1,NA,3,"Central",0.054,0.0101078187557949
50,"Oscillatory",4,1,NA,3,"Tail",0.046,0.00936845771725528
50,"Oscillatory",4,1.5,NA,3,"Uniform",0,0
50,"Oscillatory",4,1.5,NA,3,"Central",0.032,0.00787095928079926
50,"Oscillatory",4,1.5,NA,3,"Tail",0.052,0.00992935043192655
50,"Oscillatory",4,2,NA,3,"Uniform",0,0
50,"Oscillatory",4,2,NA,3,"Central",0.032,0.00787095928079926
50,"Oscillatory",4,2,NA,3,"Tail",0.05,0.00974679434480896
50,"Oscillatory",8,0.5,NA,3,"Uniform",0,0
50,"Oscillatory",8,0.5,NA,3,"Central",0.058,0.0104533248299285
50,"Oscillatory",8,0.5,NA,3,"Tail",0.036,0.0083311463797007
50,"Oscillatory",8,1,NA,3,"Uniform",0,0
50,"Oscillatory",8,1,NA,3,"Central",0.04,0.00876356092008266
50,"Oscillatory",8,1,NA,3,"Tail",0.048,0.00955991631762538
50,"Oscillatory",8,1.5,NA,3,"Uniform",0,0
50,"Oscillatory",8,1.5,NA,3,"Central",0.058,0.0104533248299285
50,"Oscillatory",8,1.5,NA,3,"Tail",0.044,0.00917213170424411
50,"Oscillatory",8,2,NA,3,"Uniform",0,0
50,"Oscillatory",8,2,NA,3,"Central",0.042,0.00897061870775924
50,"Oscillatory",8,2,NA,3,"Tail",0.042,0.00897061870775924
50,"Abrupt",0.25,0.05,NA,3,"Uniform",0,0
50,"Abrupt",0.25,0.05,NA,3,"Central",0.044,0.00917213170424411
50,"Abrupt",0.25,0.05,NA,3,"Tail",0.054,0.0101078187557949
50,"Abrupt",0.25,0.1,NA,3,"Uniform",0,0
50,"Abrupt",0.25,0.1,NA,3,"Central",0.054,0.0101078187557949
50,"Abrupt",0.25,0.1,NA,3,"Tail",0.054,0.0101078187557949
50,"Abrupt",0.25,0.2,NA,3,"Uniform",0,0
50,"Abrupt",0.25,0.2,NA,3,"Central",0.054,0.0101078187557949
50,"Abrupt",0.25,0.2,NA,3,"Tail",0.06,0.0106207344378814
50,"Abrupt",0.5,0.05,NA,3,"Uniform",0,0
50,"Abrupt",0.5,0.05,NA,3,"Central",0.066,0.0111035129576184
50,"Abrupt",0.5,0.05,NA,3,"Tail",0.05,0.00974679434480896
50,"Abrupt",0.5,0.1,NA,3,"Uniform",0,0
50,"Abrupt",0.5,0.1,NA,3,"Central",0.052,0.00992935043192655
50,"Abrupt",0.5,0.1,NA,3,"Tail",0.05,0.00974679434480896
50,"Abrupt",0.5,0.2,NA,3,"Uniform",0,0
50,"Abrupt",0.5,0.2,NA,3,"Central",0.076,0.0118510759005248
50,"Abrupt",0.5,0.2,NA,3,"Tail",0.042,0.00897061870775924
50,"Abrupt",0.75,0.05,NA,3,"Uniform",0,0
50,"Abrupt",0.75,0.05,NA,3,"Central",0.046,0.00936845771725528
50,"Abrupt",0.75,0.05,NA,3,"Tail",0.062,0.0107848041243223
50,"Abrupt",0.75,0.1,NA,3,"Uniform",0,0
50,"Abrupt",0.75,0.1,NA,3,"Central",0.024,0.00684455988358638
50,"Abrupt",0.75,0.1,NA,3,"Tail",0.076,0.0118510759005248
50,"Abrupt",0.75,0.2,NA,3,"Uniform",0,0
50,"Abrupt",0.75,0.2,NA,3,"Central",0.024,0.00684455988358638
50,"Abrupt",0.75,0.2,NA,3,"Tail",0.1,0.0134164078649987
50,"Mixture",0.05,0.25,NA,3,"Uniform",0,0
50,"Mixture",0.05,0.25,NA,3,"Central",0,0
50,"Mixture",0.05,0.25,NA,3,"Tail",1,0
50,"Mixture",0.05,0.5,NA,3,"Uniform",0,0
50,"Mixture",0.05,0.5,NA,3,"Central",0,0
50,"Mixture",0.05,0.5,NA,3,"Tail",1,0
50,"Mixture",0.05,0.75,NA,3,"Uniform",0,0
50,"Mixture",0.05,0.75,NA,3,"Central",0,0
50,"Mixture",0.05,0.75,NA,3,"Tail",1,0
50,"Mixture",0.1,0.25,NA,3,"Uniform",0,0
50,"Mixture",0.1,0.25,NA,3,"Central",0,0
50,"Mixture",0.1,0.25,NA,3,"Tail",1,0
50,"Mixture",0.1,0.5,NA,3,"Uniform",0,0
50,"Mixture",0.1,0.5,NA,3,"Central",0,0
50,"Mixture",0.1,0.5,NA,3,"Tail",1,0
50,"Mixture",0.1,0.75,NA,3,"Uniform",0,0
50,"Mixture",0.1,0.75,NA,3,"Central",0,0
50,"Mixture",0.1,0.75,NA,3,"Tail",1,0
50,"Mixture",0.2,0.25,NA,3,"Uniform",0,0
50,"Mixture",0.2,0.25,NA,3,"Central",0,0
50,"Mixture",0.2,0.25,NA,3,"Tail",1,0
50,"Mixture",0.2,0.5,NA,3,"Uniform",0,0
50,"Mixture",0.2,0.5,NA,3,"Central",0,0
50,"Mixture",0.2,0.5,NA,3,"Tail",1,0
50,"Mixture",0.2,0.75,NA,3,"Uniform",0,0
50,"Mixture",0.2,0.75,NA,3,"Central",0,0
50,"Mixture",0.2,0.75,NA,3,"Tail",1,0
50,"Localized",0.25,0.05,0.5,5,"Uniform",0,0
50,"Localized",0.25,0.05,0.5,5,"Central",0.042,0.00897061870775924
50,"Localized",0.25,0.05,0.5,5,"Tail",0.04,0.00876356092008266
50,"Localized",0.25,0.05,0.5,5,"Localized",0.038,0.00855055553750749
50,"Localized",0.25,0.05,1,5,"Uniform",0,0
50,"Localized",0.25,0.05,1,5,"Central",0.034,0.00810481338464989
50,"Localized",0.25,0.05,1,5,"Tail",0.046,0.00936845771725528
50,"Localized",0.25,0.05,1,5,"Localized",0.058,0.0104533248299285
50,"Localized",0.25,0.05,1.5,5,"Uniform",0,0
50,"Localized",0.25,0.05,1.5,5,"Central",0.04,0.00876356092008266
50,"Localized",0.25,0.05,1.5,5,"Tail",0.058,0.0104533248299285
50,"Localized",0.25,0.05,1.5,5,"Localized",0.052,0.00992935043192655
50,"Localized",0.25,0.05,2,5,"Uniform",0,0
50,"Localized",0.25,0.05,2,5,"Central",0.034,0.00810481338464989
50,"Localized",0.25,0.05,2,5,"Tail",0.048,0.00955991631762538
50,"Localized",0.25,0.05,2,5,"Localized",0.038,0.00855055553750749
50,"Localized",0.25,0.1,0.5,5,"Uniform",0,0
50,"Localized",0.25,0.1,0.5,5,"Central",0.042,0.00897061870775924
50,"Localized",0.25,0.1,0.5,5,"Tail",0.076,0.0118510759005248
50,"Localized",0.25,0.1,0.5,5,"Localized",0.038,0.00855055553750749
50,"Localized",0.25,0.1,1,5,"Uniform",0,0
50,"Localized",0.25,0.1,1,5,"Central",0.038,0.00855055553750749
50,"Localized",0.25,0.1,1,5,"Tail",0.046,0.00936845771725528
50,"Localized",0.25,0.1,1,5,"Localized",0.026,0.00711674082709213
50,"Localized",0.25,0.1,1.5,5,"Uniform",0,0
50,"Localized",0.25,0.1,1.5,5,"Central",0.048,0.00955991631762538
50,"Localized",0.25,0.1,1.5,5,"Tail",0.05,0.00974679434480896
50,"Localized",0.25,0.1,1.5,5,"Localized",0.036,0.0083311463797007
50,"Localized",0.25,0.1,2,5,"Uniform",0,0
50,"Localized",0.25,0.1,2,5,"Central",0.036,0.0083311463797007
50,"Localized",0.25,0.1,2,5,"Tail",0.056,0.0102824121683582
50,"Localized",0.25,0.1,2,5,"Localized",0.036,0.0083311463797007
50,"Localized",0.25,0.2,0.5,5,"Uniform",0,0
50,"Localized",0.25,0.2,0.5,5,"Central",0.036,0.0083311463797007
50,"Localized",0.25,0.2,0.5,5,"Tail",0.08,0.0121326007104825
50,"Localized",0.25,0.2,0.5,5,"Localized",0.036,0.0083311463797007
50,"Localized",0.25,0.2,1,5,"Uniform",0,0
50,"Localized",0.25,0.2,1,5,"Central",0.038,0.00855055553750749
50,"Localized",0.25,0.2,1,5,"Tail",0.068,0.0112584190719657
50,"Localized",0.25,0.2,1,5,"Localized",0.046,0.00936845771725528
50,"Localized",0.25,0.2,1.5,5,"Uniform",0,0
50,"Localized",0.25,0.2,1.5,5,"Central",0.034,0.00810481338464989
50,"Localized",0.25,0.2,1.5,5,"Tail",0.06,0.0106207344378814
50,"Localized",0.25,0.2,1.5,5,"Localized",0.04,0.00876356092008266
50,"Localized",0.25,0.2,2,5,"Uniform",0,0
50,"Localized",0.25,0.2,2,5,"Central",0.042,0.00897061870775924
50,"Localized",0.25,0.2,2,5,"Tail",0.048,0.00955991631762538
50,"Localized",0.25,0.2,2,5,"Localized",0.026,0.00711674082709213
50,"Localized",0.5,0.05,0.5,5,"Uniform",0,0
50,"Localized",0.5,0.05,0.5,5,"Central",0.03,0.00762889244910426
50,"Localized",0.5,0.05,0.5,5,"Tail",0.078,0.0119929979571415
50,"Localized",0.5,0.05,0.5,5,"Localized",0.044,0.00917213170424411
50,"Localized",0.5,0.05,1,5,"Uniform",0,0
50,"Localized",0.5,0.05,1,5,"Central",0.03,0.00762889244910426
50,"Localized",0.5,0.05,1,5,"Tail",0.064,0.0109456840809517
50,"Localized",0.5,0.05,1,5,"Localized",0.034,0.00810481338464989
50,"Localized",0.5,0.05,1.5,5,"Uniform",0,0
50,"Localized",0.5,0.05,1.5,5,"Central",0.016,0.00561141693336006
50,"Localized",0.5,0.05,1.5,5,"Tail",0.06,0.0106207344378814
50,"Localized",0.5,0.05,1.5,5,"Localized",0.032,0.00787095928079926
50,"Localized",0.5,0.05,2,5,"Uniform",0,0
50,"Localized",0.5,0.05,2,5,"Central",0.026,0.00711674082709213
50,"Localized",0.5,0.05,2,5,"Tail",0.056,0.0102824121683582
50,"Localized",0.5,0.05,2,5,"Localized",0.036,0.0083311463797007
50,"Localized",0.5,0.1,0.5,5,"Uniform",0,0
50,"Localized",0.5,0.1,0.5,5,"Central",0.028,0.00737780455149091
50,"Localized",0.5,0.1,0.5,5,"Tail",0.062,0.0107848041243223
50,"Localized",0.5,0.1,0.5,5,"Localized",0.034,0.00810481338464989
50,"Localized",0.5,0.1,1,5,"Uniform",0,0
50,"Localized",0.5,0.1,1,5,"Central",0.036,0.0083311463797007
50,"Localized",0.5,0.1,1,5,"Tail",0.056,0.0102824121683582
50,"Localized",0.5,0.1,1,5,"Localized",0.016,0.00561141693336006
50,"Localized",0.5,0.1,1.5,5,"Uniform",0,0
50,"Localized",0.5,0.1,1.5,5,"Central",0.032,0.00787095928079926
50,"Localized",0.5,0.1,1.5,5,"Tail",0.086,0.0125382614424808
50,"Localized",0.5,0.1,1.5,5,"Localized",0.036,0.0083311463797007
50,"Localized",0.5,0.1,2,5,"Uniform",0,0
50,"Localized",0.5,0.1,2,5,"Central",0.026,0.00711674082709213
50,"Localized",0.5,0.1,2,5,"Tail",0.054,0.0101078187557949
50,"Localized",0.5,0.1,2,5,"Localized",0.022,0.00655987804764692
50,"Localized",0.5,0.2,0.5,5,"Uniform",0,0
50,"Localized",0.5,0.2,0.5,5,"Central",0.02,0.00626099033699941
50,"Localized",0.5,0.2,0.5,5,"Tail",0.06,0.0106207344378814
50,"Localized",0.5,0.2,0.5,5,"Localized",0.062,0.0107848041243223
50,"Localized",0.5,0.2,1,5,"Uniform",0,0
50,"Localized",0.5,0.2,1,5,"Central",0.034,0.00810481338464989
50,"Localized",0.5,0.2,1,5,"Tail",0.062,0.0107848041243223
50,"Localized",0.5,0.2,1,5,"Localized",0.06,0.0106207344378814
50,"Localized",0.5,0.2,1.5,5,"Uniform",0,0
50,"Localized",0.5,0.2,1.5,5,"Central",0.038,0.00855055553750749
50,"Localized",0.5,0.2,1.5,5,"Tail",0.04,0.00876356092008266
50,"Localized",0.5,0.2,1.5,5,"Localized",0.034,0.00810481338464989
50,"Localized",0.5,0.2,2,5,"Uniform",0,0
50,"Localized",0.5,0.2,2,5,"Central",0.026,0.00711674082709213
50,"Localized",0.5,0.2,2,5,"Tail",0.062,0.0107848041243223
50,"Localized",0.5,0.2,2,5,"Localized",0.06,0.0106207344378814
50,"Localized",0.75,0.05,0.5,5,"Uniform",0,0
50,"Localized",0.75,0.05,0.5,5,"Central",0.024,0.00684455988358638
50,"Localized",0.75,0.05,0.5,5,"Tail",0.064,0.0109456840809517
50,"Localized",0.75,0.05,0.5,5,"Localized",0.066,0.0111035129576184
50,"Localized",0.75,0.05,1,5,"Uniform",0,0
50,"Localized",0.75,0.05,1,5,"Central",0.03,0.00762889244910426
50,"Localized",0.75,0.05,1,5,"Tail",0.076,0.0118510759005248
50,"Localized",0.75,0.05,1,5,"Localized",0.05,0.00974679434480896
50,"Localized",0.75,0.05,1.5,5,"Uniform",0,0
50,"Localized",0.75,0.05,1.5,5,"Central",0.044,0.00917213170424411
50,"Localized",0.75,0.05,1.5,5,"Tail",0.056,0.0102824121683582
50,"Localized",0.75,0.05,1.5,5,"Localized",0.034,0.00810481338464989
50,"Localized",0.75,0.05,2,5,"Uniform",0,0
50,"Localized",0.75,0.05,2,5,"Central",0.032,0.00787095928079926
50,"Localized",0.75,0.05,2,5,"Tail",0.06,0.0106207344378814
50,"Localized",0.75,0.05,2,5,"Localized",0.048,0.00955991631762538
50,"Localized",0.75,0.1,0.5,5,"Uniform",0,0
50,"Localized",0.75,0.1,0.5,5,"Central",0.034,0.00810481338464989
50,"Localized",0.75,0.1,0.5,5,"Tail",0.078,0.0119929979571415
50,"Localized",0.75,0.1,0.5,5,"Localized",0.032,0.00787095928079926
50,"Localized",0.75,0.1,1,5,"Uniform",0,0
50,"Localized",0.75,0.1,1,5,"Central",0.056,0.0102824121683582
50,"Localized",0.75,0.1,1,5,"Tail",0.056,0.0102824121683582
50,"Localized",0.75,0.1,1,5,"Localized",0.044,0.00917213170424411
50,"Localized",0.75,0.1,1.5,5,"Uniform",0,0
50,"Localized",0.75,0.1,1.5,5,"Central",0.064,0.0109456840809517
50,"Localized",0.75,0.1,1.5,5,"Tail",0.052,0.00992935043192655
50,"Localized",0.75,0.1,1.5,5,"Localized",0.028,0.00737780455149091
50,"Localized",0.75,0.1,2,5,"Uniform",0,0
50,"Localized",0.75,0.1,2,5,"Central",0.038,0.00855055553750749
50,"Localized",0.75,0.1,2,5,"Tail",0.054,0.0101078187557949
50,"Localized",0.75,0.1,2,5,"Localized",0.024,0.00684455988358638
50,"Localized",0.75,0.2,0.5,5,"Uniform",0,0
50,"Localized",0.75,0.2,0.5,5,"Central",0.034,0.00810481338464989
50,"Localized",0.75,0.2,0.5,5,"Tail",0.056,0.0102824121683582
50,"Localized",0.75,0.2,0.5,5,"Localized",0.022,0.00655987804764692
50,"Localized",0.75,0.2,1,5,"Uniform",0,0
50,"Localized",0.75,0.2,1,5,"Central",0.04,0.00876356092008266
50,"Localized",0.75,0.2,1,5,"Tail",0.062,0.0107848041243223
50,"Localized",0.75,0.2,1,5,"Localized",0.026,0.00711674082709213
50,"Localized",0.75,0.2,1.5,5,"Uniform",0,0
50,"Localized",0.75,0.2,1.5,5,"Central",0.028,0.00737780455149091
50,"Localized",0.75,0.2,1.5,5,"Tail",0.076,0.0118510759005248
50,"Localized",0.75,0.2,1.5,5,"Localized",0.026,0.00711674082709213
50,"Localized",0.75,0.2,2,5,"Uniform",0,0
50,"Localized",0.75,0.2,2,5,"Central",0.038,0.00855055553750749
50,"Localized",0.75,0.2,2,5,"Tail",0.054,0.0101078187557949
50,"Localized",0.75,0.2,2,5,"Localized",0.054,0.0101078187557949
50,"Oscillatory",1,0.5,NA,5,"Uniform",0,0
50,"Oscillatory",1,0.5,NA,5,"Central",0.04,0.00876356092008266
50,"Oscillatory",1,0.5,NA,5,"Tail",0.066,0.0111035129576184
50,"Oscillatory",1,1,NA,5,"Uniform",0,0
50,"Oscillatory",1,1,NA,5,"Central",0.03,0.00762889244910426
50,"Oscillatory",1,1,NA,5,"Tail",0.062,0.0107848041243223
50,"Oscillatory",1,1.5,NA,5,"Uniform",0,0
50,"Oscillatory",1,1.5,NA,5,"Central",0.044,0.00917213170424411
50,"Oscillatory",1,1.5,NA,5,"Tail",0.064,0.0109456840809517
50,"Oscillatory",1,2,NA,5,"Uniform",0,0
50,"Oscillatory",1,2,NA,5,"Central",0.038,0.00855055553750749
50,"Oscillatory",1,2,NA,5,"Tail",0.072,0.0115599307956406
50,"Oscillatory",2,0.5,NA,5,"Uniform",0,0
50,"Oscillatory",2,0.5,NA,5,"Central",0.034,0.00810481338464989
50,"Oscillatory",2,0.5,NA,5,"Tail",0.046,0.00936845771725528
50,"Oscillatory",2,1,NA,5,"Uniform",0,0
50,"Oscillatory",2,1,NA,5,"Central",0.038,0.00855055553750749
50,"Oscillatory",2,1,NA,5,"Tail",0.072,0.0115599307956406
50,"Oscillatory",2,1.5,NA,5,"Uniform",0,0
50,"Oscillatory",2,1.5,NA,5,"Central",0.04,0.00876356092008266
50,"Oscillatory",2,1.5,NA,5,"Tail",0.09,0.0127984374046209
50,"Oscillatory",2,2,NA,5,"Uniform",0,0
50,"Oscillatory",2,2,NA,5,"Central",0.028,0.00737780455149091
50,"Oscillatory",2,2,NA,5,"Tail",0.062,0.0107848041243223
50,"Oscillatory",4,0.5,NA,5,"Uniform",0,0
50,"Oscillatory",4,0.5,NA,5,"Central",0.028,0.00737780455149091
50,"Oscillatory",4,0.5,NA,5,"Tail",0.052,0.00992935043192655
50,"Oscillatory",4,1,NA,5,"Uniform",0,0
50,"Oscillatory",4,1,NA,5,"Central",0.034,0.00810481338464989
50,"Oscillatory",4,1,NA,5,"Tail",0.068,0.0112584190719657
50,"Oscillatory",4,1.5,NA,5,"Uniform",0,0
50,"Oscillatory",4,1.5,NA,5,"Central",0.04,0.00876356092008266
50,"Oscillatory",4,1.5,NA,5,"Tail",0.06,0.0106207344378814
50,"Oscillatory",4,2,NA,5,"Uniform",0,0
50,"Oscillatory",4,2,NA,5,"Central",0.048,0.00955991631762538
50,"Oscillatory",4,2,NA,5,"Tail",0.072,0.0115599307956406
50,"Oscillatory",8,0.5,NA,5,"Uniform",0,0
50,"Oscillatory",8,0.5,NA,5,"Central",0.046,0.00936845771725528
50,"Oscillatory",8,0.5,NA,5,"Tail",0.076,0.0118510759005248
50,"Oscillatory",8,1,NA,5,"Uniform",0,0
50,"Oscillatory",8,1,NA,5,"Central",0.044,0.00917213170424411
50,"Oscillatory",8,1,NA,5,"Tail",0.06,0.0106207344378814
50,"Oscillatory",8,1.5,NA,5,"Uniform",0,0
50,"Oscillatory",8,1.5,NA,5,"Central",0.034,0.00810481338464989
50,"Oscillatory",8,1.5,NA,5,"Tail",0.048,0.00955991631762538
50,"Oscillatory",8,2,NA,5,"Uniform",0,0
50,"Oscillatory",8,2,NA,5,"Central",0.032,0.00787095928079926
50,"Oscillatory",8,2,NA,5,"Tail",0.036,0.0083311463797007
50,"Abrupt",0.25,0.05,NA,5,"Uniform",0,0
50,"Abrupt",0.25,0.05,NA,5,"Central",0.052,0.00992935043192655
50,"Abrupt",0.25,0.05,NA,5,"Tail",0.048,0.00955991631762538
50,"Abrupt",0.25,0.1,NA,5,"Uniform",0,0
50,"Abrupt",0.25,0.1,NA,5,"Central",0.05,0.00974679434480896
50,"Abrupt",0.25,0.1,NA,5,"Tail",0.084,0.0124051602166195
50,"Abrupt",0.25,0.2,NA,5,"Uniform",0,0
50,"Abrupt",0.25,0.2,NA,5,"Central",0.026,0.00711674082709213
50,"Abrupt",0.25,0.2,NA,5,"Tail",0.074,0.0117067501895274
50,"Abrupt",0.5,0.05,NA,5,"Uniform",0,0
50,"Abrupt",0.5,0.05,NA,5,"Central",0.056,0.0102824121683582
50,"Abrupt",0.5,0.05,NA,5,"Tail",0.074,0.0117067501895274
50,"Abrupt",0.5,0.1,NA,5,"Uniform",0,0
50,"Abrupt",0.5,0.1,NA,5,"Central",0.042,0.00897061870775924
50,"Abrupt",0.5,0.1,NA,5,"Tail",0.07,0.0114105214604767
50,"Abrupt",0.5,0.2,NA,5,"Uniform",0,0
50,"Abrupt",0.5,0.2,NA,5,"Central",0.056,0.0102824121683582
50,"Abrupt",0.5,0.2,NA,5,"Tail",0.068,0.0112584190719657
50,"Abrupt",0.75,0.05,NA,5,"Uniform",0,0
50,"Abrupt",0.75,0.05,NA,5,"Central",0.038,0.00855055553750749
50,"Abrupt",0.75,0.05,NA,5,"Tail",0.07,0.0114105214604767
50,"Abrupt",0.75,0.1,NA,5,"Uniform",0,0
50,"Abrupt",0.75,0.1,NA,5,"Central",0.02,0.00626099033699941
50,"Abrupt",0.75,0.1,NA,5,"Tail",0.086,0.0125382614424808
50,"Abrupt",0.75,0.2,NA,5,"Uniform",0,0
50,"Abrupt",0.75,0.2,NA,5,"Central",0.018,0.005945754788082
50,"Abrupt",0.75,0.2,NA,5,"Tail",0.09,0.0127984374046209
50,"Mixture",0.05,0.25,NA,5,"Uniform",0,0
50,"Mixture",0.05,0.25,NA,5,"Central",0,0
50,"Mixture",0.05,0.25,NA,5,"Tail",1,0
50,"Mixture",0.05,0.5,NA,5,"Uniform",0,0
50,"Mixture",0.05,0.5,NA,5,"Central",0,0
50,"Mixture",0.05,0.5,NA,5,"Tail",1,0
50,"Mixture",0.05,0.75,NA,5,"Uniform",0,0
50,"Mixture",0.05,0.75,NA,5,"Central",0,0
50,"Mixture",0.05,0.75,NA,5,"Tail",1,0
50,"Mixture",0.1,0.25,NA,5,"Uniform",0,0
50,"Mixture",0.1,0.25,NA,5,"Central",0,0
50,"Mixture",0.1,0.25,NA,5,"Tail",1,0
50,"Mixture",0.1,0.5,NA,5,"Uniform",0,0
50,"Mixture",0.1,0.5,NA,5,"Central",0,0
50,"Mixture",0.1,0.5,NA,5,"Tail",1,0
50,"Mixture",0.1,0.75,NA,5,"Uniform",0,0
50,"Mixture",0.1,0.75,NA,5,"Central",0,0
50,"Mixture",0.1,0.75,NA,5,"Tail",1,0
50,"Mixture",0.2,0.25,NA,5,"Uniform",0,0
50,"Mixture",0.2,0.25,NA,5,"Central",0,0
50,"Mixture",0.2,0.25,NA,5,"Tail",1,0
50,"Mixture",0.2,0.5,NA,5,"Uniform",0,0
50,"Mixture",0.2,0.5,NA,5,"Central",0,0
50,"Mixture",0.2,0.5,NA,5,"Tail",1,0
50,"Mixture",0.2,0.75,NA,5,"Uniform",0,0
50,"Mixture",0.2,0.75,NA,5,"Central",0,0
50,"Mixture",0.2,0.75,NA,5,"Tail",1,0
50,"Localized",0.25,0.05,0.5,8,"Uniform",0,0
50,"Localized",0.25,0.05,0.5,8,"Central",0.036,0.0083311463797007
50,"Localized",0.25,0.05,0.5,8,"Tail",0.076,0.0118510759005248
50,"Localized",0.25,0.05,0.5,8,"Localized",0.046,0.00936845771725528
50,"Localized",0.25,0.05,1,8,"Uniform",0,0
50,"Localized",0.25,0.05,1,8,"Central",0.036,0.0083311463797007
50,"Localized",0.25,0.05,1,8,"Tail",0.058,0.0104533248299285
50,"Localized",0.25,0.05,1,8,"Localized",0.056,0.0102824121683582
50,"Localized",0.25,0.05,1.5,8,"Uniform",0,0
50,"Localized",0.25,0.05,1.5,8,"Central",0.024,0.00684455988358638
50,"Localized",0.25,0.05,1.5,8,"Tail",0.056,0.0102824121683582
50,"Localized",0.25,0.05,1.5,8,"Localized",0.046,0.00936845771725528
50,"Localized",0.25,0.05,2,8,"Uniform",0,0
50,"Localized",0.25,0.05,2,8,"Central",0.062,0.0107848041243223
50,"Localized",0.25,0.05,2,8,"Tail",0.058,0.0104533248299285
50,"Localized",0.25,0.05,2,8,"Localized",0.078,0.0119929979571415
50,"Localized",0.25,0.1,0.5,8,"Uniform",0,0
50,"Localized",0.25,0.1,0.5,8,"Central",0.05,0.00974679434480896
50,"Localized",0.25,0.1,0.5,8,"Tail",0.044,0.00917213170424411
50,"Localized",0.25,0.1,0.5,8,"Localized",0.042,0.00897061870775924
50,"Localized",0.25,0.1,1,8,"Uniform",0,0
50,"Localized",0.25,0.1,1,8,"Central",0.036,0.0083311463797007
50,"Localized",0.25,0.1,1,8,"Tail",0.068,0.0112584190719657
50,"Localized",0.25,0.1,1,8,"Localized",0.042,0.00897061870775924
50,"Localized",0.25,0.1,1.5,8,"Uniform",0,0
50,"Localized",0.25,0.1,1.5,8,"Central",0.044,0.00917213170424411
50,"Localized",0.25,0.1,1.5,8,"Tail",0.05,0.00974679434480896
50,"Localized",0.25,0.1,1.5,8,"Localized",0.034,0.00810481338464989
50,"Localized",0.25,0.1,2,8,"Uniform",0,0
50,"Localized",0.25,0.1,2,8,"Central",0.058,0.0104533248299285
50,"Localized",0.25,0.1,2,8,"Tail",0.052,0.00992935043192655
50,"Localized",0.25,0.1,2,8,"Localized",0.03,0.00762889244910426
50,"Localized",0.25,0.2,0.5,8,"Uniform",0,0
50,"Localized",0.25,0.2,0.5,8,"Central",0.054,0.0101078187557949
50,"Localized",0.25,0.2,0.5,8,"Tail",0.064,0.0109456840809517
50,"Localized",0.25,0.2,0.5,8,"Localized",0.038,0.00855055553750749
50,"Localized",0.25,0.2,1,8,"Uniform",0,0
50,"Localized",0.25,0.2,1,8,"Central",0.05,0.00974679434480896
50,"Localized",0.25,0.2,1,8,"Tail",0.05,0.00974679434480896
50,"Localized",0.25,0.2,1,8,"Localized",0.042,0.00897061870775924
50,"Localized",0.25,0.2,1.5,8,"Uniform",0,0
50,"Localized",0.25,0.2,1.5,8,"Central",0.046,0.00936845771725528
50,"Localized",0.25,0.2,1.5,8,"Tail",0.064,0.0109456840809517
50,"Localized",0.25,0.2,1.5,8,"Localized",0.028,0.00737780455149091
50,"Localized",0.25,0.2,2,8,"Uniform",0,0
50,"Localized",0.25,0.2,2,8,"Central",0.044,0.00917213170424411
50,"Localized",0.25,0.2,2,8,"Tail",0.048,0.00955991631762538
50,"Localized",0.25,0.2,2,8,"Localized",0.038,0.00855055553750749
50,"Localized",0.5,0.05,0.5,8,"Uniform",0,0
50,"Localized",0.5,0.05,0.5,8,"Central",0.038,0.00855055553750749
50,"Localized",0.5,0.05,0.5,8,"Tail",0.062,0.0107848041243223
50,"Localized",0.5,0.05,0.5,8,"Localized",0.024,0.00684455988358638
50,"Localized",0.5,0.05,1,8,"Uniform",0,0
50,"Localized",0.5,0.05,1,8,"Central",0.04,0.00876356092008266
50,"Localized",0.5,0.05,1,8,"Tail",0.048,0.00955991631762538
50,"Localized",0.5,0.05,1,8,"Localized",0.032,0.00787095928079926
50,"Localized",0.5,0.05,1.5,8,"Uniform",0,0
50,"Localized",0.5,0.05,1.5,8,"Central",0.038,0.00855055553750749
50,"Localized",0.5,0.05,1.5,8,"Tail",0.058,0.0104533248299285
50,"Localized",0.5,0.05,1.5,8,"Localized",0.036,0.0083311463797007
50,"Localized",0.5,0.05,2,8,"Uniform",0,0
50,"Localized",0.5,0.05,2,8,"Central",0.07,0.0114105214604767
50,"Localized",0.5,0.05,2,8,"Tail",0.064,0.0109456840809517
50,"Localized",0.5,0.05,2,8,"Localized",0.05,0.00974679434480896
50,"Localized",0.5,0.1,0.5,8,"Uniform",0,0
50,"Localized",0.5,0.1,0.5,8,"Central",0.04,0.00876356092008266
50,"Localized",0.5,0.1,0.5,8,"Tail",0.046,0.00936845771725528
50,"Localized",0.5,0.1,0.5,8,"Localized",0.042,0.00897061870775924
50,"Localized",0.5,0.1,1,8,"Uniform",0,0
50,"Localized",0.5,0.1,1,8,"Central",0.06,0.0106207344378814
50,"Localized",0.5,0.1,1,8,"Tail",0.054,0.0101078187557949
50,"Localized",0.5,0.1,1,8,"Localized",0.042,0.00897061870775924
50,"Localized",0.5,0.1,1.5,8,"Uniform",0,0
50,"Localized",0.5,0.1,1.5,8,"Central",0.038,0.00855055553750749
50,"Localized",0.5,0.1,1.5,8,"Tail",0.038,0.00855055553750749
50,"Localized",0.5,0.1,1.5,8,"Localized",0.044,0.00917213170424411
50,"Localized",0.5,0.1,2,8,"Uniform",0,0
50,"Localized",0.5,0.1,2,8,"Central",0.042,0.00897061870775924
50,"Localized",0.5,0.1,2,8,"Tail",0.048,0.00955991631762538
50,"Localized",0.5,0.1,2,8,"Localized",0.04,0.00876356092008266
50,"Localized",0.5,0.2,0.5,8,"Uniform",0,0
50,"Localized",0.5,0.2,0.5,8,"Central",0.046,0.00936845771725528
50,"Localized",0.5,0.2,0.5,8,"Tail",0.05,0.00974679434480896
50,"Localized",0.5,0.2,0.5,8,"Localized",0.03,0.00762889244910426
50,"Localized",0.5,0.2,1,8,"Uniform",0,0
50,"Localized",0.5,0.2,1,8,"Central",0.054,0.0101078187557949
50,"Localized",0.5,0.2,1,8,"Tail",0.044,0.00917213170424411
50,"Localized",0.5,0.2,1,8,"Localized",0.032,0.00787095928079926
50,"Localized",0.5,0.2,1.5,8,"Uniform",0,0
50,"Localized",0.5,0.2,1.5,8,"Central",0.04,0.00876356092008266
50,"Localized",0.5,0.2,1.5,8,"Tail",0.046,0.00936845771725528
50,"Localized",0.5,0.2,1.5,8,"Localized",0.026,0.00711674082709213
50,"Localized",0.5,0.2,2,8,"Uniform",0,0
50,"Localized",0.5,0.2,2,8,"Central",0.056,0.0102824121683582
50,"Localized",0.5,0.2,2,8,"Tail",0.03,0.00762889244910426
50,"Localized",0.5,0.2,2,8,"Localized",0.03,0.00762889244910426
50,"Localized",0.75,0.05,0.5,8,"Uniform",0,0
50,"Localized",0.75,0.05,0.5,8,"Central",0.046,0.00936845771725528
50,"Localized",0.75,0.05,0.5,8,"Tail",0.068,0.0112584190719657
50,"Localized",0.75,0.05,0.5,8,"Localized",0.076,0.0118510759005248
50,"Localized",0.75,0.05,1,8,"Uniform",0,0
50,"Localized",0.75,0.05,1,8,"Central",0.066,0.0111035129576184
50,"Localized",0.75,0.05,1,8,"Tail",0.064,0.0109456840809517
50,"Localized",0.75,0.05,1,8,"Localized",0.1,0.0134164078649987
50,"Localized",0.75,0.05,1.5,8,"Uniform",0,0
50,"Localized",0.75,0.05,1.5,8,"Central",0.058,0.0104533248299285
50,"Localized",0.75,0.05,1.5,8,"Tail",0.056,0.0102824121683582
50,"Localized",0.75,0.05,1.5,8,"Localized",0.068,0.0112584190719657
50,"Localized",0.75,0.05,2,8,"Uniform",0,0
50,"Localized",0.75,0.05,2,8,"Central",0.068,0.0112584190719657
50,"Localized",0.75,0.05,2,8,"Tail",0.042,0.00897061870775924
50,"Localized",0.75,0.05,2,8,"Localized",0.09,0.0127984374046209
50,"Localized",0.75,0.1,0.5,8,"Uniform",0,0
50,"Localized",0.75,0.1,0.5,8,"Central",0.056,0.0102824121683582
50,"Localized",0.75,0.1,0.5,8,"Tail",0.074,0.0117067501895274
50,"Localized",0.75,0.1,0.5,8,"Localized",0.048,0.00955991631762538
50,"Localized",0.75,0.1,1,8,"Uniform",0,0
50,"Localized",0.75,0.1,1,8,"Central",0.056,0.0102824121683582
50,"Localized",0.75,0.1,1,8,"Tail",0.064,0.0109456840809517
50,"Localized",0.75,0.1,1,8,"Localized",0.028,0.00737780455149091
50,"Localized",0.75,0.1,1.5,8,"Uniform",0,0
50,"Localized",0.75,0.1,1.5,8,"Central",0.042,0.00897061870775924
50,"Localized",0.75,0.1,1.5,8,"Tail",0.052,0.00992935043192655
50,"Localized",0.75,0.1,1.5,8,"Localized",0.034,0.00810481338464989
50,"Localized",0.75,0.1,2,8,"Uniform",0,0
50,"Localized",0.75,0.1,2,8,"Central",0.044,0.00917213170424411
50,"Localized",0.75,0.1,2,8,"Tail",0.034,0.00810481338464989
50,"Localized",0.75,0.1,2,8,"Localized",0.022,0.00655987804764692
50,"Localized",0.75,0.2,0.5,8,"Uniform",0,0
50,"Localized",0.75,0.2,0.5,8,"Central",0.054,0.0101078187557949
50,"Localized",0.75,0.2,0.5,8,"Tail",0.09,0.0127984374046209
50,"Localized",0.75,0.2,0.5,8,"Localized",0.056,0.0102824121683582
50,"Localized",0.75,0.2,1,8,"Uniform",0,0
50,"Localized",0.75,0.2,1,8,"Central",0.052,0.00992935043192655
50,"Localized",0.75,0.2,1,8,"Tail",0.07,0.0114105214604767
50,"Localized",0.75,0.2,1,8,"Localized",0.044,0.00917213170424411
50,"Localized",0.75,0.2,1.5,8,"Uniform",0,0
50,"Localized",0.75,0.2,1.5,8,"Central",0.054,0.0101078187557949
50,"Localized",0.75,0.2,1.5,8,"Tail",0.054,0.0101078187557949
50,"Localized",0.75,0.2,1.5,8,"Localized",0.044,0.00917213170424411
50,"Localized",0.75,0.2,2,8,"Uniform",0,0
50,"Localized",0.75,0.2,2,8,"Central",0.048,0.00955991631762538
50,"Localized",0.75,0.2,2,8,"Tail",0.054,0.0101078187557949
50,"Localized",0.75,0.2,2,8,"Localized",0.044,0.00917213170424411
50,"Oscillatory",1,0.5,NA,8,"Uniform",0,0
50,"Oscillatory",1,0.5,NA,8,"Central",0.046,0.00936845771725528
50,"Oscillatory",1,0.5,NA,8,"Tail",0.064,0.0109456840809517
50,"Oscillatory",1,1,NA,8,"Uniform",0,0
50,"Oscillatory",1,1,NA,8,"Central",0.03,0.00762889244910426
50,"Oscillatory",1,1,NA,8,"Tail",0.05,0.00974679434480896
50,"Oscillatory",1,1.5,NA,8,"Uniform",0,0
50,"Oscillatory",1,1.5,NA,8,"Central",0.05,0.00974679434480896
50,"Oscillatory",1,1.5,NA,8,"Tail",0.064,0.0109456840809517
50,"Oscillatory",1,2,NA,8,"Uniform",0,0
50,"Oscillatory",1,2,NA,8,"Central",0.044,0.00917213170424411
50,"Oscillatory",1,2,NA,8,"Tail",0.062,0.0107848041243223
50,"Oscillatory",2,0.5,NA,8,"Uniform",0,0
50,"Oscillatory",2,0.5,NA,8,"Central",0.058,0.0104533248299285
50,"Oscillatory",2,0.5,NA,8,"Tail",0.084,0.0124051602166195
50,"Oscillatory",2,1,NA,8,"Uniform",0,0
50,"Oscillatory",2,1,NA,8,"Central",0.06,0.0106207344378814
50,"Oscillatory",2,1,NA,8,"Tail",0.07,0.0114105214604767
50,"Oscillatory",2,1.5,NA,8,"Uniform",0,0
50,"Oscillatory",2,1.5,NA,8,"Central",0.046,0.00936845771725528
50,"Oscillatory",2,1.5,NA,8,"Tail",0.064,0.0109456840809517
50,"Oscillatory",2,2,NA,8,"Uniform",0,0
50,"Oscillatory",2,2,NA,8,"Central",0.046,0.00936845771725528
50,"Oscillatory",2,2,NA,8,"Tail",0.07,0.0114105214604767
50,"Oscillatory",4,0.5,NA,8,"Uniform",0,0
50,"Oscillatory",4,0.5,NA,8,"Central",0.048,0.00955991631762538
50,"Oscillatory",4,0.5,NA,8,"Tail",0.062,0.0107848041243223
50,"Oscillatory",4,1,NA,8,"Uniform",0,0
50,"Oscillatory",4,1,NA,8,"Central",0.05,0.00974679434480896
50,"Oscillatory",4,1,NA,8,"Tail",0.068,0.0112584190719657
50,"Oscillatory",4,1.5,NA,8,"Uniform",0,0
50,"Oscillatory",4,1.5,NA,8,"Central",0.038,0.00855055553750749
50,"Oscillatory",4,1.5,NA,8,"Tail",0.078,0.0119929979571415
50,"Oscillatory",4,2,NA,8,"Uniform",0,0
50,"Oscillatory",4,2,NA,8,"Central",0.052,0.00992935043192655
50,"Oscillatory",4,2,NA,8,"Tail",0.074,0.0117067501895274
50,"Oscillatory",8,0.5,NA,8,"Uniform",0,0
50,"Oscillatory",8,0.5,NA,8,"Central",0.052,0.00992935043192655
50,"Oscillatory",8,0.5,NA,8,"Tail",0.05,0.00974679434480896
50,"Oscillatory",8,1,NA,8,"Uniform",0,0
50,"Oscillatory",8,1,NA,8,"Central",0.046,0.00936845771725528
50,"Oscillatory",8,1,NA,8,"Tail",0.054,0.0101078187557949
50,"Oscillatory",8,1.5,NA,8,"Uniform",0,0
50,"Oscillatory",8,1.5,NA,8,"Central",0.048,0.00955991631762538
50,"Oscillatory",8,1.5,NA,8,"Tail",0.06,0.0106207344378814
50,"Oscillatory",8,2,NA,8,"Uniform",0,0
50,"Oscillatory",8,2,NA,8,"Central",0.04,0.00876356092008266
50,"Oscillatory",8,2,NA,8,"Tail",0.036,0.0083311463797007
50,"Abrupt",0.25,0.05,NA,8,"Uniform",0,0
50,"Abrupt",0.25,0.05,NA,8,"Central",0.05,0.00974679434480896
50,"Abrupt",0.25,0.05,NA,8,"Tail",0.078,0.0119929979571415
50,"Abrupt",0.25,0.1,NA,8,"Uniform",0,0
50,"Abrupt",0.25,0.1,NA,8,"Central",0.05,0.00974679434480896
50,"Abrupt",0.25,0.1,NA,8,"Tail",0.088,0.0126693330526907
50,"Abrupt",0.25,0.2,NA,8,"Uniform",0,0
50,"Abrupt",0.25,0.2,NA,8,"Central",0.032,0.00787095928079926
50,"Abrupt",0.25,0.2,NA,8,"Tail",0.09,0.0127984374046209
50,"Abrupt",0.5,0.05,NA,8,"Uniform",0,0
50,"Abrupt",0.5,0.05,NA,8,"Central",0.046,0.00936845771725528
50,"Abrupt",0.5,0.05,NA,8,"Tail",0.07,0.0114105214604767
50,"Abrupt",0.5,0.1,NA,8,"Uniform",0,0
50,"Abrupt",0.5,0.1,NA,8,"Central",0.052,0.00992935043192655
50,"Abrupt",0.5,0.1,NA,8,"Tail",0.082,0.0122699633251286
50,"Abrupt",0.5,0.2,NA,8,"Uniform",0,0
50,"Abrupt",0.5,0.2,NA,8,"Central",0.062,0.0107848041243223
50,"Abrupt",0.5,0.2,NA,8,"Tail",0.076,0.0118510759005248
50,"Abrupt",0.75,0.05,NA,8,"Uniform",0,0
50,"Abrupt",0.75,0.05,NA,8,"Central",0.046,0.00936845771725528
50,"Abrupt",0.75,0.05,NA,8,"Tail",0.058,0.0104533248299285
50,"Abrupt",0.75,0.1,NA,8,"Uniform",0,0
50,"Abrupt",0.75,0.1,NA,8,"Central",0.024,0.00684455988358638
50,"Abrupt",0.75,0.1,NA,8,"Tail",0.066,0.0111035129576184
50,"Abrupt",0.75,0.2,NA,8,"Uniform",0,0
50,"Abrupt",0.75,0.2,NA,8,"Central",0.018,0.005945754788082
50,"Abrupt",0.75,0.2,NA,8,"Tail",0.07,0.0114105214604767
50,"Mixture",0.05,0.25,NA,8,"Uniform",0,0
50,"Mixture",0.05,0.25,NA,8,"Central",0,0
50,"Mixture",0.05,0.25,NA,8,"Tail",1,0
50,"Mixture",0.05,0.5,NA,8,"Uniform",0,0
50,"Mixture",0.05,0.5,NA,8,"Central",0,0
50,"Mixture",0.05,0.5,NA,8,"Tail",1,0
50,"Mixture",0.05,0.75,NA,8,"Uniform",0,0
50,"Mixture",0.05,0.75,NA,8,"Central",0,0
50,"Mixture",0.05,0.75,NA,8,"Tail",1,0
50,"Mixture",0.1,0.25,NA,8,"Uniform",0,0
50,"Mixture",0.1,0.25,NA,8,"Central",0,0
50,"Mixture",0.1,0.25,NA,8,"Tail",1,0
50,"Mixture",0.1,0.5,NA,8,"Uniform",0,0
50,"Mixture",0.1,0.5,NA,8,"Central",0,0
50,"Mixture",0.1,0.5,NA,8,"Tail",1,0
50,"Mixture",0.1,0.75,NA,8,"Uniform",0,0
50,"Mixture",0.1,0.75,NA,8,"Central",0,0
50,"Mixture",0.1,0.75,NA,8,"Tail",1,0
50,"Mixture",0.2,0.25,NA,8,"Uniform",0,0
50,"Mixture",0.2,0.25,NA,8,"Central",0,0
50,"Mixture",0.2,0.25,NA,8,"Tail",1,0
50,"Mixture",0.2,0.5,NA,8,"Uniform",0,0
50,"Mixture",0.2,0.5,NA,8,"Central",0,0
50,"Mixture",0.2,0.5,NA,8,"Tail",1,0
50,"Mixture",0.2,0.75,NA,8,"Uniform",0,0
50,"Mixture",0.2,0.75,NA,8,"Central",0,0
50,"Mixture",0.2,0.75,NA,8,"Tail",1,0
50,"Localized",0.25,0.05,0.5,10,"Uniform",0,0
50,"Localized",0.25,0.05,0.5,10,"Central",0.078,0.0119929979571415
50,"Localized",0.25,0.05,0.5,10,"Tail",0.04,0.00876356092008266
50,"Localized",0.25,0.05,0.5,10,"Localized",0.04,0.00876356092008266
50,"Localized",0.25,0.05,1,10,"Uniform",0,0
50,"Localized",0.25,0.05,1,10,"Central",0.1,0.0134164078649987
50,"Localized",0.25,0.05,1,10,"Tail",0.038,0.00855055553750749
50,"Localized",0.25,0.05,1,10,"Localized",0.056,0.0102824121683582
50,"Localized",0.25,0.05,1.5,10,"Uniform",0,0
50,"Localized",0.25,0.05,1.5,10,"Central",0.082,0.0122699633251286
50,"Localized",0.25,0.05,1.5,10,"Tail",0.034,0.00810481338464989
50,"Localized",0.25,0.05,1.5,10,"Localized",0.062,0.0107848041243223
50,"Localized",0.25,0.05,2,10,"Uniform",0,0
50,"Localized",0.25,0.05,2,10,"Central",0.066,0.0111035129576184
50,"Localized",0.25,0.05,2,10,"Tail",0.038,0.00855055553750749
50,"Localized",0.25,0.05,2,10,"Localized",0.056,0.0102824121683582
50,"Localized",0.25,0.1,0.5,10,"Uniform",0,0
50,"Localized",0.25,0.1,0.5,10,"Central",0.072,0.0115599307956406
50,"Localized",0.25,0.1,0.5,10,"Tail",0.052,0.00992935043192655
50,"Localized",0.25,0.1,0.5,10,"Localized",0.034,0.00810481338464989
50,"Localized",0.25,0.1,1,10,"Uniform",0,0
50,"Localized",0.25,0.1,1,10,"Central",0.084,0.0124051602166195
50,"Localized",0.25,0.1,1,10,"Tail",0.024,0.00684455988358638
50,"Localized",0.25,0.1,1,10,"Localized",0.046,0.00936845771725528
50,"Localized",0.25,0.1,1.5,10,"Uniform",0,0
50,"Localized",0.25,0.1,1.5,10,"Central",0.082,0.0122699633251286
50,"Localized",0.25,0.1,1.5,10,"Tail",0.026,0.00711674082709213
50,"Localized",0.25,0.1,1.5,10,"Localized",0.03,0.00762889244910426
50,"Localized",0.25,0.1,2,10,"Uniform",0,0
50,"Localized",0.25,0.1,2,10,"Central",0.088,0.0126693330526907
50,"Localized",0.25,0.1,2,10,"Tail",0.046,0.00936845771725528
50,"Localized",0.25,0.1,2,10,"Localized",0.014,0.00525433154644813
50,"Localized",0.25,0.2,0.5,10,"Uniform",0,0
50,"Localized",0.25,0.2,0.5,10,"Central",0.068,0.0112584190719657
50,"Localized",0.25,0.2,0.5,10,"Tail",0.034,0.00810481338464989
50,"Localized",0.25,0.2,0.5,10,"Localized",0.05,0.00974679434480896
50,"Localized",0.25,0.2,1,10,"Uniform",0,0
50,"Localized",0.25,0.2,1,10,"Central",0.076,0.0118510759005248
50,"Localized",0.25,0.2,1,10,"Tail",0.046,0.00936845771725528
50,"Localized",0.25,0.2,1,10,"Localized",0.06,0.0106207344378814
50,"Localized",0.25,0.2,1.5,10,"Uniform",0,0
50,"Localized",0.25,0.2,1.5,10,"Central",0.066,0.0111035129576184
50,"Localized",0.25,0.2,1.5,10,"Tail",0.05,0.00974679434480896
50,"Localized",0.25,0.2,1.5,10,"Localized",0.066,0.0111035129576184
50,"Localized",0.25,0.2,2,10,"Uniform",0,0
50,"Localized",0.25,0.2,2,10,"Central",0.096,0.0131745208641529
50,"Localized",0.25,0.2,2,10,"Tail",0.036,0.0083311463797007
50,"Localized",0.25,0.2,2,10,"Localized",0.03,0.00762889244910426
50,"Localized",0.5,0.05,0.5,10,"Uniform",0,0
50,"Localized",0.5,0.05,0.5,10,"Central",0.09,0.0127984374046209
50,"Localized",0.5,0.05,0.5,10,"Tail",0.04,0.00876356092008266
50,"Localized",0.5,0.05,0.5,10,"Localized",0.028,0.00737780455149091
50,"Localized",0.5,0.05,1,10,"Uniform",0,0
50,"Localized",0.5,0.05,1,10,"Central",0.076,0.0118510759005248
50,"Localized",0.5,0.05,1,10,"Tail",0.038,0.00855055553750749
50,"Localized",0.5,0.05,1,10,"Localized",0.036,0.0083311463797007
50,"Localized",0.5,0.05,1.5,10,"Uniform",0,0
50,"Localized",0.5,0.05,1.5,10,"Central",0.072,0.0115599307956406
50,"Localized",0.5,0.05,1.5,10,"Tail",0.044,0.00917213170424411
50,"Localized",0.5,0.05,1.5,10,"Localized",0.066,0.0111035129576184
50,"Localized",0.5,0.05,2,10,"Uniform",0,0
50,"Localized",0.5,0.05,2,10,"Central",0.076,0.0118510759005248
50,"Localized",0.5,0.05,2,10,"Tail",0.026,0.00711674082709213
50,"Localized",0.5,0.05,2,10,"Localized",0.06,0.0106207344378814
50,"Localized",0.5,0.1,0.5,10,"Uniform",0,0
50,"Localized",0.5,0.1,0.5,10,"Central",0.066,0.0111035129576184
50,"Localized",0.5,0.1,0.5,10,"Tail",0.046,0.00936845771725528
50,"Localized",0.5,0.1,0.5,10,"Localized",0.03,0.00762889244910426
50,"Localized",0.5,0.1,1,10,"Uniform",0,0
50,"Localized",0.5,0.1,1,10,"Central",0.08,0.0121326007104825
50,"Localized",0.5,0.1,1,10,"Tail",0.04,0.00876356092008266
50,"Localized",0.5,0.1,1,10,"Localized",0.026,0.00711674082709213
50,"Localized",0.5,0.1,1.5,10,"Uniform",0,0
50,"Localized",0.5,0.1,1.5,10,"Central",0.064,0.0109456840809517
50,"Localized",0.5,0.1,1.5,10,"Tail",0.034,0.00810481338464989
50,"Localized",0.5,0.1,1.5,10,"Localized",0.042,0.00897061870775924
50,"Localized",0.5,0.1,2,10,"Uniform",0,0
50,"Localized",0.5,0.1,2,10,"Central",0.082,0.0122699633251286
50,"Localized",0.5,0.1,2,10,"Tail",0.032,0.00787095928079926
50,"Localized",0.5,0.1,2,10,"Localized",0.034,0.00810481338464989
50,"Localized",0.5,0.2,0.5,10,"Uniform",0,0
50,"Localized",0.5,0.2,0.5,10,"Central",0.07,0.0114105214604767
50,"Localized",0.5,0.2,0.5,10,"Tail",0.032,0.00787095928079926
50,"Localized",0.5,0.2,0.5,10,"Localized",0.076,0.0118510759005248
50,"Localized",0.5,0.2,1,10,"Uniform",0,0
50,"Localized",0.5,0.2,1,10,"Central",0.084,0.0124051602166195
50,"Localized",0.5,0.2,1,10,"Tail",0.03,0.00762889244910426
50,"Localized",0.5,0.2,1,10,"Localized",0.058,0.0104533248299285
50,"Localized",0.5,0.2,1.5,10,"Uniform",0,0
50,"Localized",0.5,0.2,1.5,10,"Central",0.086,0.0125382614424808
50,"Localized",0.5,0.2,1.5,10,"Tail",0.014,0.00525433154644813
50,"Localized",0.5,0.2,1.5,10,"Localized",0.062,0.0107848041243223
50,"Localized",0.5,0.2,2,10,"Uniform",0,0
50,"Localized",0.5,0.2,2,10,"Central",0.09,0.0127984374046209
50,"Localized",0.5,0.2,2,10,"Tail",0.018,0.005945754788082
50,"Localized",0.5,0.2,2,10,"Localized",0.06,0.0106207344378814
50,"Localized",0.75,0.05,0.5,10,"Uniform",0,0
50,"Localized",0.75,0.05,0.5,10,"Central",0.074,0.0117067501895274
50,"Localized",0.75,0.05,0.5,10,"Tail",0.036,0.0083311463797007
50,"Localized",0.75,0.05,0.5,10,"Localized",0.06,0.0106207344378814
50,"Localized",0.75,0.05,1,10,"Uniform",0,0
50,"Localized",0.75,0.05,1,10,"Central",0.074,0.0117067501895274
50,"Localized",0.75,0.05,1,10,"Tail",0.038,0.00855055553750749
50,"Localized",0.75,0.05,1,10,"Localized",0.064,0.0109456840809517
50,"Localized",0.75,0.05,1.5,10,"Uniform",0,0
50,"Localized",0.75,0.05,1.5,10,"Central",0.088,0.0126693330526907
50,"Localized",0.75,0.05,1.5,10,"Tail",0.056,0.0102824121683582
50,"Localized",0.75,0.05,1.5,10,"Localized",0.026,0.00711674082709213
50,"Localized",0.75,0.05,2,10,"Uniform",0,0
50,"Localized",0.75,0.05,2,10,"Central",0.082,0.0122699633251286
50,"Localized",0.75,0.05,2,10,"Tail",0.03,0.00762889244910426
50,"Localized",0.75,0.05,2,10,"Localized",0.05,0.00974679434480896
50,"Localized",0.75,0.1,0.5,10,"Uniform",0,0
50,"Localized",0.75,0.1,0.5,10,"Central",0.086,0.0125382614424808
50,"Localized",0.75,0.1,0.5,10,"Tail",0.036,0.0083311463797007
50,"Localized",0.75,0.1,0.5,10,"Localized",0.06,0.0106207344378814
50,"Localized",0.75,0.1,1,10,"Uniform",0,0
50,"Localized",0.75,0.1,1,10,"Central",0.06,0.0106207344378814
50,"Localized",0.75,0.1,1,10,"Tail",0.032,0.00787095928079926
50,"Localized",0.75,0.1,1,10,"Localized",0.036,0.0083311463797007
50,"Localized",0.75,0.1,1.5,10,"Uniform",0,0
50,"Localized",0.75,0.1,1.5,10,"Central",0.082,0.0122699633251286
50,"Localized",0.75,0.1,1.5,10,"Tail",0.03,0.00762889244910426
50,"Localized",0.75,0.1,1.5,10,"Localized",0.036,0.0083311463797007
50,"Localized",0.75,0.1,2,10,"Uniform",0,0
50,"Localized",0.75,0.1,2,10,"Central",0.086,0.0125382614424808
50,"Localized",0.75,0.1,2,10,"Tail",0.034,0.00810481338464989
50,"Localized",0.75,0.1,2,10,"Localized",0.036,0.0083311463797007
50,"Localized",0.75,0.2,0.5,10,"Uniform",0,0
50,"Localized",0.75,0.2,0.5,10,"Central",0.082,0.0122699633251286
50,"Localized",0.75,0.2,0.5,10,"Tail",0.054,0.0101078187557949
50,"Localized",0.75,0.2,0.5,10,"Localized",0.042,0.00897061870775924
50,"Localized",0.75,0.2,1,10,"Uniform",0,0
50,"Localized",0.75,0.2,1,10,"Central",0.078,0.0119929979571415
50,"Localized",0.75,0.2,1,10,"Tail",0.044,0.00917213170424411
50,"Localized",0.75,0.2,1,10,"Localized",0.034,0.00810481338464989
50,"Localized",0.75,0.2,1.5,10,"Uniform",0,0
50,"Localized",0.75,0.2,1.5,10,"Central",0.076,0.0118510759005248
50,"Localized",0.75,0.2,1.5,10,"Tail",0.048,0.00955991631762538
50,"Localized",0.75,0.2,1.5,10,"Localized",0.046,0.00936845771725528
50,"Localized",0.75,0.2,2,10,"Uniform",0,0
50,"Localized",0.75,0.2,2,10,"Central",0.08,0.0121326007104825
50,"Localized",0.75,0.2,2,10,"Tail",0.024,0.00684455988358638
50,"Localized",0.75,0.2,2,10,"Localized",0.02,0.00626099033699941
50,"Oscillatory",1,0.5,NA,10,"Uniform",0,0
50,"Oscillatory",1,0.5,NA,10,"Central",0.068,0.0112584190719657
50,"Oscillatory",1,0.5,NA,10,"Tail",0.03,0.00762889244910426
50,"Oscillatory",1,1,NA,10,"Uniform",0,0
50,"Oscillatory",1,1,NA,10,"Central",0.074,0.0117067501895274
50,"Oscillatory",1,1,NA,10,"Tail",0.054,0.0101078187557949
50,"Oscillatory",1,1.5,NA,10,"Uniform",0,0
50,"Oscillatory",1,1.5,NA,10,"Central",0.074,0.0117067501895274
50,"Oscillatory",1,1.5,NA,10,"Tail",0.032,0.00787095928079926
50,"Oscillatory",1,2,NA,10,"Uniform",0,0
50,"Oscillatory",1,2,NA,10,"Central",0.072,0.0115599307956406
50,"Oscillatory",1,2,NA,10,"Tail",0.048,0.00955991631762538
50,"Oscillatory",2,0.5,NA,10,"Uniform",0,0
50,"Oscillatory",2,0.5,NA,10,"Central",0.09,0.0127984374046209
50,"Oscillatory",2,0.5,NA,10,"Tail",0.05,0.00974679434480896
50,"Oscillatory",2,1,NA,10,"Uniform",0,0
50,"Oscillatory",2,1,NA,10,"Central",0.066,0.0111035129576184
50,"Oscillatory",2,1,NA,10,"Tail",0.044,0.00917213170424411
50,"Oscillatory",2,1.5,NA,10,"Uniform",0,0
50,"Oscillatory",2,1.5,NA,10,"Central",0.074,0.0117067501895274
50,"Oscillatory",2,1.5,NA,10,"Tail",0.042,0.00897061870775924
50,"Oscillatory",2,2,NA,10,"Uniform",0,0
50,"Oscillatory",2,2,NA,10,"Central",0.072,0.0115599307956406
50,"Oscillatory",2,2,NA,10,"Tail",0.034,0.00810481338464989
50,"Oscillatory",4,0.5,NA,10,"Uniform",0,0
50,"Oscillatory",4,0.5,NA,10,"Central",0.094,0.0130509769749241
50,"Oscillatory",4,0.5,NA,10,"Tail",0.046,0.00936845771725528
50,"Oscillatory",4,1,NA,10,"Uniform",0,0
50,"Oscillatory",4,1,NA,10,"Central",0.074,0.0117067501895274
50,"Oscillatory",4,1,NA,10,"Tail",0.042,0.00897061870775924
50,"Oscillatory",4,1.5,NA,10,"Uniform",0,0
50,"Oscillatory",4,1.5,NA,10,"Central",0.078,0.0119929979571415
50,"Oscillatory",4,1.5,NA,10,"Tail",0.04,0.00876356092008266
50,"Oscillatory",4,2,NA,10,"Uniform",0,0
50,"Oscillatory",4,2,NA,10,"Central",0.072,0.0115599307956406
50,"Oscillatory",4,2,NA,10,"Tail",0.054,0.0101078187557949
50,"Oscillatory",8,0.5,NA,10,"Uniform",0,0
50,"Oscillatory",8,0.5,NA,10,"Central",0.084,0.0124051602166195
50,"Oscillatory",8,0.5,NA,10,"Tail",0.048,0.00955991631762538
50,"Oscillatory",8,1,NA,10,"Uniform",0,0
50,"Oscillatory",8,1,NA,10,"Central",0.086,0.0125382614424808
50,"Oscillatory",8,1,NA,10,"Tail",0.032,0.00787095928079926
50,"Oscillatory",8,1.5,NA,10,"Uniform",0,0
50,"Oscillatory",8,1.5,NA,10,"Central",0.092,0.01292563344676
50,"Oscillatory",8,1.5,NA,10,"Tail",0.026,0.00711674082709213
50,"Oscillatory",8,2,NA,10,"Uniform",0,0
50,"Oscillatory",8,2,NA,10,"Central",0.078,0.0119929979571415
50,"Oscillatory",8,2,NA,10,"Tail",0.012,0.00486949689393062
50,"Abrupt",0.25,0.05,NA,10,"Uniform",0,0
50,"Abrupt",0.25,0.05,NA,10,"Central",0.086,0.0125382614424808
50,"Abrupt",0.25,0.05,NA,10,"Tail",0.044,0.00917213170424411
50,"Abrupt",0.25,0.1,NA,10,"Uniform",0,0
50,"Abrupt",0.25,0.1,NA,10,"Central",0.062,0.0107848041243223
50,"Abrupt",0.25,0.1,NA,10,"Tail",0.056,0.0102824121683582
50,"Abrupt",0.25,0.2,NA,10,"Uniform",0,0
50,"Abrupt",0.25,0.2,NA,10,"Central",0.062,0.0107848041243223
50,"Abrupt",0.25,0.2,NA,10,"Tail",0.07,0.0114105214604767
50,"Abrupt",0.5,0.05,NA,10,"Uniform",0,0
50,"Abrupt",0.5,0.05,NA,10,"Central",0.108,0.0138806339912844
50,"Abrupt",0.5,0.05,NA,10,"Tail",0.042,0.00897061870775924
50,"Abrupt",0.5,0.1,NA,10,"Uniform",0,0
50,"Abrupt",0.5,0.1,NA,10,"Central",0.078,0.0119929979571415
50,"Abrupt",0.5,0.1,NA,10,"Tail",0.056,0.0102824121683582
50,"Abrupt",0.5,0.2,NA,10,"Uniform",0,0
50,"Abrupt",0.5,0.2,NA,10,"Central",0.11,0.0139928553197694
50,"Abrupt",0.5,0.2,NA,10,"Tail",0.038,0.00855055553750749
50,"Abrupt",0.75,0.05,NA,10,"Uniform",0,0
50,"Abrupt",0.75,0.05,NA,10,"Central",0.084,0.0124051602166195
50,"Abrupt",0.75,0.05,NA,10,"Tail",0.046,0.00936845771725528
50,"Abrupt",0.75,0.1,NA,10,"Uniform",0,0
50,"Abrupt",0.75,0.1,NA,10,"Central",0.056,0.0102824121683582
50,"Abrupt",0.75,0.1,NA,10,"Tail",0.022,0.00655987804764692
50,"Abrupt",0.75,0.2,NA,10,"Uniform",0,0
50,"Abrupt",0.75,0.2,NA,10,"Central",0.044,0.00917213170424411
50,"Abrupt",0.75,0.2,NA,10,"Tail",0.032,0.00787095928079926
50,"Mixture",0.05,0.25,NA,10,"Uniform",0,0
50,"Mixture",0.05,0.25,NA,10,"Central",0,0
50,"Mixture",0.05,0.25,NA,10,"Tail",1,0
50,"Mixture",0.05,0.5,NA,10,"Uniform",0,0
50,"Mixture",0.05,0.5,NA,10,"Central",0,0
50,"Mixture",0.05,0.5,NA,10,"Tail",1,0
50,"Mixture",0.05,0.75,NA,10,"Uniform",0,0
50,"Mixture",0.05,0.75,NA,10,"Central",0,0
50,"Mixture",0.05,0.75,NA,10,"Tail",1,0
50,"Mixture",0.1,0.25,NA,10,"Uniform",0,0
50,"Mixture",0.1,0.25,NA,10,"Central",0,0
50,"Mixture",0.1,0.25,NA,10,"Tail",1,0
50,"Mixture",0.1,0.5,NA,10,"Uniform",0,0
50,"Mixture",0.1,0.5,NA,10,"Central",0,0
50,"Mixture",0.1,0.5,NA,10,"Tail",1,0
50,"Mixture",0.1,0.75,NA,10,"Uniform",0,0
50,"Mixture",0.1,0.75,NA,10,"Central",0,0
50,"Mixture",0.1,0.75,NA,10,"Tail",1,0
50,"Mixture",0.2,0.25,NA,10,"Uniform",0,0
50,"Mixture",0.2,0.25,NA,10,"Central",0,0
50,"Mixture",0.2,0.25,NA,10,"Tail",1,0
50,"Mixture",0.2,0.5,NA,10,"Uniform",0,0
50,"Mixture",0.2,0.5,NA,10,"Central",0,0
50,"Mixture",0.2,0.5,NA,10,"Tail",1,0
50,"Mixture",0.2,0.75,NA,10,"Uniform",0,0
50,"Mixture",0.2,0.75,NA,10,"Central",0,0
50,"Mixture",0.2,0.75,NA,10,"Tail",1,0
50,"Localized",0.25,0.05,0.5,15,"Uniform",0,0
50,"Localized",0.25,0.05,0.5,15,"Central",0.03,0.00762889244910426
50,"Localized",0.25,0.05,0.5,15,"Tail",0.062,0.0107848041243223
50,"Localized",0.25,0.05,0.5,15,"Localized",0.044,0.00917213170424411
50,"Localized",0.25,0.05,1,15,"Uniform",0,0
50,"Localized",0.25,0.05,1,15,"Central",0.048,0.00955991631762538
50,"Localized",0.25,0.05,1,15,"Tail",0.04,0.00876356092008266
50,"Localized",0.25,0.05,1,15,"Localized",0.044,0.00917213170424411
50,"Localized",0.25,0.05,1.5,15,"Uniform",0,0
50,"Localized",0.25,0.05,1.5,15,"Central",0.06,0.0106207344378814
50,"Localized",0.25,0.05,1.5,15,"Tail",0.04,0.00876356092008266
50,"Localized",0.25,0.05,1.5,15,"Localized",0.038,0.00855055553750749
50,"Localized",0.25,0.05,2,15,"Uniform",0,0
50,"Localized",0.25,0.05,2,15,"Central",0.044,0.00917213170424411
50,"Localized",0.25,0.05,2,15,"Tail",0.024,0.00684455988358638
50,"Localized",0.25,0.05,2,15,"Localized",0.04,0.00876356092008266
50,"Localized",0.25,0.1,0.5,15,"Uniform",0,0
50,"Localized",0.25,0.1,0.5,15,"Central",0.024,0.00684455988358638
50,"Localized",0.25,0.1,0.5,15,"Tail",0.03,0.00762889244910426
50,"Localized",0.25,0.1,0.5,15,"Localized",0.052,0.00992935043192655
50,"Localized",0.25,0.1,1,15,"Uniform",0,0
50,"Localized",0.25,0.1,1,15,"Central",0.048,0.00955991631762538
50,"Localized",0.25,0.1,1,15,"Tail",0.036,0.0083311463797007
50,"Localized",0.25,0.1,1,15,"Localized",0.058,0.0104533248299285
50,"Localized",0.25,0.1,1.5,15,"Uniform",0,0
50,"Localized",0.25,0.1,1.5,15,"Central",0.058,0.0104533248299285
50,"Localized",0.25,0.1,1.5,15,"Tail",0.054,0.0101078187557949
50,"Localized",0.25,0.1,1.5,15,"Localized",0.062,0.0107848041243223
50,"Localized",0.25,0.1,2,15,"Uniform",0,0
50,"Localized",0.25,0.1,2,15,"Central",0.032,0.00787095928079926
50,"Localized",0.25,0.1,2,15,"Tail",0.028,0.00737780455149091
50,"Localized",0.25,0.1,2,15,"Localized",0.084,0.0124051602166195
50,"Localized",0.25,0.2,0.5,15,"Uniform",0,0
50,"Localized",0.25,0.2,0.5,15,"Central",0.05,0.00974679434480896
50,"Localized",0.25,0.2,0.5,15,"Tail",0.036,0.0083311463797007
50,"Localized",0.25,0.2,0.5,15,"Localized",0.044,0.00917213170424411
50,"Localized",0.25,0.2,1,15,"Uniform",0,0
50,"Localized",0.25,0.2,1,15,"Central",0.038,0.00855055553750749
50,"Localized",0.25,0.2,1,15,"Tail",0.05,0.00974679434480896
50,"Localized",0.25,0.2,1,15,"Localized",0.026,0.00711674082709213
50,"Localized",0.25,0.2,1.5,15,"Uniform",0,0
50,"Localized",0.25,0.2,1.5,15,"Central",0.042,0.00897061870775924
50,"Localized",0.25,0.2,1.5,15,"Tail",0.042,0.00897061870775924
50,"Localized",0.25,0.2,1.5,15,"Localized",0.034,0.00810481338464989
50,"Localized",0.25,0.2,2,15,"Uniform",0,0
50,"Localized",0.25,0.2,2,15,"Central",0.05,0.00974679434480896
50,"Localized",0.25,0.2,2,15,"Tail",0.048,0.00955991631762538
50,"Localized",0.25,0.2,2,15,"Localized",0.042,0.00897061870775924
50,"Localized",0.5,0.05,0.5,15,"Uniform",0,0
50,"Localized",0.5,0.05,0.5,15,"Central",0.06,0.0106207344378814
50,"Localized",0.5,0.05,0.5,15,"Tail",0.034,0.00810481338464989
50,"Localized",0.5,0.05,0.5,15,"Localized",0.05,0.00974679434480896
50,"Localized",0.5,0.05,1,15,"Uniform",0,0
50,"Localized",0.5,0.05,1,15,"Central",0.066,0.0111035129576184
50,"Localized",0.5,0.05,1,15,"Tail",0.04,0.00876356092008266
50,"Localized",0.5,0.05,1,15,"Localized",0.064,0.0109456840809517
50,"Localized",0.5,0.05,1.5,15,"Uniform",0,0
50,"Localized",0.5,0.05,1.5,15,"Central",0.054,0.0101078187557949
50,"Localized",0.5,0.05,1.5,15,"Tail",0.046,0.00936845771725528
50,"Localized",0.5,0.05,1.5,15,"Localized",0.054,0.0101078187557949
50,"Localized",0.5,0.05,2,15,"Uniform",0,0
50,"Localized",0.5,0.05,2,15,"Central",0.074,0.0117067501895274
50,"Localized",0.5,0.05,2,15,"Tail",0.052,0.00992935043192655
50,"Localized",0.5,0.05,2,15,"Localized",0.064,0.0109456840809517
50,"Localized",0.5,0.1,0.5,15,"Uniform",0,0
50,"Localized",0.5,0.1,0.5,15,"Central",0.044,0.00917213170424411
50,"Localized",0.5,0.1,0.5,15,"Tail",0.04,0.00876356092008266
50,"Localized",0.5,0.1,0.5,15,"Localized",0.038,0.00855055553750749
50,"Localized",0.5,0.1,1,15,"Uniform",0,0
50,"Localized",0.5,0.1,1,15,"Central",0.05,0.00974679434480896
50,"Localized",0.5,0.1,1,15,"Tail",0.04,0.00876356092008266
50,"Localized",0.5,0.1,1,15,"Localized",0.062,0.0107848041243223
50,"Localized",0.5,0.1,1.5,15,"Uniform",0,0
50,"Localized",0.5,0.1,1.5,15,"Central",0.048,0.00955991631762538
50,"Localized",0.5,0.1,1.5,15,"Tail",0.026,0.00711674082709213
50,"Localized",0.5,0.1,1.5,15,"Localized",0.048,0.00955991631762538
50,"Localized",0.5,0.1,2,15,"Uniform",0,0
50,"Localized",0.5,0.1,2,15,"Central",0.062,0.0107848041243223
50,"Localized",0.5,0.1,2,15,"Tail",0.024,0.00684455988358638
50,"Localized",0.5,0.1,2,15,"Localized",0.058,0.0104533248299285
50,"Localized",0.5,0.2,0.5,15,"Uniform",0,0
50,"Localized",0.5,0.2,0.5,15,"Central",0.06,0.0106207344378814
50,"Localized",0.5,0.2,0.5,15,"Tail",0.022,0.00655987804764692
50,"Localized",0.5,0.2,0.5,15,"Localized",0.062,0.0107848041243223
50,"Localized",0.5,0.2,1,15,"Uniform",0,0
50,"Localized",0.5,0.2,1,15,"Central",0.064,0.0109456840809517
50,"Localized",0.5,0.2,1,15,"Tail",0.032,0.00787095928079926
50,"Localized",0.5,0.2,1,15,"Localized",0.068,0.0112584190719657
50,"Localized",0.5,0.2,1.5,15,"Uniform",0,0
50,"Localized",0.5,0.2,1.5,15,"Central",0.068,0.0112584190719657
50,"Localized",0.5,0.2,1.5,15,"Tail",0.026,0.00711674082709213
50,"Localized",0.5,0.2,1.5,15,"Localized",0.072,0.0115599307956406
50,"Localized",0.5,0.2,2,15,"Uniform",0,0
50,"Localized",0.5,0.2,2,15,"Central",0.044,0.00917213170424411
50,"Localized",0.5,0.2,2,15,"Tail",0.018,0.005945754788082
50,"Localized",0.5,0.2,2,15,"Localized",0.042,0.00897061870775924
50,"Localized",0.75,0.05,0.5,15,"Uniform",0,0
50,"Localized",0.75,0.05,0.5,15,"Central",0.038,0.00855055553750749
50,"Localized",0.75,0.05,0.5,15,"Tail",0.054,0.0101078187557949
50,"Localized",0.75,0.05,0.5,15,"Localized",0.04,0.00876356092008266
50,"Localized",0.75,0.05,1,15,"Uniform",0,0
50,"Localized",0.75,0.05,1,15,"Central",0.052,0.00992935043192655
50,"Localized",0.75,0.05,1,15,"Tail",0.04,0.00876356092008266
50,"Localized",0.75,0.05,1,15,"Localized",0.05,0.00974679434480896
50,"Localized",0.75,0.05,1.5,15,"Uniform",0,0
50,"Localized",0.75,0.05,1.5,15,"Central",0.044,0.00917213170424411
50,"Localized",0.75,0.05,1.5,15,"Tail",0.044,0.00917213170424411
50,"Localized",0.75,0.05,1.5,15,"Localized",0.04,0.00876356092008266
50,"Localized",0.75,0.05,2,15,"Uniform",0,0
50,"Localized",0.75,0.05,2,15,"Central",0.038,0.00855055553750749
50,"Localized",0.75,0.05,2,15,"Tail",0.04,0.00876356092008266
50,"Localized",0.75,0.05,2,15,"Localized",0.032,0.00787095928079926
50,"Localized",0.75,0.1,0.5,15,"Uniform",0,0
50,"Localized",0.75,0.1,0.5,15,"Central",0.04,0.00876356092008266
50,"Localized",0.75,0.1,0.5,15,"Tail",0.042,0.00897061870775924
50,"Localized",0.75,0.1,0.5,15,"Localized",0.016,0.00561141693336006
50,"Localized",0.75,0.1,1,15,"Uniform",0,0
50,"Localized",0.75,0.1,1,15,"Central",0.054,0.0101078187557949
50,"Localized",0.75,0.1,1,15,"Tail",0.038,0.00855055553750749
50,"Localized",0.75,0.1,1,15,"Localized",0.02,0.00626099033699941
50,"Localized",0.75,0.1,1.5,15,"Uniform",0,0
50,"Localized",0.75,0.1,1.5,15,"Central",0.05,0.00974679434480896
50,"Localized",0.75,0.1,1.5,15,"Tail",0.03,0.00762889244910426
50,"Localized",0.75,0.1,1.5,15,"Localized",0.014,0.00525433154644813
50,"Localized",0.75,0.1,2,15,"Uniform",0,0
50,"Localized",0.75,0.1,2,15,"Central",0.054,0.0101078187557949
50,"Localized",0.75,0.1,2,15,"Tail",0.026,0.00711674082709213
50,"Localized",0.75,0.1,2,15,"Localized",0.016,0.00561141693336006
50,"Localized",0.75,0.2,0.5,15,"Uniform",0,0
50,"Localized",0.75,0.2,0.5,15,"Central",0.046,0.00936845771725528
50,"Localized",0.75,0.2,0.5,15,"Tail",0.054,0.0101078187557949
50,"Localized",0.75,0.2,0.5,15,"Localized",0.074,0.0117067501895274
50,"Localized",0.75,0.2,1,15,"Uniform",0,0
50,"Localized",0.75,0.2,1,15,"Central",0.052,0.00992935043192655
50,"Localized",0.75,0.2,1,15,"Tail",0.044,0.00917213170424411
50,"Localized",0.75,0.2,1,15,"Localized",0.072,0.0115599307956406
50,"Localized",0.75,0.2,1.5,15,"Uniform",0,0
50,"Localized",0.75,0.2,1.5,15,"Central",0.046,0.00936845771725528
50,"Localized",0.75,0.2,1.5,15,"Tail",0.048,0.00955991631762538
50,"Localized",0.75,0.2,1.5,15,"Localized",0.054,0.0101078187557949
50,"Localized",0.75,0.2,2,15,"Uniform",0,0
50,"Localized",0.75,0.2,2,15,"Central",0.044,0.00917213170424411
50,"Localized",0.75,0.2,2,15,"Tail",0.034,0.00810481338464989
50,"Localized",0.75,0.2,2,15,"Localized",0.056,0.0102824121683582
50,"Oscillatory",1,0.5,NA,15,"Uniform",0,0
50,"Oscillatory",1,0.5,NA,15,"Central",0.052,0.00992935043192655
50,"Oscillatory",1,0.5,NA,15,"Tail",0.046,0.00936845771725528
50,"Oscillatory",1,1,NA,15,"Uniform",0,0
50,"Oscillatory",1,1,NA,15,"Central",0.054,0.0101078187557949
50,"Oscillatory",1,1,NA,15,"Tail",0.044,0.00917213170424411
50,"Oscillatory",1,1.5,NA,15,"Uniform",0,0
50,"Oscillatory",1,1.5,NA,15,"Central",0.048,0.00955991631762538
50,"Oscillatory",1,1.5,NA,15,"Tail",0.054,0.0101078187557949
50,"Oscillatory",1,2,NA,15,"Uniform",0,0
50,"Oscillatory",1,2,NA,15,"Central",0.082,0.0122699633251286
50,"Oscillatory",1,2,NA,15,"Tail",0.072,0.0115599307956406
50,"Oscillatory",2,0.5,NA,15,"Uniform",0,0
50,"Oscillatory",2,0.5,NA,15,"Central",0.042,0.00897061870775924
50,"Oscillatory",2,0.5,NA,15,"Tail",0.044,0.00917213170424411
50,"Oscillatory",2,1,NA,15,"Uniform",0,0
50,"Oscillatory",2,1,NA,15,"Central",0.038,0.00855055553750749
50,"Oscillatory",2,1,NA,15,"Tail",0.046,0.00936845771725528
50,"Oscillatory",2,1.5,NA,15,"Uniform",0,0
50,"Oscillatory",2,1.5,NA,15,"Central",0.052,0.00992935043192655
50,"Oscillatory",2,1.5,NA,15,"Tail",0.058,0.0104533248299285
50,"Oscillatory",2,2,NA,15,"Uniform",0,0
50,"Oscillatory",2,2,NA,15,"Central",0.038,0.00855055553750749
50,"Oscillatory",2,2,NA,15,"Tail",0.046,0.00936845771725528
50,"Oscillatory",4,0.5,NA,15,"Uniform",0,0
50,"Oscillatory",4,0.5,NA,15,"Central",0.046,0.00936845771725528
50,"Oscillatory",4,0.5,NA,15,"Tail",0.06,0.0106207344378814
50,"Oscillatory",4,1,NA,15,"Uniform",0,0
50,"Oscillatory",4,1,NA,15,"Central",0.036,0.0083311463797007
50,"Oscillatory",4,1,NA,15,"Tail",0.05,0.00974679434480896
50,"Oscillatory",4,1.5,NA,15,"Uniform",0,0
50,"Oscillatory",4,1.5,NA,15,"Central",0.054,0.0101078187557949
50,"Oscillatory",4,1.5,NA,15,"Tail",0.038,0.00855055553750749
50,"Oscillatory",4,2,NA,15,"Uniform",0,0
50,"Oscillatory",4,2,NA,15,"Central",0.046,0.00936845771725528
50,"Oscillatory",4,2,NA,15,"Tail",0.042,0.00897061870775924
50,"Oscillatory",8,0.5,NA,15,"Uniform",0,0
50,"Oscillatory",8,0.5,NA,15,"Central",0.05,0.00974679434480896
50,"Oscillatory",8,0.5,NA,15,"Tail",0.034,0.00810481338464989
50,"Oscillatory",8,1,NA,15,"Uniform",0,0
50,"Oscillatory",8,1,NA,15,"Central",0.038,0.00855055553750749
50,"Oscillatory",8,1,NA,15,"Tail",0.032,0.00787095928079926
50,"Oscillatory",8,1.5,NA,15,"Uniform",0,0
50,"Oscillatory",8,1.5,NA,15,"Central",0.046,0.00936845771725528
50,"Oscillatory",8,1.5,NA,15,"Tail",0.02,0.00626099033699941
50,"Oscillatory",8,2,NA,15,"Uniform",0,0
50,"Oscillatory",8,2,NA,15,"Central",0.062,0.0107848041243223
50,"Oscillatory",8,2,NA,15,"Tail",0.024,0.00684455988358638
50,"Abrupt",0.25,0.05,NA,15,"Uniform",0,0
50,"Abrupt",0.25,0.05,NA,15,"Central",0.054,0.0101078187557949
50,"Abrupt",0.25,0.05,NA,15,"Tail",0.056,0.0102824121683582
50,"Abrupt",0.25,0.1,NA,15,"Uniform",0,0
50,"Abrupt",0.25,0.1,NA,15,"Central",0.036,0.0083311463797007
50,"Abrupt",0.25,0.1,NA,15,"Tail",0.068,0.0112584190719657
50,"Abrupt",0.25,0.2,NA,15,"Uniform",0,0
50,"Abrupt",0.25,0.2,NA,15,"Central",0.026,0.00711674082709213
50,"Abrupt",0.25,0.2,NA,15,"Tail",0.08,0.0121326007104825
50,"Abrupt",0.5,0.05,NA,15,"Uniform",0,0
50,"Abrupt",0.5,0.05,NA,15,"Central",0.04,0.00876356092008266
50,"Abrupt",0.5,0.05,NA,15,"Tail",0.054,0.0101078187557949
50,"Abrupt",0.5,0.1,NA,15,"Uniform",0,0
50,"Abrupt",0.5,0.1,NA,15,"Central",0.05,0.00974679434480896
50,"Abrupt",0.5,0.1,NA,15,"Tail",0.048,0.00955991631762538
50,"Abrupt",0.5,0.2,NA,15,"Uniform",0,0
50,"Abrupt",0.5,0.2,NA,15,"Central",0.048,0.00955991631762538
50,"Abrupt",0.5,0.2,NA,15,"Tail",0.048,0.00955991631762538
50,"Abrupt",0.75,0.05,NA,15,"Uniform",0,0
50,"Abrupt",0.75,0.05,NA,15,"Central",0.042,0.00897061870775924
50,"Abrupt",0.75,0.05,NA,15,"Tail",0.046,0.00936845771725528
50,"Abrupt",0.75,0.1,NA,15,"Uniform",0,0
50,"Abrupt",0.75,0.1,NA,15,"Central",0.052,0.00992935043192655
50,"Abrupt",0.75,0.1,NA,15,"Tail",0.05,0.00974679434480896
50,"Abrupt",0.75,0.2,NA,15,"Uniform",0,0
50,"Abrupt",0.75,0.2,NA,15,"Central",0.05,0.00974679434480896
50,"Abrupt",0.75,0.2,NA,15,"Tail",0.034,0.00810481338464989
50,"Mixture",0.05,0.25,NA,15,"Uniform",0,0
50,"Mixture",0.05,0.25,NA,15,"Central",0,0
50,"Mixture",0.05,0.25,NA,15,"Tail",1,0
50,"Mixture",0.05,0.5,NA,15,"Uniform",0,0
50,"Mixture",0.05,0.5,NA,15,"Central",0,0
50,"Mixture",0.05,0.5,NA,15,"Tail",1,0
50,"Mixture",0.05,0.75,NA,15,"Uniform",0,0
50,"Mixture",0.05,0.75,NA,15,"Central",0,0
50,"Mixture",0.05,0.75,NA,15,"Tail",1,0
50,"Mixture",0.1,0.25,NA,15,"Uniform",0,0
50,"Mixture",0.1,0.25,NA,15,"Central",0,0
50,"Mixture",0.1,0.25,NA,15,"Tail",1,0
50,"Mixture",0.1,0.5,NA,15,"Uniform",0,0
50,"Mixture",0.1,0.5,NA,15,"Central",0,0
50,"Mixture",0.1,0.5,NA,15,"Tail",1,0
50,"Mixture",0.1,0.75,NA,15,"Uniform",0,0
50,"Mixture",0.1,0.75,NA,15,"Central",0,0
50,"Mixture",0.1,0.75,NA,15,"Tail",1,0
50,"Mixture",0.2,0.25,NA,15,"Uniform",0,0
50,"Mixture",0.2,0.25,NA,15,"Central",0,0
50,"Mixture",0.2,0.25,NA,15,"Tail",1,0
50,"Mixture",0.2,0.5,NA,15,"Uniform",0,0
50,"Mixture",0.2,0.5,NA,15,"Central",0,0
50,"Mixture",0.2,0.5,NA,15,"Tail",1,0
50,"Mixture",0.2,0.75,NA,15,"Uniform",0,0
50,"Mixture",0.2,0.75,NA,15,"Central",0,0
50,"Mixture",0.2,0.75,NA,15,"Tail",1,0
100,"Localized",0.25,0.05,0.5,1,"Uniform",0,0
100,"Localized",0.25,0.05,0.5,1,"Central",0.054,0.0101078187557949
100,"Localized",0.25,0.05,0.5,1,"Tail",0.052,0.00992935043192655
100,"Localized",0.25,0.05,0.5,1,"Localized",0.034,0.00810481338464989
100,"Localized",0.25,0.05,1,1,"Uniform",0,0
100,"Localized",0.25,0.05,1,1,"Central",0.064,0.0109456840809517
100,"Localized",0.25,0.05,1,1,"Tail",0.058,0.0104533248299285
100,"Localized",0.25,0.05,1,1,"Localized",0.022,0.00655987804764692
100,"Localized",0.25,0.05,1.5,1,"Uniform",0,0
100,"Localized",0.25,0.05,1.5,1,"Central",0.052,0.00992935043192655
100,"Localized",0.25,0.05,1.5,1,"Tail",0.062,0.0107848041243223
100,"Localized",0.25,0.05,1.5,1,"Localized",0.044,0.00917213170424411
100,"Localized",0.25,0.05,2,1,"Uniform",0,0
100,"Localized",0.25,0.05,2,1,"Central",0.054,0.0101078187557949
100,"Localized",0.25,0.05,2,1,"Tail",0.072,0.0115599307956406
100,"Localized",0.25,0.05,2,1,"Localized",0.03,0.00762889244910426
100,"Localized",0.25,0.1,0.5,1,"Uniform",0,0
100,"Localized",0.25,0.1,0.5,1,"Central",0.05,0.00974679434480896
100,"Localized",0.25,0.1,0.5,1,"Tail",0.05,0.00974679434480896
100,"Localized",0.25,0.1,0.5,1,"Localized",0.04,0.00876356092008266
100,"Localized",0.25,0.1,1,1,"Uniform",0,0
100,"Localized",0.25,0.1,1,1,"Central",0.056,0.0102824121683582
100,"Localized",0.25,0.1,1,1,"Tail",0.05,0.00974679434480896
100,"Localized",0.25,0.1,1,1,"Localized",0.034,0.00810481338464989
100,"Localized",0.25,0.1,1.5,1,"Uniform",0,0
100,"Localized",0.25,0.1,1.5,1,"Central",0.06,0.0106207344378814
100,"Localized",0.25,0.1,1.5,1,"Tail",0.04,0.00876356092008266
100,"Localized",0.25,0.1,1.5,1,"Localized",0.04,0.00876356092008266
100,"Localized",0.25,0.1,2,1,"Uniform",0,0
100,"Localized",0.25,0.1,2,1,"Central",0.07,0.0114105214604767
100,"Localized",0.25,0.1,2,1,"Tail",0.054,0.0101078187557949
100,"Localized",0.25,0.1,2,1,"Localized",0.02,0.00626099033699941
100,"Localized",0.25,0.2,0.5,1,"Uniform",0,0
100,"Localized",0.25,0.2,0.5,1,"Central",0.026,0.00711674082709213
100,"Localized",0.25,0.2,0.5,1,"Tail",0.042,0.00897061870775924
100,"Localized",0.25,0.2,0.5,1,"Localized",0.036,0.0083311463797007
100,"Localized",0.25,0.2,1,1,"Uniform",0,0
100,"Localized",0.25,0.2,1,1,"Central",0.054,0.0101078187557949
100,"Localized",0.25,0.2,1,1,"Tail",0.064,0.0109456840809517
100,"Localized",0.25,0.2,1,1,"Localized",0.018,0.005945754788082
100,"Localized",0.25,0.2,1.5,1,"Uniform",0,0
100,"Localized",0.25,0.2,1.5,1,"Central",0.062,0.0107848041243223
100,"Localized",0.25,0.2,1.5,1,"Tail",0.072,0.0115599307956406
100,"Localized",0.25,0.2,1.5,1,"Localized",0.042,0.00897061870775924
100,"Localized",0.25,0.2,2,1,"Uniform",0,0
100,"Localized",0.25,0.2,2,1,"Central",0.044,0.00917213170424411
100,"Localized",0.25,0.2,2,1,"Tail",0.06,0.0106207344378814
100,"Localized",0.25,0.2,2,1,"Localized",0.028,0.00737780455149091
100,"Localized",0.5,0.05,0.5,1,"Uniform",0,0
100,"Localized",0.5,0.05,0.5,1,"Central",0.058,0.0104533248299285
100,"Localized",0.5,0.05,0.5,1,"Tail",0.048,0.00955991631762538
100,"Localized",0.5,0.05,0.5,1,"Localized",0.054,0.0101078187557949
100,"Localized",0.5,0.05,1,1,"Uniform",0,0
100,"Localized",0.5,0.05,1,1,"Central",0.058,0.0104533248299285
100,"Localized",0.5,0.05,1,1,"Tail",0.044,0.00917213170424411
100,"Localized",0.5,0.05,1,1,"Localized",0.026,0.00711674082709213
100,"Localized",0.5,0.05,1.5,1,"Uniform",0,0
100,"Localized",0.5,0.05,1.5,1,"Central",0.062,0.0107848041243223
100,"Localized",0.5,0.05,1.5,1,"Tail",0.064,0.0109456840809517
100,"Localized",0.5,0.05,1.5,1,"Localized",0.028,0.00737780455149091
100,"Localized",0.5,0.05,2,1,"Uniform",0,0
100,"Localized",0.5,0.05,2,1,"Central",0.044,0.00917213170424411
100,"Localized",0.5,0.05,2,1,"Tail",0.08,0.0121326007104825
100,"Localized",0.5,0.05,2,1,"Localized",0.028,0.00737780455149091
100,"Localized",0.5,0.1,0.5,1,"Uniform",0,0
100,"Localized",0.5,0.1,0.5,1,"Central",0.062,0.0107848041243223
100,"Localized",0.5,0.1,0.5,1,"Tail",0.074,0.0117067501895274
100,"Localized",0.5,0.1,0.5,1,"Localized",0.048,0.00955991631762538
100,"Localized",0.5,0.1,1,1,"Uniform",0,0
100,"Localized",0.5,0.1,1,1,"Central",0.044,0.00917213170424411
100,"Localized",0.5,0.1,1,1,"Tail",0.072,0.0115599307956406
100,"Localized",0.5,0.1,1,1,"Localized",0.042,0.00897061870775924
100,"Localized",0.5,0.1,1.5,1,"Uniform",0,0
100,"Localized",0.5,0.1,1.5,1,"Central",0.034,0.00810481338464989
100,"Localized",0.5,0.1,1.5,1,"Tail",0.054,0.0101078187557949
100,"Localized",0.5,0.1,1.5,1,"Localized",0.054,0.0101078187557949
100,"Localized",0.5,0.1,2,1,"Uniform",0,0
100,"Localized",0.5,0.1,2,1,"Central",0.04,0.00876356092008266
100,"Localized",0.5,0.1,2,1,"Tail",0.096,0.0131745208641529
100,"Localized",0.5,0.1,2,1,"Localized",0.034,0.00810481338464989
100,"Localized",0.5,0.2,0.5,1,"Uniform",0,0
100,"Localized",0.5,0.2,0.5,1,"Central",0.03,0.00762889244910426
100,"Localized",0.5,0.2,0.5,1,"Tail",0.056,0.0102824121683582
100,"Localized",0.5,0.2,0.5,1,"Localized",0.026,0.00711674082709213
100,"Localized",0.5,0.2,1,1,"Uniform",0,0
100,"Localized",0.5,0.2,1,1,"Central",0.046,0.00936845771725528
100,"Localized",0.5,0.2,1,1,"Tail",0.084,0.0124051602166195
100,"Localized",0.5,0.2,1,1,"Localized",0.042,0.00897061870775924
100,"Localized",0.5,0.2,1.5,1,"Uniform",0,0
100,"Localized",0.5,0.2,1.5,1,"Central",0.028,0.00737780455149091
100,"Localized",0.5,0.2,1.5,1,"Tail",0.09,0.0127984374046209
100,"Localized",0.5,0.2,1.5,1,"Localized",0.026,0.00711674082709213
100,"Localized",0.5,0.2,2,1,"Uniform",0,0
100,"Localized",0.5,0.2,2,1,"Central",0.024,0.00684455988358638
100,"Localized",0.5,0.2,2,1,"Tail",0.098,0.0132963152790538
100,"Localized",0.5,0.2,2,1,"Localized",0.022,0.00655987804764692
100,"Localized",0.75,0.05,0.5,1,"Uniform",0,0
100,"Localized",0.75,0.05,0.5,1,"Central",0.046,0.00936845771725528
100,"Localized",0.75,0.05,0.5,1,"Tail",0.072,0.0115599307956406
100,"Localized",0.75,0.05,0.5,1,"Localized",0.042,0.00897061870775924
100,"Localized",0.75,0.05,1,1,"Uniform",0,0
100,"Localized",0.75,0.05,1,1,"Central",0.048,0.00955991631762538
100,"Localized",0.75,0.05,1,1,"Tail",0.076,0.0118510759005248
100,"Localized",0.75,0.05,1,1,"Localized",0.044,0.00917213170424411
100,"Localized",0.75,0.05,1.5,1,"Uniform",0,0
100,"Localized",0.75,0.05,1.5,1,"Central",0.068,0.0112584190719657
100,"Localized",0.75,0.05,1.5,1,"Tail",0.062,0.0107848041243223
100,"Localized",0.75,0.05,1.5,1,"Localized",0.036,0.0083311463797007
100,"Localized",0.75,0.05,2,1,"Uniform",0,0
100,"Localized",0.75,0.05,2,1,"Central",0.052,0.00992935043192655
100,"Localized",0.75,0.05,2,1,"Tail",0.06,0.0106207344378814
100,"Localized",0.75,0.05,2,1,"Localized",0.014,0.00525433154644813
100,"Localized",0.75,0.1,0.5,1,"Uniform",0,0
100,"Localized",0.75,0.1,0.5,1,"Central",0.072,0.0115599307956406
100,"Localized",0.75,0.1,0.5,1,"Tail",0.054,0.0101078187557949
100,"Localized",0.75,0.1,0.5,1,"Localized",0.058,0.0104533248299285
100,"Localized",0.75,0.1,1,1,"Uniform",0,0
100,"Localized",0.75,0.1,1,1,"Central",0.07,0.0114105214604767
100,"Localized",0.75,0.1,1,1,"Tail",0.064,0.0109456840809517
100,"Localized",0.75,0.1,1,1,"Localized",0.044,0.00917213170424411
100,"Localized",0.75,0.1,1.5,1,"Uniform",0,0
100,"Localized",0.75,0.1,1.5,1,"Central",0.062,0.0107848041243223
100,"Localized",0.75,0.1,1.5,1,"Tail",0.068,0.0112584190719657
100,"Localized",0.75,0.1,1.5,1,"Localized",0.036,0.0083311463797007
100,"Localized",0.75,0.1,2,1,"Uniform",0,0
100,"Localized",0.75,0.1,2,1,"Central",0.07,0.0114105214604767
100,"Localized",0.75,0.1,2,1,"Tail",0.07,0.0114105214604767
100,"Localized",0.75,0.1,2,1,"Localized",0.038,0.00855055553750749
100,"Localized",0.75,0.2,0.5,1,"Uniform",0,0
100,"Localized",0.75,0.2,0.5,1,"Central",0.06,0.0106207344378814
100,"Localized",0.75,0.2,0.5,1,"Tail",0.074,0.0117067501895274
100,"Localized",0.75,0.2,0.5,1,"Localized",0.04,0.00876356092008266
100,"Localized",0.75,0.2,1,1,"Uniform",0,0
100,"Localized",0.75,0.2,1,1,"Central",0.052,0.00992935043192655
100,"Localized",0.75,0.2,1,1,"Tail",0.062,0.0107848041243223
100,"Localized",0.75,0.2,1,1,"Localized",0.02,0.00626099033699941
100,"Localized",0.75,0.2,1.5,1,"Uniform",0,0
100,"Localized",0.75,0.2,1.5,1,"Central",0.064,0.0109456840809517
100,"Localized",0.75,0.2,1.5,1,"Tail",0.052,0.00992935043192655
100,"Localized",0.75,0.2,1.5,1,"Localized",0.016,0.00561141693336006
100,"Localized",0.75,0.2,2,1,"Uniform",0,0
100,"Localized",0.75,0.2,2,1,"Central",0.046,0.00936845771725528
100,"Localized",0.75,0.2,2,1,"Tail",0.07,0.0114105214604767
100,"Localized",0.75,0.2,2,1,"Localized",0.01,0.0044497190922574
100,"Oscillatory",1,0.5,NA,1,"Uniform",0,0
100,"Oscillatory",1,0.5,NA,1,"Central",0.056,0.0102824121683582
100,"Oscillatory",1,0.5,NA,1,"Tail",0.052,0.00992935043192655
100,"Oscillatory",1,1,NA,1,"Uniform",0,0
100,"Oscillatory",1,1,NA,1,"Central",0.062,0.0107848041243223
100,"Oscillatory",1,1,NA,1,"Tail",0.048,0.00955991631762538
100,"Oscillatory",1,1.5,NA,1,"Uniform",0,0
100,"Oscillatory",1,1.5,NA,1,"Central",0.052,0.00992935043192655
100,"Oscillatory",1,1.5,NA,1,"Tail",0.07,0.0114105214604767
100,"Oscillatory",1,2,NA,1,"Uniform",0,0
100,"Oscillatory",1,2,NA,1,"Central",0.052,0.00992935043192655
100,"Oscillatory",1,2,NA,1,"Tail",0.078,0.0119929979571415
100,"Oscillatory",2,0.5,NA,1,"Uniform",0,0
100,"Oscillatory",2,0.5,NA,1,"Central",0.058,0.0104533248299285
100,"Oscillatory",2,0.5,NA,1,"Tail",0.06,0.0106207344378814
100,"Oscillatory",2,1,NA,1,"Uniform",0,0
100,"Oscillatory",2,1,NA,1,"Central",0.062,0.0107848041243223
100,"Oscillatory",2,1,NA,1,"Tail",0.064,0.0109456840809517
100,"Oscillatory",2,1.5,NA,1,"Uniform",0,0
100,"Oscillatory",2,1.5,NA,1,"Central",0.042,0.00897061870775924
100,"Oscillatory",2,1.5,NA,1,"Tail",0.074,0.0117067501895274
100,"Oscillatory",2,2,NA,1,"Uniform",0,0
100,"Oscillatory",2,2,NA,1,"Central",0.064,0.0109456840809517
100,"Oscillatory",2,2,NA,1,"Tail",0.066,0.0111035129576184
100,"Oscillatory",4,0.5,NA,1,"Uniform",0,0
100,"Oscillatory",4,0.5,NA,1,"Central",0.054,0.0101078187557949
100,"Oscillatory",4,0.5,NA,1,"Tail",0.046,0.00936845771725528
100,"Oscillatory",4,1,NA,1,"Uniform",0,0
100,"Oscillatory",4,1,NA,1,"Central",0.072,0.0115599307956406
100,"Oscillatory",4,1,NA,1,"Tail",0.06,0.0106207344378814
100,"Oscillatory",4,1.5,NA,1,"Uniform",0,0
100,"Oscillatory",4,1.5,NA,1,"Central",0.062,0.0107848041243223
100,"Oscillatory",4,1.5,NA,1,"Tail",0.07,0.0114105214604767
100,"Oscillatory",4,2,NA,1,"Uniform",0,0
100,"Oscillatory",4,2,NA,1,"Central",0.04,0.00876356092008266
100,"Oscillatory",4,2,NA,1,"Tail",0.056,0.0102824121683582
100,"Oscillatory",8,0.5,NA,1,"Uniform",0,0
100,"Oscillatory",8,0.5,NA,1,"Central",0.034,0.00810481338464989
100,"Oscillatory",8,0.5,NA,1,"Tail",0.07,0.0114105214604767
100,"Oscillatory",8,1,NA,1,"Uniform",0,0
100,"Oscillatory",8,1,NA,1,"Central",0.042,0.00897061870775924
100,"Oscillatory",8,1,NA,1,"Tail",0.074,0.0117067501895274
100,"Oscillatory",8,1.5,NA,1,"Uniform",0,0
100,"Oscillatory",8,1.5,NA,1,"Central",0.032,0.00787095928079926
100,"Oscillatory",8,1.5,NA,1,"Tail",0.086,0.0125382614424808
100,"Oscillatory",8,2,NA,1,"Uniform",0,0
100,"Oscillatory",8,2,NA,1,"Central",0.04,0.00876356092008266
100,"Oscillatory",8,2,NA,1,"Tail",0.098,0.0132963152790538
100,"Abrupt",0.25,0.05,NA,1,"Uniform",0,0
100,"Abrupt",0.25,0.05,NA,1,"Central",0.06,0.0106207344378814
100,"Abrupt",0.25,0.05,NA,1,"Tail",0.032,0.00787095928079926
100,"Abrupt",0.25,0.1,NA,1,"Uniform",0,0
100,"Abrupt",0.25,0.1,NA,1,"Central",0.072,0.0115599307956406
100,"Abrupt",0.25,0.1,NA,1,"Tail",0.046,0.00936845771725528
100,"Abrupt",0.25,0.2,NA,1,"Uniform",0,0
100,"Abrupt",0.25,0.2,NA,1,"Central",0.082,0.0122699633251286
100,"Abrupt",0.25,0.2,NA,1,"Tail",0.026,0.00711674082709213
100,"Abrupt",0.5,0.05,NA,1,"Uniform",0,0
100,"Abrupt",0.5,0.05,NA,1,"Central",0.054,0.0101078187557949
100,"Abrupt",0.5,0.05,NA,1,"Tail",0.056,0.0102824121683582
100,"Abrupt",0.5,0.1,NA,1,"Uniform",0,0
100,"Abrupt",0.5,0.1,NA,1,"Central",0.05,0.00974679434480896
100,"Abrupt",0.5,0.1,NA,1,"Tail",0.064,0.0109456840809517
100,"Abrupt",0.5,0.2,NA,1,"Uniform",0,0
100,"Abrupt",0.5,0.2,NA,1,"Central",0.064,0.0109456840809517
100,"Abrupt",0.5,0.2,NA,1,"Tail",0.05,0.00974679434480896
100,"Abrupt",0.75,0.05,NA,1,"Uniform",0,0
100,"Abrupt",0.75,0.05,NA,1,"Central",0.034,0.00810481338464989
100,"Abrupt",0.75,0.05,NA,1,"Tail",0.086,0.0125382614424808
100,"Abrupt",0.75,0.1,NA,1,"Uniform",0,0
100,"Abrupt",0.75,0.1,NA,1,"Central",0.026,0.00711674082709213
100,"Abrupt",0.75,0.1,NA,1,"Tail",0.142,0.0156099967969247
100,"Abrupt",0.75,0.2,NA,1,"Uniform",0,0
100,"Abrupt",0.75,0.2,NA,1,"Central",0.008,0.00398396787135639
100,"Abrupt",0.75,0.2,NA,1,"Tail",0.358,0.0214399626865347
100,"Mixture",0.05,0.25,NA,1,"Uniform",0,0
100,"Mixture",0.05,0.25,NA,1,"Central",0,0
100,"Mixture",0.05,0.25,NA,1,"Tail",1,0
100,"Mixture",0.05,0.5,NA,1,"Uniform",0,0
100,"Mixture",0.05,0.5,NA,1,"Central",0,0
100,"Mixture",0.05,0.5,NA,1,"Tail",1,0
100,"Mixture",0.05,0.75,NA,1,"Uniform",0,0
100,"Mixture",0.05,0.75,NA,1,"Central",0,0
100,"Mixture",0.05,0.75,NA,1,"Tail",1,0
100,"Mixture",0.1,0.25,NA,1,"Uniform",0,0
100,"Mixture",0.1,0.25,NA,1,"Central",0,0
100,"Mixture",0.1,0.25,NA,1,"Tail",1,0
100,"Mixture",0.1,0.5,NA,1,"Uniform",0,0
100,"Mixture",0.1,0.5,NA,1,"Central",0,0
100,"Mixture",0.1,0.5,NA,1,"Tail",1,0
100,"Mixture",0.1,0.75,NA,1,"Uniform",0,0
100,"Mixture",0.1,0.75,NA,1,"Central",0,0
100,"Mixture",0.1,0.75,NA,1,"Tail",1,0
100,"Mixture",0.2,0.25,NA,1,"Uniform",0,0
100,"Mixture",0.2,0.25,NA,1,"Central",0,0
100,"Mixture",0.2,0.25,NA,1,"Tail",1,0
100,"Mixture",0.2,0.5,NA,1,"Uniform",0,0
100,"Mixture",0.2,0.5,NA,1,"Central",0,0
100,"Mixture",0.2,0.5,NA,1,"Tail",1,0
100,"Mixture",0.2,0.75,NA,1,"Uniform",0,0
100,"Mixture",0.2,0.75,NA,1,"Central",0,0
100,"Mixture",0.2,0.75,NA,1,"Tail",1,0
100,"Localized",0.25,0.05,0.5,2,"Uniform",0,0
100,"Localized",0.25,0.05,0.5,2,"Central",0.044,0.00917213170424411
100,"Localized",0.25,0.05,0.5,2,"Tail",0.04,0.00876356092008266
100,"Localized",0.25,0.05,0.5,2,"Localized",0.048,0.00955991631762538
100,"Localized",0.25,0.05,1,2,"Uniform",0,0
100,"Localized",0.25,0.05,1,2,"Central",0.054,0.0101078187557949
100,"Localized",0.25,0.05,1,2,"Tail",0.046,0.00936845771725528
100,"Localized",0.25,0.05,1,2,"Localized",0.026,0.00711674082709213
100,"Localized",0.25,0.05,1.5,2,"Uniform",0,0
100,"Localized",0.25,0.05,1.5,2,"Central",0.04,0.00876356092008266
100,"Localized",0.25,0.05,1.5,2,"Tail",0.05,0.00974679434480896
100,"Localized",0.25,0.05,1.5,2,"Localized",0.034,0.00810481338464989
100,"Localized",0.25,0.05,2,2,"Uniform",0,0
100,"Localized",0.25,0.05,2,2,"Central",0.056,0.0102824121683582
100,"Localized",0.25,0.05,2,2,"Tail",0.056,0.0102824121683582
100,"Localized",0.25,0.05,2,2,"Localized",0.022,0.00655987804764692
100,"Localized",0.25,0.1,0.5,2,"Uniform",0,0
100,"Localized",0.25,0.1,0.5,2,"Central",0.048,0.00955991631762538
100,"Localized",0.25,0.1,0.5,2,"Tail",0.02,0.00626099033699941
100,"Localized",0.25,0.1,0.5,2,"Localized",0.07,0.0114105214604767
100,"Localized",0.25,0.1,1,2,"Uniform",0,0
100,"Localized",0.25,0.1,1,2,"Central",0.058,0.0104533248299285
100,"Localized",0.25,0.1,1,2,"Tail",0.052,0.00992935043192655
100,"Localized",0.25,0.1,1,2,"Localized",0.066,0.0111035129576184
100,"Localized",0.25,0.1,1.5,2,"Uniform",0,0
100,"Localized",0.25,0.1,1.5,2,"Central",0.034,0.00810481338464989
100,"Localized",0.25,0.1,1.5,2,"Tail",0.04,0.00876356092008266
100,"Localized",0.25,0.1,1.5,2,"Localized",0.05,0.00974679434480896
100,"Localized",0.25,0.1,2,2,"Uniform",0,0
100,"Localized",0.25,0.1,2,2,"Central",0.052,0.00992935043192655
100,"Localized",0.25,0.1,2,2,"Tail",0.036,0.0083311463797007
100,"Localized",0.25,0.1,2,2,"Localized",0.022,0.00655987804764692
100,"Localized",0.25,0.2,0.5,2,"Uniform",0,0
100,"Localized",0.25,0.2,0.5,2,"Central",0.052,0.00992935043192655
100,"Localized",0.25,0.2,0.5,2,"Tail",0.042,0.00897061870775924
100,"Localized",0.25,0.2,0.5,2,"Localized",0.038,0.00855055553750749
100,"Localized",0.25,0.2,1,2,"Uniform",0,0
100,"Localized",0.25,0.2,1,2,"Central",0.056,0.0102824121683582
100,"Localized",0.25,0.2,1,2,"Tail",0.048,0.00955991631762538
100,"Localized",0.25,0.2,1,2,"Localized",0.036,0.0083311463797007
100,"Localized",0.25,0.2,1.5,2,"Uniform",0,0
100,"Localized",0.25,0.2,1.5,2,"Central",0.062,0.0107848041243223
100,"Localized",0.25,0.2,1.5,2,"Tail",0.044,0.00917213170424411
100,"Localized",0.25,0.2,1.5,2,"Localized",0.028,0.00737780455149091
100,"Localized",0.25,0.2,2,2,"Uniform",0,0
100,"Localized",0.25,0.2,2,2,"Central",0.064,0.0109456840809517
100,"Localized",0.25,0.2,2,2,"Tail",0.052,0.00992935043192655
100,"Localized",0.25,0.2,2,2,"Localized",0.032,0.00787095928079926
100,"Localized",0.5,0.05,0.5,2,"Uniform",0,0
100,"Localized",0.5,0.05,0.5,2,"Central",0.082,0.0122699633251286
100,"Localized",0.5,0.05,0.5,2,"Tail",0.06,0.0106207344378814
100,"Localized",0.5,0.05,0.5,2,"Localized",0.036,0.0083311463797007
100,"Localized",0.5,0.05,1,2,"Uniform",0,0
100,"Localized",0.5,0.05,1,2,"Central",0.038,0.00855055553750749
100,"Localized",0.5,0.05,1,2,"Tail",0.048,0.00955991631762538
100,"Localized",0.5,0.05,1,2,"Localized",0.03,0.00762889244910426
100,"Localized",0.5,0.05,1.5,2,"Uniform",0,0
100,"Localized",0.5,0.05,1.5,2,"Central",0.048,0.00955991631762538
100,"Localized",0.5,0.05,1.5,2,"Tail",0.044,0.00917213170424411
100,"Localized",0.5,0.05,1.5,2,"Localized",0.032,0.00787095928079926
100,"Localized",0.5,0.05,2,2,"Uniform",0,0
100,"Localized",0.5,0.05,2,2,"Central",0.032,0.00787095928079926
100,"Localized",0.5,0.05,2,2,"Tail",0.026,0.00711674082709213
100,"Localized",0.5,0.05,2,2,"Localized",0.018,0.005945754788082
100,"Localized",0.5,0.1,0.5,2,"Uniform",0,0
100,"Localized",0.5,0.1,0.5,2,"Central",0.052,0.00992935043192655
100,"Localized",0.5,0.1,0.5,2,"Tail",0.022,0.00655987804764692
100,"Localized",0.5,0.1,0.5,2,"Localized",0.064,0.0109456840809517
100,"Localized",0.5,0.1,1,2,"Uniform",0,0
100,"Localized",0.5,0.1,1,2,"Central",0.058,0.0104533248299285
100,"Localized",0.5,0.1,1,2,"Tail",0.038,0.00855055553750749
100,"Localized",0.5,0.1,1,2,"Localized",0.042,0.00897061870775924
100,"Localized",0.5,0.1,1.5,2,"Uniform",0,0
100,"Localized",0.5,0.1,1.5,2,"Central",0.044,0.00917213170424411
100,"Localized",0.5,0.1,1.5,2,"Tail",0.026,0.00711674082709213
100,"Localized",0.5,0.1,1.5,2,"Localized",0.02,0.00626099033699941
100,"Localized",0.5,0.1,2,2,"Uniform",0,0
100,"Localized",0.5,0.1,2,2,"Central",0.03,0.00762889244910426
100,"Localized",0.5,0.1,2,2,"Tail",0.042,0.00897061870775924
100,"Localized",0.5,0.1,2,2,"Localized",0.03,0.00762889244910426
100,"Localized",0.5,0.2,0.5,2,"Uniform",0,0
100,"Localized",0.5,0.2,0.5,2,"Central",0.05,0.00974679434480896
100,"Localized",0.5,0.2,0.5,2,"Tail",0.044,0.00917213170424411
100,"Localized",0.5,0.2,0.5,2,"Localized",0.08,0.0121326007104825
100,"Localized",0.5,0.2,1,2,"Uniform",0,0
100,"Localized",0.5,0.2,1,2,"Central",0.042,0.00897061870775924
100,"Localized",0.5,0.2,1,2,"Tail",0.042,0.00897061870775924
100,"Localized",0.5,0.2,1,2,"Localized",0.028,0.00737780455149091
100,"Localized",0.5,0.2,1.5,2,"Uniform",0,0
100,"Localized",0.5,0.2,1.5,2,"Central",0.038,0.00855055553750749
100,"Localized",0.5,0.2,1.5,2,"Tail",0.08,0.0121326007104825
100,"Localized",0.5,0.2,1.5,2,"Localized",0.038,0.00855055553750749
100,"Localized",0.5,0.2,2,2,"Uniform",0,0
100,"Localized",0.5,0.2,2,2,"Central",0.026,0.00711674082709213
100,"Localized",0.5,0.2,2,2,"Tail",0.064,0.0109456840809517
100,"Localized",0.5,0.2,2,2,"Localized",0.018,0.005945754788082
100,"Localized",0.75,0.05,0.5,2,"Uniform",0,0
100,"Localized",0.75,0.05,0.5,2,"Central",0.056,0.0102824121683582
100,"Localized",0.75,0.05,0.5,2,"Tail",0.04,0.00876356092008266
100,"Localized",0.75,0.05,0.5,2,"Localized",0.054,0.0101078187557949
100,"Localized",0.75,0.05,1,2,"Uniform",0,0
100,"Localized",0.75,0.05,1,2,"Central",0.052,0.00992935043192655
100,"Localized",0.75,0.05,1,2,"Tail",0.044,0.00917213170424411
100,"Localized",0.75,0.05,1,2,"Localized",0.04,0.00876356092008266
100,"Localized",0.75,0.05,1.5,2,"Uniform",0,0
100,"Localized",0.75,0.05,1.5,2,"Central",0.05,0.00974679434480896
100,"Localized",0.75,0.05,1.5,2,"Tail",0.036,0.0083311463797007
100,"Localized",0.75,0.05,1.5,2,"Localized",0.036,0.0083311463797007
100,"Localized",0.75,0.05,2,2,"Uniform",0,0
100,"Localized",0.75,0.05,2,2,"Central",0.042,0.00897061870775924
100,"Localized",0.75,0.05,2,2,"Tail",0.042,0.00897061870775924
100,"Localized",0.75,0.05,2,2,"Localized",0.054,0.0101078187557949
100,"Localized",0.75,0.1,0.5,2,"Uniform",0,0
100,"Localized",0.75,0.1,0.5,2,"Central",0.066,0.0111035129576184
100,"Localized",0.75,0.1,0.5,2,"Tail",0.038,0.00855055553750749
100,"Localized",0.75,0.1,0.5,2,"Localized",0.04,0.00876356092008266
100,"Localized",0.75,0.1,1,2,"Uniform",0,0
100,"Localized",0.75,0.1,1,2,"Central",0.058,0.0104533248299285
100,"Localized",0.75,0.1,1,2,"Tail",0.046,0.00936845771725528
100,"Localized",0.75,0.1,1,2,"Localized",0.034,0.00810481338464989
100,"Localized",0.75,0.1,1.5,2,"Uniform",0,0
100,"Localized",0.75,0.1,1.5,2,"Central",0.054,0.0101078187557949
100,"Localized",0.75,0.1,1.5,2,"Tail",0.048,0.00955991631762538
100,"Localized",0.75,0.1,1.5,2,"Localized",0.024,0.00684455988358638
100,"Localized",0.75,0.1,2,2,"Uniform",0,0
100,"Localized",0.75,0.1,2,2,"Central",0.068,0.0112584190719657
100,"Localized",0.75,0.1,2,2,"Tail",0.048,0.00955991631762538
100,"Localized",0.75,0.1,2,2,"Localized",0.024,0.00684455988358638
100,"Localized",0.75,0.2,0.5,2,"Uniform",0,0
100,"Localized",0.75,0.2,0.5,2,"Central",0.042,0.00897061870775924
100,"Localized",0.75,0.2,0.5,2,"Tail",0.034,0.00810481338464989
100,"Localized",0.75,0.2,0.5,2,"Localized",0.038,0.00855055553750749
100,"Localized",0.75,0.2,1,2,"Uniform",0,0
100,"Localized",0.75,0.2,1,2,"Central",0.064,0.0109456840809517
100,"Localized",0.75,0.2,1,2,"Tail",0.026,0.00711674082709213
100,"Localized",0.75,0.2,1,2,"Localized",0.046,0.00936845771725528
100,"Localized",0.75,0.2,1.5,2,"Uniform",0,0
100,"Localized",0.75,0.2,1.5,2,"Central",0.052,0.00992935043192655
100,"Localized",0.75,0.2,1.5,2,"Tail",0.044,0.00917213170424411
100,"Localized",0.75,0.2,1.5,2,"Localized",0.03,0.00762889244910426
100,"Localized",0.75,0.2,2,2,"Uniform",0,0
100,"Localized",0.75,0.2,2,2,"Central",0.04,0.00876356092008266
100,"Localized",0.75,0.2,2,2,"Tail",0.052,0.00992935043192655
100,"Localized",0.75,0.2,2,2,"Localized",0.024,0.00684455988358638
100,"Oscillatory",1,0.5,NA,2,"Uniform",0,0
100,"Oscillatory",1,0.5,NA,2,"Central",0.072,0.0115599307956406
100,"Oscillatory",1,0.5,NA,2,"Tail",0.03,0.00762889244910426
100,"Oscillatory",1,1,NA,2,"Uniform",0,0
100,"Oscillatory",1,1,NA,2,"Central",0.066,0.0111035129576184
100,"Oscillatory",1,1,NA,2,"Tail",0.036,0.0083311463797007
100,"Oscillatory",1,1.5,NA,2,"Uniform",0,0
100,"Oscillatory",1,1.5,NA,2,"Central",0.056,0.0102824121683582
100,"Oscillatory",1,1.5,NA,2,"Tail",0.028,0.00737780455149091
100,"Oscillatory",1,2,NA,2,"Uniform",0,0
100,"Oscillatory",1,2,NA,2,"Central",0.044,0.00917213170424411
100,"Oscillatory",1,2,NA,2,"Tail",0.026,0.00711674082709213
100,"Oscillatory",2,0.5,NA,2,"Uniform",0,0
100,"Oscillatory",2,0.5,NA,2,"Central",0.05,0.00974679434480896
100,"Oscillatory",2,0.5,NA,2,"Tail",0.026,0.00711674082709213
100,"Oscillatory",2,1,NA,2,"Uniform",0,0
100,"Oscillatory",2,1,NA,2,"Central",0.074,0.0117067501895274
100,"Oscillatory",2,1,NA,2,"Tail",0.05,0.00974679434480896
100,"Oscillatory",2,1.5,NA,2,"Uniform",0,0
100,"Oscillatory",2,1.5,NA,2,"Central",0.056,0.0102824121683582
100,"Oscillatory",2,1.5,NA,2,"Tail",0.036,0.0083311463797007
100,"Oscillatory",2,2,NA,2,"Uniform",0,0
100,"Oscillatory",2,2,NA,2,"Central",0.054,0.0101078187557949
100,"Oscillatory",2,2,NA,2,"Tail",0.056,0.0102824121683582
100,"Oscillatory",4,0.5,NA,2,"Uniform",0,0
100,"Oscillatory",4,0.5,NA,2,"Central",0.052,0.00992935043192655
100,"Oscillatory",4,0.5,NA,2,"Tail",0.03,0.00762889244910426
100,"Oscillatory",4,1,NA,2,"Uniform",0,0
100,"Oscillatory",4,1,NA,2,"Central",0.038,0.00855055553750749
100,"Oscillatory",4,1,NA,2,"Tail",0.04,0.00876356092008266
100,"Oscillatory",4,1.5,NA,2,"Uniform",0,0
100,"Oscillatory",4,1.5,NA,2,"Central",0.052,0.00992935043192655
100,"Oscillatory",4,1.5,NA,2,"Tail",0.052,0.00992935043192655
100,"Oscillatory",4,2,NA,2,"Uniform",0,0
100,"Oscillatory",4,2,NA,2,"Central",0.042,0.00897061870775924
100,"Oscillatory",4,2,NA,2,"Tail",0.034,0.00810481338464989
100,"Oscillatory",8,0.5,NA,2,"Uniform",0,0
100,"Oscillatory",8,0.5,NA,2,"Central",0.04,0.00876356092008266
100,"Oscillatory",8,0.5,NA,2,"Tail",0.028,0.00737780455149091
100,"Oscillatory",8,1,NA,2,"Uniform",0,0
100,"Oscillatory",8,1,NA,2,"Central",0.062,0.0107848041243223
100,"Oscillatory",8,1,NA,2,"Tail",0.062,0.0107848041243223
100,"Oscillatory",8,1.5,NA,2,"Uniform",0,0
100,"Oscillatory",8,1.5,NA,2,"Central",0.036,0.0083311463797007
100,"Oscillatory",8,1.5,NA,2,"Tail",0.048,0.00955991631762538
100,"Oscillatory",8,2,NA,2,"Uniform",0,0
100,"Oscillatory",8,2,NA,2,"Central",0.032,0.00787095928079926
100,"Oscillatory",8,2,NA,2,"Tail",0.058,0.0104533248299285
100,"Abrupt",0.25,0.05,NA,2,"Uniform",0,0
100,"Abrupt",0.25,0.05,NA,2,"Central",0.052,0.00992935043192655
100,"Abrupt",0.25,0.05,NA,2,"Tail",0.032,0.00787095928079926
100,"Abrupt",0.25,0.1,NA,2,"Uniform",0,0
100,"Abrupt",0.25,0.1,NA,2,"Central",0.064,0.0109456840809517
100,"Abrupt",0.25,0.1,NA,2,"Tail",0.05,0.00974679434480896
100,"Abrupt",0.25,0.2,NA,2,"Uniform",0,0
100,"Abrupt",0.25,0.2,NA,2,"Central",0.076,0.0118510759005248
100,"Abrupt",0.25,0.2,NA,2,"Tail",0.02,0.00626099033699941
100,"Abrupt",0.5,0.05,NA,2,"Uniform",0,0
100,"Abrupt",0.5,0.05,NA,2,"Central",0.05,0.00974679434480896
100,"Abrupt",0.5,0.05,NA,2,"Tail",0.042,0.00897061870775924
100,"Abrupt",0.5,0.1,NA,2,"Uniform",0,0
100,"Abrupt",0.5,0.1,NA,2,"Central",0.048,0.00955991631762538
100,"Abrupt",0.5,0.1,NA,2,"Tail",0.042,0.00897061870775924
100,"Abrupt",0.5,0.2,NA,2,"Uniform",0,0
100,"Abrupt",0.5,0.2,NA,2,"Central",0.05,0.00974679434480896
100,"Abrupt",0.5,0.2,NA,2,"Tail",0.038,0.00855055553750749
100,"Abrupt",0.75,0.05,NA,2,"Uniform",0,0
100,"Abrupt",0.75,0.05,NA,2,"Central",0.04,0.00876356092008266
100,"Abrupt",0.75,0.05,NA,2,"Tail",0.066,0.0111035129576184
100,"Abrupt",0.75,0.1,NA,2,"Uniform",0,0
100,"Abrupt",0.75,0.1,NA,2,"Central",0.014,0.00525433154644813
100,"Abrupt",0.75,0.1,NA,2,"Tail",0.108,0.0138806339912844
100,"Abrupt",0.75,0.2,NA,2,"Uniform",0,0
100,"Abrupt",0.75,0.2,NA,2,"Central",0.002,0.00199799899899875
100,"Abrupt",0.75,0.2,NA,2,"Tail",0.262,0.0196649942791754
100,"Mixture",0.05,0.25,NA,2,"Uniform",0,0
100,"Mixture",0.05,0.25,NA,2,"Central",0,0
100,"Mixture",0.05,0.25,NA,2,"Tail",1,0
100,"Mixture",0.05,0.5,NA,2,"Uniform",0,0
100,"Mixture",0.05,0.5,NA,2,"Central",0,0
100,"Mixture",0.05,0.5,NA,2,"Tail",1,0
100,"Mixture",0.05,0.75,NA,2,"Uniform",0,0
100,"Mixture",0.05,0.75,NA,2,"Central",0,0
100,"Mixture",0.05,0.75,NA,2,"Tail",1,0
100,"Mixture",0.1,0.25,NA,2,"Uniform",0,0
100,"Mixture",0.1,0.25,NA,2,"Central",0,0
100,"Mixture",0.1,0.25,NA,2,"Tail",1,0
100,"Mixture",0.1,0.5,NA,2,"Uniform",0,0
100,"Mixture",0.1,0.5,NA,2,"Central",0,0
100,"Mixture",0.1,0.5,NA,2,"Tail",1,0
100,"Mixture",0.1,0.75,NA,2,"Uniform",0,0
100,"Mixture",0.1,0.75,NA,2,"Central",0,0
100,"Mixture",0.1,0.75,NA,2,"Tail",1,0
100,"Mixture",0.2,0.25,NA,2,"Uniform",0,0
100,"Mixture",0.2,0.25,NA,2,"Central",0,0
100,"Mixture",0.2,0.25,NA,2,"Tail",1,0
100,"Mixture",0.2,0.5,NA,2,"Uniform",0,0
100,"Mixture",0.2,0.5,NA,2,"Central",0,0
100,"Mixture",0.2,0.5,NA,2,"Tail",1,0
100,"Mixture",0.2,0.75,NA,2,"Uniform",0,0
100,"Mixture",0.2,0.75,NA,2,"Central",0,0
100,"Mixture",0.2,0.75,NA,2,"Tail",1,0
100,"Localized",0.25,0.05,0.5,3,"Uniform",0,0
100,"Localized",0.25,0.05,0.5,3,"Central",0.046,0.00936845771725528
100,"Localized",0.25,0.05,0.5,3,"Tail",0.072,0.0115599307956406
100,"Localized",0.25,0.05,0.5,3,"Localized",0.062,0.0107848041243223
100,"Localized",0.25,0.05,1,3,"Uniform",0,0
100,"Localized",0.25,0.05,1,3,"Central",0.054,0.0101078187557949
100,"Localized",0.25,0.05,1,3,"Tail",0.042,0.00897061870775924
100,"Localized",0.25,0.05,1,3,"Localized",0.038,0.00855055553750749
100,"Localized",0.25,0.05,1.5,3,"Uniform",0,0
100,"Localized",0.25,0.05,1.5,3,"Central",0.052,0.00992935043192655
100,"Localized",0.25,0.05,1.5,3,"Tail",0.042,0.00897061870775924
100,"Localized",0.25,0.05,1.5,3,"Localized",0.042,0.00897061870775924
100,"Localized",0.25,0.05,2,3,"Uniform",0,0
100,"Localized",0.25,0.05,2,3,"Central",0.054,0.0101078187557949
100,"Localized",0.25,0.05,2,3,"Tail",0.062,0.0107848041243223
100,"Localized",0.25,0.05,2,3,"Localized",0.022,0.00655987804764692
100,"Localized",0.25,0.1,0.5,3,"Uniform",0,0
100,"Localized",0.25,0.1,0.5,3,"Central",0.042,0.00897061870775924
100,"Localized",0.25,0.1,0.5,3,"Tail",0.068,0.0112584190719657
100,"Localized",0.25,0.1,0.5,3,"Localized",0.06,0.0106207344378814
100,"Localized",0.25,0.1,1,3,"Uniform",0,0
100,"Localized",0.25,0.1,1,3,"Central",0.052,0.00992935043192655
100,"Localized",0.25,0.1,1,3,"Tail",0.066,0.0111035129576184
100,"Localized",0.25,0.1,1,3,"Localized",0.028,0.00737780455149091
100,"Localized",0.25,0.1,1.5,3,"Uniform",0,0
100,"Localized",0.25,0.1,1.5,3,"Central",0.064,0.0109456840809517
100,"Localized",0.25,0.1,1.5,3,"Tail",0.042,0.00897061870775924
100,"Localized",0.25,0.1,1.5,3,"Localized",0.034,0.00810481338464989
100,"Localized",0.25,0.1,2,3,"Uniform",0,0
100,"Localized",0.25,0.1,2,3,"Central",0.052,0.00992935043192655
100,"Localized",0.25,0.1,2,3,"Tail",0.048,0.00955991631762538
100,"Localized",0.25,0.1,2,3,"Localized",0.028,0.00737780455149091
100,"Localized",0.25,0.2,0.5,3,"Uniform",0,0
100,"Localized",0.25,0.2,0.5,3,"Central",0.036,0.0083311463797007
100,"Localized",0.25,0.2,0.5,3,"Tail",0.068,0.0112584190719657
100,"Localized",0.25,0.2,0.5,3,"Localized",0.036,0.0083311463797007
100,"Localized",0.25,0.2,1,3,"Uniform",0,0
100,"Localized",0.25,0.2,1,3,"Central",0.046,0.00936845771725528
100,"Localized",0.25,0.2,1,3,"Tail",0.046,0.00936845771725528
100,"Localized",0.25,0.2,1,3,"Localized",0.022,0.00655987804764692
100,"Localized",0.25,0.2,1.5,3,"Uniform",0,0
100,"Localized",0.25,0.2,1.5,3,"Central",0.058,0.0104533248299285
100,"Localized",0.25,0.2,1.5,3,"Tail",0.054,0.0101078187557949
100,"Localized",0.25,0.2,1.5,3,"Localized",0.032,0.00787095928079926
100,"Localized",0.25,0.2,2,3,"Uniform",0,0
100,"Localized",0.25,0.2,2,3,"Central",0.052,0.00992935043192655
100,"Localized",0.25,0.2,2,3,"Tail",0.062,0.0107848041243223
100,"Localized",0.25,0.2,2,3,"Localized",0.018,0.005945754788082
100,"Localized",0.5,0.05,0.5,3,"Uniform",0,0
100,"Localized",0.5,0.05,0.5,3,"Central",0.04,0.00876356092008266
100,"Localized",0.5,0.05,0.5,3,"Tail",0.038,0.00855055553750749
100,"Localized",0.5,0.05,0.5,3,"Localized",0.038,0.00855055553750749
100,"Localized",0.5,0.05,1,3,"Uniform",0,0
100,"Localized",0.5,0.05,1,3,"Central",0.024,0.00684455988358638
100,"Localized",0.5,0.05,1,3,"Tail",0.056,0.0102824121683582
100,"Localized",0.5,0.05,1,3,"Localized",0.016,0.00561141693336006
100,"Localized",0.5,0.05,1.5,3,"Uniform",0,0
100,"Localized",0.5,0.05,1.5,3,"Central",0.04,0.00876356092008266
100,"Localized",0.5,0.05,1.5,3,"Tail",0.058,0.0104533248299285
100,"Localized",0.5,0.05,1.5,3,"Localized",0.024,0.00684455988358638
100,"Localized",0.5,0.05,2,3,"Uniform",0,0
100,"Localized",0.5,0.05,2,3,"Central",0.036,0.0083311463797007
100,"Localized",0.5,0.05,2,3,"Tail",0.064,0.0109456840809517
100,"Localized",0.5,0.05,2,3,"Localized",0.012,0.00486949689393062
100,"Localized",0.5,0.1,0.5,3,"Uniform",0,0
100,"Localized",0.5,0.1,0.5,3,"Central",0.03,0.00762889244910426
100,"Localized",0.5,0.1,0.5,3,"Tail",0.06,0.0106207344378814
100,"Localized",0.5,0.1,0.5,3,"Localized",0.056,0.0102824121683582
100,"Localized",0.5,0.1,1,3,"Uniform",0,0
100,"Localized",0.5,0.1,1,3,"Central",0.028,0.00737780455149091
100,"Localized",0.5,0.1,1,3,"Tail",0.06,0.0106207344378814
100,"Localized",0.5,0.1,1,3,"Localized",0.038,0.00855055553750749
100,"Localized",0.5,0.1,1.5,3,"Uniform",0,0
100,"Localized",0.5,0.1,1.5,3,"Central",0.026,0.00711674082709213
100,"Localized",0.5,0.1,1.5,3,"Tail",0.084,0.0124051602166195
100,"Localized",0.5,0.1,1.5,3,"Localized",0.026,0.00711674082709213
100,"Localized",0.5,0.1,2,3,"Uniform",0,0
100,"Localized",0.5,0.1,2,3,"Central",0.028,0.00737780455149091
100,"Localized",0.5,0.1,2,3,"Tail",0.078,0.0119929979571415
100,"Localized",0.5,0.1,2,3,"Localized",0.022,0.00655987804764692
100,"Localized",0.5,0.2,0.5,3,"Uniform",0,0
100,"Localized",0.5,0.2,0.5,3,"Central",0.052,0.00992935043192655
100,"Localized",0.5,0.2,0.5,3,"Tail",0.072,0.0115599307956406
100,"Localized",0.5,0.2,0.5,3,"Localized",0.042,0.00897061870775924
100,"Localized",0.5,0.2,1,3,"Uniform",0,0
100,"Localized",0.5,0.2,1,3,"Central",0.034,0.00810481338464989
100,"Localized",0.5,0.2,1,3,"Tail",0.05,0.00974679434480896
100,"Localized",0.5,0.2,1,3,"Localized",0.028,0.00737780455149091
100,"Localized",0.5,0.2,1.5,3,"Uniform",0,0
100,"Localized",0.5,0.2,1.5,3,"Central",0.042,0.00897061870775924
100,"Localized",0.5,0.2,1.5,3,"Tail",0.068,0.0112584190719657
100,"Localized",0.5,0.2,1.5,3,"Localized",0.022,0.00655987804764692
100,"Localized",0.5,0.2,2,3,"Uniform",0,0
100,"Localized",0.5,0.2,2,3,"Central",0.026,0.00711674082709213
100,"Localized",0.5,0.2,2,3,"Tail",0.072,0.0115599307956406
100,"Localized",0.5,0.2,2,3,"Localized",0.032,0.00787095928079926
100,"Localized",0.75,0.05,0.5,3,"Uniform",0,0
100,"Localized",0.75,0.05,0.5,3,"Central",0.038,0.00855055553750749
100,"Localized",0.75,0.05,0.5,3,"Tail",0.062,0.0107848041243223
100,"Localized",0.75,0.05,0.5,3,"Localized",0.058,0.0104533248299285
100,"Localized",0.75,0.05,1,3,"Uniform",0,0
100,"Localized",0.75,0.05,1,3,"Central",0.056,0.0102824121683582
100,"Localized",0.75,0.05,1,3,"Tail",0.058,0.0104533248299285
100,"Localized",0.75,0.05,1,3,"Localized",0.03,0.00762889244910426
100,"Localized",0.75,0.05,1.5,3,"Uniform",0,0
100,"Localized",0.75,0.05,1.5,3,"Central",0.058,0.0104533248299285
100,"Localized",0.75,0.05,1.5,3,"Tail",0.07,0.0114105214604767
100,"Localized",0.75,0.05,1.5,3,"Localized",0.044,0.00917213170424411
100,"Localized",0.75,0.05,2,3,"Uniform",0,0
100,"Localized",0.75,0.05,2,3,"Central",0.06,0.0106207344378814
100,"Localized",0.75,0.05,2,3,"Tail",0.062,0.0107848041243223
100,"Localized",0.75,0.05,2,3,"Localized",0.026,0.00711674082709213
100,"Localized",0.75,0.1,0.5,3,"Uniform",0,0
100,"Localized",0.75,0.1,0.5,3,"Central",0.046,0.00936845771725528
100,"Localized",0.75,0.1,0.5,3,"Tail",0.052,0.00992935043192655
100,"Localized",0.75,0.1,0.5,3,"Localized",0.048,0.00955991631762538
100,"Localized",0.75,0.1,1,3,"Uniform",0,0
100,"Localized",0.75,0.1,1,3,"Central",0.05,0.00974679434480896
100,"Localized",0.75,0.1,1,3,"Tail",0.052,0.00992935043192655
100,"Localized",0.75,0.1,1,3,"Localized",0.036,0.0083311463797007
100,"Localized",0.75,0.1,1.5,3,"Uniform",0,0
100,"Localized",0.75,0.1,1.5,3,"Central",0.046,0.00936845771725528
100,"Localized",0.75,0.1,1.5,3,"Tail",0.052,0.00992935043192655
100,"Localized",0.75,0.1,1.5,3,"Localized",0.02,0.00626099033699941
100,"Localized",0.75,0.1,2,3,"Uniform",0,0
100,"Localized",0.75,0.1,2,3,"Central",0.046,0.00936845771725528
100,"Localized",0.75,0.1,2,3,"Tail",0.07,0.0114105214604767
100,"Localized",0.75,0.1,2,3,"Localized",0.016,0.00561141693336006
100,"Localized",0.75,0.2,0.5,3,"Uniform",0,0
100,"Localized",0.75,0.2,0.5,3,"Central",0.056,0.0102824121683582
100,"Localized",0.75,0.2,0.5,3,"Tail",0.064,0.0109456840809517
100,"Localized",0.75,0.2,0.5,3,"Localized",0.022,0.00655987804764692
100,"Localized",0.75,0.2,1,3,"Uniform",0,0
100,"Localized",0.75,0.2,1,3,"Central",0.042,0.00897061870775924
100,"Localized",0.75,0.2,1,3,"Tail",0.05,0.00974679434480896
100,"Localized",0.75,0.2,1,3,"Localized",0.016,0.00561141693336006
100,"Localized",0.75,0.2,1.5,3,"Uniform",0,0
100,"Localized",0.75,0.2,1.5,3,"Central",0.048,0.00955991631762538
100,"Localized",0.75,0.2,1.5,3,"Tail",0.062,0.0107848041243223
100,"Localized",0.75,0.2,1.5,3,"Localized",0.014,0.00525433154644813
100,"Localized",0.75,0.2,2,3,"Uniform",0,0
100,"Localized",0.75,0.2,2,3,"Central",0.046,0.00936845771725528
100,"Localized",0.75,0.2,2,3,"Tail",0.07,0.0114105214604767
100,"Localized",0.75,0.2,2,3,"Localized",0.01,0.0044497190922574
100,"Oscillatory",1,0.5,NA,3,"Uniform",0,0
100,"Oscillatory",1,0.5,NA,3,"Central",0.062,0.0107848041243223
100,"Oscillatory",1,0.5,NA,3,"Tail",0.068,0.0112584190719657
100,"Oscillatory",1,1,NA,3,"Uniform",0,0
100,"Oscillatory",1,1,NA,3,"Central",0.056,0.0102824121683582
100,"Oscillatory",1,1,NA,3,"Tail",0.07,0.0114105214604767
100,"Oscillatory",1,1.5,NA,3,"Uniform",0,0
100,"Oscillatory",1,1.5,NA,3,"Central",0.066,0.0111035129576184
100,"Oscillatory",1,1.5,NA,3,"Tail",0.058,0.0104533248299285
100,"Oscillatory",1,2,NA,3,"Uniform",0,0
100,"Oscillatory",1,2,NA,3,"Central",0.052,0.00992935043192655
100,"Oscillatory",1,2,NA,3,"Tail",0.05,0.00974679434480896
100,"Oscillatory",2,0.5,NA,3,"Uniform",0,0
100,"Oscillatory",2,0.5,NA,3,"Central",0.05,0.00974679434480896
100,"Oscillatory",2,0.5,NA,3,"Tail",0.062,0.0107848041243223
100,"Oscillatory",2,1,NA,3,"Uniform",0,0
100,"Oscillatory",2,1,NA,3,"Central",0.044,0.00917213170424411
100,"Oscillatory",2,1,NA,3,"Tail",0.068,0.0112584190719657
100,"Oscillatory",2,1.5,NA,3,"Uniform",0,0
100,"Oscillatory",2,1.5,NA,3,"Central",0.048,0.00955991631762538
100,"Oscillatory",2,1.5,NA,3,"Tail",0.048,0.00955991631762538
100,"Oscillatory",2,2,NA,3,"Uniform",0,0
100,"Oscillatory",2,2,NA,3,"Central",0.046,0.00936845771725528
100,"Oscillatory",2,2,NA,3,"Tail",0.058,0.0104533248299285
100,"Oscillatory",4,0.5,NA,3,"Uniform",0,0
100,"Oscillatory",4,0.5,NA,3,"Central",0.054,0.0101078187557949
100,"Oscillatory",4,0.5,NA,3,"Tail",0.06,0.0106207344378814
100,"Oscillatory",4,1,NA,3,"Uniform",0,0
100,"Oscillatory",4,1,NA,3,"Central",0.048,0.00955991631762538
100,"Oscillatory",4,1,NA,3,"Tail",0.06,0.0106207344378814
100,"Oscillatory",4,1.5,NA,3,"Uniform",0,0
100,"Oscillatory",4,1.5,NA,3,"Central",0.034,0.00810481338464989
100,"Oscillatory",4,1.5,NA,3,"Tail",0.046,0.00936845771725528
100,"Oscillatory",4,2,NA,3,"Uniform",0,0
100,"Oscillatory",4,2,NA,3,"Central",0.042,0.00897061870775924
100,"Oscillatory",4,2,NA,3,"Tail",0.056,0.0102824121683582
100,"Oscillatory",8,0.5,NA,3,"Uniform",0,0
100,"Oscillatory",8,0.5,NA,3,"Central",0.046,0.00936845771725528
100,"Oscillatory",8,0.5,NA,3,"Tail",0.064,0.0109456840809517
100,"Oscillatory",8,1,NA,3,"Uniform",0,0
100,"Oscillatory",8,1,NA,3,"Central",0.044,0.00917213170424411
100,"Oscillatory",8,1,NA,3,"Tail",0.058,0.0104533248299285
100,"Oscillatory",8,1.5,NA,3,"Uniform",0,0
100,"Oscillatory",8,1.5,NA,3,"Central",0.032,0.00787095928079926
100,"Oscillatory",8,1.5,NA,3,"Tail",0.072,0.0115599307956406
100,"Oscillatory",8,2,NA,3,"Uniform",0,0
100,"Oscillatory",8,2,NA,3,"Central",0.042,0.00897061870775924
100,"Oscillatory",8,2,NA,3,"Tail",0.094,0.0130509769749241
100,"Abrupt",0.25,0.05,NA,3,"Uniform",0,0
100,"Abrupt",0.25,0.05,NA,3,"Central",0.048,0.00955991631762538
100,"Abrupt",0.25,0.05,NA,3,"Tail",0.054,0.0101078187557949
100,"Abrupt",0.25,0.1,NA,3,"Uniform",0,0
100,"Abrupt",0.25,0.1,NA,3,"Central",0.07,0.0114105214604767
100,"Abrupt",0.25,0.1,NA,3,"Tail",0.036,0.0083311463797007
100,"Abrupt",0.25,0.2,NA,3,"Uniform",0,0
100,"Abrupt",0.25,0.2,NA,3,"Central",0.054,0.0101078187557949
100,"Abrupt",0.25,0.2,NA,3,"Tail",0.046,0.00936845771725528
100,"Abrupt",0.5,0.05,NA,3,"Uniform",0,0
100,"Abrupt",0.5,0.05,NA,3,"Central",0.04,0.00876356092008266
100,"Abrupt",0.5,0.05,NA,3,"Tail",0.05,0.00974679434480896
100,"Abrupt",0.5,0.1,NA,3,"Uniform",0,0
100,"Abrupt",0.5,0.1,NA,3,"Central",0.05,0.00974679434480896
100,"Abrupt",0.5,0.1,NA,3,"Tail",0.074,0.0117067501895274
100,"Abrupt",0.5,0.2,NA,3,"Uniform",0,0
100,"Abrupt",0.5,0.2,NA,3,"Central",0.052,0.00992935043192655
100,"Abrupt",0.5,0.2,NA,3,"Tail",0.062,0.0107848041243223
100,"Abrupt",0.75,0.05,NA,3,"Uniform",0,0
100,"Abrupt",0.75,0.05,NA,3,"Central",0.032,0.00787095928079926
100,"Abrupt",0.75,0.05,NA,3,"Tail",0.072,0.0115599307956406
100,"Abrupt",0.75,0.1,NA,3,"Uniform",0,0
100,"Abrupt",0.75,0.1,NA,3,"Central",0.022,0.00655987804764692
100,"Abrupt",0.75,0.1,NA,3,"Tail",0.132,0.0151377673386798
100,"Abrupt",0.75,0.2,NA,3,"Uniform",0,0
100,"Abrupt",0.75,0.2,NA,3,"Central",0.002,0.00199799899899875
100,"Abrupt",0.75,0.2,NA,3,"Tail",0.336,0.0211236360506424
100,"Mixture",0.05,0.25,NA,3,"Uniform",0,0
100,"Mixture",0.05,0.25,NA,3,"Central",0,0
100,"Mixture",0.05,0.25,NA,3,"Tail",1,0
100,"Mixture",0.05,0.5,NA,3,"Uniform",0,0
100,"Mixture",0.05,0.5,NA,3,"Central",0,0
100,"Mixture",0.05,0.5,NA,3,"Tail",1,0
100,"Mixture",0.05,0.75,NA,3,"Uniform",0,0
100,"Mixture",0.05,0.75,NA,3,"Central",0,0
100,"Mixture",0.05,0.75,NA,3,"Tail",1,0
100,"Mixture",0.1,0.25,NA,3,"Uniform",0,0
100,"Mixture",0.1,0.25,NA,3,"Central",0,0
100,"Mixture",0.1,0.25,NA,3,"Tail",1,0
100,"Mixture",0.1,0.5,NA,3,"Uniform",0,0
100,"Mixture",0.1,0.5,NA,3,"Central",0,0
100,"Mixture",0.1,0.5,NA,3,"Tail",1,0
100,"Mixture",0.1,0.75,NA,3,"Uniform",0,0
100,"Mixture",0.1,0.75,NA,3,"Central",0,0
100,"Mixture",0.1,0.75,NA,3,"Tail",1,0
100,"Mixture",0.2,0.25,NA,3,"Uniform",0,0
100,"Mixture",0.2,0.25,NA,3,"Central",0,0
100,"Mixture",0.2,0.25,NA,3,"Tail",1,0
100,"Mixture",0.2,0.5,NA,3,"Uniform",0,0
100,"Mixture",0.2,0.5,NA,3,"Central",0,0
100,"Mixture",0.2,0.5,NA,3,"Tail",1,0
100,"Mixture",0.2,0.75,NA,3,"Uniform",0,0
100,"Mixture",0.2,0.75,NA,3,"Central",0,0
100,"Mixture",0.2,0.75,NA,3,"Tail",1,0
100,"Localized",0.25,0.05,0.5,5,"Uniform",0,0
100,"Localized",0.25,0.05,0.5,5,"Central",0.054,0.0101078187557949
100,"Localized",0.25,0.05,0.5,5,"Tail",0.05,0.00974679434480896
100,"Localized",0.25,0.05,0.5,5,"Localized",0.064,0.0109456840809517
100,"Localized",0.25,0.05,1,5,"Uniform",0,0
100,"Localized",0.25,0.05,1,5,"Central",0.054,0.0101078187557949
100,"Localized",0.25,0.05,1,5,"Tail",0.054,0.0101078187557949
100,"Localized",0.25,0.05,1,5,"Localized",0.066,0.0111035129576184
100,"Localized",0.25,0.05,1.5,5,"Uniform",0,0
100,"Localized",0.25,0.05,1.5,5,"Central",0.064,0.0109456840809517
100,"Localized",0.25,0.05,1.5,5,"Tail",0.078,0.0119929979571415
100,"Localized",0.25,0.05,1.5,5,"Localized",0.06,0.0106207344378814
100,"Localized",0.25,0.05,2,5,"Uniform",0,0
100,"Localized",0.25,0.05,2,5,"Central",0.046,0.00936845771725528
100,"Localized",0.25,0.05,2,5,"Tail",0.066,0.0111035129576184
100,"Localized",0.25,0.05,2,5,"Localized",0.044,0.00917213170424411
100,"Localized",0.25,0.1,0.5,5,"Uniform",0,0
100,"Localized",0.25,0.1,0.5,5,"Central",0.054,0.0101078187557949
100,"Localized",0.25,0.1,0.5,5,"Tail",0.062,0.0107848041243223
100,"Localized",0.25,0.1,0.5,5,"Localized",0.052,0.00992935043192655
100,"Localized",0.25,0.1,1,5,"Uniform",0,0
100,"Localized",0.25,0.1,1,5,"Central",0.048,0.00955991631762538
100,"Localized",0.25,0.1,1,5,"Tail",0.064,0.0109456840809517
100,"Localized",0.25,0.1,1,5,"Localized",0.042,0.00897061870775924
100,"Localized",0.25,0.1,1.5,5,"Uniform",0,0
100,"Localized",0.25,0.1,1.5,5,"Central",0.046,0.00936845771725528
100,"Localized",0.25,0.1,1.5,5,"Tail",0.068,0.0112584190719657
100,"Localized",0.25,0.1,1.5,5,"Localized",0.052,0.00992935043192655
100,"Localized",0.25,0.1,2,5,"Uniform",0,0
100,"Localized",0.25,0.1,2,5,"Central",0.058,0.0104533248299285
100,"Localized",0.25,0.1,2,5,"Tail",0.06,0.0106207344378814
100,"Localized",0.25,0.1,2,5,"Localized",0.04,0.00876356092008266
100,"Localized",0.25,0.2,0.5,5,"Uniform",0,0
100,"Localized",0.25,0.2,0.5,5,"Central",0.052,0.00992935043192655
100,"Localized",0.25,0.2,0.5,5,"Tail",0.07,0.0114105214604767
100,"Localized",0.25,0.2,0.5,5,"Localized",0.076,0.0118510759005248
100,"Localized",0.25,0.2,1,5,"Uniform",0,0
100,"Localized",0.25,0.2,1,5,"Central",0.052,0.00992935043192655
100,"Localized",0.25,0.2,1,5,"Tail",0.064,0.0109456840809517
100,"Localized",0.25,0.2,1,5,"Localized",0.068,0.0112584190719657
100,"Localized",0.25,0.2,1.5,5,"Uniform",0,0
100,"Localized",0.25,0.2,1.5,5,"Central",0.054,0.0101078187557949
100,"Localized",0.25,0.2,1.5,5,"Tail",0.066,0.0111035129576184
100,"Localized",0.25,0.2,1.5,5,"Localized",0.04,0.00876356092008266
100,"Localized",0.25,0.2,2,5,"Uniform",0,0
100,"Localized",0.25,0.2,2,5,"Central",0.072,0.0115599307956406
100,"Localized",0.25,0.2,2,5,"Tail",0.08,0.0121326007104825
100,"Localized",0.25,0.2,2,5,"Localized",0.048,0.00955991631762538
100,"Localized",0.5,0.05,0.5,5,"Uniform",0,0
100,"Localized",0.5,0.05,0.5,5,"Central",0.04,0.00876356092008266
100,"Localized",0.5,0.05,0.5,5,"Tail",0.082,0.0122699633251286
100,"Localized",0.5,0.05,0.5,5,"Localized",0.03,0.00762889244910426
100,"Localized",0.5,0.05,1,5,"Uniform",0,0
100,"Localized",0.5,0.05,1,5,"Central",0.036,0.0083311463797007
100,"Localized",0.5,0.05,1,5,"Tail",0.094,0.0130509769749241
100,"Localized",0.5,0.05,1,5,"Localized",0.026,0.00711674082709213
100,"Localized",0.5,0.05,1.5,5,"Uniform",0,0
100,"Localized",0.5,0.05,1.5,5,"Central",0.048,0.00955991631762538
100,"Localized",0.5,0.05,1.5,5,"Tail",0.06,0.0106207344378814
100,"Localized",0.5,0.05,1.5,5,"Localized",0.036,0.0083311463797007
100,"Localized",0.5,0.05,2,5,"Uniform",0,0
100,"Localized",0.5,0.05,2,5,"Central",0.052,0.00992935043192655
100,"Localized",0.5,0.05,2,5,"Tail",0.074,0.0117067501895274
100,"Localized",0.5,0.05,2,5,"Localized",0.01,0.0044497190922574
100,"Localized",0.5,0.1,0.5,5,"Uniform",0,0
100,"Localized",0.5,0.1,0.5,5,"Central",0.052,0.00992935043192655
100,"Localized",0.5,0.1,0.5,5,"Tail",0.064,0.0109456840809517
100,"Localized",0.5,0.1,0.5,5,"Localized",0.05,0.00974679434480896
100,"Localized",0.5,0.1,1,5,"Uniform",0,0
100,"Localized",0.5,0.1,1,5,"Central",0.048,0.00955991631762538
100,"Localized",0.5,0.1,1,5,"Tail",0.08,0.0121326007104825
100,"Localized",0.5,0.1,1,5,"Localized",0.066,0.0111035129576184
100,"Localized",0.5,0.1,1.5,5,"Uniform",0,0
100,"Localized",0.5,0.1,1.5,5,"Central",0.074,0.0117067501895274
100,"Localized",0.5,0.1,1.5,5,"Tail",0.07,0.0114105214604767
100,"Localized",0.5,0.1,1.5,5,"Localized",0.03,0.00762889244910426
100,"Localized",0.5,0.1,2,5,"Uniform",0,0
100,"Localized",0.5,0.1,2,5,"Central",0.044,0.00917213170424411
100,"Localized",0.5,0.1,2,5,"Tail",0.06,0.0106207344378814
100,"Localized",0.5,0.1,2,5,"Localized",0.032,0.00787095928079926
100,"Localized",0.5,0.2,0.5,5,"Uniform",0,0
100,"Localized",0.5,0.2,0.5,5,"Central",0.058,0.0104533248299285
100,"Localized",0.5,0.2,0.5,5,"Tail",0.07,0.0114105214604767
100,"Localized",0.5,0.2,0.5,5,"Localized",0.042,0.00897061870775924
100,"Localized",0.5,0.2,1,5,"Uniform",0,0
100,"Localized",0.5,0.2,1,5,"Central",0.038,0.00855055553750749
100,"Localized",0.5,0.2,1,5,"Tail",0.076,0.0118510759005248
100,"Localized",0.5,0.2,1,5,"Localized",0.044,0.00917213170424411
100,"Localized",0.5,0.2,1.5,5,"Uniform",0,0
100,"Localized",0.5,0.2,1.5,5,"Central",0.04,0.00876356092008266
100,"Localized",0.5,0.2,1.5,5,"Tail",0.074,0.0117067501895274
100,"Localized",0.5,0.2,1.5,5,"Localized",0.04,0.00876356092008266
100,"Localized",0.5,0.2,2,5,"Uniform",0,0
100,"Localized",0.5,0.2,2,5,"Central",0.036,0.0083311463797007
100,"Localized",0.5,0.2,2,5,"Tail",0.08,0.0121326007104825
100,"Localized",0.5,0.2,2,5,"Localized",0.032,0.00787095928079926
100,"Localized",0.75,0.05,0.5,5,"Uniform",0,0
100,"Localized",0.75,0.05,0.5,5,"Central",0.052,0.00992935043192655
100,"Localized",0.75,0.05,0.5,5,"Tail",0.054,0.0101078187557949
100,"Localized",0.75,0.05,0.5,5,"Localized",0.032,0.00787095928079926
100,"Localized",0.75,0.05,1,5,"Uniform",0,0
100,"Localized",0.75,0.05,1,5,"Central",0.06,0.0106207344378814
100,"Localized",0.75,0.05,1,5,"Tail",0.062,0.0107848041243223
100,"Localized",0.75,0.05,1,5,"Localized",0.038,0.00855055553750749
100,"Localized",0.75,0.05,1.5,5,"Uniform",0,0
100,"Localized",0.75,0.05,1.5,5,"Central",0.056,0.0102824121683582
100,"Localized",0.75,0.05,1.5,5,"Tail",0.088,0.0126693330526907
100,"Localized",0.75,0.05,1.5,5,"Localized",0.02,0.00626099033699941
100,"Localized",0.75,0.05,2,5,"Uniform",0,0
100,"Localized",0.75,0.05,2,5,"Central",0.066,0.0111035129576184
100,"Localized",0.75,0.05,2,5,"Tail",0.068,0.0112584190719657
100,"Localized",0.75,0.05,2,5,"Localized",0.026,0.00711674082709213
100,"Localized",0.75,0.1,0.5,5,"Uniform",0,0
100,"Localized",0.75,0.1,0.5,5,"Central",0.046,0.00936845771725528
100,"Localized",0.75,0.1,0.5,5,"Tail",0.052,0.00992935043192655
100,"Localized",0.75,0.1,0.5,5,"Localized",0.026,0.00711674082709213
100,"Localized",0.75,0.1,1,5,"Uniform",0,0
100,"Localized",0.75,0.1,1,5,"Central",0.052,0.00992935043192655
100,"Localized",0.75,0.1,1,5,"Tail",0.048,0.00955991631762538
100,"Localized",0.75,0.1,1,5,"Localized",0.044,0.00917213170424411
100,"Localized",0.75,0.1,1.5,5,"Uniform",0,0
100,"Localized",0.75,0.1,1.5,5,"Central",0.046,0.00936845771725528
100,"Localized",0.75,0.1,1.5,5,"Tail",0.054,0.0101078187557949
100,"Localized",0.75,0.1,1.5,5,"Localized",0.022,0.00655987804764692
100,"Localized",0.75,0.1,2,5,"Uniform",0,0
100,"Localized",0.75,0.1,2,5,"Central",0.07,0.0114105214604767
100,"Localized",0.75,0.1,2,5,"Tail",0.08,0.0121326007104825
100,"Localized",0.75,0.1,2,5,"Localized",0.016,0.00561141693336006
100,"Localized",0.75,0.2,0.5,5,"Uniform",0,0
100,"Localized",0.75,0.2,0.5,5,"Central",0.064,0.0109456840809517
100,"Localized",0.75,0.2,0.5,5,"Tail",0.066,0.0111035129576184
100,"Localized",0.75,0.2,0.5,5,"Localized",0.064,0.0109456840809517
100,"Localized",0.75,0.2,1,5,"Uniform",0,0
100,"Localized",0.75,0.2,1,5,"Central",0.056,0.0102824121683582
100,"Localized",0.75,0.2,1,5,"Tail",0.082,0.0122699633251286
100,"Localized",0.75,0.2,1,5,"Localized",0.028,0.00737780455149091
100,"Localized",0.75,0.2,1.5,5,"Uniform",0,0
100,"Localized",0.75,0.2,1.5,5,"Central",0.056,0.0102824121683582
100,"Localized",0.75,0.2,1.5,5,"Tail",0.08,0.0121326007104825
100,"Localized",0.75,0.2,1.5,5,"Localized",0.034,0.00810481338464989
100,"Localized",0.75,0.2,2,5,"Uniform",0,0
100,"Localized",0.75,0.2,2,5,"Central",0.056,0.0102824121683582
100,"Localized",0.75,0.2,2,5,"Tail",0.078,0.0119929979571415
100,"Localized",0.75,0.2,2,5,"Localized",0.026,0.00711674082709213
100,"Oscillatory",1,0.5,NA,5,"Uniform",0,0
100,"Oscillatory",1,0.5,NA,5,"Central",0.046,0.00936845771725528
100,"Oscillatory",1,0.5,NA,5,"Tail",0.072,0.0115599307956406
100,"Oscillatory",1,1,NA,5,"Uniform",0,0
100,"Oscillatory",1,1,NA,5,"Central",0.032,0.00787095928079926
100,"Oscillatory",1,1,NA,5,"Tail",0.08,0.0121326007104825
100,"Oscillatory",1,1.5,NA,5,"Uniform",0,0
100,"Oscillatory",1,1.5,NA,5,"Central",0.058,0.0104533248299285
100,"Oscillatory",1,1.5,NA,5,"Tail",0.056,0.0102824121683582
100,"Oscillatory",1,2,NA,5,"Uniform",0,0
100,"Oscillatory",1,2,NA,5,"Central",0.04,0.00876356092008266
100,"Oscillatory",1,2,NA,5,"Tail",0.074,0.0117067501895274
100,"Oscillatory",2,0.5,NA,5,"Uniform",0,0
100,"Oscillatory",2,0.5,NA,5,"Central",0.072,0.0115599307956406
100,"Oscillatory",2,0.5,NA,5,"Tail",0.08,0.0121326007104825
100,"Oscillatory",2,1,NA,5,"Uniform",0,0
100,"Oscillatory",2,1,NA,5,"Central",0.064,0.0109456840809517
100,"Oscillatory",2,1,NA,5,"Tail",0.078,0.0119929979571415
100,"Oscillatory",2,1.5,NA,5,"Uniform",0,0
100,"Oscillatory",2,1.5,NA,5,"Central",0.068,0.0112584190719657
100,"Oscillatory",2,1.5,NA,5,"Tail",0.072,0.0115599307956406
100,"Oscillatory",2,2,NA,5,"Uniform",0,0
100,"Oscillatory",2,2,NA,5,"Central",0.044,0.00917213170424411
100,"Oscillatory",2,2,NA,5,"Tail",0.06,0.0106207344378814
100,"Oscillatory",4,0.5,NA,5,"Uniform",0,0
100,"Oscillatory",4,0.5,NA,5,"Central",0.058,0.0104533248299285
100,"Oscillatory",4,0.5,NA,5,"Tail",0.088,0.0126693330526907
100,"Oscillatory",4,1,NA,5,"Uniform",0,0
100,"Oscillatory",4,1,NA,5,"Central",0.056,0.0102824121683582
100,"Oscillatory",4,1,NA,5,"Tail",0.086,0.0125382614424808
100,"Oscillatory",4,1.5,NA,5,"Uniform",0,0
100,"Oscillatory",4,1.5,NA,5,"Central",0.05,0.00974679434480896
100,"Oscillatory",4,1.5,NA,5,"Tail",0.056,0.0102824121683582
100,"Oscillatory",4,2,NA,5,"Uniform",0,0
100,"Oscillatory",4,2,NA,5,"Central",0.052,0.00992935043192655
100,"Oscillatory",4,2,NA,5,"Tail",0.066,0.0111035129576184
100,"Oscillatory",8,0.5,NA,5,"Uniform",0,0
100,"Oscillatory",8,0.5,NA,5,"Central",0.038,0.00855055553750749
100,"Oscillatory",8,0.5,NA,5,"Tail",0.062,0.0107848041243223
100,"Oscillatory",8,1,NA,5,"Uniform",0,0
100,"Oscillatory",8,1,NA,5,"Central",0.052,0.00992935043192655
100,"Oscillatory",8,1,NA,5,"Tail",0.052,0.00992935043192655
100,"Oscillatory",8,1.5,NA,5,"Uniform",0,0
100,"Oscillatory",8,1.5,NA,5,"Central",0.032,0.00787095928079926
100,"Oscillatory",8,1.5,NA,5,"Tail",0.06,0.0106207344378814
100,"Oscillatory",8,2,NA,5,"Uniform",0,0
100,"Oscillatory",8,2,NA,5,"Central",0.042,0.00897061870775924
100,"Oscillatory",8,2,NA,5,"Tail",0.082,0.0122699633251286
100,"Abrupt",0.25,0.05,NA,5,"Uniform",0,0
100,"Abrupt",0.25,0.05,NA,5,"Central",0.036,0.0083311463797007
100,"Abrupt",0.25,0.05,NA,5,"Tail",0.064,0.0109456840809517
100,"Abrupt",0.25,0.1,NA,5,"Uniform",0,0
100,"Abrupt",0.25,0.1,NA,5,"Central",0.048,0.00955991631762538
100,"Abrupt",0.25,0.1,NA,5,"Tail",0.068,0.0112584190719657
100,"Abrupt",0.25,0.2,NA,5,"Uniform",0,0
100,"Abrupt",0.25,0.2,NA,5,"Central",0.06,0.0106207344378814
100,"Abrupt",0.25,0.2,NA,5,"Tail",0.044,0.00917213170424411
100,"Abrupt",0.5,0.05,NA,5,"Uniform",0,0
100,"Abrupt",0.5,0.05,NA,5,"Central",0.062,0.0107848041243223
100,"Abrupt",0.5,0.05,NA,5,"Tail",0.06,0.0106207344378814
100,"Abrupt",0.5,0.1,NA,5,"Uniform",0,0
100,"Abrupt",0.5,0.1,NA,5,"Central",0.038,0.00855055553750749
100,"Abrupt",0.5,0.1,NA,5,"Tail",0.074,0.0117067501895274
100,"Abrupt",0.5,0.2,NA,5,"Uniform",0,0
100,"Abrupt",0.5,0.2,NA,5,"Central",0.054,0.0101078187557949
100,"Abrupt",0.5,0.2,NA,5,"Tail",0.076,0.0118510759005248
100,"Abrupt",0.75,0.05,NA,5,"Uniform",0,0
100,"Abrupt",0.75,0.05,NA,5,"Central",0.046,0.00936845771725528
100,"Abrupt",0.75,0.05,NA,5,"Tail",0.088,0.0126693330526907
100,"Abrupt",0.75,0.1,NA,5,"Uniform",0,0
100,"Abrupt",0.75,0.1,NA,5,"Central",0.02,0.00626099033699941
100,"Abrupt",0.75,0.1,NA,5,"Tail",0.142,0.0156099967969247
100,"Abrupt",0.75,0.2,NA,5,"Uniform",0,0
100,"Abrupt",0.75,0.2,NA,5,"Central",0.004,0.00282276460230038
100,"Abrupt",0.75,0.2,NA,5,"Tail",0.346,0.021273645667821
100,"Mixture",0.05,0.25,NA,5,"Uniform",0,0
100,"Mixture",0.05,0.25,NA,5,"Central",0,0
100,"Mixture",0.05,0.25,NA,5,"Tail",1,0
100,"Mixture",0.05,0.5,NA,5,"Uniform",0,0
100,"Mixture",0.05,0.5,NA,5,"Central",0,0
100,"Mixture",0.05,0.5,NA,5,"Tail",1,0
100,"Mixture",0.05,0.75,NA,5,"Uniform",0,0
100,"Mixture",0.05,0.75,NA,5,"Central",0,0
100,"Mixture",0.05,0.75,NA,5,"Tail",1,0
100,"Mixture",0.1,0.25,NA,5,"Uniform",0,0
100,"Mixture",0.1,0.25,NA,5,"Central",0,0
100,"Mixture",0.1,0.25,NA,5,"Tail",1,0
100,"Mixture",0.1,0.5,NA,5,"Uniform",0,0
100,"Mixture",0.1,0.5,NA,5,"Central",0,0
100,"Mixture",0.1,0.5,NA,5,"Tail",1,0
100,"Mixture",0.1,0.75,NA,5,"Uniform",0,0
100,"Mixture",0.1,0.75,NA,5,"Central",0,0
100,"Mixture",0.1,0.75,NA,5,"Tail",1,0
100,"Mixture",0.2,0.25,NA,5,"Uniform",0,0
100,"Mixture",0.2,0.25,NA,5,"Central",0,0
100,"Mixture",0.2,0.25,NA,5,"Tail",1,0
100,"Mixture",0.2,0.5,NA,5,"Uniform",0,0
100,"Mixture",0.2,0.5,NA,5,"Central",0,0
100,"Mixture",0.2,0.5,NA,5,"Tail",1,0
100,"Mixture",0.2,0.75,NA,5,"Uniform",0,0
100,"Mixture",0.2,0.75,NA,5,"Central",0,0
100,"Mixture",0.2,0.75,NA,5,"Tail",1,0
100,"Localized",0.25,0.05,0.5,8,"Uniform",0,0
100,"Localized",0.25,0.05,0.5,8,"Central",0.046,0.00936845771725528
100,"Localized",0.25,0.05,0.5,8,"Tail",0.06,0.0106207344378814
100,"Localized",0.25,0.05,0.5,8,"Localized",0.082,0.0122699633251286
100,"Localized",0.25,0.05,1,8,"Uniform",0,0
100,"Localized",0.25,0.05,1,8,"Central",0.054,0.0101078187557949
100,"Localized",0.25,0.05,1,8,"Tail",0.044,0.00917213170424411
100,"Localized",0.25,0.05,1,8,"Localized",0.068,0.0112584190719657
100,"Localized",0.25,0.05,1.5,8,"Uniform",0,0
100,"Localized",0.25,0.05,1.5,8,"Central",0.064,0.0109456840809517
100,"Localized",0.25,0.05,1.5,8,"Tail",0.064,0.0109456840809517
100,"Localized",0.25,0.05,1.5,8,"Localized",0.044,0.00917213170424411
100,"Localized",0.25,0.05,2,8,"Uniform",0,0
100,"Localized",0.25,0.05,2,8,"Central",0.062,0.0107848041243223
100,"Localized",0.25,0.05,2,8,"Tail",0.04,0.00876356092008266
100,"Localized",0.25,0.05,2,8,"Localized",0.048,0.00955991631762538
100,"Localized",0.25,0.1,0.5,8,"Uniform",0,0
100,"Localized",0.25,0.1,0.5,8,"Central",0.068,0.0112584190719657
100,"Localized",0.25,0.1,0.5,8,"Tail",0.038,0.00855055553750749
100,"Localized",0.25,0.1,0.5,8,"Localized",0.03,0.00762889244910426
100,"Localized",0.25,0.1,1,8,"Uniform",0,0
100,"Localized",0.25,0.1,1,8,"Central",0.054,0.0101078187557949
100,"Localized",0.25,0.1,1,8,"Tail",0.056,0.0102824121683582
100,"Localized",0.25,0.1,1,8,"Localized",0.034,0.00810481338464989
100,"Localized",0.25,0.1,1.5,8,"Uniform",0,0
100,"Localized",0.25,0.1,1.5,8,"Central",0.06,0.0106207344378814
100,"Localized",0.25,0.1,1.5,8,"Tail",0.042,0.00897061870775924
100,"Localized",0.25,0.1,1.5,8,"Localized",0.018,0.005945754788082
100,"Localized",0.25,0.1,2,8,"Uniform",0,0
100,"Localized",0.25,0.1,2,8,"Central",0.074,0.0117067501895274
100,"Localized",0.25,0.1,2,8,"Tail",0.062,0.0107848041243223
100,"Localized",0.25,0.1,2,8,"Localized",0.022,0.00655987804764692
100,"Localized",0.25,0.2,0.5,8,"Uniform",0,0
100,"Localized",0.25,0.2,0.5,8,"Central",0.07,0.0114105214604767
100,"Localized",0.25,0.2,0.5,8,"Tail",0.05,0.00974679434480896
100,"Localized",0.25,0.2,0.5,8,"Localized",0.046,0.00936845771725528
100,"Localized",0.25,0.2,1,8,"Uniform",0,0
100,"Localized",0.25,0.2,1,8,"Central",0.034,0.00810481338464989
100,"Localized",0.25,0.2,1,8,"Tail",0.036,0.0083311463797007
100,"Localized",0.25,0.2,1,8,"Localized",0.052,0.00992935043192655
100,"Localized",0.25,0.2,1.5,8,"Uniform",0,0
100,"Localized",0.25,0.2,1.5,8,"Central",0.062,0.0107848041243223
100,"Localized",0.25,0.2,1.5,8,"Tail",0.044,0.00917213170424411
100,"Localized",0.25,0.2,1.5,8,"Localized",0.054,0.0101078187557949
100,"Localized",0.25,0.2,2,8,"Uniform",0,0
100,"Localized",0.25,0.2,2,8,"Central",0.042,0.00897061870775924
100,"Localized",0.25,0.2,2,8,"Tail",0.052,0.00992935043192655
100,"Localized",0.25,0.2,2,8,"Localized",0.026,0.00711674082709213
100,"Localized",0.5,0.05,0.5,8,"Uniform",0,0
100,"Localized",0.5,0.05,0.5,8,"Central",0.064,0.0109456840809517
100,"Localized",0.5,0.05,0.5,8,"Tail",0.036,0.0083311463797007
100,"Localized",0.5,0.05,0.5,8,"Localized",0.018,0.005945754788082
100,"Localized",0.5,0.05,1,8,"Uniform",0,0
100,"Localized",0.5,0.05,1,8,"Central",0.054,0.0101078187557949
100,"Localized",0.5,0.05,1,8,"Tail",0.044,0.00917213170424411
100,"Localized",0.5,0.05,1,8,"Localized",0.028,0.00737780455149091
100,"Localized",0.5,0.05,1.5,8,"Uniform",0,0
100,"Localized",0.5,0.05,1.5,8,"Central",0.04,0.00876356092008266
100,"Localized",0.5,0.05,1.5,8,"Tail",0.066,0.0111035129576184
100,"Localized",0.5,0.05,1.5,8,"Localized",0.022,0.00655987804764692
100,"Localized",0.5,0.05,2,8,"Uniform",0,0
100,"Localized",0.5,0.05,2,8,"Central",0.066,0.0111035129576184
100,"Localized",0.5,0.05,2,8,"Tail",0.03,0.00762889244910426
100,"Localized",0.5,0.05,2,8,"Localized",0.032,0.00787095928079926
100,"Localized",0.5,0.1,0.5,8,"Uniform",0,0
100,"Localized",0.5,0.1,0.5,8,"Central",0.05,0.00974679434480896
100,"Localized",0.5,0.1,0.5,8,"Tail",0.044,0.00917213170424411
100,"Localized",0.5,0.1,0.5,8,"Localized",0.046,0.00936845771725528
100,"Localized",0.5,0.1,1,8,"Uniform",0,0
100,"Localized",0.5,0.1,1,8,"Central",0.054,0.0101078187557949
100,"Localized",0.5,0.1,1,8,"Tail",0.036,0.0083311463797007
100,"Localized",0.5,0.1,1,8,"Localized",0.048,0.00955991631762538
100,"Localized",0.5,0.1,1.5,8,"Uniform",0,0
100,"Localized",0.5,0.1,1.5,8,"Central",0.054,0.0101078187557949
100,"Localized",0.5,0.1,1.5,8,"Tail",0.07,0.0114105214604767
100,"Localized",0.5,0.1,1.5,8,"Localized",0.024,0.00684455988358638
100,"Localized",0.5,0.1,2,8,"Uniform",0,0
100,"Localized",0.5,0.1,2,8,"Central",0.032,0.00787095928079926
100,"Localized",0.5,0.1,2,8,"Tail",0.06,0.0106207344378814
100,"Localized",0.5,0.1,2,8,"Localized",0.036,0.0083311463797007
100,"Localized",0.5,0.2,0.5,8,"Uniform",0,0
100,"Localized",0.5,0.2,0.5,8,"Central",0.034,0.00810481338464989
100,"Localized",0.5,0.2,0.5,8,"Tail",0.056,0.0102824121683582
100,"Localized",0.5,0.2,0.5,8,"Localized",0.07,0.0114105214604767
100,"Localized",0.5,0.2,1,8,"Uniform",0,0
100,"Localized",0.5,0.2,1,8,"Central",0.04,0.00876356092008266
100,"Localized",0.5,0.2,1,8,"Tail",0.05,0.00974679434480896
100,"Localized",0.5,0.2,1,8,"Localized",0.066,0.0111035129576184
100,"Localized",0.5,0.2,1.5,8,"Uniform",0,0
100,"Localized",0.5,0.2,1.5,8,"Central",0.034,0.00810481338464989
100,"Localized",0.5,0.2,1.5,8,"Tail",0.044,0.00917213170424411
100,"Localized",0.5,0.2,1.5,8,"Localized",0.056,0.0102824121683582
100,"Localized",0.5,0.2,2,8,"Uniform",0,0
100,"Localized",0.5,0.2,2,8,"Central",0.05,0.00974679434480896
100,"Localized",0.5,0.2,2,8,"Tail",0.046,0.00936845771725528
100,"Localized",0.5,0.2,2,8,"Localized",0.04,0.00876356092008266
100,"Localized",0.75,0.05,0.5,8,"Uniform",0,0
100,"Localized",0.75,0.05,0.5,8,"Central",0.05,0.00974679434480896
100,"Localized",0.75,0.05,0.5,8,"Tail",0.052,0.00992935043192655
100,"Localized",0.75,0.05,0.5,8,"Localized",0.052,0.00992935043192655
100,"Localized",0.75,0.05,1,8,"Uniform",0,0
100,"Localized",0.75,0.05,1,8,"Central",0.048,0.00955991631762538
100,"Localized",0.75,0.05,1,8,"Tail",0.04,0.00876356092008266
100,"Localized",0.75,0.05,1,8,"Localized",0.028,0.00737780455149091
100,"Localized",0.75,0.05,1.5,8,"Uniform",0,0
100,"Localized",0.75,0.05,1.5,8,"Central",0.054,0.0101078187557949
100,"Localized",0.75,0.05,1.5,8,"Tail",0.04,0.00876356092008266
100,"Localized",0.75,0.05,1.5,8,"Localized",0.038,0.00855055553750749
100,"Localized",0.75,0.05,2,8,"Uniform",0,0
100,"Localized",0.75,0.05,2,8,"Central",0.07,0.0114105214604767
100,"Localized",0.75,0.05,2,8,"Tail",0.04,0.00876356092008266
100,"Localized",0.75,0.05,2,8,"Localized",0.026,0.00711674082709213
100,"Localized",0.75,0.1,0.5,8,"Uniform",0,0
100,"Localized",0.75,0.1,0.5,8,"Central",0.062,0.0107848041243223
100,"Localized",0.75,0.1,0.5,8,"Tail",0.06,0.0106207344378814
100,"Localized",0.75,0.1,0.5,8,"Localized",0.086,0.0125382614424808
100,"Localized",0.75,0.1,1,8,"Uniform",0,0
100,"Localized",0.75,0.1,1,8,"Central",0.048,0.00955991631762538
100,"Localized",0.75,0.1,1,8,"Tail",0.054,0.0101078187557949
100,"Localized",0.75,0.1,1,8,"Localized",0.038,0.00855055553750749
100,"Localized",0.75,0.1,1.5,8,"Uniform",0,0
100,"Localized",0.75,0.1,1.5,8,"Central",0.068,0.0112584190719657
100,"Localized",0.75,0.1,1.5,8,"Tail",0.046,0.00936845771725528
100,"Localized",0.75,0.1,1.5,8,"Localized",0.046,0.00936845771725528
100,"Localized",0.75,0.1,2,8,"Uniform",0,0
100,"Localized",0.75,0.1,2,8,"Central",0.056,0.0102824121683582
100,"Localized",0.75,0.1,2,8,"Tail",0.056,0.0102824121683582
100,"Localized",0.75,0.1,2,8,"Localized",0.06,0.0106207344378814
100,"Localized",0.75,0.2,0.5,8,"Uniform",0,0
100,"Localized",0.75,0.2,0.5,8,"Central",0.046,0.00936845771725528
100,"Localized",0.75,0.2,0.5,8,"Tail",0.036,0.0083311463797007
100,"Localized",0.75,0.2,0.5,8,"Localized",0.042,0.00897061870775924
100,"Localized",0.75,0.2,1,8,"Uniform",0,0
100,"Localized",0.75,0.2,1,8,"Central",0.04,0.00876356092008266
100,"Localized",0.75,0.2,1,8,"Tail",0.064,0.0109456840809517
100,"Localized",0.75,0.2,1,8,"Localized",0.032,0.00787095928079926
100,"Localized",0.75,0.2,1.5,8,"Uniform",0,0
100,"Localized",0.75,0.2,1.5,8,"Central",0.056,0.0102824121683582
100,"Localized",0.75,0.2,1.5,8,"Tail",0.04,0.00876356092008266
100,"Localized",0.75,0.2,1.5,8,"Localized",0.028,0.00737780455149091
100,"Localized",0.75,0.2,2,8,"Uniform",0,0
100,"Localized",0.75,0.2,2,8,"Central",0.064,0.0109456840809517
100,"Localized",0.75,0.2,2,8,"Tail",0.038,0.00855055553750749
100,"Localized",0.75,0.2,2,8,"Localized",0.024,0.00684455988358638
100,"Oscillatory",1,0.5,NA,8,"Uniform",0,0
100,"Oscillatory",1,0.5,NA,8,"Central",0.052,0.00992935043192655
100,"Oscillatory",1,0.5,NA,8,"Tail",0.048,0.00955991631762538
100,"Oscillatory",1,1,NA,8,"Uniform",0,0
100,"Oscillatory",1,1,NA,8,"Central",0.048,0.00955991631762538
100,"Oscillatory",1,1,NA,8,"Tail",0.046,0.00936845771725528
100,"Oscillatory",1,1.5,NA,8,"Uniform",0,0
100,"Oscillatory",1,1.5,NA,8,"Central",0.06,0.0106207344378814
100,"Oscillatory",1,1.5,NA,8,"Tail",0.042,0.00897061870775924
100,"Oscillatory",1,2,NA,8,"Uniform",0,0
100,"Oscillatory",1,2,NA,8,"Central",0.052,0.00992935043192655
100,"Oscillatory",1,2,NA,8,"Tail",0.056,0.0102824121683582
100,"Oscillatory",2,0.5,NA,8,"Uniform",0,0
100,"Oscillatory",2,0.5,NA,8,"Central",0.052,0.00992935043192655
100,"Oscillatory",2,0.5,NA,8,"Tail",0.05,0.00974679434480896
100,"Oscillatory",2,1,NA,8,"Uniform",0,0
100,"Oscillatory",2,1,NA,8,"Central",0.056,0.0102824121683582
100,"Oscillatory",2,1,NA,8,"Tail",0.056,0.0102824121683582
100,"Oscillatory",2,1.5,NA,8,"Uniform",0,0
100,"Oscillatory",2,1.5,NA,8,"Central",0.042,0.00897061870775924
100,"Oscillatory",2,1.5,NA,8,"Tail",0.042,0.00897061870775924
100,"Oscillatory",2,2,NA,8,"Uniform",0,0
100,"Oscillatory",2,2,NA,8,"Central",0.052,0.00992935043192655
100,"Oscillatory",2,2,NA,8,"Tail",0.054,0.0101078187557949
100,"Oscillatory",4,0.5,NA,8,"Uniform",0,0
100,"Oscillatory",4,0.5,NA,8,"Central",0.04,0.00876356092008266
100,"Oscillatory",4,0.5,NA,8,"Tail",0.044,0.00917213170424411
100,"Oscillatory",4,1,NA,8,"Uniform",0,0
100,"Oscillatory",4,1,NA,8,"Central",0.074,0.0117067501895274
100,"Oscillatory",4,1,NA,8,"Tail",0.052,0.00992935043192655
100,"Oscillatory",4,1.5,NA,8,"Uniform",0,0
100,"Oscillatory",4,1.5,NA,8,"Central",0.052,0.00992935043192655
100,"Oscillatory",4,1.5,NA,8,"Tail",0.054,0.0101078187557949
100,"Oscillatory",4,2,NA,8,"Uniform",0,0
100,"Oscillatory",4,2,NA,8,"Central",0.048,0.00955991631762538
100,"Oscillatory",4,2,NA,8,"Tail",0.038,0.00855055553750749
100,"Oscillatory",8,0.5,NA,8,"Uniform",0,0
100,"Oscillatory",8,0.5,NA,8,"Central",0.052,0.00992935043192655
100,"Oscillatory",8,0.5,NA,8,"Tail",0.048,0.00955991631762538
100,"Oscillatory",8,1,NA,8,"Uniform",0,0
100,"Oscillatory",8,1,NA,8,"Central",0.044,0.00917213170424411
100,"Oscillatory",8,1,NA,8,"Tail",0.04,0.00876356092008266
100,"Oscillatory",8,1.5,NA,8,"Uniform",0,0
100,"Oscillatory",8,1.5,NA,8,"Central",0.046,0.00936845771725528
100,"Oscillatory",8,1.5,NA,8,"Tail",0.044,0.00917213170424411
100,"Oscillatory",8,2,NA,8,"Uniform",0,0
100,"Oscillatory",8,2,NA,8,"Central",0.054,0.0101078187557949
100,"Oscillatory",8,2,NA,8,"Tail",0.044,0.00917213170424411
100,"Abrupt",0.25,0.05,NA,8,"Uniform",0,0
100,"Abrupt",0.25,0.05,NA,8,"Central",0.078,0.0119929979571415
100,"Abrupt",0.25,0.05,NA,8,"Tail",0.05,0.00974679434480896
100,"Abrupt",0.25,0.1,NA,8,"Uniform",0,0
100,"Abrupt",0.25,0.1,NA,8,"Central",0.064,0.0109456840809517
100,"Abrupt",0.25,0.1,NA,8,"Tail",0.046,0.00936845771725528
100,"Abrupt",0.25,0.2,NA,8,"Uniform",0,0
100,"Abrupt",0.25,0.2,NA,8,"Central",0.058,0.0104533248299285
100,"Abrupt",0.25,0.2,NA,8,"Tail",0.05,0.00974679434480896
100,"Abrupt",0.5,0.05,NA,8,"Uniform",0,0
100,"Abrupt",0.5,0.05,NA,8,"Central",0.046,0.00936845771725528
100,"Abrupt",0.5,0.05,NA,8,"Tail",0.05,0.00974679434480896
100,"Abrupt",0.5,0.1,NA,8,"Uniform",0,0
100,"Abrupt",0.5,0.1,NA,8,"Central",0.052,0.00992935043192655
100,"Abrupt",0.5,0.1,NA,8,"Tail",0.07,0.0114105214604767
100,"Abrupt",0.5,0.2,NA,8,"Uniform",0,0
100,"Abrupt",0.5,0.2,NA,8,"Central",0.062,0.0107848041243223
100,"Abrupt",0.5,0.2,NA,8,"Tail",0.054,0.0101078187557949
100,"Abrupt",0.75,0.05,NA,8,"Uniform",0,0
100,"Abrupt",0.75,0.05,NA,8,"Central",0.044,0.00917213170424411
100,"Abrupt",0.75,0.05,NA,8,"Tail",0.056,0.0102824121683582
100,"Abrupt",0.75,0.1,NA,8,"Uniform",0,0
100,"Abrupt",0.75,0.1,NA,8,"Central",0.032,0.00787095928079926
100,"Abrupt",0.75,0.1,NA,8,"Tail",0.134,0.0152344346793703
100,"Abrupt",0.75,0.2,NA,8,"Uniform",0,0
100,"Abrupt",0.75,0.2,NA,8,"Central",0.002,0.00199799899899875
100,"Abrupt",0.75,0.2,NA,8,"Tail",0.218,0.0184648855940133
100,"Mixture",0.05,0.25,NA,8,"Uniform",0,0
100,"Mixture",0.05,0.25,NA,8,"Central",0,0
100,"Mixture",0.05,0.25,NA,8,"Tail",1,0
100,"Mixture",0.05,0.5,NA,8,"Uniform",0,0
100,"Mixture",0.05,0.5,NA,8,"Central",0,0
100,"Mixture",0.05,0.5,NA,8,"Tail",1,0
100,"Mixture",0.05,0.75,NA,8,"Uniform",0,0
100,"Mixture",0.05,0.75,NA,8,"Central",0,0
100,"Mixture",0.05,0.75,NA,8,"Tail",1,0
100,"Mixture",0.1,0.25,NA,8,"Uniform",0,0
100,"Mixture",0.1,0.25,NA,8,"Central",0,0
100,"Mixture",0.1,0.25,NA,8,"Tail",1,0
100,"Mixture",0.1,0.5,NA,8,"Uniform",0,0
100,"Mixture",0.1,0.5,NA,8,"Central",0,0
100,"Mixture",0.1,0.5,NA,8,"Tail",1,0
100,"Mixture",0.1,0.75,NA,8,"Uniform",0,0
100,"Mixture",0.1,0.75,NA,8,"Central",0,0
100,"Mixture",0.1,0.75,NA,8,"Tail",1,0
100,"Mixture",0.2,0.25,NA,8,"Uniform",0,0
100,"Mixture",0.2,0.25,NA,8,"Central",0,0
100,"Mixture",0.2,0.25,NA,8,"Tail",1,0
100,"Mixture",0.2,0.5,NA,8,"Uniform",0,0
100,"Mixture",0.2,0.5,NA,8,"Central",0,0
100,"Mixture",0.2,0.5,NA,8,"Tail",1,0
100,"Mixture",0.2,0.75,NA,8,"Uniform",0,0
100,"Mixture",0.2,0.75,NA,8,"Central",0,0
100,"Mixture",0.2,0.75,NA,8,"Tail",1,0
100,"Localized",0.25,0.05,0.5,10,"Uniform",0,0
100,"Localized",0.25,0.05,0.5,10,"Central",0.07,0.0114105214604767
100,"Localized",0.25,0.05,0.5,10,"Tail",0.038,0.00855055553750749
100,"Localized",0.25,0.05,0.5,10,"Localized",0.032,0.00787095928079926
100,"Localized",0.25,0.05,1,10,"Uniform",0,0
100,"Localized",0.25,0.05,1,10,"Central",0.072,0.0115599307956406
100,"Localized",0.25,0.05,1,10,"Tail",0.054,0.0101078187557949
100,"Localized",0.25,0.05,1,10,"Localized",0.04,0.00876356092008266
100,"Localized",0.25,0.05,1.5,10,"Uniform",0,0
100,"Localized",0.25,0.05,1.5,10,"Central",0.07,0.0114105214604767
100,"Localized",0.25,0.05,1.5,10,"Tail",0.04,0.00876356092008266
100,"Localized",0.25,0.05,1.5,10,"Localized",0.034,0.00810481338464989
100,"Localized",0.25,0.05,2,10,"Uniform",0,0
100,"Localized",0.25,0.05,2,10,"Central",0.068,0.0112584190719657
100,"Localized",0.25,0.05,2,10,"Tail",0.038,0.00855055553750749
100,"Localized",0.25,0.05,2,10,"Localized",0.018,0.005945754788082
100,"Localized",0.25,0.1,0.5,10,"Uniform",0,0
100,"Localized",0.25,0.1,0.5,10,"Central",0.086,0.0125382614424808
100,"Localized",0.25,0.1,0.5,10,"Tail",0.044,0.00917213170424411
100,"Localized",0.25,0.1,0.5,10,"Localized",0.038,0.00855055553750749
100,"Localized",0.25,0.1,1,10,"Uniform",0,0
100,"Localized",0.25,0.1,1,10,"Central",0.06,0.0106207344378814
100,"Localized",0.25,0.1,1,10,"Tail",0.05,0.00974679434480896
100,"Localized",0.25,0.1,1,10,"Localized",0.034,0.00810481338464989
100,"Localized",0.25,0.1,1.5,10,"Uniform",0,0
100,"Localized",0.25,0.1,1.5,10,"Central",0.058,0.0104533248299285
100,"Localized",0.25,0.1,1.5,10,"Tail",0.03,0.00762889244910426
100,"Localized",0.25,0.1,1.5,10,"Localized",0.038,0.00855055553750749
100,"Localized",0.25,0.1,2,10,"Uniform",0,0
100,"Localized",0.25,0.1,2,10,"Central",0.07,0.0114105214604767
100,"Localized",0.25,0.1,2,10,"Tail",0.046,0.00936845771725528
100,"Localized",0.25,0.1,2,10,"Localized",0.026,0.00711674082709213
100,"Localized",0.25,0.2,0.5,10,"Uniform",0,0
100,"Localized",0.25,0.2,0.5,10,"Central",0.07,0.0114105214604767
100,"Localized",0.25,0.2,0.5,10,"Tail",0.052,0.00992935043192655
100,"Localized",0.25,0.2,0.5,10,"Localized",0.046,0.00936845771725528
100,"Localized",0.25,0.2,1,10,"Uniform",0,0
100,"Localized",0.25,0.2,1,10,"Central",0.068,0.0112584190719657
100,"Localized",0.25,0.2,1,10,"Tail",0.05,0.00974679434480896
100,"Localized",0.25,0.2,1,10,"Localized",0.052,0.00992935043192655
100,"Localized",0.25,0.2,1.5,10,"Uniform",0,0
100,"Localized",0.25,0.2,1.5,10,"Central",0.064,0.0109456840809517
100,"Localized",0.25,0.2,1.5,10,"Tail",0.046,0.00936845771725528
100,"Localized",0.25,0.2,1.5,10,"Localized",0.058,0.0104533248299285
100,"Localized",0.25,0.2,2,10,"Uniform",0,0
100,"Localized",0.25,0.2,2,10,"Central",0.066,0.0111035129576184
100,"Localized",0.25,0.2,2,10,"Tail",0.04,0.00876356092008266
100,"Localized",0.25,0.2,2,10,"Localized",0.042,0.00897061870775924
100,"Localized",0.5,0.05,0.5,10,"Uniform",0,0
100,"Localized",0.5,0.05,0.5,10,"Central",0.064,0.0109456840809517
100,"Localized",0.5,0.05,0.5,10,"Tail",0.032,0.00787095928079926
100,"Localized",0.5,0.05,0.5,10,"Localized",0.056,0.0102824121683582
100,"Localized",0.5,0.05,1,10,"Uniform",0,0
100,"Localized",0.5,0.05,1,10,"Central",0.064,0.0109456840809517
100,"Localized",0.5,0.05,1,10,"Tail",0.03,0.00762889244910426
100,"Localized",0.5,0.05,1,10,"Localized",0.032,0.00787095928079926
100,"Localized",0.5,0.05,1.5,10,"Uniform",0,0
100,"Localized",0.5,0.05,1.5,10,"Central",0.076,0.0118510759005248
100,"Localized",0.5,0.05,1.5,10,"Tail",0.032,0.00787095928079926
100,"Localized",0.5,0.05,1.5,10,"Localized",0.03,0.00762889244910426
100,"Localized",0.5,0.05,2,10,"Uniform",0,0
100,"Localized",0.5,0.05,2,10,"Central",0.062,0.0107848041243223
100,"Localized",0.5,0.05,2,10,"Tail",0.048,0.00955991631762538
100,"Localized",0.5,0.05,2,10,"Localized",0.042,0.00897061870775924
100,"Localized",0.5,0.1,0.5,10,"Uniform",0,0
100,"Localized",0.5,0.1,0.5,10,"Central",0.058,0.0104533248299285
100,"Localized",0.5,0.1,0.5,10,"Tail",0.046,0.00936845771725528
100,"Localized",0.5,0.1,0.5,10,"Localized",0.058,0.0104533248299285
100,"Localized",0.5,0.1,1,10,"Uniform",0,0
100,"Localized",0.5,0.1,1,10,"Central",0.046,0.00936845771725528
100,"Localized",0.5,0.1,1,10,"Tail",0.036,0.0083311463797007
100,"Localized",0.5,0.1,1,10,"Localized",0.036,0.0083311463797007
100,"Localized",0.5,0.1,1.5,10,"Uniform",0,0
100,"Localized",0.5,0.1,1.5,10,"Central",0.064,0.0109456840809517
100,"Localized",0.5,0.1,1.5,10,"Tail",0.044,0.00917213170424411
100,"Localized",0.5,0.1,1.5,10,"Localized",0.034,0.00810481338464989
100,"Localized",0.5,0.1,2,10,"Uniform",0,0
100,"Localized",0.5,0.1,2,10,"Central",0.05,0.00974679434480896
100,"Localized",0.5,0.1,2,10,"Tail",0.04,0.00876356092008266
100,"Localized",0.5,0.1,2,10,"Localized",0.054,0.0101078187557949
100,"Localized",0.5,0.2,0.5,10,"Uniform",0,0
100,"Localized",0.5,0.2,0.5,10,"Central",0.068,0.0112584190719657
100,"Localized",0.5,0.2,0.5,10,"Tail",0.042,0.00897061870775924
100,"Localized",0.5,0.2,0.5,10,"Localized",0.044,0.00917213170424411
100,"Localized",0.5,0.2,1,10,"Uniform",0,0
100,"Localized",0.5,0.2,1,10,"Central",0.06,0.0106207344378814
100,"Localized",0.5,0.2,1,10,"Tail",0.044,0.00917213170424411
100,"Localized",0.5,0.2,1,10,"Localized",0.044,0.00917213170424411
100,"Localized",0.5,0.2,1.5,10,"Uniform",0,0
100,"Localized",0.5,0.2,1.5,10,"Central",0.058,0.0104533248299285
100,"Localized",0.5,0.2,1.5,10,"Tail",0.044,0.00917213170424411
100,"Localized",0.5,0.2,1.5,10,"Localized",0.054,0.0101078187557949
100,"Localized",0.5,0.2,2,10,"Uniform",0,0
100,"Localized",0.5,0.2,2,10,"Central",0.062,0.0107848041243223
100,"Localized",0.5,0.2,2,10,"Tail",0.036,0.0083311463797007
100,"Localized",0.5,0.2,2,10,"Localized",0.024,0.00684455988358638
100,"Localized",0.75,0.05,0.5,10,"Uniform",0,0
100,"Localized",0.75,0.05,0.5,10,"Central",0.054,0.0101078187557949
100,"Localized",0.75,0.05,0.5,10,"Tail",0.056,0.0102824121683582
100,"Localized",0.75,0.05,0.5,10,"Localized",0.044,0.00917213170424411
100,"Localized",0.75,0.05,1,10,"Uniform",0,0
100,"Localized",0.75,0.05,1,10,"Central",0.076,0.0118510759005248
100,"Localized",0.75,0.05,1,10,"Tail",0.052,0.00992935043192655
100,"Localized",0.75,0.05,1,10,"Localized",0.064,0.0109456840809517
100,"Localized",0.75,0.05,1.5,10,"Uniform",0,0
100,"Localized",0.75,0.05,1.5,10,"Central",0.07,0.0114105214604767
100,"Localized",0.75,0.05,1.5,10,"Tail",0.046,0.00936845771725528
100,"Localized",0.75,0.05,1.5,10,"Localized",0.058,0.0104533248299285
100,"Localized",0.75,0.05,2,10,"Uniform",0,0
100,"Localized",0.75,0.05,2,10,"Central",0.1,0.0134164078649987
100,"Localized",0.75,0.05,2,10,"Tail",0.046,0.00936845771725528
100,"Localized",0.75,0.05,2,10,"Localized",0.074,0.0117067501895274
100,"Localized",0.75,0.1,0.5,10,"Uniform",0,0
100,"Localized",0.75,0.1,0.5,10,"Central",0.072,0.0115599307956406
100,"Localized",0.75,0.1,0.5,10,"Tail",0.048,0.00955991631762538
100,"Localized",0.75,0.1,0.5,10,"Localized",0.036,0.0083311463797007
100,"Localized",0.75,0.1,1,10,"Uniform",0,0
100,"Localized",0.75,0.1,1,10,"Central",0.076,0.0118510759005248
100,"Localized",0.75,0.1,1,10,"Tail",0.04,0.00876356092008266
100,"Localized",0.75,0.1,1,10,"Localized",0.026,0.00711674082709213
100,"Localized",0.75,0.1,1.5,10,"Uniform",0,0
100,"Localized",0.75,0.1,1.5,10,"Central",0.052,0.00992935043192655
100,"Localized",0.75,0.1,1.5,10,"Tail",0.038,0.00855055553750749
100,"Localized",0.75,0.1,1.5,10,"Localized",0.026,0.00711674082709213
100,"Localized",0.75,0.1,2,10,"Uniform",0,0
100,"Localized",0.75,0.1,2,10,"Central",0.084,0.0124051602166195
100,"Localized",0.75,0.1,2,10,"Tail",0.048,0.00955991631762538
100,"Localized",0.75,0.1,2,10,"Localized",0.036,0.0083311463797007
100,"Localized",0.75,0.2,0.5,10,"Uniform",0,0
100,"Localized",0.75,0.2,0.5,10,"Central",0.072,0.0115599307956406
100,"Localized",0.75,0.2,0.5,10,"Tail",0.05,0.00974679434480896
100,"Localized",0.75,0.2,0.5,10,"Localized",0.046,0.00936845771725528
100,"Localized",0.75,0.2,1,10,"Uniform",0,0
100,"Localized",0.75,0.2,1,10,"Central",0.054,0.0101078187557949
100,"Localized",0.75,0.2,1,10,"Tail",0.05,0.00974679434480896
100,"Localized",0.75,0.2,1,10,"Localized",0.042,0.00897061870775924
100,"Localized",0.75,0.2,1.5,10,"Uniform",0,0
100,"Localized",0.75,0.2,1.5,10,"Central",0.038,0.00855055553750749
100,"Localized",0.75,0.2,1.5,10,"Tail",0.044,0.00917213170424411
100,"Localized",0.75,0.2,1.5,10,"Localized",0.028,0.00737780455149091
100,"Localized",0.75,0.2,2,10,"Uniform",0,0
100,"Localized",0.75,0.2,2,10,"Central",0.072,0.0115599307956406
100,"Localized",0.75,0.2,2,10,"Tail",0.046,0.00936845771725528
100,"Localized",0.75,0.2,2,10,"Localized",0.028,0.00737780455149091
100,"Oscillatory",1,0.5,NA,10,"Uniform",0,0
100,"Oscillatory",1,0.5,NA,10,"Central",0.056,0.0102824121683582
100,"Oscillatory",1,0.5,NA,10,"Tail",0.052,0.00992935043192655
100,"Oscillatory",1,1,NA,10,"Uniform",0,0
100,"Oscillatory",1,1,NA,10,"Central",0.064,0.0109456840809517
100,"Oscillatory",1,1,NA,10,"Tail",0.048,0.00955991631762538
100,"Oscillatory",1,1.5,NA,10,"Uniform",0,0
100,"Oscillatory",1,1.5,NA,10,"Central",0.058,0.0104533248299285
100,"Oscillatory",1,1.5,NA,10,"Tail",0.044,0.00917213170424411
100,"Oscillatory",1,2,NA,10,"Uniform",0,0
100,"Oscillatory",1,2,NA,10,"Central",0.044,0.00917213170424411
100,"Oscillatory",1,2,NA,10,"Tail",0.06,0.0106207344378814
100,"Oscillatory",2,0.5,NA,10,"Uniform",0,0
100,"Oscillatory",2,0.5,NA,10,"Central",0.074,0.0117067501895274
100,"Oscillatory",2,0.5,NA,10,"Tail",0.048,0.00955991631762538
100,"Oscillatory",2,1,NA,10,"Uniform",0,0
100,"Oscillatory",2,1,NA,10,"Central",0.05,0.00974679434480896
100,"Oscillatory",2,1,NA,10,"Tail",0.05,0.00974679434480896
100,"Oscillatory",2,1.5,NA,10,"Uniform",0,0
100,"Oscillatory",2,1.5,NA,10,"Central",0.072,0.0115599307956406
100,"Oscillatory",2,1.5,NA,10,"Tail",0.044,0.00917213170424411
100,"Oscillatory",2,2,NA,10,"Uniform",0,0
100,"Oscillatory",2,2,NA,10,"Central",0.058,0.0104533248299285
100,"Oscillatory",2,2,NA,10,"Tail",0.054,0.0101078187557949
100,"Oscillatory",4,0.5,NA,10,"Uniform",0,0
100,"Oscillatory",4,0.5,NA,10,"Central",0.074,0.0117067501895274
100,"Oscillatory",4,0.5,NA,10,"Tail",0.05,0.00974679434480896
100,"Oscillatory",4,1,NA,10,"Uniform",0,0
100,"Oscillatory",4,1,NA,10,"Central",0.054,0.0101078187557949
100,"Oscillatory",4,1,NA,10,"Tail",0.074,0.0117067501895274
100,"Oscillatory",4,1.5,NA,10,"Uniform",0,0
100,"Oscillatory",4,1.5,NA,10,"Central",0.058,0.0104533248299285
100,"Oscillatory",4,1.5,NA,10,"Tail",0.058,0.0104533248299285
100,"Oscillatory",4,2,NA,10,"Uniform",0,0
100,"Oscillatory",4,2,NA,10,"Central",0.046,0.00936845771725528
100,"Oscillatory",4,2,NA,10,"Tail",0.054,0.0101078187557949
100,"Oscillatory",8,0.5,NA,10,"Uniform",0,0
100,"Oscillatory",8,0.5,NA,10,"Central",0.062,0.0107848041243223
100,"Oscillatory",8,0.5,NA,10,"Tail",0.038,0.00855055553750749
100,"Oscillatory",8,1,NA,10,"Uniform",0,0
100,"Oscillatory",8,1,NA,10,"Central",0.042,0.00897061870775924
100,"Oscillatory",8,1,NA,10,"Tail",0.026,0.00711674082709213
100,"Oscillatory",8,1.5,NA,10,"Uniform",0,0
100,"Oscillatory",8,1.5,NA,10,"Central",0.054,0.0101078187557949
100,"Oscillatory",8,1.5,NA,10,"Tail",0.032,0.00787095928079926
100,"Oscillatory",8,2,NA,10,"Uniform",0,0
100,"Oscillatory",8,2,NA,10,"Central",0.058,0.0104533248299285
100,"Oscillatory",8,2,NA,10,"Tail",0.03,0.00762889244910426
100,"Abrupt",0.25,0.05,NA,10,"Uniform",0,0
100,"Abrupt",0.25,0.05,NA,10,"Central",0.05,0.00974679434480896
100,"Abrupt",0.25,0.05,NA,10,"Tail",0.056,0.0102824121683582
100,"Abrupt",0.25,0.1,NA,10,"Uniform",0,0
100,"Abrupt",0.25,0.1,NA,10,"Central",0.072,0.0115599307956406
100,"Abrupt",0.25,0.1,NA,10,"Tail",0.058,0.0104533248299285
100,"Abrupt",0.25,0.2,NA,10,"Uniform",0,0
100,"Abrupt",0.25,0.2,NA,10,"Central",0.058,0.0104533248299285
100,"Abrupt",0.25,0.2,NA,10,"Tail",0.06,0.0106207344378814
100,"Abrupt",0.5,0.05,NA,10,"Uniform",0,0
100,"Abrupt",0.5,0.05,NA,10,"Central",0.06,0.0106207344378814
100,"Abrupt",0.5,0.05,NA,10,"Tail",0.05,0.00974679434480896
100,"Abrupt",0.5,0.1,NA,10,"Uniform",0,0
100,"Abrupt",0.5,0.1,NA,10,"Central",0.068,0.0112584190719657
100,"Abrupt",0.5,0.1,NA,10,"Tail",0.042,0.00897061870775924
100,"Abrupt",0.5,0.2,NA,10,"Uniform",0,0
100,"Abrupt",0.5,0.2,NA,10,"Central",0.08,0.0121326007104825
100,"Abrupt",0.5,0.2,NA,10,"Tail",0.052,0.00992935043192655
100,"Abrupt",0.75,0.05,NA,10,"Uniform",0,0
100,"Abrupt",0.75,0.05,NA,10,"Central",0.056,0.0102824121683582
100,"Abrupt",0.75,0.05,NA,10,"Tail",0.046,0.00936845771725528
100,"Abrupt",0.75,0.1,NA,10,"Uniform",0,0
100,"Abrupt",0.75,0.1,NA,10,"Central",0.026,0.00711674082709213
100,"Abrupt",0.75,0.1,NA,10,"Tail",0.09,0.0127984374046209
100,"Abrupt",0.75,0.2,NA,10,"Uniform",0,0
100,"Abrupt",0.75,0.2,NA,10,"Central",0,0
100,"Abrupt",0.75,0.2,NA,10,"Tail",0.126,0.0148407546977908
100,"Mixture",0.05,0.25,NA,10,"Uniform",0,0
100,"Mixture",0.05,0.25,NA,10,"Central",0,0
100,"Mixture",0.05,0.25,NA,10,"Tail",1,0
100,"Mixture",0.05,0.5,NA,10,"Uniform",0,0
100,"Mixture",0.05,0.5,NA,10,"Central",0,0
100,"Mixture",0.05,0.5,NA,10,"Tail",1,0
100,"Mixture",0.05,0.75,NA,10,"Uniform",0,0
100,"Mixture",0.05,0.75,NA,10,"Central",0,0
100,"Mixture",0.05,0.75,NA,10,"Tail",1,0
100,"Mixture",0.1,0.25,NA,10,"Uniform",0,0
100,"Mixture",0.1,0.25,NA,10,"Central",0,0
100,"Mixture",0.1,0.25,NA,10,"Tail",1,0
100,"Mixture",0.1,0.5,NA,10,"Uniform",0,0
100,"Mixture",0.1,0.5,NA,10,"Central",0,0
100,"Mixture",0.1,0.5,NA,10,"Tail",1,0
100,"Mixture",0.1,0.75,NA,10,"Uniform",0,0
100,"Mixture",0.1,0.75,NA,10,"Central",0,0
100,"Mixture",0.1,0.75,NA,10,"Tail",1,0
100,"Mixture",0.2,0.25,NA,10,"Uniform",0,0
100,"Mixture",0.2,0.25,NA,10,"Central",0,0
100,"Mixture",0.2,0.25,NA,10,"Tail",1,0
100,"Mixture",0.2,0.5,NA,10,"Uniform",0,0
100,"Mixture",0.2,0.5,NA,10,"Central",0,0
100,"Mixture",0.2,0.5,NA,10,"Tail",1,0
100,"Mixture",0.2,0.75,NA,10,"Uniform",0,0
100,"Mixture",0.2,0.75,NA,10,"Central",0,0
100,"Mixture",0.2,0.75,NA,10,"Tail",1,0
100,"Localized",0.25,0.05,0.5,15,"Uniform",0,0
100,"Localized",0.25,0.05,0.5,15,"Central",0.052,0.00992935043192655
100,"Localized",0.25,0.05,0.5,15,"Tail",0.052,0.00992935043192655
100,"Localized",0.25,0.05,0.5,15,"Localized",0.074,0.0117067501895274
100,"Localized",0.25,0.05,1,15,"Uniform",0,0
100,"Localized",0.25,0.05,1,15,"Central",0.044,0.00917213170424411
100,"Localized",0.25,0.05,1,15,"Tail",0.046,0.00936845771725528
100,"Localized",0.25,0.05,1,15,"Localized",0.048,0.00955991631762538
100,"Localized",0.25,0.05,1.5,15,"Uniform",0,0
100,"Localized",0.25,0.05,1.5,15,"Central",0.036,0.0083311463797007
100,"Localized",0.25,0.05,1.5,15,"Tail",0.034,0.00810481338464989
100,"Localized",0.25,0.05,1.5,15,"Localized",0.064,0.0109456840809517
100,"Localized",0.25,0.05,2,15,"Uniform",0,0
100,"Localized",0.25,0.05,2,15,"Central",0.04,0.00876356092008266
100,"Localized",0.25,0.05,2,15,"Tail",0.042,0.00897061870775924
100,"Localized",0.25,0.05,2,15,"Localized",0.064,0.0109456840809517
100,"Localized",0.25,0.1,0.5,15,"Uniform",0,0
100,"Localized",0.25,0.1,0.5,15,"Central",0.05,0.00974679434480896
100,"Localized",0.25,0.1,0.5,15,"Tail",0.052,0.00992935043192655
100,"Localized",0.25,0.1,0.5,15,"Localized",0.044,0.00917213170424411
100,"Localized",0.25,0.1,1,15,"Uniform",0,0
100,"Localized",0.25,0.1,1,15,"Central",0.028,0.00737780455149091
100,"Localized",0.25,0.1,1,15,"Tail",0.052,0.00992935043192655
100,"Localized",0.25,0.1,1,15,"Localized",0.06,0.0106207344378814
100,"Localized",0.25,0.1,1.5,15,"Uniform",0,0
100,"Localized",0.25,0.1,1.5,15,"Central",0.044,0.00917213170424411
100,"Localized",0.25,0.1,1.5,15,"Tail",0.04,0.00876356092008266
100,"Localized",0.25,0.1,1.5,15,"Localized",0.056,0.0102824121683582
100,"Localized",0.25,0.1,2,15,"Uniform",0,0
100,"Localized",0.25,0.1,2,15,"Central",0.042,0.00897061870775924
100,"Localized",0.25,0.1,2,15,"Tail",0.042,0.00897061870775924
100,"Localized",0.25,0.1,2,15,"Localized",0.034,0.00810481338464989
100,"Localized",0.25,0.2,0.5,15,"Uniform",0,0
100,"Localized",0.25,0.2,0.5,15,"Central",0.036,0.0083311463797007
100,"Localized",0.25,0.2,0.5,15,"Tail",0.048,0.00955991631762538
100,"Localized",0.25,0.2,0.5,15,"Localized",0.058,0.0104533248299285
100,"Localized",0.25,0.2,1,15,"Uniform",0,0
100,"Localized",0.25,0.2,1,15,"Central",0.034,0.00810481338464989
100,"Localized",0.25,0.2,1,15,"Tail",0.042,0.00897061870775924
100,"Localized",0.25,0.2,1,15,"Localized",0.072,0.0115599307956406
100,"Localized",0.25,0.2,1.5,15,"Uniform",0,0
100,"Localized",0.25,0.2,1.5,15,"Central",0.034,0.00810481338464989
100,"Localized",0.25,0.2,1.5,15,"Tail",0.038,0.00855055553750749
100,"Localized",0.25,0.2,1.5,15,"Localized",0.064,0.0109456840809517
100,"Localized",0.25,0.2,2,15,"Uniform",0,0
100,"Localized",0.25,0.2,2,15,"Central",0.032,0.00787095928079926
100,"Localized",0.25,0.2,2,15,"Tail",0.054,0.0101078187557949
100,"Localized",0.25,0.2,2,15,"Localized",0.042,0.00897061870775924
100,"Localized",0.5,0.05,0.5,15,"Uniform",0,0
100,"Localized",0.5,0.05,0.5,15,"Central",0.046,0.00936845771725528
100,"Localized",0.5,0.05,0.5,15,"Tail",0.06,0.0106207344378814
100,"Localized",0.5,0.05,0.5,15,"Localized",0.04,0.00876356092008266
100,"Localized",0.5,0.05,1,15,"Uniform",0,0
100,"Localized",0.5,0.05,1,15,"Central",0.036,0.0083311463797007
100,"Localized",0.5,0.05,1,15,"Tail",0.056,0.0102824121683582
100,"Localized",0.5,0.05,1,15,"Localized",0.04,0.00876356092008266
100,"Localized",0.5,0.05,1.5,15,"Uniform",0,0
100,"Localized",0.5,0.05,1.5,15,"Central",0.034,0.00810481338464989
100,"Localized",0.5,0.05,1.5,15,"Tail",0.036,0.0083311463797007
100,"Localized",0.5,0.05,1.5,15,"Localized",0.044,0.00917213170424411
100,"Localized",0.5,0.05,2,15,"Uniform",0,0
100,"Localized",0.5,0.05,2,15,"Central",0.036,0.0083311463797007
100,"Localized",0.5,0.05,2,15,"Tail",0.034,0.00810481338464989
100,"Localized",0.5,0.05,2,15,"Localized",0.06,0.0106207344378814
100,"Localized",0.5,0.1,0.5,15,"Uniform",0,0
100,"Localized",0.5,0.1,0.5,15,"Central",0.044,0.00917213170424411
100,"Localized",0.5,0.1,0.5,15,"Tail",0.05,0.00974679434480896
100,"Localized",0.5,0.1,0.5,15,"Localized",0.082,0.0122699633251286
100,"Localized",0.5,0.1,1,15,"Uniform",0,0
100,"Localized",0.5,0.1,1,15,"Central",0.034,0.00810481338464989
100,"Localized",0.5,0.1,1,15,"Tail",0.06,0.0106207344378814
100,"Localized",0.5,0.1,1,15,"Localized",0.06,0.0106207344378814
100,"Localized",0.5,0.1,1.5,15,"Uniform",0,0
100,"Localized",0.5,0.1,1.5,15,"Central",0.03,0.00762889244910426
100,"Localized",0.5,0.1,1.5,15,"Tail",0.038,0.00855055553750749
100,"Localized",0.5,0.1,1.5,15,"Localized",0.058,0.0104533248299285
100,"Localized",0.5,0.1,2,15,"Uniform",0,0
100,"Localized",0.5,0.1,2,15,"Central",0.02,0.00626099033699941
100,"Localized",0.5,0.1,2,15,"Tail",0.04,0.00876356092008266
100,"Localized",0.5,0.1,2,15,"Localized",0.052,0.00992935043192655
100,"Localized",0.5,0.2,0.5,15,"Uniform",0,0
100,"Localized",0.5,0.2,0.5,15,"Central",0.044,0.00917213170424411
100,"Localized",0.5,0.2,0.5,15,"Tail",0.036,0.0083311463797007
100,"Localized",0.5,0.2,0.5,15,"Localized",0.062,0.0107848041243223
100,"Localized",0.5,0.2,1,15,"Uniform",0,0
100,"Localized",0.5,0.2,1,15,"Central",0.032,0.00787095928079926
100,"Localized",0.5,0.2,1,15,"Tail",0.06,0.0106207344378814
100,"Localized",0.5,0.2,1,15,"Localized",0.054,0.0101078187557949
100,"Localized",0.5,0.2,1.5,15,"Uniform",0,0
100,"Localized",0.5,0.2,1.5,15,"Central",0.018,0.005945754788082
100,"Localized",0.5,0.2,1.5,15,"Tail",0.052,0.00992935043192655
100,"Localized",0.5,0.2,1.5,15,"Localized",0.06,0.0106207344378814
100,"Localized",0.5,0.2,2,15,"Uniform",0,0
100,"Localized",0.5,0.2,2,15,"Central",0.032,0.00787095928079926
100,"Localized",0.5,0.2,2,15,"Tail",0.04,0.00876356092008266
100,"Localized",0.5,0.2,2,15,"Localized",0.066,0.0111035129576184
100,"Localized",0.75,0.05,0.5,15,"Uniform",0,0
100,"Localized",0.75,0.05,0.5,15,"Central",0.044,0.00917213170424411
100,"Localized",0.75,0.05,0.5,15,"Tail",0.04,0.00876356092008266
100,"Localized",0.75,0.05,0.5,15,"Localized",0.034,0.00810481338464989
100,"Localized",0.75,0.05,1,15,"Uniform",0,0
100,"Localized",0.75,0.05,1,15,"Central",0.03,0.00762889244910426
100,"Localized",0.75,0.05,1,15,"Tail",0.05,0.00974679434480896
100,"Localized",0.75,0.05,1,15,"Localized",0.036,0.0083311463797007
100,"Localized",0.75,0.05,1.5,15,"Uniform",0,0
100,"Localized",0.75,0.05,1.5,15,"Central",0.03,0.00762889244910426
100,"Localized",0.75,0.05,1.5,15,"Tail",0.044,0.00917213170424411
100,"Localized",0.75,0.05,1.5,15,"Localized",0.048,0.00955991631762538
100,"Localized",0.75,0.05,2,15,"Uniform",0,0
100,"Localized",0.75,0.05,2,15,"Central",0.032,0.00787095928079926
100,"Localized",0.75,0.05,2,15,"Tail",0.032,0.00787095928079926
100,"Localized",0.75,0.05,2,15,"Localized",0.066,0.0111035129576184
100,"Localized",0.75,0.1,0.5,15,"Uniform",0,0
100,"Localized",0.75,0.1,0.5,15,"Central",0.034,0.00810481338464989
100,"Localized",0.75,0.1,0.5,15,"Tail",0.046,0.00936845771725528
100,"Localized",0.75,0.1,0.5,15,"Localized",0.026,0.00711674082709213
100,"Localized",0.75,0.1,1,15,"Uniform",0,0
100,"Localized",0.75,0.1,1,15,"Central",0.03,0.00762889244910426
100,"Localized",0.75,0.1,1,15,"Tail",0.03,0.00762889244910426
100,"Localized",0.75,0.1,1,15,"Localized",0.026,0.00711674082709213
100,"Localized",0.75,0.1,1.5,15,"Uniform",0,0
100,"Localized",0.75,0.1,1.5,15,"Central",0.046,0.00936845771725528
100,"Localized",0.75,0.1,1.5,15,"Tail",0.05,0.00974679434480896
100,"Localized",0.75,0.1,1.5,15,"Localized",0.05,0.00974679434480896
100,"Localized",0.75,0.1,2,15,"Uniform",0,0
100,"Localized",0.75,0.1,2,15,"Central",0.042,0.00897061870775924
100,"Localized",0.75,0.1,2,15,"Tail",0.038,0.00855055553750749
100,"Localized",0.75,0.1,2,15,"Localized",0.042,0.00897061870775924
100,"Localized",0.75,0.2,0.5,15,"Uniform",0,0
100,"Localized",0.75,0.2,0.5,15,"Central",0.06,0.0106207344378814
100,"Localized",0.75,0.2,0.5,15,"Tail",0.05,0.00974679434480896
100,"Localized",0.75,0.2,0.5,15,"Localized",0.05,0.00974679434480896
100,"Localized",0.75,0.2,1,15,"Uniform",0,0
100,"Localized",0.75,0.2,1,15,"Central",0.036,0.0083311463797007
100,"Localized",0.75,0.2,1,15,"Tail",0.06,0.0106207344378814
100,"Localized",0.75,0.2,1,15,"Localized",0.032,0.00787095928079926
100,"Localized",0.75,0.2,1.5,15,"Uniform",0,0
100,"Localized",0.75,0.2,1.5,15,"Central",0.028,0.00737780455149091
100,"Localized",0.75,0.2,1.5,15,"Tail",0.062,0.0107848041243223
100,"Localized",0.75,0.2,1.5,15,"Localized",0.03,0.00762889244910426
100,"Localized",0.75,0.2,2,15,"Uniform",0,0
100,"Localized",0.75,0.2,2,15,"Central",0.038,0.00855055553750749
100,"Localized",0.75,0.2,2,15,"Tail",0.048,0.00955991631762538
100,"Localized",0.75,0.2,2,15,"Localized",0.04,0.00876356092008266
100,"Oscillatory",1,0.5,NA,15,"Uniform",0,0
100,"Oscillatory",1,0.5,NA,15,"Central",0.028,0.00737780455149091
100,"Oscillatory",1,0.5,NA,15,"Tail",0.046,0.00936845771725528
100,"Oscillatory",1,1,NA,15,"Uniform",0,0
100,"Oscillatory",1,1,NA,15,"Central",0.026,0.00711674082709213
100,"Oscillatory",1,1,NA,15,"Tail",0.058,0.0104533248299285
100,"Oscillatory",1,1.5,NA,15,"Uniform",0,0
100,"Oscillatory",1,1.5,NA,15,"Central",0.04,0.00876356092008266
100,"Oscillatory",1,1.5,NA,15,"Tail",0.074,0.0117067501895274
100,"Oscillatory",1,2,NA,15,"Uniform",0,0
100,"Oscillatory",1,2,NA,15,"Central",0.038,0.00855055553750749
100,"Oscillatory",1,2,NA,15,"Tail",0.052,0.00992935043192655
100,"Oscillatory",2,0.5,NA,15,"Uniform",0,0
100,"Oscillatory",2,0.5,NA,15,"Central",0.04,0.00876356092008266
100,"Oscillatory",2,0.5,NA,15,"Tail",0.06,0.0106207344378814
100,"Oscillatory",2,1,NA,15,"Uniform",0,0
100,"Oscillatory",2,1,NA,15,"Central",0.03,0.00762889244910426
100,"Oscillatory",2,1,NA,15,"Tail",0.044,0.00917213170424411
100,"Oscillatory",2,1.5,NA,15,"Uniform",0,0
100,"Oscillatory",2,1.5,NA,15,"Central",0.034,0.00810481338464989
100,"Oscillatory",2,1.5,NA,15,"Tail",0.052,0.00992935043192655
100,"Oscillatory",2,2,NA,15,"Uniform",0,0
100,"Oscillatory",2,2,NA,15,"Central",0.044,0.00917213170424411
100,"Oscillatory",2,2,NA,15,"Tail",0.056,0.0102824121683582
100,"Oscillatory",4,0.5,NA,15,"Uniform",0,0
100,"Oscillatory",4,0.5,NA,15,"Central",0.044,0.00917213170424411
100,"Oscillatory",4,0.5,NA,15,"Tail",0.038,0.00855055553750749
100,"Oscillatory",4,1,NA,15,"Uniform",0,0
100,"Oscillatory",4,1,NA,15,"Central",0.042,0.00897061870775924
100,"Oscillatory",4,1,NA,15,"Tail",0.04,0.00876356092008266
100,"Oscillatory",4,1.5,NA,15,"Uniform",0,0
100,"Oscillatory",4,1.5,NA,15,"Central",0.044,0.00917213170424411
100,"Oscillatory",4,1.5,NA,15,"Tail",0.038,0.00855055553750749
100,"Oscillatory",4,2,NA,15,"Uniform",0,0
100,"Oscillatory",4,2,NA,15,"Central",0.034,0.00810481338464989
100,"Oscillatory",4,2,NA,15,"Tail",0.078,0.0119929979571415
100,"Oscillatory",8,0.5,NA,15,"Uniform",0,0
100,"Oscillatory",8,0.5,NA,15,"Central",0.042,0.00897061870775924
100,"Oscillatory",8,0.5,NA,15,"Tail",0.052,0.00992935043192655
100,"Oscillatory",8,1,NA,15,"Uniform",0,0
100,"Oscillatory",8,1,NA,15,"Central",0.04,0.00876356092008266
100,"Oscillatory",8,1,NA,15,"Tail",0.058,0.0104533248299285
100,"Oscillatory",8,1.5,NA,15,"Uniform",0,0
100,"Oscillatory",8,1.5,NA,15,"Central",0.048,0.00955991631762538
100,"Oscillatory",8,1.5,NA,15,"Tail",0.06,0.0106207344378814
100,"Oscillatory",8,2,NA,15,"Uniform",0,0
100,"Oscillatory",8,2,NA,15,"Central",0.03,0.00762889244910426
100,"Oscillatory",8,2,NA,15,"Tail",0.036,0.0083311463797007
100,"Abrupt",0.25,0.05,NA,15,"Uniform",0,0
100,"Abrupt",0.25,0.05,NA,15,"Central",0.034,0.00810481338464989
100,"Abrupt",0.25,0.05,NA,15,"Tail",0.068,0.0112584190719657
100,"Abrupt",0.25,0.1,NA,15,"Uniform",0,0
100,"Abrupt",0.25,0.1,NA,15,"Central",0.032,0.00787095928079926
100,"Abrupt",0.25,0.1,NA,15,"Tail",0.076,0.0118510759005248
100,"Abrupt",0.25,0.2,NA,15,"Uniform",0,0
100,"Abrupt",0.25,0.2,NA,15,"Central",0.014,0.00525433154644813
100,"Abrupt",0.25,0.2,NA,15,"Tail",0.084,0.0124051602166195
100,"Abrupt",0.5,0.05,NA,15,"Uniform",0,0
100,"Abrupt",0.5,0.05,NA,15,"Central",0.046,0.00936845771725528
100,"Abrupt",0.5,0.05,NA,15,"Tail",0.046,0.00936845771725528
100,"Abrupt",0.5,0.1,NA,15,"Uniform",0,0
100,"Abrupt",0.5,0.1,NA,15,"Central",0.054,0.0101078187557949
100,"Abrupt",0.5,0.1,NA,15,"Tail",0.06,0.0106207344378814
100,"Abrupt",0.5,0.2,NA,15,"Uniform",0,0
100,"Abrupt",0.5,0.2,NA,15,"Central",0.04,0.00876356092008266
100,"Abrupt",0.5,0.2,NA,15,"Tail",0.058,0.0104533248299285
100,"Abrupt",0.75,0.05,NA,15,"Uniform",0,0
100,"Abrupt",0.75,0.05,NA,15,"Central",0.038,0.00855055553750749
100,"Abrupt",0.75,0.05,NA,15,"Tail",0.042,0.00897061870775924
100,"Abrupt",0.75,0.1,NA,15,"Uniform",0,0
100,"Abrupt",0.75,0.1,NA,15,"Central",0.006,0.00345369367489359
100,"Abrupt",0.75,0.1,NA,15,"Tail",0.072,0.0115599307956406
100,"Abrupt",0.75,0.2,NA,15,"Uniform",0,0
100,"Abrupt",0.75,0.2,NA,15,"Central",0.002,0.00199799899899875
100,"Abrupt",0.75,0.2,NA,15,"Tail",0.064,0.0109456840809517
100,"Mixture",0.05,0.25,NA,15,"Uniform",0,0
100,"Mixture",0.05,0.25,NA,15,"Central",0,0
100,"Mixture",0.05,0.25,NA,15,"Tail",1,0
100,"Mixture",0.05,0.5,NA,15,"Uniform",0,0
100,"Mixture",0.05,0.5,NA,15,"Central",0,0
100,"Mixture",0.05,0.5,NA,15,"Tail",1,0
100,"Mixture",0.05,0.75,NA,15,"Uniform",0,0
100,"Mixture",0.05,0.75,NA,15,"Central",0,0
100,"Mixture",0.05,0.75,NA,15,"Tail",1,0
100,"Mixture",0.1,0.25,NA,15,"Uniform",0,0
100,"Mixture",0.1,0.25,NA,15,"Central",0,0
100,"Mixture",0.1,0.25,NA,15,"Tail",1,0
100,"Mixture",0.1,0.5,NA,15,"Uniform",0,0
100,"Mixture",0.1,0.5,NA,15,"Central",0,0
100,"Mixture",0.1,0.5,NA,15,"Tail",1,0
100,"Mixture",0.1,0.75,NA,15,"Uniform",0,0
100,"Mixture",0.1,0.75,NA,15,"Central",0,0
100,"Mixture",0.1,0.75,NA,15,"Tail",1,0
100,"Mixture",0.2,0.25,NA,15,"Uniform",0,0
100,"Mixture",0.2,0.25,NA,15,"Central",0,0
100,"Mixture",0.2,0.25,NA,15,"Tail",1,0
100,"Mixture",0.2,0.5,NA,15,"Uniform",0,0
100,"Mixture",0.2,0.5,NA,15,"Central",0,0
100,"Mixture",0.2,0.5,NA,15,"Tail",1,0
100,"Mixture",0.2,0.75,NA,15,"Uniform",0,0
100,"Mixture",0.2,0.75,NA,15,"Central",0,0
100,"Mixture",0.2,0.75,NA,15,"Tail",1,0
200,"Localized",0.25,0.05,0.5,1,"Uniform",0,0
200,"Localized",0.25,0.05,0.5,1,"Central",0.068,0.0112584190719657
200,"Localized",0.25,0.05,0.5,1,"Tail",0.044,0.00917213170424411
200,"Localized",0.25,0.05,0.5,1,"Localized",0.038,0.00855055553750749
200,"Localized",0.25,0.05,1,1,"Uniform",0,0
200,"Localized",0.25,0.05,1,1,"Central",0.062,0.0107848041243223
200,"Localized",0.25,0.05,1,1,"Tail",0.052,0.00992935043192655
200,"Localized",0.25,0.05,1,1,"Localized",0.05,0.00974679434480896
200,"Localized",0.25,0.05,1.5,1,"Uniform",0,0
200,"Localized",0.25,0.05,1.5,1,"Central",0.07,0.0114105214604767
200,"Localized",0.25,0.05,1.5,1,"Tail",0.058,0.0104533248299285
200,"Localized",0.25,0.05,1.5,1,"Localized",0.024,0.00684455988358638
200,"Localized",0.25,0.05,2,1,"Uniform",0,0
200,"Localized",0.25,0.05,2,1,"Central",0.084,0.0124051602166195
200,"Localized",0.25,0.05,2,1,"Tail",0.062,0.0107848041243223
200,"Localized",0.25,0.05,2,1,"Localized",0.034,0.00810481338464989
200,"Localized",0.25,0.1,0.5,1,"Uniform",0,0
200,"Localized",0.25,0.1,0.5,1,"Central",0.062,0.0107848041243223
200,"Localized",0.25,0.1,0.5,1,"Tail",0.054,0.0101078187557949
200,"Localized",0.25,0.1,0.5,1,"Localized",0.04,0.00876356092008266
200,"Localized",0.25,0.1,1,1,"Uniform",0,0
200,"Localized",0.25,0.1,1,1,"Central",0.074,0.0117067501895274
200,"Localized",0.25,0.1,1,1,"Tail",0.05,0.00974679434480896
200,"Localized",0.25,0.1,1,1,"Localized",0.028,0.00737780455149091
200,"Localized",0.25,0.1,1.5,1,"Uniform",0,0
200,"Localized",0.25,0.1,1.5,1,"Central",0.074,0.0117067501895274
200,"Localized",0.25,0.1,1.5,1,"Tail",0.056,0.0102824121683582
200,"Localized",0.25,0.1,1.5,1,"Localized",0.026,0.00711674082709213
200,"Localized",0.25,0.1,2,1,"Uniform",0,0
200,"Localized",0.25,0.1,2,1,"Central",0.058,0.0104533248299285
200,"Localized",0.25,0.1,2,1,"Tail",0.066,0.0111035129576184
200,"Localized",0.25,0.1,2,1,"Localized",0.034,0.00810481338464989
200,"Localized",0.25,0.2,0.5,1,"Uniform",0,0
200,"Localized",0.25,0.2,0.5,1,"Central",0.058,0.0104533248299285
200,"Localized",0.25,0.2,0.5,1,"Tail",0.044,0.00917213170424411
200,"Localized",0.25,0.2,0.5,1,"Localized",0.06,0.0106207344378814
200,"Localized",0.25,0.2,1,1,"Uniform",0,0
200,"Localized",0.25,0.2,1,1,"Central",0.056,0.0102824121683582
200,"Localized",0.25,0.2,1,1,"Tail",0.052,0.00992935043192655
200,"Localized",0.25,0.2,1,1,"Localized",0.044,0.00917213170424411
200,"Localized",0.25,0.2,1.5,1,"Uniform",0,0
200,"Localized",0.25,0.2,1.5,1,"Central",0.04,0.00876356092008266
200,"Localized",0.25,0.2,1.5,1,"Tail",0.06,0.0106207344378814
200,"Localized",0.25,0.2,1.5,1,"Localized",0.03,0.00762889244910426
200,"Localized",0.25,0.2,2,1,"Uniform",0,0
200,"Localized",0.25,0.2,2,1,"Central",0.056,0.0102824121683582
200,"Localized",0.25,0.2,2,1,"Tail",0.052,0.00992935043192655
200,"Localized",0.25,0.2,2,1,"Localized",0.042,0.00897061870775924
200,"Localized",0.5,0.05,0.5,1,"Uniform",0,0
200,"Localized",0.5,0.05,0.5,1,"Central",0.064,0.0109456840809517
200,"Localized",0.5,0.05,0.5,1,"Tail",0.06,0.0106207344378814
200,"Localized",0.5,0.05,0.5,1,"Localized",0.036,0.0083311463797007
200,"Localized",0.5,0.05,1,1,"Uniform",0,0
200,"Localized",0.5,0.05,1,1,"Central",0.048,0.00955991631762538
200,"Localized",0.5,0.05,1,1,"Tail",0.062,0.0107848041243223
200,"Localized",0.5,0.05,1,1,"Localized",0.026,0.00711674082709213
200,"Localized",0.5,0.05,1.5,1,"Uniform",0,0
200,"Localized",0.5,0.05,1.5,1,"Central",0.054,0.0101078187557949
200,"Localized",0.5,0.05,1.5,1,"Tail",0.066,0.0111035129576184
200,"Localized",0.5,0.05,1.5,1,"Localized",0.018,0.005945754788082
200,"Localized",0.5,0.05,2,1,"Uniform",0,0
200,"Localized",0.5,0.05,2,1,"Central",0.032,0.00787095928079926
200,"Localized",0.5,0.05,2,1,"Tail",0.042,0.00897061870775924
200,"Localized",0.5,0.05,2,1,"Localized",0.022,0.00655987804764692
200,"Localized",0.5,0.1,0.5,1,"Uniform",0,0
200,"Localized",0.5,0.1,0.5,1,"Central",0.042,0.00897061870775924
200,"Localized",0.5,0.1,0.5,1,"Tail",0.052,0.00992935043192655
200,"Localized",0.5,0.1,0.5,1,"Localized",0.04,0.00876356092008266
200,"Localized",0.5,0.1,1,1,"Uniform",0,0
200,"Localized",0.5,0.1,1,1,"Central",0.042,0.00897061870775924
200,"Localized",0.5,0.1,1,1,"Tail",0.088,0.0126693330526907
200,"Localized",0.5,0.1,1,1,"Localized",0.038,0.00855055553750749
200,"Localized",0.5,0.1,1.5,1,"Uniform",0,0
200,"Localized",0.5,0.1,1.5,1,"Central",0.056,0.0102824121683582
200,"Localized",0.5,0.1,1.5,1,"Tail",0.068,0.0112584190719657
200,"Localized",0.5,0.1,1.5,1,"Localized",0.042,0.00897061870775924
200,"Localized",0.5,0.1,2,1,"Uniform",0,0
200,"Localized",0.5,0.1,2,1,"Central",0.046,0.00936845771725528
200,"Localized",0.5,0.1,2,1,"Tail",0.068,0.0112584190719657
200,"Localized",0.5,0.1,2,1,"Localized",0.03,0.00762889244910426
200,"Localized",0.5,0.2,0.5,1,"Uniform",0,0
200,"Localized",0.5,0.2,0.5,1,"Central",0.064,0.0109456840809517
200,"Localized",0.5,0.2,0.5,1,"Tail",0.052,0.00992935043192655
200,"Localized",0.5,0.2,0.5,1,"Localized",0.044,0.00917213170424411
200,"Localized",0.5,0.2,1,1,"Uniform",0,0
200,"Localized",0.5,0.2,1,1,"Central",0.052,0.00992935043192655
200,"Localized",0.5,0.2,1,1,"Tail",0.084,0.0124051602166195
200,"Localized",0.5,0.2,1,1,"Localized",0.038,0.00855055553750749
200,"Localized",0.5,0.2,1.5,1,"Uniform",0,0
200,"Localized",0.5,0.2,1.5,1,"Central",0.044,0.00917213170424411
200,"Localized",0.5,0.2,1.5,1,"Tail",0.064,0.0109456840809517
200,"Localized",0.5,0.2,1.5,1,"Localized",0.018,0.005945754788082
200,"Localized",0.5,0.2,2,1,"Uniform",0,0
200,"Localized",0.5,0.2,2,1,"Central",0.04,0.00876356092008266
200,"Localized",0.5,0.2,2,1,"Tail",0.086,0.0125382614424808
200,"Localized",0.5,0.2,2,1,"Localized",0.024,0.00684455988358638
200,"Localized",0.75,0.05,0.5,1,"Uniform",0,0
200,"Localized",0.75,0.05,0.5,1,"Central",0.058,0.0104533248299285
200,"Localized",0.75,0.05,0.5,1,"Tail",0.056,0.0102824121683582
200,"Localized",0.75,0.05,0.5,1,"Localized",0.052,0.00992935043192655
200,"Localized",0.75,0.05,1,1,"Uniform",0,0
200,"Localized",0.75,0.05,1,1,"Central",0.06,0.0106207344378814
200,"Localized",0.75,0.05,1,1,"Tail",0.048,0.00955991631762538
200,"Localized",0.75,0.05,1,1,"Localized",0.034,0.00810481338464989
200,"Localized",0.75,0.05,1.5,1,"Uniform",0,0
200,"Localized",0.75,0.05,1.5,1,"Central",0.058,0.0104533248299285
200,"Localized",0.75,0.05,1.5,1,"Tail",0.06,0.0106207344378814
200,"Localized",0.75,0.05,1.5,1,"Localized",0.05,0.00974679434480896
200,"Localized",0.75,0.05,2,1,"Uniform",0,0
200,"Localized",0.75,0.05,2,1,"Central",0.058,0.0104533248299285
200,"Localized",0.75,0.05,2,1,"Tail",0.064,0.0109456840809517
200,"Localized",0.75,0.05,2,1,"Localized",0.024,0.00684455988358638
200,"Localized",0.75,0.1,0.5,1,"Uniform",0,0
200,"Localized",0.75,0.1,0.5,1,"Central",0.074,0.0117067501895274
200,"Localized",0.75,0.1,0.5,1,"Tail",0.04,0.00876356092008266
200,"Localized",0.75,0.1,0.5,1,"Localized",0.05,0.00974679434480896
200,"Localized",0.75,0.1,1,1,"Uniform",0,0
200,"Localized",0.75,0.1,1,1,"Central",0.086,0.0125382614424808
200,"Localized",0.75,0.1,1,1,"Tail",0.046,0.00936845771725528
200,"Localized",0.75,0.1,1,1,"Localized",0.04,0.00876356092008266
200,"Localized",0.75,0.1,1.5,1,"Uniform",0,0
200,"Localized",0.75,0.1,1.5,1,"Central",0.06,0.0106207344378814
200,"Localized",0.75,0.1,1.5,1,"Tail",0.07,0.0114105214604767
200,"Localized",0.75,0.1,1.5,1,"Localized",0.05,0.00974679434480896
200,"Localized",0.75,0.1,2,1,"Uniform",0,0
200,"Localized",0.75,0.1,2,1,"Central",0.068,0.0112584190719657
200,"Localized",0.75,0.1,2,1,"Tail",0.08,0.0121326007104825
200,"Localized",0.75,0.1,2,1,"Localized",0.04,0.00876356092008266
200,"Localized",0.75,0.2,0.5,1,"Uniform",0,0
200,"Localized",0.75,0.2,0.5,1,"Central",0.07,0.0114105214604767
200,"Localized",0.75,0.2,0.5,1,"Tail",0.052,0.00992935043192655
200,"Localized",0.75,0.2,0.5,1,"Localized",0.032,0.00787095928079926
200,"Localized",0.75,0.2,1,1,"Uniform",0,0
200,"Localized",0.75,0.2,1,1,"Central",0.05,0.00974679434480896
200,"Localized",0.75,0.2,1,1,"Tail",0.052,0.00992935043192655
200,"Localized",0.75,0.2,1,1,"Localized",0.034,0.00810481338464989
200,"Localized",0.75,0.2,1.5,1,"Uniform",0,0
200,"Localized",0.75,0.2,1.5,1,"Central",0.08,0.0121326007104825
200,"Localized",0.75,0.2,1.5,1,"Tail",0.044,0.00917213170424411
200,"Localized",0.75,0.2,1.5,1,"Localized",0.05,0.00974679434480896
200,"Localized",0.75,0.2,2,1,"Uniform",0,0
200,"Localized",0.75,0.2,2,1,"Central",0.062,0.0107848041243223
200,"Localized",0.75,0.2,2,1,"Tail",0.082,0.0122699633251286
200,"Localized",0.75,0.2,2,1,"Localized",0.022,0.00655987804764692
200,"Oscillatory",1,0.5,NA,1,"Uniform",0,0
200,"Oscillatory",1,0.5,NA,1,"Central",0.056,0.0102824121683582
200,"Oscillatory",1,0.5,NA,1,"Tail",0.056,0.0102824121683582
200,"Oscillatory",1,1,NA,1,"Uniform",0,0
200,"Oscillatory",1,1,NA,1,"Central",0.054,0.0101078187557949
200,"Oscillatory",1,1,NA,1,"Tail",0.044,0.00917213170424411
200,"Oscillatory",1,1.5,NA,1,"Uniform",0,0
200,"Oscillatory",1,1.5,NA,1,"Central",0.08,0.0121326007104825
200,"Oscillatory",1,1.5,NA,1,"Tail",0.08,0.0121326007104825
200,"Oscillatory",1,2,NA,1,"Uniform",0,0
200,"Oscillatory",1,2,NA,1,"Central",0.062,0.0107848041243223
200,"Oscillatory",1,2,NA,1,"Tail",0.058,0.0104533248299285
200,"Oscillatory",2,0.5,NA,1,"Uniform",0,0
200,"Oscillatory",2,0.5,NA,1,"Central",0.076,0.0118510759005248
200,"Oscillatory",2,0.5,NA,1,"Tail",0.064,0.0109456840809517
200,"Oscillatory",2,1,NA,1,"Uniform",0,0
200,"Oscillatory",2,1,NA,1,"Central",0.062,0.0107848041243223
200,"Oscillatory",2,1,NA,1,"Tail",0.054,0.0101078187557949
200,"Oscillatory",2,1.5,NA,1,"Uniform",0,0
200,"Oscillatory",2,1.5,NA,1,"Central",0.072,0.0115599307956406
200,"Oscillatory",2,1.5,NA,1,"Tail",0.048,0.00955991631762538
200,"Oscillatory",2,2,NA,1,"Uniform",0,0
200,"Oscillatory",2,2,NA,1,"Central",0.062,0.0107848041243223
200,"Oscillatory",2,2,NA,1,"Tail",0.064,0.0109456840809517
200,"Oscillatory",4,0.5,NA,1,"Uniform",0,0
200,"Oscillatory",4,0.5,NA,1,"Central",0.062,0.0107848041243223
200,"Oscillatory",4,0.5,NA,1,"Tail",0.06,0.0106207344378814
200,"Oscillatory",4,1,NA,1,"Uniform",0,0
200,"Oscillatory",4,1,NA,1,"Central",0.082,0.0122699633251286
200,"Oscillatory",4,1,NA,1,"Tail",0.052,0.00992935043192655
200,"Oscillatory",4,1.5,NA,1,"Uniform",0,0
200,"Oscillatory",4,1.5,NA,1,"Central",0.046,0.00936845771725528
200,"Oscillatory",4,1.5,NA,1,"Tail",0.056,0.0102824121683582
200,"Oscillatory",4,2,NA,1,"Uniform",0,0
200,"Oscillatory",4,2,NA,1,"Central",0.06,0.0106207344378814
200,"Oscillatory",4,2,NA,1,"Tail",0.05,0.00974679434480896
200,"Oscillatory",8,0.5,NA,1,"Uniform",0,0
200,"Oscillatory",8,0.5,NA,1,"Central",0.06,0.0106207344378814
200,"Oscillatory",8,0.5,NA,1,"Tail",0.066,0.0111035129576184
200,"Oscillatory",8,1,NA,1,"Uniform",0,0
200,"Oscillatory",8,1,NA,1,"Central",0.062,0.0107848041243223
200,"Oscillatory",8,1,NA,1,"Tail",0.072,0.0115599307956406
200,"Oscillatory",8,1.5,NA,1,"Uniform",0,0
200,"Oscillatory",8,1.5,NA,1,"Central",0.056,0.0102824121683582
200,"Oscillatory",8,1.5,NA,1,"Tail",0.082,0.0122699633251286
200,"Oscillatory",8,2,NA,1,"Uniform",0,0
200,"Oscillatory",8,2,NA,1,"Central",0.048,0.00955991631762538
200,"Oscillatory",8,2,NA,1,"Tail",0.076,0.0118510759005248
200,"Abrupt",0.25,0.05,NA,1,"Uniform",0,0
200,"Abrupt",0.25,0.05,NA,1,"Central",0.068,0.0112584190719657
200,"Abrupt",0.25,0.05,NA,1,"Tail",0.046,0.00936845771725528
200,"Abrupt",0.25,0.1,NA,1,"Uniform",0,0
200,"Abrupt",0.25,0.1,NA,1,"Central",0.104,0.013651666564929
200,"Abrupt",0.25,0.1,NA,1,"Tail",0.028,0.00737780455149091
200,"Abrupt",0.25,0.2,NA,1,"Uniform",0,0
200,"Abrupt",0.25,0.2,NA,1,"Central",0.104,0.013651666564929
200,"Abrupt",0.25,0.2,NA,1,"Tail",0.05,0.00974679434480896
200,"Abrupt",0.5,0.05,NA,1,"Uniform",0,0
200,"Abrupt",0.5,0.05,NA,1,"Central",0.088,0.0126693330526907
200,"Abrupt",0.5,0.05,NA,1,"Tail",0.06,0.0106207344378814
200,"Abrupt",0.5,0.1,NA,1,"Uniform",0,0
200,"Abrupt",0.5,0.1,NA,1,"Central",0.066,0.0111035129576184
200,"Abrupt",0.5,0.1,NA,1,"Tail",0.042,0.00897061870775924
200,"Abrupt",0.5,0.2,NA,1,"Uniform",0,0
200,"Abrupt",0.5,0.2,NA,1,"Central",0.072,0.0115599307956406
200,"Abrupt",0.5,0.2,NA,1,"Tail",0.048,0.00955991631762538
200,"Abrupt",0.75,0.05,NA,1,"Uniform",0,0
200,"Abrupt",0.75,0.05,NA,1,"Central",0.04,0.00876356092008266
200,"Abrupt",0.75,0.05,NA,1,"Tail",0.094,0.0130509769749241
200,"Abrupt",0.75,0.1,NA,1,"Uniform",0,0
200,"Abrupt",0.75,0.1,NA,1,"Central",0.014,0.00525433154644813
200,"Abrupt",0.75,0.1,NA,1,"Tail",0.216,0.0184034779321736
200,"Abrupt",0.75,0.2,NA,1,"Uniform",0,0
200,"Abrupt",0.75,0.2,NA,1,"Central",0,0
200,"Abrupt",0.75,0.2,NA,1,"Tail",0.604,0.0218716254539986
200,"Mixture",0.05,0.25,NA,1,"Uniform",0,0
200,"Mixture",0.05,0.25,NA,1,"Central",0,0
200,"Mixture",0.05,0.25,NA,1,"Tail",1,0
200,"Mixture",0.05,0.5,NA,1,"Uniform",0,0
200,"Mixture",0.05,0.5,NA,1,"Central",0,0
200,"Mixture",0.05,0.5,NA,1,"Tail",1,0
200,"Mixture",0.05,0.75,NA,1,"Uniform",0,0
200,"Mixture",0.05,0.75,NA,1,"Central",0,0
200,"Mixture",0.05,0.75,NA,1,"Tail",1,0
200,"Mixture",0.1,0.25,NA,1,"Uniform",0,0
200,"Mixture",0.1,0.25,NA,1,"Central",0,0
200,"Mixture",0.1,0.25,NA,1,"Tail",1,0
200,"Mixture",0.1,0.5,NA,1,"Uniform",0,0
200,"Mixture",0.1,0.5,NA,1,"Central",0,0
200,"Mixture",0.1,0.5,NA,1,"Tail",1,0
200,"Mixture",0.1,0.75,NA,1,"Uniform",0,0
200,"Mixture",0.1,0.75,NA,1,"Central",0,0
200,"Mixture",0.1,0.75,NA,1,"Tail",1,0
200,"Mixture",0.2,0.25,NA,1,"Uniform",0,0
200,"Mixture",0.2,0.25,NA,1,"Central",0,0
200,"Mixture",0.2,0.25,NA,1,"Tail",1,0
200,"Mixture",0.2,0.5,NA,1,"Uniform",0,0
200,"Mixture",0.2,0.5,NA,1,"Central",0,0
200,"Mixture",0.2,0.5,NA,1,"Tail",1,0
200,"Mixture",0.2,0.75,NA,1,"Uniform",0,0
200,"Mixture",0.2,0.75,NA,1,"Central",0,0
200,"Mixture",0.2,0.75,NA,1,"Tail",1,0
200,"Localized",0.25,0.05,0.5,2,"Uniform",0,0
200,"Localized",0.25,0.05,0.5,2,"Central",0.066,0.0111035129576184
200,"Localized",0.25,0.05,0.5,2,"Tail",0.038,0.00855055553750749
200,"Localized",0.25,0.05,0.5,2,"Localized",0.034,0.00810481338464989
200,"Localized",0.25,0.05,1,2,"Uniform",0,0
200,"Localized",0.25,0.05,1,2,"Central",0.078,0.0119929979571415
200,"Localized",0.25,0.05,1,2,"Tail",0.026,0.00711674082709213
200,"Localized",0.25,0.05,1,2,"Localized",0.032,0.00787095928079926
200,"Localized",0.25,0.05,1.5,2,"Uniform",0,0
200,"Localized",0.25,0.05,1.5,2,"Central",0.066,0.0111035129576184
200,"Localized",0.25,0.05,1.5,2,"Tail",0.04,0.00876356092008266
200,"Localized",0.25,0.05,1.5,2,"Localized",0.036,0.0083311463797007
200,"Localized",0.25,0.05,2,2,"Uniform",0,0
200,"Localized",0.25,0.05,2,2,"Central",0.078,0.0119929979571415
200,"Localized",0.25,0.05,2,2,"Tail",0.066,0.0111035129576184
200,"Localized",0.25,0.05,2,2,"Localized",0.034,0.00810481338464989
200,"Localized",0.25,0.1,0.5,2,"Uniform",0,0
200,"Localized",0.25,0.1,0.5,2,"Central",0.056,0.0102824121683582
200,"Localized",0.25,0.1,0.5,2,"Tail",0.038,0.00855055553750749
200,"Localized",0.25,0.1,0.5,2,"Localized",0.036,0.0083311463797007
200,"Localized",0.25,0.1,1,2,"Uniform",0,0
200,"Localized",0.25,0.1,1,2,"Central",0.084,0.0124051602166195
200,"Localized",0.25,0.1,1,2,"Tail",0.046,0.00936845771725528
200,"Localized",0.25,0.1,1,2,"Localized",0.036,0.0083311463797007
200,"Localized",0.25,0.1,1.5,2,"Uniform",0,0
200,"Localized",0.25,0.1,1.5,2,"Central",0.08,0.0121326007104825
200,"Localized",0.25,0.1,1.5,2,"Tail",0.05,0.00974679434480896
200,"Localized",0.25,0.1,1.5,2,"Localized",0.028,0.00737780455149091
200,"Localized",0.25,0.1,2,2,"Uniform",0,0
200,"Localized",0.25,0.1,2,2,"Central",0.07,0.0114105214604767
200,"Localized",0.25,0.1,2,2,"Tail",0.058,0.0104533248299285
200,"Localized",0.25,0.1,2,2,"Localized",0.02,0.00626099033699941
200,"Localized",0.25,0.2,0.5,2,"Uniform",0,0
200,"Localized",0.25,0.2,0.5,2,"Central",0.068,0.0112584190719657
200,"Localized",0.25,0.2,0.5,2,"Tail",0.03,0.00762889244910426
200,"Localized",0.25,0.2,0.5,2,"Localized",0.04,0.00876356092008266
200,"Localized",0.25,0.2,1,2,"Uniform",0,0
200,"Localized",0.25,0.2,1,2,"Central",0.04,0.00876356092008266
200,"Localized",0.25,0.2,1,2,"Tail",0.046,0.00936845771725528
200,"Localized",0.25,0.2,1,2,"Localized",0.024,0.00684455988358638
200,"Localized",0.25,0.2,1.5,2,"Uniform",0,0
200,"Localized",0.25,0.2,1.5,2,"Central",0.064,0.0109456840809517
200,"Localized",0.25,0.2,1.5,2,"Tail",0.054,0.0101078187557949
200,"Localized",0.25,0.2,1.5,2,"Localized",0.04,0.00876356092008266
200,"Localized",0.25,0.2,2,2,"Uniform",0,0
200,"Localized",0.25,0.2,2,2,"Central",0.066,0.0111035129576184
200,"Localized",0.25,0.2,2,2,"Tail",0.062,0.0107848041243223
200,"Localized",0.25,0.2,2,2,"Localized",0.026,0.00711674082709213
200,"Localized",0.5,0.05,0.5,2,"Uniform",0,0
200,"Localized",0.5,0.05,0.5,2,"Central",0.074,0.0117067501895274
200,"Localized",0.5,0.05,0.5,2,"Tail",0.038,0.00855055553750749
200,"Localized",0.5,0.05,0.5,2,"Localized",0.084,0.0124051602166195
200,"Localized",0.5,0.05,1,2,"Uniform",0,0
200,"Localized",0.5,0.05,1,2,"Central",0.05,0.00974679434480896
200,"Localized",0.5,0.05,1,2,"Tail",0.04,0.00876356092008266
200,"Localized",0.5,0.05,1,2,"Localized",0.036,0.0083311463797007
200,"Localized",0.5,0.05,1.5,2,"Uniform",0,0
200,"Localized",0.5,0.05,1.5,2,"Central",0.064,0.0109456840809517
200,"Localized",0.5,0.05,1.5,2,"Tail",0.03,0.00762889244910426
200,"Localized",0.5,0.05,1.5,2,"Localized",0.052,0.00992935043192655
200,"Localized",0.5,0.05,2,2,"Uniform",0,0
200,"Localized",0.5,0.05,2,2,"Central",0.046,0.00936845771725528
200,"Localized",0.5,0.05,2,2,"Tail",0.054,0.0101078187557949
200,"Localized",0.5,0.05,2,2,"Localized",0.032,0.00787095928079926
200,"Localized",0.5,0.1,0.5,2,"Uniform",0,0
200,"Localized",0.5,0.1,0.5,2,"Central",0.054,0.0101078187557949
200,"Localized",0.5,0.1,0.5,2,"Tail",0.048,0.00955991631762538
200,"Localized",0.5,0.1,0.5,2,"Localized",0.028,0.00737780455149091
200,"Localized",0.5,0.1,1,2,"Uniform",0,0
200,"Localized",0.5,0.1,1,2,"Central",0.052,0.00992935043192655
200,"Localized",0.5,0.1,1,2,"Tail",0.066,0.0111035129576184
200,"Localized",0.5,0.1,1,2,"Localized",0.026,0.00711674082709213
200,"Localized",0.5,0.1,1.5,2,"Uniform",0,0
200,"Localized",0.5,0.1,1.5,2,"Central",0.04,0.00876356092008266
200,"Localized",0.5,0.1,1.5,2,"Tail",0.044,0.00917213170424411
200,"Localized",0.5,0.1,1.5,2,"Localized",0.014,0.00525433154644813
200,"Localized",0.5,0.1,2,2,"Uniform",0,0
200,"Localized",0.5,0.1,2,2,"Central",0.032,0.00787095928079926
200,"Localized",0.5,0.1,2,2,"Tail",0.044,0.00917213170424411
200,"Localized",0.5,0.1,2,2,"Localized",0.02,0.00626099033699941
200,"Localized",0.5,0.2,0.5,2,"Uniform",0,0
200,"Localized",0.5,0.2,0.5,2,"Central",0.058,0.0104533248299285
200,"Localized",0.5,0.2,0.5,2,"Tail",0.054,0.0101078187557949
200,"Localized",0.5,0.2,0.5,2,"Localized",0.054,0.0101078187557949
200,"Localized",0.5,0.2,1,2,"Uniform",0,0
200,"Localized",0.5,0.2,1,2,"Central",0.058,0.0104533248299285
200,"Localized",0.5,0.2,1,2,"Tail",0.058,0.0104533248299285
200,"Localized",0.5,0.2,1,2,"Localized",0.056,0.0102824121683582
200,"Localized",0.5,0.2,1.5,2,"Uniform",0,0
200,"Localized",0.5,0.2,1.5,2,"Central",0.04,0.00876356092008266
200,"Localized",0.5,0.2,1.5,2,"Tail",0.056,0.0102824121683582
200,"Localized",0.5,0.2,1.5,2,"Localized",0.04,0.00876356092008266
200,"Localized",0.5,0.2,2,2,"Uniform",0,0
200,"Localized",0.5,0.2,2,2,"Central",0.052,0.00992935043192655
200,"Localized",0.5,0.2,2,2,"Tail",0.078,0.0119929979571415
200,"Localized",0.5,0.2,2,2,"Localized",0.032,0.00787095928079926
200,"Localized",0.75,0.05,0.5,2,"Uniform",0,0
200,"Localized",0.75,0.05,0.5,2,"Central",0.066,0.0111035129576184
200,"Localized",0.75,0.05,0.5,2,"Tail",0.056,0.0102824121683582
200,"Localized",0.75,0.05,0.5,2,"Localized",0.032,0.00787095928079926
200,"Localized",0.75,0.05,1,2,"Uniform",0,0
200,"Localized",0.75,0.05,1,2,"Central",0.078,0.0119929979571415
200,"Localized",0.75,0.05,1,2,"Tail",0.064,0.0109456840809517
200,"Localized",0.75,0.05,1,2,"Localized",0.034,0.00810481338464989
200,"Localized",0.75,0.05,1.5,2,"Uniform",0,0
200,"Localized",0.75,0.05,1.5,2,"Central",0.07,0.0114105214604767
200,"Localized",0.75,0.05,1.5,2,"Tail",0.052,0.00992935043192655
200,"Localized",0.75,0.05,1.5,2,"Localized",0.02,0.00626099033699941
200,"Localized",0.75,0.05,2,2,"Uniform",0,0
200,"Localized",0.75,0.05,2,2,"Central",0.076,0.0118510759005248
200,"Localized",0.75,0.05,2,2,"Tail",0.048,0.00955991631762538
200,"Localized",0.75,0.05,2,2,"Localized",0.02,0.00626099033699941
200,"Localized",0.75,0.1,0.5,2,"Uniform",0,0
200,"Localized",0.75,0.1,0.5,2,"Central",0.072,0.0115599307956406
200,"Localized",0.75,0.1,0.5,2,"Tail",0.036,0.0083311463797007
200,"Localized",0.75,0.1,0.5,2,"Localized",0.062,0.0107848041243223
200,"Localized",0.75,0.1,1,2,"Uniform",0,0
200,"Localized",0.75,0.1,1,2,"Central",0.088,0.0126693330526907
200,"Localized",0.75,0.1,1,2,"Tail",0.036,0.0083311463797007
200,"Localized",0.75,0.1,1,2,"Localized",0.046,0.00936845771725528
200,"Localized",0.75,0.1,1.5,2,"Uniform",0,0
200,"Localized",0.75,0.1,1.5,2,"Central",0.048,0.00955991631762538
200,"Localized",0.75,0.1,1.5,2,"Tail",0.052,0.00992935043192655
200,"Localized",0.75,0.1,1.5,2,"Localized",0.038,0.00855055553750749
200,"Localized",0.75,0.1,2,2,"Uniform",0,0
200,"Localized",0.75,0.1,2,2,"Central",0.082,0.0122699633251286
200,"Localized",0.75,0.1,2,2,"Tail",0.028,0.00737780455149091
200,"Localized",0.75,0.1,2,2,"Localized",0.036,0.0083311463797007
200,"Localized",0.75,0.2,0.5,2,"Uniform",0,0
200,"Localized",0.75,0.2,0.5,2,"Central",0.064,0.0109456840809517
200,"Localized",0.75,0.2,0.5,2,"Tail",0.052,0.00992935043192655
200,"Localized",0.75,0.2,0.5,2,"Localized",0.044,0.00917213170424411
200,"Localized",0.75,0.2,1,2,"Uniform",0,0
200,"Localized",0.75,0.2,1,2,"Central",0.066,0.0111035129576184
200,"Localized",0.75,0.2,1,2,"Tail",0.044,0.00917213170424411
200,"Localized",0.75,0.2,1,2,"Localized",0.046,0.00936845771725528
200,"Localized",0.75,0.2,1.5,2,"Uniform",0,0
200,"Localized",0.75,0.2,1.5,2,"Central",0.07,0.0114105214604767
200,"Localized",0.75,0.2,1.5,2,"Tail",0.048,0.00955991631762538
200,"Localized",0.75,0.2,1.5,2,"Localized",0.038,0.00855055553750749
200,"Localized",0.75,0.2,2,2,"Uniform",0,0
200,"Localized",0.75,0.2,2,2,"Central",0.056,0.0102824121683582
200,"Localized",0.75,0.2,2,2,"Tail",0.056,0.0102824121683582
200,"Localized",0.75,0.2,2,2,"Localized",0.024,0.00684455988358638
200,"Oscillatory",1,0.5,NA,2,"Uniform",0,0
200,"Oscillatory",1,0.5,NA,2,"Central",0.056,0.0102824121683582
200,"Oscillatory",1,0.5,NA,2,"Tail",0.036,0.0083311463797007
200,"Oscillatory",1,1,NA,2,"Uniform",0,0
200,"Oscillatory",1,1,NA,2,"Central",0.042,0.00897061870775924
200,"Oscillatory",1,1,NA,2,"Tail",0.032,0.00787095928079926
200,"Oscillatory",1,1.5,NA,2,"Uniform",0,0
200,"Oscillatory",1,1.5,NA,2,"Central",0.076,0.0118510759005248
200,"Oscillatory",1,1.5,NA,2,"Tail",0.052,0.00992935043192655
200,"Oscillatory",1,2,NA,2,"Uniform",0,0
200,"Oscillatory",1,2,NA,2,"Central",0.072,0.0115599307956406
200,"Oscillatory",1,2,NA,2,"Tail",0.036,0.0083311463797007
200,"Oscillatory",2,0.5,NA,2,"Uniform",0,0
200,"Oscillatory",2,0.5,NA,2,"Central",0.084,0.0124051602166195
200,"Oscillatory",2,0.5,NA,2,"Tail",0.048,0.00955991631762538
200,"Oscillatory",2,1,NA,2,"Uniform",0,0
200,"Oscillatory",2,1,NA,2,"Central",0.074,0.0117067501895274
200,"Oscillatory",2,1,NA,2,"Tail",0.032,0.00787095928079926
200,"Oscillatory",2,1.5,NA,2,"Uniform",0,0
200,"Oscillatory",2,1.5,NA,2,"Central",0.068,0.0112584190719657
200,"Oscillatory",2,1.5,NA,2,"Tail",0.05,0.00974679434480896
200,"Oscillatory",2,2,NA,2,"Uniform",0,0
200,"Oscillatory",2,2,NA,2,"Central",0.068,0.0112584190719657
200,"Oscillatory",2,2,NA,2,"Tail",0.04,0.00876356092008266
200,"Oscillatory",4,0.5,NA,2,"Uniform",0,0
200,"Oscillatory",4,0.5,NA,2,"Central",0.046,0.00936845771725528
200,"Oscillatory",4,0.5,NA,2,"Tail",0.034,0.00810481338464989
200,"Oscillatory",4,1,NA,2,"Uniform",0,0
200,"Oscillatory",4,1,NA,2,"Central",0.062,0.0107848041243223
200,"Oscillatory",4,1,NA,2,"Tail",0.046,0.00936845771725528
200,"Oscillatory",4,1.5,NA,2,"Uniform",0,0
200,"Oscillatory",4,1.5,NA,2,"Central",0.082,0.0122699633251286
200,"Oscillatory",4,1.5,NA,2,"Tail",0.058,0.0104533248299285
200,"Oscillatory",4,2,NA,2,"Uniform",0,0
200,"Oscillatory",4,2,NA,2,"Central",0.088,0.0126693330526907
200,"Oscillatory",4,2,NA,2,"Tail",0.054,0.0101078187557949
200,"Oscillatory",8,0.5,NA,2,"Uniform",0,0
200,"Oscillatory",8,0.5,NA,2,"Central",0.066,0.0111035129576184
200,"Oscillatory",8,0.5,NA,2,"Tail",0.052,0.00992935043192655
200,"Oscillatory",8,1,NA,2,"Uniform",0,0
200,"Oscillatory",8,1,NA,2,"Central",0.09,0.0127984374046209
200,"Oscillatory",8,1,NA,2,"Tail",0.054,0.0101078187557949
200,"Oscillatory",8,1.5,NA,2,"Uniform",0,0
200,"Oscillatory",8,1.5,NA,2,"Central",0.05,0.00974679434480896
200,"Oscillatory",8,1.5,NA,2,"Tail",0.066,0.0111035129576184
200,"Oscillatory",8,2,NA,2,"Uniform",0,0
200,"Oscillatory",8,2,NA,2,"Central",0.042,0.00897061870775924
200,"Oscillatory",8,2,NA,2,"Tail",0.068,0.0112584190719657
200,"Abrupt",0.25,0.05,NA,2,"Uniform",0,0
200,"Abrupt",0.25,0.05,NA,2,"Central",0.062,0.0107848041243223
200,"Abrupt",0.25,0.05,NA,2,"Tail",0.04,0.00876356092008266
200,"Abrupt",0.25,0.1,NA,2,"Uniform",0,0
200,"Abrupt",0.25,0.1,NA,2,"Central",0.106,0.0137669168661687
200,"Abrupt",0.25,0.1,NA,2,"Tail",0.028,0.00737780455149091
200,"Abrupt",0.25,0.2,NA,2,"Uniform",0,0
200,"Abrupt",0.25,0.2,NA,2,"Central",0.102,0.0135348439222623
200,"Abrupt",0.25,0.2,NA,2,"Tail",0.032,0.00787095928079926
200,"Abrupt",0.5,0.05,NA,2,"Uniform",0,0
200,"Abrupt",0.5,0.05,NA,2,"Central",0.052,0.00992935043192655
200,"Abrupt",0.5,0.05,NA,2,"Tail",0.046,0.00936845771725528
200,"Abrupt",0.5,0.1,NA,2,"Uniform",0,0
200,"Abrupt",0.5,0.1,NA,2,"Central",0.086,0.0125382614424808
200,"Abrupt",0.5,0.1,NA,2,"Tail",0.038,0.00855055553750749
200,"Abrupt",0.5,0.2,NA,2,"Uniform",0,0
200,"Abrupt",0.5,0.2,NA,2,"Central",0.09,0.0127984374046209
200,"Abrupt",0.5,0.2,NA,2,"Tail",0.038,0.00855055553750749
200,"Abrupt",0.75,0.05,NA,2,"Uniform",0,0
200,"Abrupt",0.75,0.05,NA,2,"Central",0.04,0.00876356092008266
200,"Abrupt",0.75,0.05,NA,2,"Tail",0.068,0.0112584190719657
200,"Abrupt",0.75,0.1,NA,2,"Uniform",0,0
200,"Abrupt",0.75,0.1,NA,2,"Central",0.022,0.00655987804764692
200,"Abrupt",0.75,0.1,NA,2,"Tail",0.196,0.017752971582245
200,"Abrupt",0.75,0.2,NA,2,"Uniform",0,0
200,"Abrupt",0.75,0.2,NA,2,"Central",0.002,0.00199799899899875
200,"Abrupt",0.75,0.2,NA,2,"Tail",0.57,0.0221404606998138
200,"Mixture",0.05,0.25,NA,2,"Uniform",0,0
200,"Mixture",0.05,0.25,NA,2,"Central",0,0
200,"Mixture",0.05,0.25,NA,2,"Tail",1,0
200,"Mixture",0.05,0.5,NA,2,"Uniform",0,0
200,"Mixture",0.05,0.5,NA,2,"Central",0,0
200,"Mixture",0.05,0.5,NA,2,"Tail",1,0
200,"Mixture",0.05,0.75,NA,2,"Uniform",0,0
200,"Mixture",0.05,0.75,NA,2,"Central",0,0
200,"Mixture",0.05,0.75,NA,2,"Tail",1,0
200,"Mixture",0.1,0.25,NA,2,"Uniform",0,0
200,"Mixture",0.1,0.25,NA,2,"Central",0,0
200,"Mixture",0.1,0.25,NA,2,"Tail",1,0
200,"Mixture",0.1,0.5,NA,2,"Uniform",0,0
200,"Mixture",0.1,0.5,NA,2,"Central",0,0
200,"Mixture",0.1,0.5,NA,2,"Tail",1,0
200,"Mixture",0.1,0.75,NA,2,"Uniform",0,0
200,"Mixture",0.1,0.75,NA,2,"Central",0,0
200,"Mixture",0.1,0.75,NA,2,"Tail",1,0
200,"Mixture",0.2,0.25,NA,2,"Uniform",0,0
200,"Mixture",0.2,0.25,NA,2,"Central",0,0
200,"Mixture",0.2,0.25,NA,2,"Tail",1,0
200,"Mixture",0.2,0.5,NA,2,"Uniform",0,0
200,"Mixture",0.2,0.5,NA,2,"Central",0,0
200,"Mixture",0.2,0.5,NA,2,"Tail",1,0
200,"Mixture",0.2,0.75,NA,2,"Uniform",0,0
200,"Mixture",0.2,0.75,NA,2,"Central",0,0
200,"Mixture",0.2,0.75,NA,2,"Tail",1,0
200,"Localized",0.25,0.05,0.5,3,"Uniform",0,0
200,"Localized",0.25,0.05,0.5,3,"Central",0.038,0.00855055553750749
200,"Localized",0.25,0.05,0.5,3,"Tail",0.032,0.00787095928079926
200,"Localized",0.25,0.05,0.5,3,"Localized",0.034,0.00810481338464989
200,"Localized",0.25,0.05,1,3,"Uniform",0,0
200,"Localized",0.25,0.05,1,3,"Central",0.042,0.00897061870775924
200,"Localized",0.25,0.05,1,3,"Tail",0.078,0.0119929979571415
200,"Localized",0.25,0.05,1,3,"Localized",0.04,0.00876356092008266
200,"Localized",0.25,0.05,1.5,3,"Uniform",0,0
200,"Localized",0.25,0.05,1.5,3,"Central",0.048,0.00955991631762538
200,"Localized",0.25,0.05,1.5,3,"Tail",0.056,0.0102824121683582
200,"Localized",0.25,0.05,1.5,3,"Localized",0.024,0.00684455988358638
200,"Localized",0.25,0.05,2,3,"Uniform",0,0
200,"Localized",0.25,0.05,2,3,"Central",0.036,0.0083311463797007
200,"Localized",0.25,0.05,2,3,"Tail",0.048,0.00955991631762538
200,"Localized",0.25,0.05,2,3,"Localized",0.028,0.00737780455149091
200,"Localized",0.25,0.1,0.5,3,"Uniform",0,0
200,"Localized",0.25,0.1,0.5,3,"Central",0.046,0.00936845771725528
200,"Localized",0.25,0.1,0.5,3,"Tail",0.048,0.00955991631762538
200,"Localized",0.25,0.1,0.5,3,"Localized",0.034,0.00810481338464989
200,"Localized",0.25,0.1,1,3,"Uniform",0,0
200,"Localized",0.25,0.1,1,3,"Central",0.036,0.0083311463797007
200,"Localized",0.25,0.1,1,3,"Tail",0.048,0.00955991631762538
200,"Localized",0.25,0.1,1,3,"Localized",0.014,0.00525433154644813
200,"Localized",0.25,0.1,1.5,3,"Uniform",0,0
200,"Localized",0.25,0.1,1.5,3,"Central",0.038,0.00855055553750749
200,"Localized",0.25,0.1,1.5,3,"Tail",0.062,0.0107848041243223
200,"Localized",0.25,0.1,1.5,3,"Localized",0.032,0.00787095928079926
200,"Localized",0.25,0.1,2,3,"Uniform",0,0
200,"Localized",0.25,0.1,2,3,"Central",0.05,0.00974679434480896
200,"Localized",0.25,0.1,2,3,"Tail",0.056,0.0102824121683582
200,"Localized",0.25,0.1,2,3,"Localized",0.018,0.005945754788082
200,"Localized",0.25,0.2,0.5,3,"Uniform",0,0
200,"Localized",0.25,0.2,0.5,3,"Central",0.046,0.00936845771725528
200,"Localized",0.25,0.2,0.5,3,"Tail",0.036,0.0083311463797007
200,"Localized",0.25,0.2,0.5,3,"Localized",0.056,0.0102824121683582
200,"Localized",0.25,0.2,1,3,"Uniform",0,0
200,"Localized",0.25,0.2,1,3,"Central",0.044,0.00917213170424411
200,"Localized",0.25,0.2,1,3,"Tail",0.048,0.00955991631762538
200,"Localized",0.25,0.2,1,3,"Localized",0.056,0.0102824121683582
200,"Localized",0.25,0.2,1.5,3,"Uniform",0,0
200,"Localized",0.25,0.2,1.5,3,"Central",0.028,0.00737780455149091
200,"Localized",0.25,0.2,1.5,3,"Tail",0.058,0.0104533248299285
200,"Localized",0.25,0.2,1.5,3,"Localized",0.036,0.0083311463797007
200,"Localized",0.25,0.2,2,3,"Uniform",0,0
200,"Localized",0.25,0.2,2,3,"Central",0.03,0.00762889244910426
200,"Localized",0.25,0.2,2,3,"Tail",0.038,0.00855055553750749
200,"Localized",0.25,0.2,2,3,"Localized",0.026,0.00711674082709213
200,"Localized",0.5,0.05,0.5,3,"Uniform",0,0
200,"Localized",0.5,0.05,0.5,3,"Central",0.026,0.00711674082709213
200,"Localized",0.5,0.05,0.5,3,"Tail",0.058,0.0104533248299285
200,"Localized",0.5,0.05,0.5,3,"Localized",0.044,0.00917213170424411
200,"Localized",0.5,0.05,1,3,"Uniform",0,0
200,"Localized",0.5,0.05,1,3,"Central",0.028,0.00737780455149091
200,"Localized",0.5,0.05,1,3,"Tail",0.048,0.00955991631762538
200,"Localized",0.5,0.05,1,3,"Localized",0.042,0.00897061870775924
200,"Localized",0.5,0.05,1.5,3,"Uniform",0,0
200,"Localized",0.5,0.05,1.5,3,"Central",0.03,0.00762889244910426
200,"Localized",0.5,0.05,1.5,3,"Tail",0.048,0.00955991631762538
200,"Localized",0.5,0.05,1.5,3,"Localized",0.032,0.00787095928079926
200,"Localized",0.5,0.05,2,3,"Uniform",0,0
200,"Localized",0.5,0.05,2,3,"Central",0.02,0.00626099033699941
200,"Localized",0.5,0.05,2,3,"Tail",0.058,0.0104533248299285
200,"Localized",0.5,0.05,2,3,"Localized",0.016,0.00561141693336006
200,"Localized",0.5,0.1,0.5,3,"Uniform",0,0
200,"Localized",0.5,0.1,0.5,3,"Central",0.028,0.00737780455149091
200,"Localized",0.5,0.1,0.5,3,"Tail",0.058,0.0104533248299285
200,"Localized",0.5,0.1,0.5,3,"Localized",0.048,0.00955991631762538
200,"Localized",0.5,0.1,1,3,"Uniform",0,0
200,"Localized",0.5,0.1,1,3,"Central",0.038,0.00855055553750749
200,"Localized",0.5,0.1,1,3,"Tail",0.046,0.00936845771725528
200,"Localized",0.5,0.1,1,3,"Localized",0.038,0.00855055553750749
200,"Localized",0.5,0.1,1.5,3,"Uniform",0,0
200,"Localized",0.5,0.1,1.5,3,"Central",0.038,0.00855055553750749
200,"Localized",0.5,0.1,1.5,3,"Tail",0.042,0.00897061870775924
200,"Localized",0.5,0.1,1.5,3,"Localized",0.026,0.00711674082709213
200,"Localized",0.5,0.1,2,3,"Uniform",0,0
200,"Localized",0.5,0.1,2,3,"Central",0.008,0.00398396787135639
200,"Localized",0.5,0.1,2,3,"Tail",0.06,0.0106207344378814
200,"Localized",0.5,0.1,2,3,"Localized",0.02,0.00626099033699941
200,"Localized",0.5,0.2,0.5,3,"Uniform",0,0
200,"Localized",0.5,0.2,0.5,3,"Central",0.02,0.00626099033699941
200,"Localized",0.5,0.2,0.5,3,"Tail",0.05,0.00974679434480896
200,"Localized",0.5,0.2,0.5,3,"Localized",0.066,0.0111035129576184
200,"Localized",0.5,0.2,1,3,"Uniform",0,0
200,"Localized",0.5,0.2,1,3,"Central",0.028,0.00737780455149091
200,"Localized",0.5,0.2,1,3,"Tail",0.076,0.0118510759005248
200,"Localized",0.5,0.2,1,3,"Localized",0.052,0.00992935043192655
200,"Localized",0.5,0.2,1.5,3,"Uniform",0,0
200,"Localized",0.5,0.2,1.5,3,"Central",0.02,0.00626099033699941
200,"Localized",0.5,0.2,1.5,3,"Tail",0.076,0.0118510759005248
200,"Localized",0.5,0.2,1.5,3,"Localized",0.044,0.00917213170424411
200,"Localized",0.5,0.2,2,3,"Uniform",0,0
200,"Localized",0.5,0.2,2,3,"Central",0.022,0.00655987804764692
200,"Localized",0.5,0.2,2,3,"Tail",0.078,0.0119929979571415
200,"Localized",0.5,0.2,2,3,"Localized",0.05,0.00974679434480896
200,"Localized",0.75,0.05,0.5,3,"Uniform",0,0
200,"Localized",0.75,0.05,0.5,3,"Central",0.034,0.00810481338464989
200,"Localized",0.75,0.05,0.5,3,"Tail",0.052,0.00992935043192655
200,"Localized",0.75,0.05,0.5,3,"Localized",0.062,0.0107848041243223
200,"Localized",0.75,0.05,1,3,"Uniform",0,0
200,"Localized",0.75,0.05,1,3,"Central",0.02,0.00626099033699941
200,"Localized",0.75,0.05,1,3,"Tail",0.072,0.0115599307956406
200,"Localized",0.75,0.05,1,3,"Localized",0.052,0.00992935043192655
200,"Localized",0.75,0.05,1.5,3,"Uniform",0,0
200,"Localized",0.75,0.05,1.5,3,"Central",0.024,0.00684455988358638
200,"Localized",0.75,0.05,1.5,3,"Tail",0.05,0.00974679434480896
200,"Localized",0.75,0.05,1.5,3,"Localized",0.034,0.00810481338464989
200,"Localized",0.75,0.05,2,3,"Uniform",0,0
200,"Localized",0.75,0.05,2,3,"Central",0.038,0.00855055553750749
200,"Localized",0.75,0.05,2,3,"Tail",0.046,0.00936845771725528
200,"Localized",0.75,0.05,2,3,"Localized",0.038,0.00855055553750749
200,"Localized",0.75,0.1,0.5,3,"Uniform",0,0
200,"Localized",0.75,0.1,0.5,3,"Central",0.026,0.00711674082709213
200,"Localized",0.75,0.1,0.5,3,"Tail",0.036,0.0083311463797007
200,"Localized",0.75,0.1,0.5,3,"Localized",0.056,0.0102824121683582
200,"Localized",0.75,0.1,1,3,"Uniform",0,0
200,"Localized",0.75,0.1,1,3,"Central",0.034,0.00810481338464989
200,"Localized",0.75,0.1,1,3,"Tail",0.068,0.0112584190719657
200,"Localized",0.75,0.1,1,3,"Localized",0.042,0.00897061870775924
200,"Localized",0.75,0.1,1.5,3,"Uniform",0,0
200,"Localized",0.75,0.1,1.5,3,"Central",0.03,0.00762889244910426
200,"Localized",0.75,0.1,1.5,3,"Tail",0.032,0.00787095928079926
200,"Localized",0.75,0.1,1.5,3,"Localized",0.024,0.00684455988358638
200,"Localized",0.75,0.1,2,3,"Uniform",0,0
200,"Localized",0.75,0.1,2,3,"Central",0.038,0.00855055553750749
200,"Localized",0.75,0.1,2,3,"Tail",0.056,0.0102824121683582
200,"Localized",0.75,0.1,2,3,"Localized",0.026,0.00711674082709213
200,"Localized",0.75,0.2,0.5,3,"Uniform",0,0
200,"Localized",0.75,0.2,0.5,3,"Central",0.044,0.00917213170424411
200,"Localized",0.75,0.2,0.5,3,"Tail",0.05,0.00974679434480896
200,"Localized",0.75,0.2,0.5,3,"Localized",0.054,0.0101078187557949
200,"Localized",0.75,0.2,1,3,"Uniform",0,0
200,"Localized",0.75,0.2,1,3,"Central",0.044,0.00917213170424411
200,"Localized",0.75,0.2,1,3,"Tail",0.052,0.00992935043192655
200,"Localized",0.75,0.2,1,3,"Localized",0.036,0.0083311463797007
200,"Localized",0.75,0.2,1.5,3,"Uniform",0,0
200,"Localized",0.75,0.2,1.5,3,"Central",0.038,0.00855055553750749
200,"Localized",0.75,0.2,1.5,3,"Tail",0.048,0.00955991631762538
200,"Localized",0.75,0.2,1.5,3,"Localized",0.052,0.00992935043192655
200,"Localized",0.75,0.2,2,3,"Uniform",0,0
200,"Localized",0.75,0.2,2,3,"Central",0.036,0.0083311463797007
200,"Localized",0.75,0.2,2,3,"Tail",0.056,0.0102824121683582
200,"Localized",0.75,0.2,2,3,"Localized",0.058,0.0104533248299285
200,"Oscillatory",1,0.5,NA,3,"Uniform",0,0
200,"Oscillatory",1,0.5,NA,3,"Central",0.02,0.00626099033699941
200,"Oscillatory",1,0.5,NA,3,"Tail",0.052,0.00992935043192655
200,"Oscillatory",1,1,NA,3,"Uniform",0,0
200,"Oscillatory",1,1,NA,3,"Central",0.024,0.00684455988358638
200,"Oscillatory",1,1,NA,3,"Tail",0.026,0.00711674082709213
200,"Oscillatory",1,1.5,NA,3,"Uniform",0,0
200,"Oscillatory",1,1.5,NA,3,"Central",0.038,0.00855055553750749
200,"Oscillatory",1,1.5,NA,3,"Tail",0.042,0.00897061870775924
200,"Oscillatory",1,2,NA,3,"Uniform",0,0
200,"Oscillatory",1,2,NA,3,"Central",0.032,0.00787095928079926
200,"Oscillatory",1,2,NA,3,"Tail",0.036,0.0083311463797007
200,"Oscillatory",2,0.5,NA,3,"Uniform",0,0
200,"Oscillatory",2,0.5,NA,3,"Central",0.032,0.00787095928079926
200,"Oscillatory",2,0.5,NA,3,"Tail",0.052,0.00992935043192655
200,"Oscillatory",2,1,NA,3,"Uniform",0,0
200,"Oscillatory",2,1,NA,3,"Central",0.028,0.00737780455149091
200,"Oscillatory",2,1,NA,3,"Tail",0.038,0.00855055553750749
200,"Oscillatory",2,1.5,NA,3,"Uniform",0,0
200,"Oscillatory",2,1.5,NA,3,"Central",0.028,0.00737780455149091
200,"Oscillatory",2,1.5,NA,3,"Tail",0.042,0.00897061870775924
200,"Oscillatory",2,2,NA,3,"Uniform",0,0
200,"Oscillatory",2,2,NA,3,"Central",0.016,0.00561141693336006
200,"Oscillatory",2,2,NA,3,"Tail",0.058,0.0104533248299285
200,"Oscillatory",4,0.5,NA,3,"Uniform",0,0
200,"Oscillatory",4,0.5,NA,3,"Central",0.032,0.00787095928079926
200,"Oscillatory",4,0.5,NA,3,"Tail",0.048,0.00955991631762538
200,"Oscillatory",4,1,NA,3,"Uniform",0,0
200,"Oscillatory",4,1,NA,3,"Central",0.038,0.00855055553750749
200,"Oscillatory",4,1,NA,3,"Tail",0.032,0.00787095928079926
200,"Oscillatory",4,1.5,NA,3,"Uniform",0,0
200,"Oscillatory",4,1.5,NA,3,"Central",0.042,0.00897061870775924
200,"Oscillatory",4,1.5,NA,3,"Tail",0.056,0.0102824121683582
200,"Oscillatory",4,2,NA,3,"Uniform",0,0
200,"Oscillatory",4,2,NA,3,"Central",0.044,0.00917213170424411
200,"Oscillatory",4,2,NA,3,"Tail",0.064,0.0109456840809517
200,"Oscillatory",8,0.5,NA,3,"Uniform",0,0
200,"Oscillatory",8,0.5,NA,3,"Central",0.016,0.00561141693336006
200,"Oscillatory",8,0.5,NA,3,"Tail",0.066,0.0111035129576184
200,"Oscillatory",8,1,NA,3,"Uniform",0,0
200,"Oscillatory",8,1,NA,3,"Central",0.022,0.00655987804764692
200,"Oscillatory",8,1,NA,3,"Tail",0.074,0.0117067501895274
200,"Oscillatory",8,1.5,NA,3,"Uniform",0,0
200,"Oscillatory",8,1.5,NA,3,"Central",0.032,0.00787095928079926
200,"Oscillatory",8,1.5,NA,3,"Tail",0.068,0.0112584190719657
200,"Oscillatory",8,2,NA,3,"Uniform",0,0
200,"Oscillatory",8,2,NA,3,"Central",0.018,0.005945754788082
200,"Oscillatory",8,2,NA,3,"Tail",0.068,0.0112584190719657
200,"Abrupt",0.25,0.05,NA,3,"Uniform",0,0
200,"Abrupt",0.25,0.05,NA,3,"Central",0.03,0.00762889244910426
200,"Abrupt",0.25,0.05,NA,3,"Tail",0.044,0.00917213170424411
200,"Abrupt",0.25,0.1,NA,3,"Uniform",0,0
200,"Abrupt",0.25,0.1,NA,3,"Central",0.034,0.00810481338464989
200,"Abrupt",0.25,0.1,NA,3,"Tail",0.046,0.00936845771725528
200,"Abrupt",0.25,0.2,NA,3,"Uniform",0,0
200,"Abrupt",0.25,0.2,NA,3,"Central",0.058,0.0104533248299285
200,"Abrupt",0.25,0.2,NA,3,"Tail",0.03,0.00762889244910426
200,"Abrupt",0.5,0.05,NA,3,"Uniform",0,0
200,"Abrupt",0.5,0.05,NA,3,"Central",0.026,0.00711674082709213
200,"Abrupt",0.5,0.05,NA,3,"Tail",0.058,0.0104533248299285
200,"Abrupt",0.5,0.1,NA,3,"Uniform",0,0
200,"Abrupt",0.5,0.1,NA,3,"Central",0.038,0.00855055553750749
200,"Abrupt",0.5,0.1,NA,3,"Tail",0.056,0.0102824121683582
200,"Abrupt",0.5,0.2,NA,3,"Uniform",0,0
200,"Abrupt",0.5,0.2,NA,3,"Central",0.038,0.00855055553750749
200,"Abrupt",0.5,0.2,NA,3,"Tail",0.054,0.0101078187557949
200,"Abrupt",0.75,0.05,NA,3,"Uniform",0,0
200,"Abrupt",0.75,0.05,NA,3,"Central",0.014,0.00525433154644813
200,"Abrupt",0.75,0.05,NA,3,"Tail",0.086,0.0125382614424808
200,"Abrupt",0.75,0.1,NA,3,"Uniform",0,0
200,"Abrupt",0.75,0.1,NA,3,"Central",0.008,0.00398396787135639
200,"Abrupt",0.75,0.1,NA,3,"Tail",0.194,0.0176841171676734
200,"Abrupt",0.75,0.2,NA,3,"Uniform",0,0
200,"Abrupt",0.75,0.2,NA,3,"Central",0,0
200,"Abrupt",0.75,0.2,NA,3,"Tail",0.616,0.021750586198997
200,"Mixture",0.05,0.25,NA,3,"Uniform",0,0
200,"Mixture",0.05,0.25,NA,3,"Central",0,0
200,"Mixture",0.05,0.25,NA,3,"Tail",1,0
200,"Mixture",0.05,0.5,NA,3,"Uniform",0,0
200,"Mixture",0.05,0.5,NA,3,"Central",0,0
200,"Mixture",0.05,0.5,NA,3,"Tail",1,0
200,"Mixture",0.05,0.75,NA,3,"Uniform",0,0
200,"Mixture",0.05,0.75,NA,3,"Central",0,0
200,"Mixture",0.05,0.75,NA,3,"Tail",1,0
200,"Mixture",0.1,0.25,NA,3,"Uniform",0,0
200,"Mixture",0.1,0.25,NA,3,"Central",0,0
200,"Mixture",0.1,0.25,NA,3,"Tail",1,0
200,"Mixture",0.1,0.5,NA,3,"Uniform",0,0
200,"Mixture",0.1,0.5,NA,3,"Central",0,0
200,"Mixture",0.1,0.5,NA,3,"Tail",1,0
200,"Mixture",0.1,0.75,NA,3,"Uniform",0,0
200,"Mixture",0.1,0.75,NA,3,"Central",0,0
200,"Mixture",0.1,0.75,NA,3,"Tail",1,0
200,"Mixture",0.2,0.25,NA,3,"Uniform",0,0
200,"Mixture",0.2,0.25,NA,3,"Central",0,0
200,"Mixture",0.2,0.25,NA,3,"Tail",1,0
200,"Mixture",0.2,0.5,NA,3,"Uniform",0,0
200,"Mixture",0.2,0.5,NA,3,"Central",0,0
200,"Mixture",0.2,0.5,NA,3,"Tail",1,0
200,"Mixture",0.2,0.75,NA,3,"Uniform",0,0
200,"Mixture",0.2,0.75,NA,3,"Central",0,0
200,"Mixture",0.2,0.75,NA,3,"Tail",1,0
200,"Localized",0.25,0.05,0.5,5,"Uniform",0,0
200,"Localized",0.25,0.05,0.5,5,"Central",0.06,0.0106207344378814
200,"Localized",0.25,0.05,0.5,5,"Tail",0.044,0.00917213170424411
200,"Localized",0.25,0.05,0.5,5,"Localized",0.034,0.00810481338464989
200,"Localized",0.25,0.05,1,5,"Uniform",0,0
200,"Localized",0.25,0.05,1,5,"Central",0.068,0.0112584190719657
200,"Localized",0.25,0.05,1,5,"Tail",0.06,0.0106207344378814
200,"Localized",0.25,0.05,1,5,"Localized",0.044,0.00917213170424411
200,"Localized",0.25,0.05,1.5,5,"Uniform",0,0
200,"Localized",0.25,0.05,1.5,5,"Central",0.068,0.0112584190719657
200,"Localized",0.25,0.05,1.5,5,"Tail",0.054,0.0101078187557949
200,"Localized",0.25,0.05,1.5,5,"Localized",0.028,0.00737780455149091
200,"Localized",0.25,0.05,2,5,"Uniform",0,0
200,"Localized",0.25,0.05,2,5,"Central",0.054,0.0101078187557949
200,"Localized",0.25,0.05,2,5,"Tail",0.054,0.0101078187557949
200,"Localized",0.25,0.05,2,5,"Localized",0.04,0.00876356092008266
200,"Localized",0.25,0.1,0.5,5,"Uniform",0,0
200,"Localized",0.25,0.1,0.5,5,"Central",0.062,0.0107848041243223
200,"Localized",0.25,0.1,0.5,5,"Tail",0.038,0.00855055553750749
200,"Localized",0.25,0.1,0.5,5,"Localized",0.058,0.0104533248299285
200,"Localized",0.25,0.1,1,5,"Uniform",0,0
200,"Localized",0.25,0.1,1,5,"Central",0.07,0.0114105214604767
200,"Localized",0.25,0.1,1,5,"Tail",0.068,0.0112584190719657
200,"Localized",0.25,0.1,1,5,"Localized",0.062,0.0107848041243223
200,"Localized",0.25,0.1,1.5,5,"Uniform",0,0
200,"Localized",0.25,0.1,1.5,5,"Central",0.064,0.0109456840809517
200,"Localized",0.25,0.1,1.5,5,"Tail",0.052,0.00992935043192655
200,"Localized",0.25,0.1,1.5,5,"Localized",0.05,0.00974679434480896
200,"Localized",0.25,0.1,2,5,"Uniform",0,0
200,"Localized",0.25,0.1,2,5,"Central",0.074,0.0117067501895274
200,"Localized",0.25,0.1,2,5,"Tail",0.066,0.0111035129576184
200,"Localized",0.25,0.1,2,5,"Localized",0.036,0.0083311463797007
200,"Localized",0.25,0.2,0.5,5,"Uniform",0,0
200,"Localized",0.25,0.2,0.5,5,"Central",0.058,0.0104533248299285
200,"Localized",0.25,0.2,0.5,5,"Tail",0.04,0.00876356092008266
200,"Localized",0.25,0.2,0.5,5,"Localized",0.046,0.00936845771725528
200,"Localized",0.25,0.2,1,5,"Uniform",0,0
200,"Localized",0.25,0.2,1,5,"Central",0.042,0.00897061870775924
200,"Localized",0.25,0.2,1,5,"Tail",0.064,0.0109456840809517
200,"Localized",0.25,0.2,1,5,"Localized",0.046,0.00936845771725528
200,"Localized",0.25,0.2,1.5,5,"Uniform",0,0
200,"Localized",0.25,0.2,1.5,5,"Central",0.064,0.0109456840809517
200,"Localized",0.25,0.2,1.5,5,"Tail",0.068,0.0112584190719657
200,"Localized",0.25,0.2,1.5,5,"Localized",0.042,0.00897061870775924
200,"Localized",0.25,0.2,2,5,"Uniform",0,0
200,"Localized",0.25,0.2,2,5,"Central",0.066,0.0111035129576184
200,"Localized",0.25,0.2,2,5,"Tail",0.048,0.00955991631762538
200,"Localized",0.25,0.2,2,5,"Localized",0.036,0.0083311463797007
200,"Localized",0.5,0.05,0.5,5,"Uniform",0,0
200,"Localized",0.5,0.05,0.5,5,"Central",0.058,0.0104533248299285
200,"Localized",0.5,0.05,0.5,5,"Tail",0.058,0.0104533248299285
200,"Localized",0.5,0.05,0.5,5,"Localized",0.038,0.00855055553750749
200,"Localized",0.5,0.05,1,5,"Uniform",0,0
200,"Localized",0.5,0.05,1,5,"Central",0.066,0.0111035129576184
200,"Localized",0.5,0.05,1,5,"Tail",0.058,0.0104533248299285
200,"Localized",0.5,0.05,1,5,"Localized",0.03,0.00762889244910426
200,"Localized",0.5,0.05,1.5,5,"Uniform",0,0
200,"Localized",0.5,0.05,1.5,5,"Central",0.066,0.0111035129576184
200,"Localized",0.5,0.05,1.5,5,"Tail",0.046,0.00936845771725528
200,"Localized",0.5,0.05,1.5,5,"Localized",0.048,0.00955991631762538
200,"Localized",0.5,0.05,2,5,"Uniform",0,0
200,"Localized",0.5,0.05,2,5,"Central",0.082,0.0122699633251286
200,"Localized",0.5,0.05,2,5,"Tail",0.05,0.00974679434480896
200,"Localized",0.5,0.05,2,5,"Localized",0.02,0.00626099033699941
200,"Localized",0.5,0.1,0.5,5,"Uniform",0,0
200,"Localized",0.5,0.1,0.5,5,"Central",0.036,0.0083311463797007
200,"Localized",0.5,0.1,0.5,5,"Tail",0.036,0.0083311463797007
200,"Localized",0.5,0.1,0.5,5,"Localized",0.048,0.00955991631762538
200,"Localized",0.5,0.1,1,5,"Uniform",0,0
200,"Localized",0.5,0.1,1,5,"Central",0.052,0.00992935043192655
200,"Localized",0.5,0.1,1,5,"Tail",0.058,0.0104533248299285
200,"Localized",0.5,0.1,1,5,"Localized",0.042,0.00897061870775924
200,"Localized",0.5,0.1,1.5,5,"Uniform",0,0
200,"Localized",0.5,0.1,1.5,5,"Central",0.06,0.0106207344378814
200,"Localized",0.5,0.1,1.5,5,"Tail",0.062,0.0107848041243223
200,"Localized",0.5,0.1,1.5,5,"Localized",0.054,0.0101078187557949
200,"Localized",0.5,0.1,2,5,"Uniform",0,0
200,"Localized",0.5,0.1,2,5,"Central",0.06,0.0106207344378814
200,"Localized",0.5,0.1,2,5,"Tail",0.07,0.0114105214604767
200,"Localized",0.5,0.1,2,5,"Localized",0.022,0.00655987804764692
200,"Localized",0.5,0.2,0.5,5,"Uniform",0,0
200,"Localized",0.5,0.2,0.5,5,"Central",0.062,0.0107848041243223
200,"Localized",0.5,0.2,0.5,5,"Tail",0.032,0.00787095928079926
200,"Localized",0.5,0.2,0.5,5,"Localized",0.036,0.0083311463797007
200,"Localized",0.5,0.2,1,5,"Uniform",0,0
200,"Localized",0.5,0.2,1,5,"Central",0.054,0.0101078187557949
200,"Localized",0.5,0.2,1,5,"Tail",0.04,0.00876356092008266
200,"Localized",0.5,0.2,1,5,"Localized",0.044,0.00917213170424411
200,"Localized",0.5,0.2,1.5,5,"Uniform",0,0
200,"Localized",0.5,0.2,1.5,5,"Central",0.032,0.00787095928079926
200,"Localized",0.5,0.2,1.5,5,"Tail",0.064,0.0109456840809517
200,"Localized",0.5,0.2,1.5,5,"Localized",0.018,0.005945754788082
200,"Localized",0.5,0.2,2,5,"Uniform",0,0
200,"Localized",0.5,0.2,2,5,"Central",0.036,0.0083311463797007
200,"Localized",0.5,0.2,2,5,"Tail",0.064,0.0109456840809517
200,"Localized",0.5,0.2,2,5,"Localized",0.028,0.00737780455149091
200,"Localized",0.75,0.05,0.5,5,"Uniform",0,0
200,"Localized",0.75,0.05,0.5,5,"Central",0.06,0.0106207344378814
200,"Localized",0.75,0.05,0.5,5,"Tail",0.044,0.00917213170424411
200,"Localized",0.75,0.05,0.5,5,"Localized",0.04,0.00876356092008266
200,"Localized",0.75,0.05,1,5,"Uniform",0,0
200,"Localized",0.75,0.05,1,5,"Central",0.062,0.0107848041243223
200,"Localized",0.75,0.05,1,5,"Tail",0.058,0.0104533248299285
200,"Localized",0.75,0.05,1,5,"Localized",0.03,0.00762889244910426
200,"Localized",0.75,0.05,1.5,5,"Uniform",0,0
200,"Localized",0.75,0.05,1.5,5,"Central",0.072,0.0115599307956406
200,"Localized",0.75,0.05,1.5,5,"Tail",0.05,0.00974679434480896
200,"Localized",0.75,0.05,1.5,5,"Localized",0.03,0.00762889244910426
200,"Localized",0.75,0.05,2,5,"Uniform",0,0
200,"Localized",0.75,0.05,2,5,"Central",0.078,0.0119929979571415
200,"Localized",0.75,0.05,2,5,"Tail",0.06,0.0106207344378814
200,"Localized",0.75,0.05,2,5,"Localized",0.028,0.00737780455149091
200,"Localized",0.75,0.1,0.5,5,"Uniform",0,0
200,"Localized",0.75,0.1,0.5,5,"Central",0.044,0.00917213170424411
200,"Localized",0.75,0.1,0.5,5,"Tail",0.038,0.00855055553750749
200,"Localized",0.75,0.1,0.5,5,"Localized",0.038,0.00855055553750749
200,"Localized",0.75,0.1,1,5,"Uniform",0,0
200,"Localized",0.75,0.1,1,5,"Central",0.056,0.0102824121683582
200,"Localized",0.75,0.1,1,5,"Tail",0.06,0.0106207344378814
200,"Localized",0.75,0.1,1,5,"Localized",0.04,0.00876356092008266
200,"Localized",0.75,0.1,1.5,5,"Uniform",0,0
200,"Localized",0.75,0.1,1.5,5,"Central",0.05,0.00974679434480896
200,"Localized",0.75,0.1,1.5,5,"Tail",0.06,0.0106207344378814
200,"Localized",0.75,0.1,1.5,5,"Localized",0.038,0.00855055553750749
200,"Localized",0.75,0.1,2,5,"Uniform",0,0
200,"Localized",0.75,0.1,2,5,"Central",0.06,0.0106207344378814
200,"Localized",0.75,0.1,2,5,"Tail",0.044,0.00917213170424411
200,"Localized",0.75,0.1,2,5,"Localized",0.024,0.00684455988358638
200,"Localized",0.75,0.2,0.5,5,"Uniform",0,0
200,"Localized",0.75,0.2,0.5,5,"Central",0.05,0.00974679434480896
200,"Localized",0.75,0.2,0.5,5,"Tail",0.044,0.00917213170424411
200,"Localized",0.75,0.2,0.5,5,"Localized",0.046,0.00936845771725528
200,"Localized",0.75,0.2,1,5,"Uniform",0,0
200,"Localized",0.75,0.2,1,5,"Central",0.05,0.00974679434480896
200,"Localized",0.75,0.2,1,5,"Tail",0.048,0.00955991631762538
200,"Localized",0.75,0.2,1,5,"Localized",0.038,0.00855055553750749
200,"Localized",0.75,0.2,1.5,5,"Uniform",0,0
200,"Localized",0.75,0.2,1.5,5,"Central",0.068,0.0112584190719657
200,"Localized",0.75,0.2,1.5,5,"Tail",0.036,0.0083311463797007
200,"Localized",0.75,0.2,1.5,5,"Localized",0.042,0.00897061870775924
200,"Localized",0.75,0.2,2,5,"Uniform",0,0
200,"Localized",0.75,0.2,2,5,"Central",0.056,0.0102824121683582
200,"Localized",0.75,0.2,2,5,"Tail",0.038,0.00855055553750749
200,"Localized",0.75,0.2,2,5,"Localized",0.044,0.00917213170424411
200,"Oscillatory",1,0.5,NA,5,"Uniform",0,0
200,"Oscillatory",1,0.5,NA,5,"Central",0.06,0.0106207344378814
200,"Oscillatory",1,0.5,NA,5,"Tail",0.048,0.00955991631762538
200,"Oscillatory",1,1,NA,5,"Uniform",0,0
200,"Oscillatory",1,1,NA,5,"Central",0.052,0.00992935043192655
200,"Oscillatory",1,1,NA,5,"Tail",0.07,0.0114105214604767
200,"Oscillatory",1,1.5,NA,5,"Uniform",0,0
200,"Oscillatory",1,1.5,NA,5,"Central",0.072,0.0115599307956406
200,"Oscillatory",1,1.5,NA,5,"Tail",0.056,0.0102824121683582
200,"Oscillatory",1,2,NA,5,"Uniform",0,0
200,"Oscillatory",1,2,NA,5,"Central",0.062,0.0107848041243223
200,"Oscillatory",1,2,NA,5,"Tail",0.066,0.0111035129576184
200,"Oscillatory",2,0.5,NA,5,"Uniform",0,0
200,"Oscillatory",2,0.5,NA,5,"Central",0.052,0.00992935043192655
200,"Oscillatory",2,0.5,NA,5,"Tail",0.058,0.0104533248299285
200,"Oscillatory",2,1,NA,5,"Uniform",0,0
200,"Oscillatory",2,1,NA,5,"Central",0.054,0.0101078187557949
200,"Oscillatory",2,1,NA,5,"Tail",0.06,0.0106207344378814
200,"Oscillatory",2,1.5,NA,5,"Uniform",0,0
200,"Oscillatory",2,1.5,NA,5,"Central",0.068,0.0112584190719657
200,"Oscillatory",2,1.5,NA,5,"Tail",0.072,0.0115599307956406
200,"Oscillatory",2,2,NA,5,"Uniform",0,0
200,"Oscillatory",2,2,NA,5,"Central",0.06,0.0106207344378814
200,"Oscillatory",2,2,NA,5,"Tail",0.044,0.00917213170424411
200,"Oscillatory",4,0.5,NA,5,"Uniform",0,0
200,"Oscillatory",4,0.5,NA,5,"Central",0.062,0.0107848041243223
200,"Oscillatory",4,0.5,NA,5,"Tail",0.046,0.00936845771725528
200,"Oscillatory",4,1,NA,5,"Uniform",0,0
200,"Oscillatory",4,1,NA,5,"Central",0.062,0.0107848041243223
200,"Oscillatory",4,1,NA,5,"Tail",0.062,0.0107848041243223
200,"Oscillatory",4,1.5,NA,5,"Uniform",0,0
200,"Oscillatory",4,1.5,NA,5,"Central",0.056,0.0102824121683582
200,"Oscillatory",4,1.5,NA,5,"Tail",0.052,0.00992935043192655
200,"Oscillatory",4,2,NA,5,"Uniform",0,0
200,"Oscillatory",4,2,NA,5,"Central",0.068,0.0112584190719657
200,"Oscillatory",4,2,NA,5,"Tail",0.054,0.0101078187557949
200,"Oscillatory",8,0.5,NA,5,"Uniform",0,0
200,"Oscillatory",8,0.5,NA,5,"Central",0.054,0.0101078187557949
200,"Oscillatory",8,0.5,NA,5,"Tail",0.064,0.0109456840809517
200,"Oscillatory",8,1,NA,5,"Uniform",0,0
200,"Oscillatory",8,1,NA,5,"Central",0.05,0.00974679434480896
200,"Oscillatory",8,1,NA,5,"Tail",0.056,0.0102824121683582
200,"Oscillatory",8,1.5,NA,5,"Uniform",0,0
200,"Oscillatory",8,1.5,NA,5,"Central",0.052,0.00992935043192655
200,"Oscillatory",8,1.5,NA,5,"Tail",0.068,0.0112584190719657
200,"Oscillatory",8,2,NA,5,"Uniform",0,0
200,"Oscillatory",8,2,NA,5,"Central",0.056,0.0102824121683582
200,"Oscillatory",8,2,NA,5,"Tail",0.068,0.0112584190719657
200,"Abrupt",0.25,0.05,NA,5,"Uniform",0,0
200,"Abrupt",0.25,0.05,NA,5,"Central",0.068,0.0112584190719657
200,"Abrupt",0.25,0.05,NA,5,"Tail",0.05,0.00974679434480896
200,"Abrupt",0.25,0.1,NA,5,"Uniform",0,0
200,"Abrupt",0.25,0.1,NA,5,"Central",0.072,0.0115599307956406
200,"Abrupt",0.25,0.1,NA,5,"Tail",0.05,0.00974679434480896
200,"Abrupt",0.25,0.2,NA,5,"Uniform",0,0
200,"Abrupt",0.25,0.2,NA,5,"Central",0.068,0.0112584190719657
200,"Abrupt",0.25,0.2,NA,5,"Tail",0.052,0.00992935043192655
200,"Abrupt",0.5,0.05,NA,5,"Uniform",0,0
200,"Abrupt",0.5,0.05,NA,5,"Central",0.066,0.0111035129576184
200,"Abrupt",0.5,0.05,NA,5,"Tail",0.05,0.00974679434480896
200,"Abrupt",0.5,0.1,NA,5,"Uniform",0,0
200,"Abrupt",0.5,0.1,NA,5,"Central",0.06,0.0106207344378814
200,"Abrupt",0.5,0.1,NA,5,"Tail",0.052,0.00992935043192655
200,"Abrupt",0.5,0.2,NA,5,"Uniform",0,0
200,"Abrupt",0.5,0.2,NA,5,"Central",0.092,0.01292563344676
200,"Abrupt",0.5,0.2,NA,5,"Tail",0.064,0.0109456840809517
200,"Abrupt",0.75,0.05,NA,5,"Uniform",0,0
200,"Abrupt",0.75,0.05,NA,5,"Central",0.032,0.00787095928079926
200,"Abrupt",0.75,0.05,NA,5,"Tail",0.102,0.0135348439222623
200,"Abrupt",0.75,0.1,NA,5,"Uniform",0,0
200,"Abrupt",0.75,0.1,NA,5,"Central",0.004,0.00282276460230038
200,"Abrupt",0.75,0.1,NA,5,"Tail",0.174,0.0169542914921267
200,"Abrupt",0.75,0.2,NA,5,"Uniform",0,0
200,"Abrupt",0.75,0.2,NA,5,"Central",0,0
200,"Abrupt",0.75,0.2,NA,5,"Tail",0.63,0.0215916650585359
200,"Mixture",0.05,0.25,NA,5,"Uniform",0,0
200,"Mixture",0.05,0.25,NA,5,"Central",0,0
200,"Mixture",0.05,0.25,NA,5,"Tail",1,0
200,"Mixture",0.05,0.5,NA,5,"Uniform",0,0
200,"Mixture",0.05,0.5,NA,5,"Central",0,0
200,"Mixture",0.05,0.5,NA,5,"Tail",1,0
200,"Mixture",0.05,0.75,NA,5,"Uniform",0,0
200,"Mixture",0.05,0.75,NA,5,"Central",0,0
200,"Mixture",0.05,0.75,NA,5,"Tail",1,0
200,"Mixture",0.1,0.25,NA,5,"Uniform",0,0
200,"Mixture",0.1,0.25,NA,5,"Central",0,0
200,"Mixture",0.1,0.25,NA,5,"Tail",1,0
200,"Mixture",0.1,0.5,NA,5,"Uniform",0,0
200,"Mixture",0.1,0.5,NA,5,"Central",0,0
200,"Mixture",0.1,0.5,NA,5,"Tail",1,0
200,"Mixture",0.1,0.75,NA,5,"Uniform",0,0
200,"Mixture",0.1,0.75,NA,5,"Central",0,0
200,"Mixture",0.1,0.75,NA,5,"Tail",1,0
200,"Mixture",0.2,0.25,NA,5,"Uniform",0,0
200,"Mixture",0.2,0.25,NA,5,"Central",0,0
200,"Mixture",0.2,0.25,NA,5,"Tail",1,0
200,"Mixture",0.2,0.5,NA,5,"Uniform",0,0
200,"Mixture",0.2,0.5,NA,5,"Central",0,0
200,"Mixture",0.2,0.5,NA,5,"Tail",1,0
200,"Mixture",0.2,0.75,NA,5,"Uniform",0,0
200,"Mixture",0.2,0.75,NA,5,"Central",0,0
200,"Mixture",0.2,0.75,NA,5,"Tail",1,0
200,"Localized",0.25,0.05,0.5,8,"Uniform",0,0
200,"Localized",0.25,0.05,0.5,8,"Central",0.062,0.0107848041243223
200,"Localized",0.25,0.05,0.5,8,"Tail",0.058,0.0104533248299285
200,"Localized",0.25,0.05,0.5,8,"Localized",0.066,0.0111035129576184
200,"Localized",0.25,0.05,1,8,"Uniform",0,0
200,"Localized",0.25,0.05,1,8,"Central",0.06,0.0106207344378814
200,"Localized",0.25,0.05,1,8,"Tail",0.056,0.0102824121683582
200,"Localized",0.25,0.05,1,8,"Localized",0.076,0.0118510759005248
200,"Localized",0.25,0.05,1.5,8,"Uniform",0,0
200,"Localized",0.25,0.05,1.5,8,"Central",0.06,0.0106207344378814
200,"Localized",0.25,0.05,1.5,8,"Tail",0.06,0.0106207344378814
200,"Localized",0.25,0.05,1.5,8,"Localized",0.062,0.0107848041243223
200,"Localized",0.25,0.05,2,8,"Uniform",0,0
200,"Localized",0.25,0.05,2,8,"Central",0.062,0.0107848041243223
200,"Localized",0.25,0.05,2,8,"Tail",0.048,0.00955991631762538
200,"Localized",0.25,0.05,2,8,"Localized",0.06,0.0106207344378814
200,"Localized",0.25,0.1,0.5,8,"Uniform",0,0
200,"Localized",0.25,0.1,0.5,8,"Central",0.066,0.0111035129576184
200,"Localized",0.25,0.1,0.5,8,"Tail",0.072,0.0115599307956406
200,"Localized",0.25,0.1,0.5,8,"Localized",0.044,0.00917213170424411
200,"Localized",0.25,0.1,1,8,"Uniform",0,0
200,"Localized",0.25,0.1,1,8,"Central",0.058,0.0104533248299285
200,"Localized",0.25,0.1,1,8,"Tail",0.054,0.0101078187557949
200,"Localized",0.25,0.1,1,8,"Localized",0.016,0.00561141693336006
200,"Localized",0.25,0.1,1.5,8,"Uniform",0,0
200,"Localized",0.25,0.1,1.5,8,"Central",0.048,0.00955991631762538
200,"Localized",0.25,0.1,1.5,8,"Tail",0.042,0.00897061870775924
200,"Localized",0.25,0.1,1.5,8,"Localized",0.044,0.00917213170424411
200,"Localized",0.25,0.1,2,8,"Uniform",0,0
200,"Localized",0.25,0.1,2,8,"Central",0.058,0.0104533248299285
200,"Localized",0.25,0.1,2,8,"Tail",0.066,0.0111035129576184
200,"Localized",0.25,0.1,2,8,"Localized",0.032,0.00787095928079926
200,"Localized",0.25,0.2,0.5,8,"Uniform",0,0
200,"Localized",0.25,0.2,0.5,8,"Central",0.032,0.00787095928079926
200,"Localized",0.25,0.2,0.5,8,"Tail",0.052,0.00992935043192655
200,"Localized",0.25,0.2,0.5,8,"Localized",0.03,0.00762889244910426
200,"Localized",0.25,0.2,1,8,"Uniform",0,0
200,"Localized",0.25,0.2,1,8,"Central",0.066,0.0111035129576184
200,"Localized",0.25,0.2,1,8,"Tail",0.052,0.00992935043192655
200,"Localized",0.25,0.2,1,8,"Localized",0.044,0.00917213170424411
200,"Localized",0.25,0.2,1.5,8,"Uniform",0,0
200,"Localized",0.25,0.2,1.5,8,"Central",0.06,0.0106207344378814
200,"Localized",0.25,0.2,1.5,8,"Tail",0.056,0.0102824121683582
200,"Localized",0.25,0.2,1.5,8,"Localized",0.03,0.00762889244910426
200,"Localized",0.25,0.2,2,8,"Uniform",0,0
200,"Localized",0.25,0.2,2,8,"Central",0.064,0.0109456840809517
200,"Localized",0.25,0.2,2,8,"Tail",0.054,0.0101078187557949
200,"Localized",0.25,0.2,2,8,"Localized",0.026,0.00711674082709213
200,"Localized",0.5,0.05,0.5,8,"Uniform",0,0
200,"Localized",0.5,0.05,0.5,8,"Central",0.046,0.00936845771725528
200,"Localized",0.5,0.05,0.5,8,"Tail",0.072,0.0115599307956406
200,"Localized",0.5,0.05,0.5,8,"Localized",0.038,0.00855055553750749
200,"Localized",0.5,0.05,1,8,"Uniform",0,0
200,"Localized",0.5,0.05,1,8,"Central",0.036,0.0083311463797007
200,"Localized",0.5,0.05,1,8,"Tail",0.048,0.00955991631762538
200,"Localized",0.5,0.05,1,8,"Localized",0.04,0.00876356092008266
200,"Localized",0.5,0.05,1.5,8,"Uniform",0,0
200,"Localized",0.5,0.05,1.5,8,"Central",0.042,0.00897061870775924
200,"Localized",0.5,0.05,1.5,8,"Tail",0.042,0.00897061870775924
200,"Localized",0.5,0.05,1.5,8,"Localized",0.042,0.00897061870775924
200,"Localized",0.5,0.05,2,8,"Uniform",0,0
200,"Localized",0.5,0.05,2,8,"Central",0.046,0.00936845771725528
200,"Localized",0.5,0.05,2,8,"Tail",0.068,0.0112584190719657
200,"Localized",0.5,0.05,2,8,"Localized",0.028,0.00737780455149091
200,"Localized",0.5,0.1,0.5,8,"Uniform",0,0
200,"Localized",0.5,0.1,0.5,8,"Central",0.056,0.0102824121683582
200,"Localized",0.5,0.1,0.5,8,"Tail",0.032,0.00787095928079926
200,"Localized",0.5,0.1,0.5,8,"Localized",0.056,0.0102824121683582
200,"Localized",0.5,0.1,1,8,"Uniform",0,0
200,"Localized",0.5,0.1,1,8,"Central",0.062,0.0107848041243223
200,"Localized",0.5,0.1,1,8,"Tail",0.042,0.00897061870775924
200,"Localized",0.5,0.1,1,8,"Localized",0.02,0.00626099033699941
200,"Localized",0.5,0.1,1.5,8,"Uniform",0,0
200,"Localized",0.5,0.1,1.5,8,"Central",0.048,0.00955991631762538
200,"Localized",0.5,0.1,1.5,8,"Tail",0.078,0.0119929979571415
200,"Localized",0.5,0.1,1.5,8,"Localized",0.034,0.00810481338464989
200,"Localized",0.5,0.1,2,8,"Uniform",0,0
200,"Localized",0.5,0.1,2,8,"Central",0.044,0.00917213170424411
200,"Localized",0.5,0.1,2,8,"Tail",0.074,0.0117067501895274
200,"Localized",0.5,0.1,2,8,"Localized",0.02,0.00626099033699941
200,"Localized",0.5,0.2,0.5,8,"Uniform",0,0
200,"Localized",0.5,0.2,0.5,8,"Central",0.052,0.00992935043192655
200,"Localized",0.5,0.2,0.5,8,"Tail",0.056,0.0102824121683582
200,"Localized",0.5,0.2,0.5,8,"Localized",0.03,0.00762889244910426
200,"Localized",0.5,0.2,1,8,"Uniform",0,0
200,"Localized",0.5,0.2,1,8,"Central",0.032,0.00787095928079926
200,"Localized",0.5,0.2,1,8,"Tail",0.074,0.0117067501895274
200,"Localized",0.5,0.2,1,8,"Localized",0.026,0.00711674082709213
200,"Localized",0.5,0.2,1.5,8,"Uniform",0,0
200,"Localized",0.5,0.2,1.5,8,"Central",0.032,0.00787095928079926
200,"Localized",0.5,0.2,1.5,8,"Tail",0.062,0.0107848041243223
200,"Localized",0.5,0.2,1.5,8,"Localized",0.028,0.00737780455149091
200,"Localized",0.5,0.2,2,8,"Uniform",0,0
200,"Localized",0.5,0.2,2,8,"Central",0.038,0.00855055553750749
200,"Localized",0.5,0.2,2,8,"Tail",0.068,0.0112584190719657
200,"Localized",0.5,0.2,2,8,"Localized",0.026,0.00711674082709213
200,"Localized",0.75,0.05,0.5,8,"Uniform",0,0
200,"Localized",0.75,0.05,0.5,8,"Central",0.054,0.0101078187557949
200,"Localized",0.75,0.05,0.5,8,"Tail",0.068,0.0112584190719657
200,"Localized",0.75,0.05,0.5,8,"Localized",0.04,0.00876356092008266
200,"Localized",0.75,0.05,1,8,"Uniform",0,0
200,"Localized",0.75,0.05,1,8,"Central",0.058,0.0104533248299285
200,"Localized",0.75,0.05,1,8,"Tail",0.066,0.0111035129576184
200,"Localized",0.75,0.05,1,8,"Localized",0.042,0.00897061870775924
200,"Localized",0.75,0.05,1.5,8,"Uniform",0,0
200,"Localized",0.75,0.05,1.5,8,"Central",0.058,0.0104533248299285
200,"Localized",0.75,0.05,1.5,8,"Tail",0.048,0.00955991631762538
200,"Localized",0.75,0.05,1.5,8,"Localized",0.02,0.00626099033699941
200,"Localized",0.75,0.05,2,8,"Uniform",0,0
200,"Localized",0.75,0.05,2,8,"Central",0.058,0.0104533248299285
200,"Localized",0.75,0.05,2,8,"Tail",0.042,0.00897061870775924
200,"Localized",0.75,0.05,2,8,"Localized",0.042,0.00897061870775924
200,"Localized",0.75,0.1,0.5,8,"Uniform",0,0
200,"Localized",0.75,0.1,0.5,8,"Central",0.068,0.0112584190719657
200,"Localized",0.75,0.1,0.5,8,"Tail",0.05,0.00974679434480896
200,"Localized",0.75,0.1,0.5,8,"Localized",0.062,0.0107848041243223
200,"Localized",0.75,0.1,1,8,"Uniform",0,0
200,"Localized",0.75,0.1,1,8,"Central",0.056,0.0102824121683582
200,"Localized",0.75,0.1,1,8,"Tail",0.064,0.0109456840809517
200,"Localized",0.75,0.1,1,8,"Localized",0.058,0.0104533248299285
200,"Localized",0.75,0.1,1.5,8,"Uniform",0,0
200,"Localized",0.75,0.1,1.5,8,"Central",0.052,0.00992935043192655
200,"Localized",0.75,0.1,1.5,8,"Tail",0.044,0.00917213170424411
200,"Localized",0.75,0.1,1.5,8,"Localized",0.026,0.00711674082709213
200,"Localized",0.75,0.1,2,8,"Uniform",0,0
200,"Localized",0.75,0.1,2,8,"Central",0.074,0.0117067501895274
200,"Localized",0.75,0.1,2,8,"Tail",0.038,0.00855055553750749
200,"Localized",0.75,0.1,2,8,"Localized",0.048,0.00955991631762538
200,"Localized",0.75,0.2,0.5,8,"Uniform",0,0
200,"Localized",0.75,0.2,0.5,8,"Central",0.058,0.0104533248299285
200,"Localized",0.75,0.2,0.5,8,"Tail",0.05,0.00974679434480896
200,"Localized",0.75,0.2,0.5,8,"Localized",0.03,0.00762889244910426
200,"Localized",0.75,0.2,1,8,"Uniform",0,0
200,"Localized",0.75,0.2,1,8,"Central",0.034,0.00810481338464989
200,"Localized",0.75,0.2,1,8,"Tail",0.05,0.00974679434480896
200,"Localized",0.75,0.2,1,8,"Localized",0.04,0.00876356092008266
200,"Localized",0.75,0.2,1.5,8,"Uniform",0,0
200,"Localized",0.75,0.2,1.5,8,"Central",0.034,0.00810481338464989
200,"Localized",0.75,0.2,1.5,8,"Tail",0.05,0.00974679434480896
200,"Localized",0.75,0.2,1.5,8,"Localized",0.02,0.00626099033699941
200,"Localized",0.75,0.2,2,8,"Uniform",0,0
200,"Localized",0.75,0.2,2,8,"Central",0.044,0.00917213170424411
200,"Localized",0.75,0.2,2,8,"Tail",0.04,0.00876356092008266
200,"Localized",0.75,0.2,2,8,"Localized",0.016,0.00561141693336006
200,"Oscillatory",1,0.5,NA,8,"Uniform",0,0
200,"Oscillatory",1,0.5,NA,8,"Central",0.052,0.00992935043192655
200,"Oscillatory",1,0.5,NA,8,"Tail",0.064,0.0109456840809517
200,"Oscillatory",1,1,NA,8,"Uniform",0,0
200,"Oscillatory",1,1,NA,8,"Central",0.048,0.00955991631762538
200,"Oscillatory",1,1,NA,8,"Tail",0.046,0.00936845771725528
200,"Oscillatory",1,1.5,NA,8,"Uniform",0,0
200,"Oscillatory",1,1.5,NA,8,"Central",0.038,0.00855055553750749
200,"Oscillatory",1,1.5,NA,8,"Tail",0.052,0.00992935043192655
200,"Oscillatory",1,2,NA,8,"Uniform",0,0
200,"Oscillatory",1,2,NA,8,"Central",0.062,0.0107848041243223
200,"Oscillatory",1,2,NA,8,"Tail",0.052,0.00992935043192655
200,"Oscillatory",2,0.5,NA,8,"Uniform",0,0
200,"Oscillatory",2,0.5,NA,8,"Central",0.058,0.0104533248299285
200,"Oscillatory",2,0.5,NA,8,"Tail",0.056,0.0102824121683582
200,"Oscillatory",2,1,NA,8,"Uniform",0,0
200,"Oscillatory",2,1,NA,8,"Central",0.054,0.0101078187557949
200,"Oscillatory",2,1,NA,8,"Tail",0.054,0.0101078187557949
200,"Oscillatory",2,1.5,NA,8,"Uniform",0,0
200,"Oscillatory",2,1.5,NA,8,"Central",0.06,0.0106207344378814
200,"Oscillatory",2,1.5,NA,8,"Tail",0.068,0.0112584190719657
200,"Oscillatory",2,2,NA,8,"Uniform",0,0
200,"Oscillatory",2,2,NA,8,"Central",0.05,0.00974679434480896
200,"Oscillatory",2,2,NA,8,"Tail",0.038,0.00855055553750749
200,"Oscillatory",4,0.5,NA,8,"Uniform",0,0
200,"Oscillatory",4,0.5,NA,8,"Central",0.046,0.00936845771725528
200,"Oscillatory",4,0.5,NA,8,"Tail",0.054,0.0101078187557949
200,"Oscillatory",4,1,NA,8,"Uniform",0,0
200,"Oscillatory",4,1,NA,8,"Central",0.05,0.00974679434480896
200,"Oscillatory",4,1,NA,8,"Tail",0.062,0.0107848041243223
200,"Oscillatory",4,1.5,NA,8,"Uniform",0,0
200,"Oscillatory",4,1.5,NA,8,"Central",0.06,0.0106207344378814
200,"Oscillatory",4,1.5,NA,8,"Tail",0.064,0.0109456840809517
200,"Oscillatory",4,2,NA,8,"Uniform",0,0
200,"Oscillatory",4,2,NA,8,"Central",0.076,0.0118510759005248
200,"Oscillatory",4,2,NA,8,"Tail",0.074,0.0117067501895274
200,"Oscillatory",8,0.5,NA,8,"Uniform",0,0
200,"Oscillatory",8,0.5,NA,8,"Central",0.046,0.00936845771725528
200,"Oscillatory",8,0.5,NA,8,"Tail",0.058,0.0104533248299285
200,"Oscillatory",8,1,NA,8,"Uniform",0,0
200,"Oscillatory",8,1,NA,8,"Central",0.054,0.0101078187557949
200,"Oscillatory",8,1,NA,8,"Tail",0.088,0.0126693330526907
200,"Oscillatory",8,1.5,NA,8,"Uniform",0,0
200,"Oscillatory",8,1.5,NA,8,"Central",0.052,0.00992935043192655
200,"Oscillatory",8,1.5,NA,8,"Tail",0.052,0.00992935043192655
200,"Oscillatory",8,2,NA,8,"Uniform",0,0
200,"Oscillatory",8,2,NA,8,"Central",0.042,0.00897061870775924
200,"Oscillatory",8,2,NA,8,"Tail",0.062,0.0107848041243223
200,"Abrupt",0.25,0.05,NA,8,"Uniform",0,0
200,"Abrupt",0.25,0.05,NA,8,"Central",0.088,0.0126693330526907
200,"Abrupt",0.25,0.05,NA,8,"Tail",0.046,0.00936845771725528
200,"Abrupt",0.25,0.1,NA,8,"Uniform",0,0
200,"Abrupt",0.25,0.1,NA,8,"Central",0.046,0.00936845771725528
200,"Abrupt",0.25,0.1,NA,8,"Tail",0.058,0.0104533248299285
200,"Abrupt",0.25,0.2,NA,8,"Uniform",0,0
200,"Abrupt",0.25,0.2,NA,8,"Central",0.04,0.00876356092008266
200,"Abrupt",0.25,0.2,NA,8,"Tail",0.064,0.0109456840809517
200,"Abrupt",0.5,0.05,NA,8,"Uniform",0,0
200,"Abrupt",0.5,0.05,NA,8,"Central",0.052,0.00992935043192655
200,"Abrupt",0.5,0.05,NA,8,"Tail",0.058,0.0104533248299285
200,"Abrupt",0.5,0.1,NA,8,"Uniform",0,0
200,"Abrupt",0.5,0.1,NA,8,"Central",0.052,0.00992935043192655
200,"Abrupt",0.5,0.1,NA,8,"Tail",0.056,0.0102824121683582
200,"Abrupt",0.5,0.2,NA,8,"Uniform",0,0
200,"Abrupt",0.5,0.2,NA,8,"Central",0.062,0.0107848041243223
200,"Abrupt",0.5,0.2,NA,8,"Tail",0.052,0.00992935043192655
200,"Abrupt",0.75,0.05,NA,8,"Uniform",0,0
200,"Abrupt",0.75,0.05,NA,8,"Central",0.02,0.00626099033699941
200,"Abrupt",0.75,0.05,NA,8,"Tail",0.074,0.0117067501895274
200,"Abrupt",0.75,0.1,NA,8,"Uniform",0,0
200,"Abrupt",0.75,0.1,NA,8,"Central",0.008,0.00398396787135639
200,"Abrupt",0.75,0.1,NA,8,"Tail",0.166,0.0166399519230075
200,"Abrupt",0.75,0.2,NA,8,"Uniform",0,0
200,"Abrupt",0.75,0.2,NA,8,"Central",0,0
200,"Abrupt",0.75,0.2,NA,8,"Tail",0.604,0.0218716254539986
200,"Mixture",0.05,0.25,NA,8,"Uniform",0,0
200,"Mixture",0.05,0.25,NA,8,"Central",0,0
200,"Mixture",0.05,0.25,NA,8,"Tail",1,0
200,"Mixture",0.05,0.5,NA,8,"Uniform",0,0
200,"Mixture",0.05,0.5,NA,8,"Central",0,0
200,"Mixture",0.05,0.5,NA,8,"Tail",1,0
200,"Mixture",0.05,0.75,NA,8,"Uniform",0,0
200,"Mixture",0.05,0.75,NA,8,"Central",0,0
200,"Mixture",0.05,0.75,NA,8,"Tail",1,0
200,"Mixture",0.1,0.25,NA,8,"Uniform",0,0
200,"Mixture",0.1,0.25,NA,8,"Central",0,0
200,"Mixture",0.1,0.25,NA,8,"Tail",1,0
200,"Mixture",0.1,0.5,NA,8,"Uniform",0,0
200,"Mixture",0.1,0.5,NA,8,"Central",0,0
200,"Mixture",0.1,0.5,NA,8,"Tail",1,0
200,"Mixture",0.1,0.75,NA,8,"Uniform",0,0
200,"Mixture",0.1,0.75,NA,8,"Central",0,0
200,"Mixture",0.1,0.75,NA,8,"Tail",1,0
200,"Mixture",0.2,0.25,NA,8,"Uniform",0,0
200,"Mixture",0.2,0.25,NA,8,"Central",0,0
200,"Mixture",0.2,0.25,NA,8,"Tail",1,0
200,"Mixture",0.2,0.5,NA,8,"Uniform",0,0
200,"Mixture",0.2,0.5,NA,8,"Central",0,0
200,"Mixture",0.2,0.5,NA,8,"Tail",1,0
200,"Mixture",0.2,0.75,NA,8,"Uniform",0,0
200,"Mixture",0.2,0.75,NA,8,"Central",0,0
200,"Mixture",0.2,0.75,NA,8,"Tail",1,0
200,"Localized",0.25,0.05,0.5,10,"Uniform",0,0
200,"Localized",0.25,0.05,0.5,10,"Central",0.046,0.00936845771725528
200,"Localized",0.25,0.05,0.5,10,"Tail",0.08,0.0121326007104825
200,"Localized",0.25,0.05,0.5,10,"Localized",0.048,0.00955991631762538
200,"Localized",0.25,0.05,1,10,"Uniform",0,0
200,"Localized",0.25,0.05,1,10,"Central",0.026,0.00711674082709213
200,"Localized",0.25,0.05,1,10,"Tail",0.062,0.0107848041243223
200,"Localized",0.25,0.05,1,10,"Localized",0.052,0.00992935043192655
200,"Localized",0.25,0.05,1.5,10,"Uniform",0,0
200,"Localized",0.25,0.05,1.5,10,"Central",0.052,0.00992935043192655
200,"Localized",0.25,0.05,1.5,10,"Tail",0.044,0.00917213170424411
200,"Localized",0.25,0.05,1.5,10,"Localized",0.066,0.0111035129576184
200,"Localized",0.25,0.05,2,10,"Uniform",0,0
200,"Localized",0.25,0.05,2,10,"Central",0.052,0.00992935043192655
200,"Localized",0.25,0.05,2,10,"Tail",0.068,0.0112584190719657
200,"Localized",0.25,0.05,2,10,"Localized",0.05,0.00974679434480896
200,"Localized",0.25,0.1,0.5,10,"Uniform",0,0
200,"Localized",0.25,0.1,0.5,10,"Central",0.044,0.00917213170424411
200,"Localized",0.25,0.1,0.5,10,"Tail",0.066,0.0111035129576184
200,"Localized",0.25,0.1,0.5,10,"Localized",0.036,0.0083311463797007
200,"Localized",0.25,0.1,1,10,"Uniform",0,0
200,"Localized",0.25,0.1,1,10,"Central",0.064,0.0109456840809517
200,"Localized",0.25,0.1,1,10,"Tail",0.044,0.00917213170424411
200,"Localized",0.25,0.1,1,10,"Localized",0.042,0.00897061870775924
200,"Localized",0.25,0.1,1.5,10,"Uniform",0,0
200,"Localized",0.25,0.1,1.5,10,"Central",0.05,0.00974679434480896
200,"Localized",0.25,0.1,1.5,10,"Tail",0.046,0.00936845771725528
200,"Localized",0.25,0.1,1.5,10,"Localized",0.044,0.00917213170424411
200,"Localized",0.25,0.1,2,10,"Uniform",0,0
200,"Localized",0.25,0.1,2,10,"Central",0.06,0.0106207344378814
200,"Localized",0.25,0.1,2,10,"Tail",0.036,0.0083311463797007
200,"Localized",0.25,0.1,2,10,"Localized",0.024,0.00684455988358638
200,"Localized",0.25,0.2,0.5,10,"Uniform",0,0
200,"Localized",0.25,0.2,0.5,10,"Central",0.062,0.0107848041243223
200,"Localized",0.25,0.2,0.5,10,"Tail",0.086,0.0125382614424808
200,"Localized",0.25,0.2,0.5,10,"Localized",0.068,0.0112584190719657
200,"Localized",0.25,0.2,1,10,"Uniform",0,0
200,"Localized",0.25,0.2,1,10,"Central",0.058,0.0104533248299285
200,"Localized",0.25,0.2,1,10,"Tail",0.062,0.0107848041243223
200,"Localized",0.25,0.2,1,10,"Localized",0.058,0.0104533248299285
200,"Localized",0.25,0.2,1.5,10,"Uniform",0,0
200,"Localized",0.25,0.2,1.5,10,"Central",0.054,0.0101078187557949
200,"Localized",0.25,0.2,1.5,10,"Tail",0.062,0.0107848041243223
200,"Localized",0.25,0.2,1.5,10,"Localized",0.064,0.0109456840809517
200,"Localized",0.25,0.2,2,10,"Uniform",0,0
200,"Localized",0.25,0.2,2,10,"Central",0.04,0.00876356092008266
200,"Localized",0.25,0.2,2,10,"Tail",0.07,0.0114105214604767
200,"Localized",0.25,0.2,2,10,"Localized",0.052,0.00992935043192655
200,"Localized",0.5,0.05,0.5,10,"Uniform",0,0
200,"Localized",0.5,0.05,0.5,10,"Central",0.044,0.00917213170424411
200,"Localized",0.5,0.05,0.5,10,"Tail",0.052,0.00992935043192655
200,"Localized",0.5,0.05,0.5,10,"Localized",0.046,0.00936845771725528
200,"Localized",0.5,0.05,1,10,"Uniform",0,0
200,"Localized",0.5,0.05,1,10,"Central",0.046,0.00936845771725528
200,"Localized",0.5,0.05,1,10,"Tail",0.064,0.0109456840809517
200,"Localized",0.5,0.05,1,10,"Localized",0.034,0.00810481338464989
200,"Localized",0.5,0.05,1.5,10,"Uniform",0,0
200,"Localized",0.5,0.05,1.5,10,"Central",0.032,0.00787095928079926
200,"Localized",0.5,0.05,1.5,10,"Tail",0.064,0.0109456840809517
200,"Localized",0.5,0.05,1.5,10,"Localized",0.038,0.00855055553750749
200,"Localized",0.5,0.05,2,10,"Uniform",0,0
200,"Localized",0.5,0.05,2,10,"Central",0.038,0.00855055553750749
200,"Localized",0.5,0.05,2,10,"Tail",0.054,0.0101078187557949
200,"Localized",0.5,0.05,2,10,"Localized",0.032,0.00787095928079926
200,"Localized",0.5,0.1,0.5,10,"Uniform",0,0
200,"Localized",0.5,0.1,0.5,10,"Central",0.042,0.00897061870775924
200,"Localized",0.5,0.1,0.5,10,"Tail",0.058,0.0104533248299285
200,"Localized",0.5,0.1,0.5,10,"Localized",0.042,0.00897061870775924
200,"Localized",0.5,0.1,1,10,"Uniform",0,0
200,"Localized",0.5,0.1,1,10,"Central",0.028,0.00737780455149091
200,"Localized",0.5,0.1,1,10,"Tail",0.078,0.0119929979571415
200,"Localized",0.5,0.1,1,10,"Localized",0.028,0.00737780455149091
200,"Localized",0.5,0.1,1.5,10,"Uniform",0,0
200,"Localized",0.5,0.1,1.5,10,"Central",0.036,0.0083311463797007
200,"Localized",0.5,0.1,1.5,10,"Tail",0.056,0.0102824121683582
200,"Localized",0.5,0.1,1.5,10,"Localized",0.04,0.00876356092008266
200,"Localized",0.5,0.1,2,10,"Uniform",0,0
200,"Localized",0.5,0.1,2,10,"Central",0.052,0.00992935043192655
200,"Localized",0.5,0.1,2,10,"Tail",0.058,0.0104533248299285
200,"Localized",0.5,0.1,2,10,"Localized",0.05,0.00974679434480896
200,"Localized",0.5,0.2,0.5,10,"Uniform",0,0
200,"Localized",0.5,0.2,0.5,10,"Central",0.048,0.00955991631762538
200,"Localized",0.5,0.2,0.5,10,"Tail",0.062,0.0107848041243223
200,"Localized",0.5,0.2,0.5,10,"Localized",0.036,0.0083311463797007
200,"Localized",0.5,0.2,1,10,"Uniform",0,0
200,"Localized",0.5,0.2,1,10,"Central",0.044,0.00917213170424411
200,"Localized",0.5,0.2,1,10,"Tail",0.076,0.0118510759005248
200,"Localized",0.5,0.2,1,10,"Localized",0.044,0.00917213170424411
200,"Localized",0.5,0.2,1.5,10,"Uniform",0,0
200,"Localized",0.5,0.2,1.5,10,"Central",0.028,0.00737780455149091
200,"Localized",0.5,0.2,1.5,10,"Tail",0.068,0.0112584190719657
200,"Localized",0.5,0.2,1.5,10,"Localized",0.046,0.00936845771725528
200,"Localized",0.5,0.2,2,10,"Uniform",0,0
200,"Localized",0.5,0.2,2,10,"Central",0.03,0.00762889244910426
200,"Localized",0.5,0.2,2,10,"Tail",0.072,0.0115599307956406
200,"Localized",0.5,0.2,2,10,"Localized",0.028,0.00737780455149091
200,"Localized",0.75,0.05,0.5,10,"Uniform",0,0
200,"Localized",0.75,0.05,0.5,10,"Central",0.042,0.00897061870775924
200,"Localized",0.75,0.05,0.5,10,"Tail",0.076,0.0118510759005248
200,"Localized",0.75,0.05,0.5,10,"Localized",0.046,0.00936845771725528
200,"Localized",0.75,0.05,1,10,"Uniform",0,0
200,"Localized",0.75,0.05,1,10,"Central",0.05,0.00974679434480896
200,"Localized",0.75,0.05,1,10,"Tail",0.074,0.0117067501895274
200,"Localized",0.75,0.05,1,10,"Localized",0.038,0.00855055553750749
200,"Localized",0.75,0.05,1.5,10,"Uniform",0,0
200,"Localized",0.75,0.05,1.5,10,"Central",0.05,0.00974679434480896
200,"Localized",0.75,0.05,1.5,10,"Tail",0.05,0.00974679434480896
200,"Localized",0.75,0.05,1.5,10,"Localized",0.02,0.00626099033699941
200,"Localized",0.75,0.05,2,10,"Uniform",0,0
200,"Localized",0.75,0.05,2,10,"Central",0.05,0.00974679434480896
200,"Localized",0.75,0.05,2,10,"Tail",0.062,0.0107848041243223
200,"Localized",0.75,0.05,2,10,"Localized",0.028,0.00737780455149091
200,"Localized",0.75,0.1,0.5,10,"Uniform",0,0
200,"Localized",0.75,0.1,0.5,10,"Central",0.05,0.00974679434480896
200,"Localized",0.75,0.1,0.5,10,"Tail",0.062,0.0107848041243223
200,"Localized",0.75,0.1,0.5,10,"Localized",0.05,0.00974679434480896
200,"Localized",0.75,0.1,1,10,"Uniform",0,0
200,"Localized",0.75,0.1,1,10,"Central",0.042,0.00897061870775924
200,"Localized",0.75,0.1,1,10,"Tail",0.052,0.00992935043192655
200,"Localized",0.75,0.1,1,10,"Localized",0.044,0.00917213170424411
200,"Localized",0.75,0.1,1.5,10,"Uniform",0,0
200,"Localized",0.75,0.1,1.5,10,"Central",0.032,0.00787095928079926
200,"Localized",0.75,0.1,1.5,10,"Tail",0.076,0.0118510759005248
200,"Localized",0.75,0.1,1.5,10,"Localized",0.048,0.00955991631762538
200,"Localized",0.75,0.1,2,10,"Uniform",0,0
200,"Localized",0.75,0.1,2,10,"Central",0.05,0.00974679434480896
200,"Localized",0.75,0.1,2,10,"Tail",0.056,0.0102824121683582
200,"Localized",0.75,0.1,2,10,"Localized",0.036,0.0083311463797007
200,"Localized",0.75,0.2,0.5,10,"Uniform",0,0
200,"Localized",0.75,0.2,0.5,10,"Central",0.056,0.0102824121683582
200,"Localized",0.75,0.2,0.5,10,"Tail",0.066,0.0111035129576184
200,"Localized",0.75,0.2,0.5,10,"Localized",0.058,0.0104533248299285
200,"Localized",0.75,0.2,1,10,"Uniform",0,0
200,"Localized",0.75,0.2,1,10,"Central",0.044,0.00917213170424411
200,"Localized",0.75,0.2,1,10,"Tail",0.072,0.0115599307956406
200,"Localized",0.75,0.2,1,10,"Localized",0.044,0.00917213170424411
200,"Localized",0.75,0.2,1.5,10,"Uniform",0,0
200,"Localized",0.75,0.2,1.5,10,"Central",0.058,0.0104533248299285
200,"Localized",0.75,0.2,1.5,10,"Tail",0.058,0.0104533248299285
200,"Localized",0.75,0.2,1.5,10,"Localized",0.034,0.00810481338464989
200,"Localized",0.75,0.2,2,10,"Uniform",0,0
200,"Localized",0.75,0.2,2,10,"Central",0.046,0.00936845771725528
200,"Localized",0.75,0.2,2,10,"Tail",0.082,0.0122699633251286
200,"Localized",0.75,0.2,2,10,"Localized",0.032,0.00787095928079926
200,"Oscillatory",1,0.5,NA,10,"Uniform",0,0
200,"Oscillatory",1,0.5,NA,10,"Central",0.038,0.00855055553750749
200,"Oscillatory",1,0.5,NA,10,"Tail",0.06,0.0106207344378814
200,"Oscillatory",1,1,NA,10,"Uniform",0,0
200,"Oscillatory",1,1,NA,10,"Central",0.052,0.00992935043192655
200,"Oscillatory",1,1,NA,10,"Tail",0.066,0.0111035129576184
200,"Oscillatory",1,1.5,NA,10,"Uniform",0,0
200,"Oscillatory",1,1.5,NA,10,"Central",0.038,0.00855055553750749
200,"Oscillatory",1,1.5,NA,10,"Tail",0.064,0.0109456840809517
200,"Oscillatory",1,2,NA,10,"Uniform",0,0
200,"Oscillatory",1,2,NA,10,"Central",0.04,0.00876356092008266
200,"Oscillatory",1,2,NA,10,"Tail",0.052,0.00992935043192655
200,"Oscillatory",2,0.5,NA,10,"Uniform",0,0
200,"Oscillatory",2,0.5,NA,10,"Central",0.054,0.0101078187557949
200,"Oscillatory",2,0.5,NA,10,"Tail",0.054,0.0101078187557949
200,"Oscillatory",2,1,NA,10,"Uniform",0,0
200,"Oscillatory",2,1,NA,10,"Central",0.046,0.00936845771725528
200,"Oscillatory",2,1,NA,10,"Tail",0.066,0.0111035129576184
200,"Oscillatory",2,1.5,NA,10,"Uniform",0,0
200,"Oscillatory",2,1.5,NA,10,"Central",0.048,0.00955991631762538
200,"Oscillatory",2,1.5,NA,10,"Tail",0.07,0.0114105214604767
200,"Oscillatory",2,2,NA,10,"Uniform",0,0
200,"Oscillatory",2,2,NA,10,"Central",0.066,0.0111035129576184
200,"Oscillatory",2,2,NA,10,"Tail",0.054,0.0101078187557949
200,"Oscillatory",4,0.5,NA,10,"Uniform",0,0
200,"Oscillatory",4,0.5,NA,10,"Central",0.042,0.00897061870775924
200,"Oscillatory",4,0.5,NA,10,"Tail",0.05,0.00974679434480896
200,"Oscillatory",4,1,NA,10,"Uniform",0,0
200,"Oscillatory",4,1,NA,10,"Central",0.042,0.00897061870775924
200,"Oscillatory",4,1,NA,10,"Tail",0.066,0.0111035129576184
200,"Oscillatory",4,1.5,NA,10,"Uniform",0,0
200,"Oscillatory",4,1.5,NA,10,"Central",0.05,0.00974679434480896
200,"Oscillatory",4,1.5,NA,10,"Tail",0.08,0.0121326007104825
200,"Oscillatory",4,2,NA,10,"Uniform",0,0
200,"Oscillatory",4,2,NA,10,"Central",0.054,0.0101078187557949
200,"Oscillatory",4,2,NA,10,"Tail",0.074,0.0117067501895274
200,"Oscillatory",8,0.5,NA,10,"Uniform",0,0
200,"Oscillatory",8,0.5,NA,10,"Central",0.044,0.00917213170424411
200,"Oscillatory",8,0.5,NA,10,"Tail",0.06,0.0106207344378814
200,"Oscillatory",8,1,NA,10,"Uniform",0,0
200,"Oscillatory",8,1,NA,10,"Central",0.036,0.0083311463797007
200,"Oscillatory",8,1,NA,10,"Tail",0.07,0.0114105214604767
200,"Oscillatory",8,1.5,NA,10,"Uniform",0,0
200,"Oscillatory",8,1.5,NA,10,"Central",0.048,0.00955991631762538
200,"Oscillatory",8,1.5,NA,10,"Tail",0.068,0.0112584190719657
200,"Oscillatory",8,2,NA,10,"Uniform",0,0
200,"Oscillatory",8,2,NA,10,"Central",0.042,0.00897061870775924
200,"Oscillatory",8,2,NA,10,"Tail",0.064,0.0109456840809517
200,"Abrupt",0.25,0.05,NA,10,"Uniform",0,0
200,"Abrupt",0.25,0.05,NA,10,"Central",0.044,0.00917213170424411
200,"Abrupt",0.25,0.05,NA,10,"Tail",0.042,0.00897061870775924
200,"Abrupt",0.25,0.1,NA,10,"Uniform",0,0
200,"Abrupt",0.25,0.1,NA,10,"Central",0.046,0.00936845771725528
200,"Abrupt",0.25,0.1,NA,10,"Tail",0.068,0.0112584190719657
200,"Abrupt",0.25,0.2,NA,10,"Uniform",0,0
200,"Abrupt",0.25,0.2,NA,10,"Central",0.042,0.00897061870775924
200,"Abrupt",0.25,0.2,NA,10,"Tail",0.082,0.0122699633251286
200,"Abrupt",0.5,0.05,NA,10,"Uniform",0,0
200,"Abrupt",0.5,0.05,NA,10,"Central",0.046,0.00936845771725528
200,"Abrupt",0.5,0.05,NA,10,"Tail",0.074,0.0117067501895274
200,"Abrupt",0.5,0.1,NA,10,"Uniform",0,0
200,"Abrupt",0.5,0.1,NA,10,"Central",0.068,0.0112584190719657
200,"Abrupt",0.5,0.1,NA,10,"Tail",0.066,0.0111035129576184
200,"Abrupt",0.5,0.2,NA,10,"Uniform",0,0
200,"Abrupt",0.5,0.2,NA,10,"Central",0.064,0.0109456840809517
200,"Abrupt",0.5,0.2,NA,10,"Tail",0.068,0.0112584190719657
200,"Abrupt",0.75,0.05,NA,10,"Uniform",0,0
200,"Abrupt",0.75,0.05,NA,10,"Central",0.018,0.005945754788082
200,"Abrupt",0.75,0.05,NA,10,"Tail",0.102,0.0135348439222623
200,"Abrupt",0.75,0.1,NA,10,"Uniform",0,0
200,"Abrupt",0.75,0.1,NA,10,"Central",0,0
200,"Abrupt",0.75,0.1,NA,10,"Tail",0.204,0.0180213207063189
200,"Abrupt",0.75,0.2,NA,10,"Uniform",0,0
200,"Abrupt",0.75,0.2,NA,10,"Central",0,0
200,"Abrupt",0.75,0.2,NA,10,"Tail",0.59,0.0219954540757858
200,"Mixture",0.05,0.25,NA,10,"Uniform",0,0
200,"Mixture",0.05,0.25,NA,10,"Central",0,0
200,"Mixture",0.05,0.25,NA,10,"Tail",1,0
200,"Mixture",0.05,0.5,NA,10,"Uniform",0,0
200,"Mixture",0.05,0.5,NA,10,"Central",0,0
200,"Mixture",0.05,0.5,NA,10,"Tail",1,0
200,"Mixture",0.05,0.75,NA,10,"Uniform",0,0
200,"Mixture",0.05,0.75,NA,10,"Central",0,0
200,"Mixture",0.05,0.75,NA,10,"Tail",1,0
200,"Mixture",0.1,0.25,NA,10,"Uniform",0,0
200,"Mixture",0.1,0.25,NA,10,"Central",0,0
200,"Mixture",0.1,0.25,NA,10,"Tail",1,0
200,"Mixture",0.1,0.5,NA,10,"Uniform",0,0
200,"Mixture",0.1,0.5,NA,10,"Central",0,0
200,"Mixture",0.1,0.5,NA,10,"Tail",1,0
200,"Mixture",0.1,0.75,NA,10,"Uniform",0,0
200,"Mixture",0.1,0.75,NA,10,"Central",0,0
200,"Mixture",0.1,0.75,NA,10,"Tail",1,0
200,"Mixture",0.2,0.25,NA,10,"Uniform",0,0
200,"Mixture",0.2,0.25,NA,10,"Central",0,0
200,"Mixture",0.2,0.25,NA,10,"Tail",1,0
200,"Mixture",0.2,0.5,NA,10,"Uniform",0,0
200,"Mixture",0.2,0.5,NA,10,"Central",0,0
200,"Mixture",0.2,0.5,NA,10,"Tail",1,0
200,"Mixture",0.2,0.75,NA,10,"Uniform",0,0
200,"Mixture",0.2,0.75,NA,10,"Central",0,0
200,"Mixture",0.2,0.75,NA,10,"Tail",1,0
200,"Localized",0.25,0.05,0.5,15,"Uniform",0,0
200,"Localized",0.25,0.05,0.5,15,"Central",0.044,0.00917213170424411
200,"Localized",0.25,0.05,0.5,15,"Tail",0.05,0.00974679434480896
200,"Localized",0.25,0.05,0.5,15,"Localized",0.036,0.0083311463797007
200,"Localized",0.25,0.05,1,15,"Uniform",0,0
200,"Localized",0.25,0.05,1,15,"Central",0.058,0.0104533248299285
200,"Localized",0.25,0.05,1,15,"Tail",0.036,0.0083311463797007
200,"Localized",0.25,0.05,1,15,"Localized",0.058,0.0104533248299285
200,"Localized",0.25,0.05,1.5,15,"Uniform",0,0
200,"Localized",0.25,0.05,1.5,15,"Central",0.05,0.00974679434480896
200,"Localized",0.25,0.05,1.5,15,"Tail",0.038,0.00855055553750749
200,"Localized",0.25,0.05,1.5,15,"Localized",0.048,0.00955991631762538
200,"Localized",0.25,0.05,2,15,"Uniform",0,0
200,"Localized",0.25,0.05,2,15,"Central",0.054,0.0101078187557949
200,"Localized",0.25,0.05,2,15,"Tail",0.036,0.0083311463797007
200,"Localized",0.25,0.05,2,15,"Localized",0.04,0.00876356092008266
200,"Localized",0.25,0.1,0.5,15,"Uniform",0,0
200,"Localized",0.25,0.1,0.5,15,"Central",0.044,0.00917213170424411
200,"Localized",0.25,0.1,0.5,15,"Tail",0.036,0.0083311463797007
200,"Localized",0.25,0.1,0.5,15,"Localized",0.056,0.0102824121683582
200,"Localized",0.25,0.1,1,15,"Uniform",0,0
200,"Localized",0.25,0.1,1,15,"Central",0.024,0.00684455988358638
200,"Localized",0.25,0.1,1,15,"Tail",0.056,0.0102824121683582
200,"Localized",0.25,0.1,1,15,"Localized",0.03,0.00762889244910426
200,"Localized",0.25,0.1,1.5,15,"Uniform",0,0
200,"Localized",0.25,0.1,1.5,15,"Central",0.054,0.0101078187557949
200,"Localized",0.25,0.1,1.5,15,"Tail",0.044,0.00917213170424411
200,"Localized",0.25,0.1,1.5,15,"Localized",0.068,0.0112584190719657
200,"Localized",0.25,0.1,2,15,"Uniform",0,0
200,"Localized",0.25,0.1,2,15,"Central",0.05,0.00974679434480896
200,"Localized",0.25,0.1,2,15,"Tail",0.05,0.00974679434480896
200,"Localized",0.25,0.1,2,15,"Localized",0.038,0.00855055553750749
200,"Localized",0.25,0.2,0.5,15,"Uniform",0,0
200,"Localized",0.25,0.2,0.5,15,"Central",0.058,0.0104533248299285
200,"Localized",0.25,0.2,0.5,15,"Tail",0.044,0.00917213170424411
200,"Localized",0.25,0.2,0.5,15,"Localized",0.038,0.00855055553750749
200,"Localized",0.25,0.2,1,15,"Uniform",0,0
200,"Localized",0.25,0.2,1,15,"Central",0.046,0.00936845771725528
200,"Localized",0.25,0.2,1,15,"Tail",0.054,0.0101078187557949
200,"Localized",0.25,0.2,1,15,"Localized",0.034,0.00810481338464989
200,"Localized",0.25,0.2,1.5,15,"Uniform",0,0
200,"Localized",0.25,0.2,1.5,15,"Central",0.032,0.00787095928079926
200,"Localized",0.25,0.2,1.5,15,"Tail",0.04,0.00876356092008266
200,"Localized",0.25,0.2,1.5,15,"Localized",0.036,0.0083311463797007
200,"Localized",0.25,0.2,2,15,"Uniform",0,0
200,"Localized",0.25,0.2,2,15,"Central",0.03,0.00762889244910426
200,"Localized",0.25,0.2,2,15,"Tail",0.056,0.0102824121683582
200,"Localized",0.25,0.2,2,15,"Localized",0.028,0.00737780455149091
200,"Localized",0.5,0.05,0.5,15,"Uniform",0,0
200,"Localized",0.5,0.05,0.5,15,"Central",0.048,0.00955991631762538
200,"Localized",0.5,0.05,0.5,15,"Tail",0.044,0.00917213170424411
200,"Localized",0.5,0.05,0.5,15,"Localized",0.03,0.00762889244910426
200,"Localized",0.5,0.05,1,15,"Uniform",0,0
200,"Localized",0.5,0.05,1,15,"Central",0.048,0.00955991631762538
200,"Localized",0.5,0.05,1,15,"Tail",0.052,0.00992935043192655
200,"Localized",0.5,0.05,1,15,"Localized",0.028,0.00737780455149091
200,"Localized",0.5,0.05,1.5,15,"Uniform",0,0
200,"Localized",0.5,0.05,1.5,15,"Central",0.03,0.00762889244910426
200,"Localized",0.5,0.05,1.5,15,"Tail",0.032,0.00787095928079926
200,"Localized",0.5,0.05,1.5,15,"Localized",0.042,0.00897061870775924
200,"Localized",0.5,0.05,2,15,"Uniform",0,0
200,"Localized",0.5,0.05,2,15,"Central",0.026,0.00711674082709213
200,"Localized",0.5,0.05,2,15,"Tail",0.038,0.00855055553750749
200,"Localized",0.5,0.05,2,15,"Localized",0.02,0.00626099033699941
200,"Localized",0.5,0.1,0.5,15,"Uniform",0,0
200,"Localized",0.5,0.1,0.5,15,"Central",0.022,0.00655987804764692
200,"Localized",0.5,0.1,0.5,15,"Tail",0.042,0.00897061870775924
200,"Localized",0.5,0.1,0.5,15,"Localized",0.046,0.00936845771725528
200,"Localized",0.5,0.1,1,15,"Uniform",0,0
200,"Localized",0.5,0.1,1,15,"Central",0.026,0.00711674082709213
200,"Localized",0.5,0.1,1,15,"Tail",0.04,0.00876356092008266
200,"Localized",0.5,0.1,1,15,"Localized",0.042,0.00897061870775924
200,"Localized",0.5,0.1,1.5,15,"Uniform",0,0
200,"Localized",0.5,0.1,1.5,15,"Central",0.042,0.00897061870775924
200,"Localized",0.5,0.1,1.5,15,"Tail",0.03,0.00762889244910426
200,"Localized",0.5,0.1,1.5,15,"Localized",0.026,0.00711674082709213
200,"Localized",0.5,0.1,2,15,"Uniform",0,0
200,"Localized",0.5,0.1,2,15,"Central",0.04,0.00876356092008266
200,"Localized",0.5,0.1,2,15,"Tail",0.038,0.00855055553750749
200,"Localized",0.5,0.1,2,15,"Localized",0.058,0.0104533248299285
200,"Localized",0.5,0.2,0.5,15,"Uniform",0,0
200,"Localized",0.5,0.2,0.5,15,"Central",0.05,0.00974679434480896
200,"Localized",0.5,0.2,0.5,15,"Tail",0.042,0.00897061870775924
200,"Localized",0.5,0.2,0.5,15,"Localized",0.02,0.00626099033699941
200,"Localized",0.5,0.2,1,15,"Uniform",0,0
200,"Localized",0.5,0.2,1,15,"Central",0.04,0.00876356092008266
200,"Localized",0.5,0.2,1,15,"Tail",0.042,0.00897061870775924
200,"Localized",0.5,0.2,1,15,"Localized",0.036,0.0083311463797007
200,"Localized",0.5,0.2,1.5,15,"Uniform",0,0
200,"Localized",0.5,0.2,1.5,15,"Central",0.042,0.00897061870775924
200,"Localized",0.5,0.2,1.5,15,"Tail",0.036,0.0083311463797007
200,"Localized",0.5,0.2,1.5,15,"Localized",0.028,0.00737780455149091
200,"Localized",0.5,0.2,2,15,"Uniform",0,0
200,"Localized",0.5,0.2,2,15,"Central",0.028,0.00737780455149091
200,"Localized",0.5,0.2,2,15,"Tail",0.026,0.00711674082709213
200,"Localized",0.5,0.2,2,15,"Localized",0.03,0.00762889244910426
200,"Localized",0.75,0.05,0.5,15,"Uniform",0,0
200,"Localized",0.75,0.05,0.5,15,"Central",0.03,0.00762889244910426
200,"Localized",0.75,0.05,0.5,15,"Tail",0.054,0.0101078187557949
200,"Localized",0.75,0.05,0.5,15,"Localized",0.058,0.0104533248299285
200,"Localized",0.75,0.05,1,15,"Uniform",0,0
200,"Localized",0.75,0.05,1,15,"Central",0.056,0.0102824121683582
200,"Localized",0.75,0.05,1,15,"Tail",0.04,0.00876356092008266
200,"Localized",0.75,0.05,1,15,"Localized",0.056,0.0102824121683582
200,"Localized",0.75,0.05,1.5,15,"Uniform",0,0
200,"Localized",0.75,0.05,1.5,15,"Central",0.042,0.00897061870775924
200,"Localized",0.75,0.05,1.5,15,"Tail",0.028,0.00737780455149091
200,"Localized",0.75,0.05,1.5,15,"Localized",0.056,0.0102824121683582
200,"Localized",0.75,0.05,2,15,"Uniform",0,0
200,"Localized",0.75,0.05,2,15,"Central",0.048,0.00955991631762538
200,"Localized",0.75,0.05,2,15,"Tail",0.058,0.0104533248299285
200,"Localized",0.75,0.05,2,15,"Localized",0.058,0.0104533248299285
200,"Localized",0.75,0.1,0.5,15,"Uniform",0,0
200,"Localized",0.75,0.1,0.5,15,"Central",0.032,0.00787095928079926
200,"Localized",0.75,0.1,0.5,15,"Tail",0.042,0.00897061870775924
200,"Localized",0.75,0.1,0.5,15,"Localized",0.048,0.00955991631762538
200,"Localized",0.75,0.1,1,15,"Uniform",0,0
200,"Localized",0.75,0.1,1,15,"Central",0.048,0.00955991631762538
200,"Localized",0.75,0.1,1,15,"Tail",0.056,0.0102824121683582
200,"Localized",0.75,0.1,1,15,"Localized",0.048,0.00955991631762538
200,"Localized",0.75,0.1,1.5,15,"Uniform",0,0
200,"Localized",0.75,0.1,1.5,15,"Central",0.036,0.0083311463797007
200,"Localized",0.75,0.1,1.5,15,"Tail",0.04,0.00876356092008266
200,"Localized",0.75,0.1,1.5,15,"Localized",0.054,0.0101078187557949
200,"Localized",0.75,0.1,2,15,"Uniform",0,0
200,"Localized",0.75,0.1,2,15,"Central",0.04,0.00876356092008266
200,"Localized",0.75,0.1,2,15,"Tail",0.026,0.00711674082709213
200,"Localized",0.75,0.1,2,15,"Localized",0.04,0.00876356092008266
200,"Localized",0.75,0.2,0.5,15,"Uniform",0,0
200,"Localized",0.75,0.2,0.5,15,"Central",0.04,0.00876356092008266
200,"Localized",0.75,0.2,0.5,15,"Tail",0.052,0.00992935043192655
200,"Localized",0.75,0.2,0.5,15,"Localized",0.038,0.00855055553750749
200,"Localized",0.75,0.2,1,15,"Uniform",0,0
200,"Localized",0.75,0.2,1,15,"Central",0.046,0.00936845771725528
200,"Localized",0.75,0.2,1,15,"Tail",0.04,0.00876356092008266
200,"Localized",0.75,0.2,1,15,"Localized",0.032,0.00787095928079926
200,"Localized",0.75,0.2,1.5,15,"Uniform",0,0
200,"Localized",0.75,0.2,1.5,15,"Central",0.032,0.00787095928079926
200,"Localized",0.75,0.2,1.5,15,"Tail",0.044,0.00917213170424411
200,"Localized",0.75,0.2,1.5,15,"Localized",0.038,0.00855055553750749
200,"Localized",0.75,0.2,2,15,"Uniform",0,0
200,"Localized",0.75,0.2,2,15,"Central",0.036,0.0083311463797007
200,"Localized",0.75,0.2,2,15,"Tail",0.034,0.00810481338464989
200,"Localized",0.75,0.2,2,15,"Localized",0.04,0.00876356092008266
200,"Oscillatory",1,0.5,NA,15,"Uniform",0,0
200,"Oscillatory",1,0.5,NA,15,"Central",0.032,0.00787095928079926
200,"Oscillatory",1,0.5,NA,15,"Tail",0.054,0.0101078187557949
200,"Oscillatory",1,1,NA,15,"Uniform",0,0
200,"Oscillatory",1,1,NA,15,"Central",0.038,0.00855055553750749
200,"Oscillatory",1,1,NA,15,"Tail",0.064,0.0109456840809517
200,"Oscillatory",1,1.5,NA,15,"Uniform",0,0
200,"Oscillatory",1,1.5,NA,15,"Central",0.042,0.00897061870775924
200,"Oscillatory",1,1.5,NA,15,"Tail",0.048,0.00955991631762538
200,"Oscillatory",1,2,NA,15,"Uniform",0,0
200,"Oscillatory",1,2,NA,15,"Central",0.04,0.00876356092008266
200,"Oscillatory",1,2,NA,15,"Tail",0.036,0.0083311463797007
200,"Oscillatory",2,0.5,NA,15,"Uniform",0,0
200,"Oscillatory",2,0.5,NA,15,"Central",0.044,0.00917213170424411
200,"Oscillatory",2,0.5,NA,15,"Tail",0.052,0.00992935043192655
200,"Oscillatory",2,1,NA,15,"Uniform",0,0
200,"Oscillatory",2,1,NA,15,"Central",0.042,0.00897061870775924
200,"Oscillatory",2,1,NA,15,"Tail",0.034,0.00810481338464989
200,"Oscillatory",2,1.5,NA,15,"Uniform",0,0
200,"Oscillatory",2,1.5,NA,15,"Central",0.038,0.00855055553750749
200,"Oscillatory",2,1.5,NA,15,"Tail",0.078,0.0119929979571415
200,"Oscillatory",2,2,NA,15,"Uniform",0,0
200,"Oscillatory",2,2,NA,15,"Central",0.052,0.00992935043192655
200,"Oscillatory",2,2,NA,15,"Tail",0.068,0.0112584190719657
200,"Oscillatory",4,0.5,NA,15,"Uniform",0,0
200,"Oscillatory",4,0.5,NA,15,"Central",0.058,0.0104533248299285
200,"Oscillatory",4,0.5,NA,15,"Tail",0.052,0.00992935043192655
200,"Oscillatory",4,1,NA,15,"Uniform",0,0
200,"Oscillatory",4,1,NA,15,"Central",0.048,0.00955991631762538
200,"Oscillatory",4,1,NA,15,"Tail",0.046,0.00936845771725528
200,"Oscillatory",4,1.5,NA,15,"Uniform",0,0
200,"Oscillatory",4,1.5,NA,15,"Central",0.044,0.00917213170424411
200,"Oscillatory",4,1.5,NA,15,"Tail",0.042,0.00897061870775924
200,"Oscillatory",4,2,NA,15,"Uniform",0,0
200,"Oscillatory",4,2,NA,15,"Central",0.032,0.00787095928079926
200,"Oscillatory",4,2,NA,15,"Tail",0.056,0.0102824121683582
200,"Oscillatory",8,0.5,NA,15,"Uniform",0,0
200,"Oscillatory",8,0.5,NA,15,"Central",0.03,0.00762889244910426
200,"Oscillatory",8,0.5,NA,15,"Tail",0.048,0.00955991631762538
200,"Oscillatory",8,1,NA,15,"Uniform",0,0
200,"Oscillatory",8,1,NA,15,"Central",0.036,0.0083311463797007
200,"Oscillatory",8,1,NA,15,"Tail",0.04,0.00876356092008266
200,"Oscillatory",8,1.5,NA,15,"Uniform",0,0
200,"Oscillatory",8,1.5,NA,15,"Central",0.044,0.00917213170424411
200,"Oscillatory",8,1.5,NA,15,"Tail",0.036,0.0083311463797007
200,"Oscillatory",8,2,NA,15,"Uniform",0,0
200,"Oscillatory",8,2,NA,15,"Central",0.054,0.0101078187557949
200,"Oscillatory",8,2,NA,15,"Tail",0.04,0.00876356092008266
200,"Abrupt",0.25,0.05,NA,15,"Uniform",0,0
200,"Abrupt",0.25,0.05,NA,15,"Central",0.04,0.00876356092008266
200,"Abrupt",0.25,0.05,NA,15,"Tail",0.04,0.00876356092008266
200,"Abrupt",0.25,0.1,NA,15,"Uniform",0,0
200,"Abrupt",0.25,0.1,NA,15,"Central",0.034,0.00810481338464989
200,"Abrupt",0.25,0.1,NA,15,"Tail",0.05,0.00974679434480896
200,"Abrupt",0.25,0.2,NA,15,"Uniform",0,0
200,"Abrupt",0.25,0.2,NA,15,"Central",0.01,0.0044497190922574
200,"Abrupt",0.25,0.2,NA,15,"Tail",0.066,0.0111035129576184
200,"Abrupt",0.5,0.05,NA,15,"Uniform",0,0
200,"Abrupt",0.5,0.05,NA,15,"Central",0.044,0.00917213170424411
200,"Abrupt",0.5,0.05,NA,15,"Tail",0.044,0.00917213170424411
200,"Abrupt",0.5,0.1,NA,15,"Uniform",0,0
200,"Abrupt",0.5,0.1,NA,15,"Central",0.042,0.00897061870775924
200,"Abrupt",0.5,0.1,NA,15,"Tail",0.05,0.00974679434480896
200,"Abrupt",0.5,0.2,NA,15,"Uniform",0,0
200,"Abrupt",0.5,0.2,NA,15,"Central",0.056,0.0102824121683582
200,"Abrupt",0.5,0.2,NA,15,"Tail",0.064,0.0109456840809517
200,"Abrupt",0.75,0.05,NA,15,"Uniform",0,0
200,"Abrupt",0.75,0.05,NA,15,"Central",0.028,0.00737780455149091
200,"Abrupt",0.75,0.05,NA,15,"Tail",0.072,0.0115599307956406
200,"Abrupt",0.75,0.1,NA,15,"Uniform",0,0
200,"Abrupt",0.75,0.1,NA,15,"Central",0,0
200,"Abrupt",0.75,0.1,NA,15,"Tail",0.166,0.0166399519230075
200,"Abrupt",0.75,0.2,NA,15,"Uniform",0,0
200,"Abrupt",0.75,0.2,NA,15,"Central",0,0
200,"Abrupt",0.75,0.2,NA,15,"Tail",0.34,0.0211849002829846
200,"Mixture",0.05,0.25,NA,15,"Uniform",0,0
200,"Mixture",0.05,0.25,NA,15,"Central",0,0
200,"Mixture",0.05,0.25,NA,15,"Tail",1,0
200,"Mixture",0.05,0.5,NA,15,"Uniform",0,0
200,"Mixture",0.05,0.5,NA,15,"Central",0,0
200,"Mixture",0.05,0.5,NA,15,"Tail",1,0
200,"Mixture",0.05,0.75,NA,15,"Uniform",0,0
200,"Mixture",0.05,0.75,NA,15,"Central",0,0
200,"Mixture",0.05,0.75,NA,15,"Tail",1,0
200,"Mixture",0.1,0.25,NA,15,"Uniform",0,0
200,"Mixture",0.1,0.25,NA,15,"Central",0,0
200,"Mixture",0.1,0.25,NA,15,"Tail",1,0
200,"Mixture",0.1,0.5,NA,15,"Uniform",0,0
200,"Mixture",0.1,0.5,NA,15,"Central",0,0
200,"Mixture",0.1,0.5,NA,15,"Tail",1,0
200,"Mixture",0.1,0.75,NA,15,"Uniform",0,0
200,"Mixture",0.1,0.75,NA,15,"Central",0,0
200,"Mixture",0.1,0.75,NA,15,"Tail",1,0
200,"Mixture",0.2,0.25,NA,15,"Uniform",0,0
200,"Mixture",0.2,0.25,NA,15,"Central",0,0
200,"Mixture",0.2,0.25,NA,15,"Tail",1,0
200,"Mixture",0.2,0.5,NA,15,"Uniform",0,0
200,"Mixture",0.2,0.5,NA,15,"Central",0,0
200,"Mixture",0.2,0.5,NA,15,"Tail",1,0
200,"Mixture",0.2,0.75,NA,15,"Uniform",0,0
200,"Mixture",0.2,0.75,NA,15,"Central",0,0
200,"Mixture",0.2,0.75,NA,15,"Tail",1,0
500,"Localized",0.25,0.05,0.5,1,"Uniform",0,0
500,"Localized",0.25,0.05,0.5,1,"Central",0.054,0.0101078187557949
500,"Localized",0.25,0.05,0.5,1,"Tail",0.03,0.00762889244910426
500,"Localized",0.25,0.05,0.5,1,"Localized",0.042,0.00897061870775924
500,"Localized",0.25,0.05,1,1,"Uniform",0,0
500,"Localized",0.25,0.05,1,1,"Central",0.056,0.0102824121683582
500,"Localized",0.25,0.05,1,1,"Tail",0.038,0.00855055553750749
500,"Localized",0.25,0.05,1,1,"Localized",0.032,0.00787095928079926
500,"Localized",0.25,0.05,1.5,1,"Uniform",0,0
500,"Localized",0.25,0.05,1.5,1,"Central",0.058,0.0104533248299285
500,"Localized",0.25,0.05,1.5,1,"Tail",0.04,0.00876356092008266
500,"Localized",0.25,0.05,1.5,1,"Localized",0.032,0.00787095928079926
500,"Localized",0.25,0.05,2,1,"Uniform",0,0
500,"Localized",0.25,0.05,2,1,"Central",0.052,0.00992935043192655
500,"Localized",0.25,0.05,2,1,"Tail",0.046,0.00936845771725528
500,"Localized",0.25,0.05,2,1,"Localized",0.038,0.00855055553750749
500,"Localized",0.25,0.1,0.5,1,"Uniform",0,0
500,"Localized",0.25,0.1,0.5,1,"Central",0.044,0.00917213170424411
500,"Localized",0.25,0.1,0.5,1,"Tail",0.05,0.00974679434480896
500,"Localized",0.25,0.1,0.5,1,"Localized",0.036,0.0083311463797007
500,"Localized",0.25,0.1,1,1,"Uniform",0,0
500,"Localized",0.25,0.1,1,1,"Central",0.044,0.00917213170424411
500,"Localized",0.25,0.1,1,1,"Tail",0.03,0.00762889244910426
500,"Localized",0.25,0.1,1,1,"Localized",0.028,0.00737780455149091
500,"Localized",0.25,0.1,1.5,1,"Uniform",0,0
500,"Localized",0.25,0.1,1.5,1,"Central",0.06,0.0106207344378814
500,"Localized",0.25,0.1,1.5,1,"Tail",0.054,0.0101078187557949
500,"Localized",0.25,0.1,1.5,1,"Localized",0.016,0.00561141693336006
500,"Localized",0.25,0.1,2,1,"Uniform",0,0
500,"Localized",0.25,0.1,2,1,"Central",0.068,0.0112584190719657
500,"Localized",0.25,0.1,2,1,"Tail",0.046,0.00936845771725528
500,"Localized",0.25,0.1,2,1,"Localized",0.034,0.00810481338464989
500,"Localized",0.25,0.2,0.5,1,"Uniform",0,0
500,"Localized",0.25,0.2,0.5,1,"Central",0.036,0.0083311463797007
500,"Localized",0.25,0.2,0.5,1,"Tail",0.04,0.00876356092008266
500,"Localized",0.25,0.2,0.5,1,"Localized",0.032,0.00787095928079926
500,"Localized",0.25,0.2,1,1,"Uniform",0,0
500,"Localized",0.25,0.2,1,1,"Central",0.042,0.00897061870775924
500,"Localized",0.25,0.2,1,1,"Tail",0.034,0.00810481338464989
500,"Localized",0.25,0.2,1,1,"Localized",0.048,0.00955991631762538
500,"Localized",0.25,0.2,1.5,1,"Uniform",0,0
500,"Localized",0.25,0.2,1.5,1,"Central",0.062,0.0107848041243223
500,"Localized",0.25,0.2,1.5,1,"Tail",0.048,0.00955991631762538
500,"Localized",0.25,0.2,1.5,1,"Localized",0.03,0.00762889244910426
500,"Localized",0.25,0.2,2,1,"Uniform",0,0
500,"Localized",0.25,0.2,2,1,"Central",0.064,0.0109456840809517
500,"Localized",0.25,0.2,2,1,"Tail",0.066,0.0111035129576184
500,"Localized",0.25,0.2,2,1,"Localized",0.032,0.00787095928079926
500,"Localized",0.5,0.05,0.5,1,"Uniform",0,0
500,"Localized",0.5,0.05,0.5,1,"Central",0.062,0.0107848041243223
500,"Localized",0.5,0.05,0.5,1,"Tail",0.042,0.00897061870775924
500,"Localized",0.5,0.05,0.5,1,"Localized",0.052,0.00992935043192655
500,"Localized",0.5,0.05,1,1,"Uniform",0,0
500,"Localized",0.5,0.05,1,1,"Central",0.046,0.00936845771725528
500,"Localized",0.5,0.05,1,1,"Tail",0.058,0.0104533248299285
500,"Localized",0.5,0.05,1,1,"Localized",0.048,0.00955991631762538
500,"Localized",0.5,0.05,1.5,1,"Uniform",0,0
500,"Localized",0.5,0.05,1.5,1,"Central",0.03,0.00762889244910426
500,"Localized",0.5,0.05,1.5,1,"Tail",0.068,0.0112584190719657
500,"Localized",0.5,0.05,1.5,1,"Localized",0.044,0.00917213170424411
500,"Localized",0.5,0.05,2,1,"Uniform",0,0
500,"Localized",0.5,0.05,2,1,"Central",0.022,0.00655987804764692
500,"Localized",0.5,0.05,2,1,"Tail",0.06,0.0106207344378814
500,"Localized",0.5,0.05,2,1,"Localized",0.06,0.0106207344378814
500,"Localized",0.5,0.1,0.5,1,"Uniform",0,0
500,"Localized",0.5,0.1,0.5,1,"Central",0.05,0.00974679434480896
500,"Localized",0.5,0.1,0.5,1,"Tail",0.06,0.0106207344378814
500,"Localized",0.5,0.1,0.5,1,"Localized",0.034,0.00810481338464989
500,"Localized",0.5,0.1,1,1,"Uniform",0,0
500,"Localized",0.5,0.1,1,1,"Central",0.052,0.00992935043192655
500,"Localized",0.5,0.1,1,1,"Tail",0.054,0.0101078187557949
500,"Localized",0.5,0.1,1,1,"Localized",0.022,0.00655987804764692
500,"Localized",0.5,0.1,1.5,1,"Uniform",0,0
500,"Localized",0.5,0.1,1.5,1,"Central",0.04,0.00876356092008266
500,"Localized",0.5,0.1,1.5,1,"Tail",0.038,0.00855055553750749
500,"Localized",0.5,0.1,1.5,1,"Localized",0.012,0.00486949689393062
500,"Localized",0.5,0.1,2,1,"Uniform",0,0
500,"Localized",0.5,0.1,2,1,"Central",0.042,0.00897061870775924
500,"Localized",0.5,0.1,2,1,"Tail",0.062,0.0107848041243223
500,"Localized",0.5,0.1,2,1,"Localized",0.018,0.005945754788082
500,"Localized",0.5,0.2,0.5,1,"Uniform",0,0
500,"Localized",0.5,0.2,0.5,1,"Central",0.064,0.0109456840809517
500,"Localized",0.5,0.2,0.5,1,"Tail",0.056,0.0102824121683582
500,"Localized",0.5,0.2,0.5,1,"Localized",0.058,0.0104533248299285
500,"Localized",0.5,0.2,1,1,"Uniform",0,0
500,"Localized",0.5,0.2,1,1,"Central",0.042,0.00897061870775924
500,"Localized",0.5,0.2,1,1,"Tail",0.06,0.0106207344378814
500,"Localized",0.5,0.2,1,1,"Localized",0.03,0.00762889244910426
500,"Localized",0.5,0.2,1.5,1,"Uniform",0,0
500,"Localized",0.5,0.2,1.5,1,"Central",0.046,0.00936845771725528
500,"Localized",0.5,0.2,1.5,1,"Tail",0.048,0.00955991631762538
500,"Localized",0.5,0.2,1.5,1,"Localized",0.038,0.00855055553750749
500,"Localized",0.5,0.2,2,1,"Uniform",0,0
500,"Localized",0.5,0.2,2,1,"Central",0.024,0.00684455988358638
500,"Localized",0.5,0.2,2,1,"Tail",0.048,0.00955991631762538
500,"Localized",0.5,0.2,2,1,"Localized",0.016,0.00561141693336006
500,"Localized",0.75,0.05,0.5,1,"Uniform",0,0
500,"Localized",0.75,0.05,0.5,1,"Central",0.044,0.00917213170424411
500,"Localized",0.75,0.05,0.5,1,"Tail",0.028,0.00737780455149091
500,"Localized",0.75,0.05,0.5,1,"Localized",0.056,0.0102824121683582
500,"Localized",0.75,0.05,1,1,"Uniform",0,0
500,"Localized",0.75,0.05,1,1,"Central",0.05,0.00974679434480896
500,"Localized",0.75,0.05,1,1,"Tail",0.046,0.00936845771725528
500,"Localized",0.75,0.05,1,1,"Localized",0.036,0.0083311463797007
500,"Localized",0.75,0.05,1.5,1,"Uniform",0,0
500,"Localized",0.75,0.05,1.5,1,"Central",0.054,0.0101078187557949
500,"Localized",0.75,0.05,1.5,1,"Tail",0.042,0.00897061870775924
500,"Localized",0.75,0.05,1.5,1,"Localized",0.028,0.00737780455149091
500,"Localized",0.75,0.05,2,1,"Uniform",0,0
500,"Localized",0.75,0.05,2,1,"Central",0.032,0.00787095928079926
500,"Localized",0.75,0.05,2,1,"Tail",0.04,0.00876356092008266
500,"Localized",0.75,0.05,2,1,"Localized",0.042,0.00897061870775924
500,"Localized",0.75,0.1,0.5,1,"Uniform",0,0
500,"Localized",0.75,0.1,0.5,1,"Central",0.04,0.00876356092008266
500,"Localized",0.75,0.1,0.5,1,"Tail",0.04,0.00876356092008266
500,"Localized",0.75,0.1,0.5,1,"Localized",0.026,0.00711674082709213
500,"Localized",0.75,0.1,1,1,"Uniform",0,0
500,"Localized",0.75,0.1,1,1,"Central",0.046,0.00936845771725528
500,"Localized",0.75,0.1,1,1,"Tail",0.048,0.00955991631762538
500,"Localized",0.75,0.1,1,1,"Localized",0.024,0.00684455988358638
500,"Localized",0.75,0.1,1.5,1,"Uniform",0,0
500,"Localized",0.75,0.1,1.5,1,"Central",0.056,0.0102824121683582
500,"Localized",0.75,0.1,1.5,1,"Tail",0.036,0.0083311463797007
500,"Localized",0.75,0.1,1.5,1,"Localized",0.022,0.00655987804764692
500,"Localized",0.75,0.1,2,1,"Uniform",0,0
500,"Localized",0.75,0.1,2,1,"Central",0.06,0.0106207344378814
500,"Localized",0.75,0.1,2,1,"Tail",0.044,0.00917213170424411
500,"Localized",0.75,0.1,2,1,"Localized",0.016,0.00561141693336006
500,"Localized",0.75,0.2,0.5,1,"Uniform",0,0
500,"Localized",0.75,0.2,0.5,1,"Central",0.046,0.00936845771725528
500,"Localized",0.75,0.2,0.5,1,"Tail",0.042,0.00897061870775924
500,"Localized",0.75,0.2,0.5,1,"Localized",0.052,0.00992935043192655
500,"Localized",0.75,0.2,1,1,"Uniform",0,0
500,"Localized",0.75,0.2,1,1,"Central",0.052,0.00992935043192655
500,"Localized",0.75,0.2,1,1,"Tail",0.038,0.00855055553750749
500,"Localized",0.75,0.2,1,1,"Localized",0.058,0.0104533248299285
500,"Localized",0.75,0.2,1.5,1,"Uniform",0,0
500,"Localized",0.75,0.2,1.5,1,"Central",0.042,0.00897061870775924
500,"Localized",0.75,0.2,1.5,1,"Tail",0.044,0.00917213170424411
500,"Localized",0.75,0.2,1.5,1,"Localized",0.048,0.00955991631762538
500,"Localized",0.75,0.2,2,1,"Uniform",0,0
500,"Localized",0.75,0.2,2,1,"Central",0.05,0.00974679434480896
500,"Localized",0.75,0.2,2,1,"Tail",0.05,0.00974679434480896
500,"Localized",0.75,0.2,2,1,"Localized",0.032,0.00787095928079926
500,"Oscillatory",1,0.5,NA,1,"Uniform",0,0
500,"Oscillatory",1,0.5,NA,1,"Central",0.06,0.0106207344378814
500,"Oscillatory",1,0.5,NA,1,"Tail",0.036,0.0083311463797007
500,"Oscillatory",1,1,NA,1,"Uniform",0,0
500,"Oscillatory",1,1,NA,1,"Central",0.046,0.00936845771725528
500,"Oscillatory",1,1,NA,1,"Tail",0.05,0.00974679434480896
500,"Oscillatory",1,1.5,NA,1,"Uniform",0,0
500,"Oscillatory",1,1.5,NA,1,"Central",0.048,0.00955991631762538
500,"Oscillatory",1,1.5,NA,1,"Tail",0.046,0.00936845771725528
500,"Oscillatory",1,2,NA,1,"Uniform",0,0
500,"Oscillatory",1,2,NA,1,"Central",0.046,0.00936845771725528
500,"Oscillatory",1,2,NA,1,"Tail",0.054,0.0101078187557949
500,"Oscillatory",2,0.5,NA,1,"Uniform",0,0
500,"Oscillatory",2,0.5,NA,1,"Central",0.044,0.00917213170424411
500,"Oscillatory",2,0.5,NA,1,"Tail",0.034,0.00810481338464989
500,"Oscillatory",2,1,NA,1,"Uniform",0,0
500,"Oscillatory",2,1,NA,1,"Central",0.044,0.00917213170424411
500,"Oscillatory",2,1,NA,1,"Tail",0.032,0.00787095928079926
500,"Oscillatory",2,1.5,NA,1,"Uniform",0,0
500,"Oscillatory",2,1.5,NA,1,"Central",0.06,0.0106207344378814
500,"Oscillatory",2,1.5,NA,1,"Tail",0.038,0.00855055553750749
500,"Oscillatory",2,2,NA,1,"Uniform",0,0
500,"Oscillatory",2,2,NA,1,"Central",0.054,0.0101078187557949
500,"Oscillatory",2,2,NA,1,"Tail",0.042,0.00897061870775924
500,"Oscillatory",4,0.5,NA,1,"Uniform",0,0
500,"Oscillatory",4,0.5,NA,1,"Central",0.04,0.00876356092008266
500,"Oscillatory",4,0.5,NA,1,"Tail",0.032,0.00787095928079926
500,"Oscillatory",4,1,NA,1,"Uniform",0,0
500,"Oscillatory",4,1,NA,1,"Central",0.03,0.00762889244910426
500,"Oscillatory",4,1,NA,1,"Tail",0.05,0.00974679434480896
500,"Oscillatory",4,1.5,NA,1,"Uniform",0,0
500,"Oscillatory",4,1.5,NA,1,"Central",0.056,0.0102824121683582
500,"Oscillatory",4,1.5,NA,1,"Tail",0.054,0.0101078187557949
500,"Oscillatory",4,2,NA,1,"Uniform",0,0
500,"Oscillatory",4,2,NA,1,"Central",0.048,0.00955991631762538
500,"Oscillatory",4,2,NA,1,"Tail",0.05,0.00974679434480896
500,"Oscillatory",8,0.5,NA,1,"Uniform",0,0
500,"Oscillatory",8,0.5,NA,1,"Central",0.046,0.00936845771725528
500,"Oscillatory",8,0.5,NA,1,"Tail",0.04,0.00876356092008266
500,"Oscillatory",8,1,NA,1,"Uniform",0,0
500,"Oscillatory",8,1,NA,1,"Central",0.038,0.00855055553750749
500,"Oscillatory",8,1,NA,1,"Tail",0.076,0.0118510759005248
500,"Oscillatory",8,1.5,NA,1,"Uniform",0,0
500,"Oscillatory",8,1.5,NA,1,"Central",0.038,0.00855055553750749
500,"Oscillatory",8,1.5,NA,1,"Tail",0.068,0.0112584190719657
500,"Oscillatory",8,2,NA,1,"Uniform",0,0
500,"Oscillatory",8,2,NA,1,"Central",0.032,0.00787095928079926
500,"Oscillatory",8,2,NA,1,"Tail",0.064,0.0109456840809517
500,"Abrupt",0.25,0.05,NA,1,"Uniform",0,0
500,"Abrupt",0.25,0.05,NA,1,"Central",0.062,0.0107848041243223
500,"Abrupt",0.25,0.05,NA,1,"Tail",0.032,0.00787095928079926
500,"Abrupt",0.25,0.1,NA,1,"Uniform",0,0
500,"Abrupt",0.25,0.1,NA,1,"Central",0.092,0.01292563344676
500,"Abrupt",0.25,0.1,NA,1,"Tail",0.026,0.00711674082709213
500,"Abrupt",0.25,0.2,NA,1,"Uniform",0,0
500,"Abrupt",0.25,0.2,NA,1,"Central",0.12,0.014532721699668
500,"Abrupt",0.25,0.2,NA,1,"Tail",0.024,0.00684455988358638
500,"Abrupt",0.5,0.05,NA,1,"Uniform",0,0
500,"Abrupt",0.5,0.05,NA,1,"Central",0.058,0.0104533248299285
500,"Abrupt",0.5,0.05,NA,1,"Tail",0.05,0.00974679434480896
500,"Abrupt",0.5,0.1,NA,1,"Uniform",0,0
500,"Abrupt",0.5,0.1,NA,1,"Central",0.058,0.0104533248299285
500,"Abrupt",0.5,0.1,NA,1,"Tail",0.046,0.00936845771725528
500,"Abrupt",0.5,0.2,NA,1,"Uniform",0,0
500,"Abrupt",0.5,0.2,NA,1,"Central",0.06,0.0106207344378814
500,"Abrupt",0.5,0.2,NA,1,"Tail",0.058,0.0104533248299285
500,"Abrupt",0.75,0.05,NA,1,"Uniform",0,0
500,"Abrupt",0.75,0.05,NA,1,"Central",0.012,0.00486949689393062
500,"Abrupt",0.75,0.05,NA,1,"Tail",0.126,0.0148407546977908
500,"Abrupt",0.75,0.1,NA,1,"Uniform",0,0
500,"Abrupt",0.75,0.1,NA,1,"Central",0,0
500,"Abrupt",0.75,0.1,NA,1,"Tail",0.29,0.0202928558857545
500,"Abrupt",0.75,0.2,NA,1,"Uniform",0,0
500,"Abrupt",0.75,0.2,NA,1,"Central",0,0
500,"Abrupt",0.75,0.2,NA,1,"Tail",0.912,0.0126693330526907
500,"Mixture",0.05,0.25,NA,1,"Uniform",0,0
500,"Mixture",0.05,0.25,NA,1,"Central",0,0
500,"Mixture",0.05,0.25,NA,1,"Tail",1,0
500,"Mixture",0.05,0.5,NA,1,"Uniform",0,0
500,"Mixture",0.05,0.5,NA,1,"Central",0,0
500,"Mixture",0.05,0.5,NA,1,"Tail",1,0
500,"Mixture",0.05,0.75,NA,1,"Uniform",0,0
500,"Mixture",0.05,0.75,NA,1,"Central",0,0
500,"Mixture",0.05,0.75,NA,1,"Tail",1,0
500,"Mixture",0.1,0.25,NA,1,"Uniform",0,0
500,"Mixture",0.1,0.25,NA,1,"Central",0,0
500,"Mixture",0.1,0.25,NA,1,"Tail",1,0
500,"Mixture",0.1,0.5,NA,1,"Uniform",0,0
500,"Mixture",0.1,0.5,NA,1,"Central",0,0
500,"Mixture",0.1,0.5,NA,1,"Tail",1,0
500,"Mixture",0.1,0.75,NA,1,"Uniform",0,0
500,"Mixture",0.1,0.75,NA,1,"Central",0,0
500,"Mixture",0.1,0.75,NA,1,"Tail",1,0
500,"Mixture",0.2,0.25,NA,1,"Uniform",0,0
500,"Mixture",0.2,0.25,NA,1,"Central",0,0
500,"Mixture",0.2,0.25,NA,1,"Tail",1,0
500,"Mixture",0.2,0.5,NA,1,"Uniform",0,0
500,"Mixture",0.2,0.5,NA,1,"Central",0,0
500,"Mixture",0.2,0.5,NA,1,"Tail",1,0
500,"Mixture",0.2,0.75,NA,1,"Uniform",0,0
500,"Mixture",0.2,0.75,NA,1,"Central",0,0
500,"Mixture",0.2,0.75,NA,1,"Tail",1,0
500,"Localized",0.25,0.05,0.5,2,"Uniform",0,0
500,"Localized",0.25,0.05,0.5,2,"Central",0.054,0.0101078187557949
500,"Localized",0.25,0.05,0.5,2,"Tail",0.04,0.00876356092008266
500,"Localized",0.25,0.05,0.5,2,"Localized",0.048,0.00955991631762538
500,"Localized",0.25,0.05,1,2,"Uniform",0,0
500,"Localized",0.25,0.05,1,2,"Central",0.064,0.0109456840809517
500,"Localized",0.25,0.05,1,2,"Tail",0.036,0.0083311463797007
500,"Localized",0.25,0.05,1,2,"Localized",0.022,0.00655987804764692
500,"Localized",0.25,0.05,1.5,2,"Uniform",0,0
500,"Localized",0.25,0.05,1.5,2,"Central",0.064,0.0109456840809517
500,"Localized",0.25,0.05,1.5,2,"Tail",0.066,0.0111035129576184
500,"Localized",0.25,0.05,1.5,2,"Localized",0.048,0.00955991631762538
500,"Localized",0.25,0.05,2,2,"Uniform",0,0
500,"Localized",0.25,0.05,2,2,"Central",0.044,0.00917213170424411
500,"Localized",0.25,0.05,2,2,"Tail",0.048,0.00955991631762538
500,"Localized",0.25,0.05,2,2,"Localized",0.028,0.00737780455149091
500,"Localized",0.25,0.1,0.5,2,"Uniform",0,0
500,"Localized",0.25,0.1,0.5,2,"Central",0.08,0.0121326007104825
500,"Localized",0.25,0.1,0.5,2,"Tail",0.044,0.00917213170424411
500,"Localized",0.25,0.1,0.5,2,"Localized",0.028,0.00737780455149091
500,"Localized",0.25,0.1,1,2,"Uniform",0,0
500,"Localized",0.25,0.1,1,2,"Central",0.068,0.0112584190719657
500,"Localized",0.25,0.1,1,2,"Tail",0.034,0.00810481338464989
500,"Localized",0.25,0.1,1,2,"Localized",0.042,0.00897061870775924
500,"Localized",0.25,0.1,1.5,2,"Uniform",0,0
500,"Localized",0.25,0.1,1.5,2,"Central",0.072,0.0115599307956406
500,"Localized",0.25,0.1,1.5,2,"Tail",0.07,0.0114105214604767
500,"Localized",0.25,0.1,1.5,2,"Localized",0.034,0.00810481338464989
500,"Localized",0.25,0.1,2,2,"Uniform",0,0
500,"Localized",0.25,0.1,2,2,"Central",0.062,0.0107848041243223
500,"Localized",0.25,0.1,2,2,"Tail",0.042,0.00897061870775924
500,"Localized",0.25,0.1,2,2,"Localized",0.03,0.00762889244910426
500,"Localized",0.25,0.2,0.5,2,"Uniform",0,0
500,"Localized",0.25,0.2,0.5,2,"Central",0.084,0.0124051602166195
500,"Localized",0.25,0.2,0.5,2,"Tail",0.052,0.00992935043192655
500,"Localized",0.25,0.2,0.5,2,"Localized",0.042,0.00897061870775924
500,"Localized",0.25,0.2,1,2,"Uniform",0,0
500,"Localized",0.25,0.2,1,2,"Central",0.06,0.0106207344378814
500,"Localized",0.25,0.2,1,2,"Tail",0.054,0.0101078187557949
500,"Localized",0.25,0.2,1,2,"Localized",0.046,0.00936845771725528
500,"Localized",0.25,0.2,1.5,2,"Uniform",0,0
500,"Localized",0.25,0.2,1.5,2,"Central",0.058,0.0104533248299285
500,"Localized",0.25,0.2,1.5,2,"Tail",0.06,0.0106207344378814
500,"Localized",0.25,0.2,1.5,2,"Localized",0.044,0.00917213170424411
500,"Localized",0.25,0.2,2,2,"Uniform",0,0
500,"Localized",0.25,0.2,2,2,"Central",0.088,0.0126693330526907
500,"Localized",0.25,0.2,2,2,"Tail",0.062,0.0107848041243223
500,"Localized",0.25,0.2,2,2,"Localized",0.034,0.00810481338464989
500,"Localized",0.5,0.05,0.5,2,"Uniform",0,0
500,"Localized",0.5,0.05,0.5,2,"Central",0.072,0.0115599307956406
500,"Localized",0.5,0.05,0.5,2,"Tail",0.062,0.0107848041243223
500,"Localized",0.5,0.05,0.5,2,"Localized",0.048,0.00955991631762538
500,"Localized",0.5,0.05,1,2,"Uniform",0,0
500,"Localized",0.5,0.05,1,2,"Central",0.052,0.00992935043192655
500,"Localized",0.5,0.05,1,2,"Tail",0.062,0.0107848041243223
500,"Localized",0.5,0.05,1,2,"Localized",0.036,0.0083311463797007
500,"Localized",0.5,0.05,1.5,2,"Uniform",0,0
500,"Localized",0.5,0.05,1.5,2,"Central",0.054,0.0101078187557949
500,"Localized",0.5,0.05,1.5,2,"Tail",0.058,0.0104533248299285
500,"Localized",0.5,0.05,1.5,2,"Localized",0.046,0.00936845771725528
500,"Localized",0.5,0.05,2,2,"Uniform",0,0
500,"Localized",0.5,0.05,2,2,"Central",0.062,0.0107848041243223
500,"Localized",0.5,0.05,2,2,"Tail",0.052,0.00992935043192655
500,"Localized",0.5,0.05,2,2,"Localized",0.032,0.00787095928079926
500,"Localized",0.5,0.1,0.5,2,"Uniform",0,0
500,"Localized",0.5,0.1,0.5,2,"Central",0.07,0.0114105214604767
500,"Localized",0.5,0.1,0.5,2,"Tail",0.062,0.0107848041243223
500,"Localized",0.5,0.1,0.5,2,"Localized",0.056,0.0102824121683582
500,"Localized",0.5,0.1,1,2,"Uniform",0,0
500,"Localized",0.5,0.1,1,2,"Central",0.05,0.00974679434480896
500,"Localized",0.5,0.1,1,2,"Tail",0.06,0.0106207344378814
500,"Localized",0.5,0.1,1,2,"Localized",0.042,0.00897061870775924
500,"Localized",0.5,0.1,1.5,2,"Uniform",0,0
500,"Localized",0.5,0.1,1.5,2,"Central",0.042,0.00897061870775924
500,"Localized",0.5,0.1,1.5,2,"Tail",0.082,0.0122699633251286
500,"Localized",0.5,0.1,1.5,2,"Localized",0.026,0.00711674082709213
500,"Localized",0.5,0.1,2,2,"Uniform",0,0
500,"Localized",0.5,0.1,2,2,"Central",0.042,0.00897061870775924
500,"Localized",0.5,0.1,2,2,"Tail",0.088,0.0126693330526907
500,"Localized",0.5,0.1,2,2,"Localized",0.018,0.005945754788082
500,"Localized",0.5,0.2,0.5,2,"Uniform",0,0
500,"Localized",0.5,0.2,0.5,2,"Central",0.064,0.0109456840809517
500,"Localized",0.5,0.2,0.5,2,"Tail",0.066,0.0111035129576184
500,"Localized",0.5,0.2,0.5,2,"Localized",0.036,0.0083311463797007
500,"Localized",0.5,0.2,1,2,"Uniform",0,0
500,"Localized",0.5,0.2,1,2,"Central",0.076,0.0118510759005248
500,"Localized",0.5,0.2,1,2,"Tail",0.046,0.00936845771725528
500,"Localized",0.5,0.2,1,2,"Localized",0.026,0.00711674082709213
500,"Localized",0.5,0.2,1.5,2,"Uniform",0,0
500,"Localized",0.5,0.2,1.5,2,"Central",0.052,0.00992935043192655
500,"Localized",0.5,0.2,1.5,2,"Tail",0.074,0.0117067501895274
500,"Localized",0.5,0.2,1.5,2,"Localized",0.022,0.00655987804764692
500,"Localized",0.5,0.2,2,2,"Uniform",0,0
500,"Localized",0.5,0.2,2,2,"Central",0.048,0.00955991631762538
500,"Localized",0.5,0.2,2,2,"Tail",0.064,0.0109456840809517
500,"Localized",0.5,0.2,2,2,"Localized",0.024,0.00684455988358638
500,"Localized",0.75,0.05,0.5,2,"Uniform",0,0
500,"Localized",0.75,0.05,0.5,2,"Central",0.086,0.0125382614424808
500,"Localized",0.75,0.05,0.5,2,"Tail",0.052,0.00992935043192655
500,"Localized",0.75,0.05,0.5,2,"Localized",0.06,0.0106207344378814
500,"Localized",0.75,0.05,1,2,"Uniform",0,0
500,"Localized",0.75,0.05,1,2,"Central",0.066,0.0111035129576184
500,"Localized",0.75,0.05,1,2,"Tail",0.052,0.00992935043192655
500,"Localized",0.75,0.05,1,2,"Localized",0.046,0.00936845771725528
500,"Localized",0.75,0.05,1.5,2,"Uniform",0,0
500,"Localized",0.75,0.05,1.5,2,"Central",0.074,0.0117067501895274
500,"Localized",0.75,0.05,1.5,2,"Tail",0.046,0.00936845771725528
500,"Localized",0.75,0.05,1.5,2,"Localized",0.026,0.00711674082709213
500,"Localized",0.75,0.05,2,2,"Uniform",0,0
500,"Localized",0.75,0.05,2,2,"Central",0.068,0.0112584190719657
500,"Localized",0.75,0.05,2,2,"Tail",0.052,0.00992935043192655
500,"Localized",0.75,0.05,2,2,"Localized",0.042,0.00897061870775924
500,"Localized",0.75,0.1,0.5,2,"Uniform",0,0
500,"Localized",0.75,0.1,0.5,2,"Central",0.08,0.0121326007104825
500,"Localized",0.75,0.1,0.5,2,"Tail",0.076,0.0118510759005248
500,"Localized",0.75,0.1,0.5,2,"Localized",0.062,0.0107848041243223
500,"Localized",0.75,0.1,1,2,"Uniform",0,0
500,"Localized",0.75,0.1,1,2,"Central",0.09,0.0127984374046209
500,"Localized",0.75,0.1,1,2,"Tail",0.072,0.0115599307956406
500,"Localized",0.75,0.1,1,2,"Localized",0.042,0.00897061870775924
500,"Localized",0.75,0.1,1.5,2,"Uniform",0,0
500,"Localized",0.75,0.1,1.5,2,"Central",0.086,0.0125382614424808
500,"Localized",0.75,0.1,1.5,2,"Tail",0.038,0.00855055553750749
500,"Localized",0.75,0.1,1.5,2,"Localized",0.042,0.00897061870775924
500,"Localized",0.75,0.1,2,2,"Uniform",0,0
500,"Localized",0.75,0.1,2,2,"Central",0.056,0.0102824121683582
500,"Localized",0.75,0.1,2,2,"Tail",0.046,0.00936845771725528
500,"Localized",0.75,0.1,2,2,"Localized",0.036,0.0083311463797007
500,"Localized",0.75,0.2,0.5,2,"Uniform",0,0
500,"Localized",0.75,0.2,0.5,2,"Central",0.058,0.0104533248299285
500,"Localized",0.75,0.2,0.5,2,"Tail",0.054,0.0101078187557949
500,"Localized",0.75,0.2,0.5,2,"Localized",0.058,0.0104533248299285
500,"Localized",0.75,0.2,1,2,"Uniform",0,0
500,"Localized",0.75,0.2,1,2,"Central",0.06,0.0106207344378814
500,"Localized",0.75,0.2,1,2,"Tail",0.068,0.0112584190719657
500,"Localized",0.75,0.2,1,2,"Localized",0.06,0.0106207344378814
500,"Localized",0.75,0.2,1.5,2,"Uniform",0,0
500,"Localized",0.75,0.2,1.5,2,"Central",0.082,0.0122699633251286
500,"Localized",0.75,0.2,1.5,2,"Tail",0.056,0.0102824121683582
500,"Localized",0.75,0.2,1.5,2,"Localized",0.066,0.0111035129576184
500,"Localized",0.75,0.2,2,2,"Uniform",0,0
500,"Localized",0.75,0.2,2,2,"Central",0.048,0.00955991631762538
500,"Localized",0.75,0.2,2,2,"Tail",0.064,0.0109456840809517
500,"Localized",0.75,0.2,2,2,"Localized",0.028,0.00737780455149091
500,"Oscillatory",1,0.5,NA,2,"Uniform",0,0
500,"Oscillatory",1,0.5,NA,2,"Central",0.086,0.0125382614424808
500,"Oscillatory",1,0.5,NA,2,"Tail",0.036,0.0083311463797007
500,"Oscillatory",1,1,NA,2,"Uniform",0,0
500,"Oscillatory",1,1,NA,2,"Central",0.07,0.0114105214604767
500,"Oscillatory",1,1,NA,2,"Tail",0.05,0.00974679434480896
500,"Oscillatory",1,1.5,NA,2,"Uniform",0,0
500,"Oscillatory",1,1.5,NA,2,"Central",0.08,0.0121326007104825
500,"Oscillatory",1,1.5,NA,2,"Tail",0.06,0.0106207344378814
500,"Oscillatory",1,2,NA,2,"Uniform",0,0
500,"Oscillatory",1,2,NA,2,"Central",0.094,0.0130509769749241
500,"Oscillatory",1,2,NA,2,"Tail",0.048,0.00955991631762538
500,"Oscillatory",2,0.5,NA,2,"Uniform",0,0
500,"Oscillatory",2,0.5,NA,2,"Central",0.082,0.0122699633251286
500,"Oscillatory",2,0.5,NA,2,"Tail",0.062,0.0107848041243223
500,"Oscillatory",2,1,NA,2,"Uniform",0,0
500,"Oscillatory",2,1,NA,2,"Central",0.074,0.0117067501895274
500,"Oscillatory",2,1,NA,2,"Tail",0.048,0.00955991631762538
500,"Oscillatory",2,1.5,NA,2,"Uniform",0,0
500,"Oscillatory",2,1.5,NA,2,"Central",0.06,0.0106207344378814
500,"Oscillatory",2,1.5,NA,2,"Tail",0.046,0.00936845771725528
500,"Oscillatory",2,2,NA,2,"Uniform",0,0
500,"Oscillatory",2,2,NA,2,"Central",0.076,0.0118510759005248
500,"Oscillatory",2,2,NA,2,"Tail",0.05,0.00974679434480896
500,"Oscillatory",4,0.5,NA,2,"Uniform",0,0
500,"Oscillatory",4,0.5,NA,2,"Central",0.066,0.0111035129576184
500,"Oscillatory",4,0.5,NA,2,"Tail",0.04,0.00876356092008266
500,"Oscillatory",4,1,NA,2,"Uniform",0,0
500,"Oscillatory",4,1,NA,2,"Central",0.052,0.00992935043192655
500,"Oscillatory",4,1,NA,2,"Tail",0.052,0.00992935043192655
500,"Oscillatory",4,1.5,NA,2,"Uniform",0,0
500,"Oscillatory",4,1.5,NA,2,"Central",0.054,0.0101078187557949
500,"Oscillatory",4,1.5,NA,2,"Tail",0.058,0.0104533248299285
500,"Oscillatory",4,2,NA,2,"Uniform",0,0
500,"Oscillatory",4,2,NA,2,"Central",0.09,0.0127984374046209
500,"Oscillatory",4,2,NA,2,"Tail",0.07,0.0114105214604767
500,"Oscillatory",8,0.5,NA,2,"Uniform",0,0
500,"Oscillatory",8,0.5,NA,2,"Central",0.056,0.0102824121683582
500,"Oscillatory",8,0.5,NA,2,"Tail",0.072,0.0115599307956406
500,"Oscillatory",8,1,NA,2,"Uniform",0,0
500,"Oscillatory",8,1,NA,2,"Central",0.064,0.0109456840809517
500,"Oscillatory",8,1,NA,2,"Tail",0.074,0.0117067501895274
500,"Oscillatory",8,1.5,NA,2,"Uniform",0,0
500,"Oscillatory",8,1.5,NA,2,"Central",0.074,0.0117067501895274
500,"Oscillatory",8,1.5,NA,2,"Tail",0.05,0.00974679434480896
500,"Oscillatory",8,2,NA,2,"Uniform",0,0
500,"Oscillatory",8,2,NA,2,"Central",0.064,0.0109456840809517
500,"Oscillatory",8,2,NA,2,"Tail",0.074,0.0117067501895274
500,"Abrupt",0.25,0.05,NA,2,"Uniform",0,0
500,"Abrupt",0.25,0.05,NA,2,"Central",0.096,0.0131745208641529
500,"Abrupt",0.25,0.05,NA,2,"Tail",0.036,0.0083311463797007
500,"Abrupt",0.25,0.1,NA,2,"Uniform",0,0
500,"Abrupt",0.25,0.1,NA,2,"Central",0.096,0.0131745208641529
500,"Abrupt",0.25,0.1,NA,2,"Tail",0.03,0.00762889244910426
500,"Abrupt",0.25,0.2,NA,2,"Uniform",0,0
500,"Abrupt",0.25,0.2,NA,2,"Central",0.154,0.016142118820031
500,"Abrupt",0.25,0.2,NA,2,"Tail",0.028,0.00737780455149091
500,"Abrupt",0.5,0.05,NA,2,"Uniform",0,0
500,"Abrupt",0.5,0.05,NA,2,"Central",0.082,0.0122699633251286
500,"Abrupt",0.5,0.05,NA,2,"Tail",0.028,0.00737780455149091
500,"Abrupt",0.5,0.1,NA,2,"Uniform",0,0
500,"Abrupt",0.5,0.1,NA,2,"Central",0.078,0.0119929979571415
500,"Abrupt",0.5,0.1,NA,2,"Tail",0.044,0.00917213170424411
500,"Abrupt",0.5,0.2,NA,2,"Uniform",0,0
500,"Abrupt",0.5,0.2,NA,2,"Central",0.094,0.0130509769749241
500,"Abrupt",0.5,0.2,NA,2,"Tail",0.058,0.0104533248299285
500,"Abrupt",0.75,0.05,NA,2,"Uniform",0,0
500,"Abrupt",0.75,0.05,NA,2,"Central",0.04,0.00876356092008266
500,"Abrupt",0.75,0.05,NA,2,"Tail",0.15,0.0159687194226713
500,"Abrupt",0.75,0.1,NA,2,"Uniform",0,0
500,"Abrupt",0.75,0.1,NA,2,"Central",0.004,0.00282276460230038
500,"Abrupt",0.75,0.1,NA,2,"Tail",0.306,0.0206089301032344
500,"Abrupt",0.75,0.2,NA,2,"Uniform",0,0
500,"Abrupt",0.75,0.2,NA,2,"Central",0,0
500,"Abrupt",0.75,0.2,NA,2,"Tail",0.936,0.0109456840809517
500,"Mixture",0.05,0.25,NA,2,"Uniform",0,0
500,"Mixture",0.05,0.25,NA,2,"Central",0,0
500,"Mixture",0.05,0.25,NA,2,"Tail",1,0
500,"Mixture",0.05,0.5,NA,2,"Uniform",0,0
500,"Mixture",0.05,0.5,NA,2,"Central",0,0
500,"Mixture",0.05,0.5,NA,2,"Tail",1,0
500,"Mixture",0.05,0.75,NA,2,"Uniform",0,0
500,"Mixture",0.05,0.75,NA,2,"Central",0,0
500,"Mixture",0.05,0.75,NA,2,"Tail",1,0
500,"Mixture",0.1,0.25,NA,2,"Uniform",0,0
500,"Mixture",0.1,0.25,NA,2,"Central",0,0
500,"Mixture",0.1,0.25,NA,2,"Tail",1,0
500,"Mixture",0.1,0.5,NA,2,"Uniform",0,0
500,"Mixture",0.1,0.5,NA,2,"Central",0,0
500,"Mixture",0.1,0.5,NA,2,"Tail",1,0
500,"Mixture",0.1,0.75,NA,2,"Uniform",0,0
500,"Mixture",0.1,0.75,NA,2,"Central",0,0
500,"Mixture",0.1,0.75,NA,2,"Tail",1,0
500,"Mixture",0.2,0.25,NA,2,"Uniform",0,0
500,"Mixture",0.2,0.25,NA,2,"Central",0,0
500,"Mixture",0.2,0.25,NA,2,"Tail",1,0
500,"Mixture",0.2,0.5,NA,2,"Uniform",0,0
500,"Mixture",0.2,0.5,NA,2,"Central",0,0
500,"Mixture",0.2,0.5,NA,2,"Tail",1,0
500,"Mixture",0.2,0.75,NA,2,"Uniform",0,0
500,"Mixture",0.2,0.75,NA,2,"Central",0,0
500,"Mixture",0.2,0.75,NA,2,"Tail",1,0
500,"Localized",0.25,0.05,0.5,3,"Uniform",0,0
500,"Localized",0.25,0.05,0.5,3,"Central",0.024,0.00684455988358638
500,"Localized",0.25,0.05,0.5,3,"Tail",0.052,0.00992935043192655
500,"Localized",0.25,0.05,0.5,3,"Localized",0.024,0.00684455988358638
500,"Localized",0.25,0.05,1,3,"Uniform",0,0
500,"Localized",0.25,0.05,1,3,"Central",0.034,0.00810481338464989
500,"Localized",0.25,0.05,1,3,"Tail",0.05,0.00974679434480896
500,"Localized",0.25,0.05,1,3,"Localized",0.03,0.00762889244910426
500,"Localized",0.25,0.05,1.5,3,"Uniform",0,0
500,"Localized",0.25,0.05,1.5,3,"Central",0.044,0.00917213170424411
500,"Localized",0.25,0.05,1.5,3,"Tail",0.066,0.0111035129576184
500,"Localized",0.25,0.05,1.5,3,"Localized",0.034,0.00810481338464989
500,"Localized",0.25,0.05,2,3,"Uniform",0,0
500,"Localized",0.25,0.05,2,3,"Central",0.038,0.00855055553750749
500,"Localized",0.25,0.05,2,3,"Tail",0.056,0.0102824121683582
500,"Localized",0.25,0.05,2,3,"Localized",0.018,0.005945754788082
500,"Localized",0.25,0.1,0.5,3,"Uniform",0,0
500,"Localized",0.25,0.1,0.5,3,"Central",0.04,0.00876356092008266
500,"Localized",0.25,0.1,0.5,3,"Tail",0.054,0.0101078187557949
500,"Localized",0.25,0.1,0.5,3,"Localized",0.022,0.00655987804764692
500,"Localized",0.25,0.1,1,3,"Uniform",0,0
500,"Localized",0.25,0.1,1,3,"Central",0.034,0.00810481338464989
500,"Localized",0.25,0.1,1,3,"Tail",0.048,0.00955991631762538
500,"Localized",0.25,0.1,1,3,"Localized",0.03,0.00762889244910426
500,"Localized",0.25,0.1,1.5,3,"Uniform",0,0
500,"Localized",0.25,0.1,1.5,3,"Central",0.042,0.00897061870775924
500,"Localized",0.25,0.1,1.5,3,"Tail",0.068,0.0112584190719657
500,"Localized",0.25,0.1,1.5,3,"Localized",0.02,0.00626099033699941
500,"Localized",0.25,0.1,2,3,"Uniform",0,0
500,"Localized",0.25,0.1,2,3,"Central",0.044,0.00917213170424411
500,"Localized",0.25,0.1,2,3,"Tail",0.066,0.0111035129576184
500,"Localized",0.25,0.1,2,3,"Localized",0.03,0.00762889244910426
500,"Localized",0.25,0.2,0.5,3,"Uniform",0,0
500,"Localized",0.25,0.2,0.5,3,"Central",0.04,0.00876356092008266
500,"Localized",0.25,0.2,0.5,3,"Tail",0.064,0.0109456840809517
500,"Localized",0.25,0.2,0.5,3,"Localized",0.054,0.0101078187557949
500,"Localized",0.25,0.2,1,3,"Uniform",0,0
500,"Localized",0.25,0.2,1,3,"Central",0.028,0.00737780455149091
500,"Localized",0.25,0.2,1,3,"Tail",0.05,0.00974679434480896
500,"Localized",0.25,0.2,1,3,"Localized",0.042,0.00897061870775924
500,"Localized",0.25,0.2,1.5,3,"Uniform",0,0
500,"Localized",0.25,0.2,1.5,3,"Central",0.03,0.00762889244910426
500,"Localized",0.25,0.2,1.5,3,"Tail",0.046,0.00936845771725528
500,"Localized",0.25,0.2,1.5,3,"Localized",0.05,0.00974679434480896
500,"Localized",0.25,0.2,2,3,"Uniform",0,0
500,"Localized",0.25,0.2,2,3,"Central",0.042,0.00897061870775924
500,"Localized",0.25,0.2,2,3,"Tail",0.048,0.00955991631762538
500,"Localized",0.25,0.2,2,3,"Localized",0.042,0.00897061870775924
500,"Localized",0.5,0.05,0.5,3,"Uniform",0,0
500,"Localized",0.5,0.05,0.5,3,"Central",0.034,0.00810481338464989
500,"Localized",0.5,0.05,0.5,3,"Tail",0.048,0.00955991631762538
500,"Localized",0.5,0.05,0.5,3,"Localized",0.042,0.00897061870775924
500,"Localized",0.5,0.05,1,3,"Uniform",0,0
500,"Localized",0.5,0.05,1,3,"Central",0.038,0.00855055553750749
500,"Localized",0.5,0.05,1,3,"Tail",0.062,0.0107848041243223
500,"Localized",0.5,0.05,1,3,"Localized",0.044,0.00917213170424411
500,"Localized",0.5,0.05,1.5,3,"Uniform",0,0
500,"Localized",0.5,0.05,1.5,3,"Central",0.03,0.00762889244910426
500,"Localized",0.5,0.05,1.5,3,"Tail",0.074,0.0117067501895274
500,"Localized",0.5,0.05,1.5,3,"Localized",0.03,0.00762889244910426
500,"Localized",0.5,0.05,2,3,"Uniform",0,0
500,"Localized",0.5,0.05,2,3,"Central",0.036,0.0083311463797007
500,"Localized",0.5,0.05,2,3,"Tail",0.046,0.00936845771725528
500,"Localized",0.5,0.05,2,3,"Localized",0.036,0.0083311463797007
500,"Localized",0.5,0.1,0.5,3,"Uniform",0,0
500,"Localized",0.5,0.1,0.5,3,"Central",0.034,0.00810481338464989
500,"Localized",0.5,0.1,0.5,3,"Tail",0.072,0.0115599307956406
500,"Localized",0.5,0.1,0.5,3,"Localized",0.056,0.0102824121683582
500,"Localized",0.5,0.1,1,3,"Uniform",0,0
500,"Localized",0.5,0.1,1,3,"Central",0.026,0.00711674082709213
500,"Localized",0.5,0.1,1,3,"Tail",0.074,0.0117067501895274
500,"Localized",0.5,0.1,1,3,"Localized",0.046,0.00936845771725528
500,"Localized",0.5,0.1,1.5,3,"Uniform",0,0
500,"Localized",0.5,0.1,1.5,3,"Central",0.02,0.00626099033699941
500,"Localized",0.5,0.1,1.5,3,"Tail",0.058,0.0104533248299285
500,"Localized",0.5,0.1,1.5,3,"Localized",0.036,0.0083311463797007
500,"Localized",0.5,0.1,2,3,"Uniform",0,0
500,"Localized",0.5,0.1,2,3,"Central",0.034,0.00810481338464989
500,"Localized",0.5,0.1,2,3,"Tail",0.074,0.0117067501895274
500,"Localized",0.5,0.1,2,3,"Localized",0.03,0.00762889244910426
500,"Localized",0.5,0.2,0.5,3,"Uniform",0,0
500,"Localized",0.5,0.2,0.5,3,"Central",0.042,0.00897061870775924
500,"Localized",0.5,0.2,0.5,3,"Tail",0.062,0.0107848041243223
500,"Localized",0.5,0.2,0.5,3,"Localized",0.04,0.00876356092008266
500,"Localized",0.5,0.2,1,3,"Uniform",0,0
500,"Localized",0.5,0.2,1,3,"Central",0.046,0.00936845771725528
500,"Localized",0.5,0.2,1,3,"Tail",0.078,0.0119929979571415
500,"Localized",0.5,0.2,1,3,"Localized",0.028,0.00737780455149091
500,"Localized",0.5,0.2,1.5,3,"Uniform",0,0
500,"Localized",0.5,0.2,1.5,3,"Central",0.036,0.0083311463797007
500,"Localized",0.5,0.2,1.5,3,"Tail",0.064,0.0109456840809517
500,"Localized",0.5,0.2,1.5,3,"Localized",0.028,0.00737780455149091
500,"Localized",0.5,0.2,2,3,"Uniform",0,0
500,"Localized",0.5,0.2,2,3,"Central",0.018,0.005945754788082
500,"Localized",0.5,0.2,2,3,"Tail",0.08,0.0121326007104825
500,"Localized",0.5,0.2,2,3,"Localized",0.04,0.00876356092008266
500,"Localized",0.75,0.05,0.5,3,"Uniform",0,0
500,"Localized",0.75,0.05,0.5,3,"Central",0.034,0.00810481338464989
500,"Localized",0.75,0.05,0.5,3,"Tail",0.06,0.0106207344378814
500,"Localized",0.75,0.05,0.5,3,"Localized",0.048,0.00955991631762538
500,"Localized",0.75,0.05,1,3,"Uniform",0,0
500,"Localized",0.75,0.05,1,3,"Central",0.026,0.00711674082709213
500,"Localized",0.75,0.05,1,3,"Tail",0.058,0.0104533248299285
500,"Localized",0.75,0.05,1,3,"Localized",0.04,0.00876356092008266
500,"Localized",0.75,0.05,1.5,3,"Uniform",0,0
500,"Localized",0.75,0.05,1.5,3,"Central",0.038,0.00855055553750749
500,"Localized",0.75,0.05,1.5,3,"Tail",0.054,0.0101078187557949
500,"Localized",0.75,0.05,1.5,3,"Localized",0.026,0.00711674082709213
500,"Localized",0.75,0.05,2,3,"Uniform",0,0
500,"Localized",0.75,0.05,2,3,"Central",0.046,0.00936845771725528
500,"Localized",0.75,0.05,2,3,"Tail",0.048,0.00955991631762538
500,"Localized",0.75,0.05,2,3,"Localized",0.044,0.00917213170424411
500,"Localized",0.75,0.1,0.5,3,"Uniform",0,0
500,"Localized",0.75,0.1,0.5,3,"Central",0.038,0.00855055553750749
500,"Localized",0.75,0.1,0.5,3,"Tail",0.046,0.00936845771725528
500,"Localized",0.75,0.1,0.5,3,"Localized",0.034,0.00810481338464989
500,"Localized",0.75,0.1,1,3,"Uniform",0,0
500,"Localized",0.75,0.1,1,3,"Central",0.04,0.00876356092008266
500,"Localized",0.75,0.1,1,3,"Tail",0.046,0.00936845771725528
500,"Localized",0.75,0.1,1,3,"Localized",0.022,0.00655987804764692
500,"Localized",0.75,0.1,1.5,3,"Uniform",0,0
500,"Localized",0.75,0.1,1.5,3,"Central",0.036,0.0083311463797007
500,"Localized",0.75,0.1,1.5,3,"Tail",0.066,0.0111035129576184
500,"Localized",0.75,0.1,1.5,3,"Localized",0.01,0.0044497190922574
500,"Localized",0.75,0.1,2,3,"Uniform",0,0
500,"Localized",0.75,0.1,2,3,"Central",0.048,0.00955991631762538
500,"Localized",0.75,0.1,2,3,"Tail",0.078,0.0119929979571415
500,"Localized",0.75,0.1,2,3,"Localized",0.014,0.00525433154644813
500,"Localized",0.75,0.2,0.5,3,"Uniform",0,0
500,"Localized",0.75,0.2,0.5,3,"Central",0.024,0.00684455988358638
500,"Localized",0.75,0.2,0.5,3,"Tail",0.052,0.00992935043192655
500,"Localized",0.75,0.2,0.5,3,"Localized",0.05,0.00974679434480896
500,"Localized",0.75,0.2,1,3,"Uniform",0,0
500,"Localized",0.75,0.2,1,3,"Central",0.034,0.00810481338464989
500,"Localized",0.75,0.2,1,3,"Tail",0.05,0.00974679434480896
500,"Localized",0.75,0.2,1,3,"Localized",0.05,0.00974679434480896
500,"Localized",0.75,0.2,1.5,3,"Uniform",0,0
500,"Localized",0.75,0.2,1.5,3,"Central",0.03,0.00762889244910426
500,"Localized",0.75,0.2,1.5,3,"Tail",0.052,0.00992935043192655
500,"Localized",0.75,0.2,1.5,3,"Localized",0.03,0.00762889244910426
500,"Localized",0.75,0.2,2,3,"Uniform",0,0
500,"Localized",0.75,0.2,2,3,"Central",0.024,0.00684455988358638
500,"Localized",0.75,0.2,2,3,"Tail",0.05,0.00974679434480896
500,"Localized",0.75,0.2,2,3,"Localized",0.028,0.00737780455149091
500,"Oscillatory",1,0.5,NA,3,"Uniform",0,0
500,"Oscillatory",1,0.5,NA,3,"Central",0.02,0.00626099033699941
500,"Oscillatory",1,0.5,NA,3,"Tail",0.044,0.00917213170424411
500,"Oscillatory",1,1,NA,3,"Uniform",0,0
500,"Oscillatory",1,1,NA,3,"Central",0.032,0.00787095928079926
500,"Oscillatory",1,1,NA,3,"Tail",0.042,0.00897061870775924
500,"Oscillatory",1,1.5,NA,3,"Uniform",0,0
500,"Oscillatory",1,1.5,NA,3,"Central",0.036,0.0083311463797007
500,"Oscillatory",1,1.5,NA,3,"Tail",0.04,0.00876356092008266
500,"Oscillatory",1,2,NA,3,"Uniform",0,0
500,"Oscillatory",1,2,NA,3,"Central",0.038,0.00855055553750749
500,"Oscillatory",1,2,NA,3,"Tail",0.06,0.0106207344378814
500,"Oscillatory",2,0.5,NA,3,"Uniform",0,0
500,"Oscillatory",2,0.5,NA,3,"Central",0.04,0.00876356092008266
500,"Oscillatory",2,0.5,NA,3,"Tail",0.042,0.00897061870775924
500,"Oscillatory",2,1,NA,3,"Uniform",0,0
500,"Oscillatory",2,1,NA,3,"Central",0.034,0.00810481338464989
500,"Oscillatory",2,1,NA,3,"Tail",0.056,0.0102824121683582
500,"Oscillatory",2,1.5,NA,3,"Uniform",0,0
500,"Oscillatory",2,1.5,NA,3,"Central",0.048,0.00955991631762538
500,"Oscillatory",2,1.5,NA,3,"Tail",0.06,0.0106207344378814
500,"Oscillatory",2,2,NA,3,"Uniform",0,0
500,"Oscillatory",2,2,NA,3,"Central",0.026,0.00711674082709213
500,"Oscillatory",2,2,NA,3,"Tail",0.06,0.0106207344378814
500,"Oscillatory",4,0.5,NA,3,"Uniform",0,0
500,"Oscillatory",4,0.5,NA,3,"Central",0.044,0.00917213170424411
500,"Oscillatory",4,0.5,NA,3,"Tail",0.068,0.0112584190719657
500,"Oscillatory",4,1,NA,3,"Uniform",0,0
500,"Oscillatory",4,1,NA,3,"Central",0.04,0.00876356092008266
500,"Oscillatory",4,1,NA,3,"Tail",0.062,0.0107848041243223
500,"Oscillatory",4,1.5,NA,3,"Uniform",0,0
500,"Oscillatory",4,1.5,NA,3,"Central",0.036,0.0083311463797007
500,"Oscillatory",4,1.5,NA,3,"Tail",0.074,0.0117067501895274
500,"Oscillatory",4,2,NA,3,"Uniform",0,0
500,"Oscillatory",4,2,NA,3,"Central",0.026,0.00711674082709213
500,"Oscillatory",4,2,NA,3,"Tail",0.052,0.00992935043192655
500,"Oscillatory",8,0.5,NA,3,"Uniform",0,0
500,"Oscillatory",8,0.5,NA,3,"Central",0.038,0.00855055553750749
500,"Oscillatory",8,0.5,NA,3,"Tail",0.06,0.0106207344378814
500,"Oscillatory",8,1,NA,3,"Uniform",0,0
500,"Oscillatory",8,1,NA,3,"Central",0.024,0.00684455988358638
500,"Oscillatory",8,1,NA,3,"Tail",0.062,0.0107848041243223
500,"Oscillatory",8,1.5,NA,3,"Uniform",0,0
500,"Oscillatory",8,1.5,NA,3,"Central",0.026,0.00711674082709213
500,"Oscillatory",8,1.5,NA,3,"Tail",0.082,0.0122699633251286
500,"Oscillatory",8,2,NA,3,"Uniform",0,0
500,"Oscillatory",8,2,NA,3,"Central",0.022,0.00655987804764692
500,"Oscillatory",8,2,NA,3,"Tail",0.058,0.0104533248299285
500,"Abrupt",0.25,0.05,NA,3,"Uniform",0,0
500,"Abrupt",0.25,0.05,NA,3,"Central",0.05,0.00974679434480896
500,"Abrupt",0.25,0.05,NA,3,"Tail",0.052,0.00992935043192655
500,"Abrupt",0.25,0.1,NA,3,"Uniform",0,0
500,"Abrupt",0.25,0.1,NA,3,"Central",0.084,0.0124051602166195
500,"Abrupt",0.25,0.1,NA,3,"Tail",0.03,0.00762889244910426
500,"Abrupt",0.25,0.2,NA,3,"Uniform",0,0
500,"Abrupt",0.25,0.2,NA,3,"Central",0.084,0.0124051602166195
500,"Abrupt",0.25,0.2,NA,3,"Tail",0.036,0.0083311463797007
500,"Abrupt",0.5,0.05,NA,3,"Uniform",0,0
500,"Abrupt",0.5,0.05,NA,3,"Central",0.036,0.0083311463797007
500,"Abrupt",0.5,0.05,NA,3,"Tail",0.06,0.0106207344378814
500,"Abrupt",0.5,0.1,NA,3,"Uniform",0,0
500,"Abrupt",0.5,0.1,NA,3,"Central",0.048,0.00955991631762538
500,"Abrupt",0.5,0.1,NA,3,"Tail",0.042,0.00897061870775924
500,"Abrupt",0.5,0.2,NA,3,"Uniform",0,0
500,"Abrupt",0.5,0.2,NA,3,"Central",0.066,0.0111035129576184
500,"Abrupt",0.5,0.2,NA,3,"Tail",0.072,0.0115599307956406
500,"Abrupt",0.75,0.05,NA,3,"Uniform",0,0
500,"Abrupt",0.75,0.05,NA,3,"Central",0.02,0.00626099033699941
500,"Abrupt",0.75,0.05,NA,3,"Tail",0.15,0.0159687194226713
500,"Abrupt",0.75,0.1,NA,3,"Uniform",0,0
500,"Abrupt",0.75,0.1,NA,3,"Central",0.004,0.00282276460230038
500,"Abrupt",0.75,0.1,NA,3,"Tail",0.382,0.0217290588843604
500,"Abrupt",0.75,0.2,NA,3,"Uniform",0,0
500,"Abrupt",0.75,0.2,NA,3,"Central",0,0
500,"Abrupt",0.75,0.2,NA,3,"Tail",0.962,0.00855055553750749
500,"Mixture",0.05,0.25,NA,3,"Uniform",0,0
500,"Mixture",0.05,0.25,NA,3,"Central",0,0
500,"Mixture",0.05,0.25,NA,3,"Tail",1,0
500,"Mixture",0.05,0.5,NA,3,"Uniform",0,0
500,"Mixture",0.05,0.5,NA,3,"Central",0,0
500,"Mixture",0.05,0.5,NA,3,"Tail",1,0
500,"Mixture",0.05,0.75,NA,3,"Uniform",0,0
500,"Mixture",0.05,0.75,NA,3,"Central",0,0
500,"Mixture",0.05,0.75,NA,3,"Tail",1,0
500,"Mixture",0.1,0.25,NA,3,"Uniform",0,0
500,"Mixture",0.1,0.25,NA,3,"Central",0,0
500,"Mixture",0.1,0.25,NA,3,"Tail",1,0
500,"Mixture",0.1,0.5,NA,3,"Uniform",0,0
500,"Mixture",0.1,0.5,NA,3,"Central",0,0
500,"Mixture",0.1,0.5,NA,3,"Tail",1,0
500,"Mixture",0.1,0.75,NA,3,"Uniform",0,0
500,"Mixture",0.1,0.75,NA,3,"Central",0,0
500,"Mixture",0.1,0.75,NA,3,"Tail",1,0
500,"Mixture",0.2,0.25,NA,3,"Uniform",0,0
500,"Mixture",0.2,0.25,NA,3,"Central",0,0
500,"Mixture",0.2,0.25,NA,3,"Tail",1,0
500,"Mixture",0.2,0.5,NA,3,"Uniform",0,0
500,"Mixture",0.2,0.5,NA,3,"Central",0,0
500,"Mixture",0.2,0.5,NA,3,"Tail",1,0
500,"Mixture",0.2,0.75,NA,3,"Uniform",0,0
500,"Mixture",0.2,0.75,NA,3,"Central",0,0
500,"Mixture",0.2,0.75,NA,3,"Tail",1,0
500,"Localized",0.25,0.05,0.5,5,"Uniform",0,0
500,"Localized",0.25,0.05,0.5,5,"Central",0.048,0.00955991631762538
500,"Localized",0.25,0.05,0.5,5,"Tail",0.06,0.0106207344378814
500,"Localized",0.25,0.05,0.5,5,"Localized",0.05,0.00974679434480896
500,"Localized",0.25,0.05,1,5,"Uniform",0,0
500,"Localized",0.25,0.05,1,5,"Central",0.038,0.00855055553750749
500,"Localized",0.25,0.05,1,5,"Tail",0.05,0.00974679434480896
500,"Localized",0.25,0.05,1,5,"Localized",0.038,0.00855055553750749
500,"Localized",0.25,0.05,1.5,5,"Uniform",0,0
500,"Localized",0.25,0.05,1.5,5,"Central",0.048,0.00955991631762538
500,"Localized",0.25,0.05,1.5,5,"Tail",0.052,0.00992935043192655
500,"Localized",0.25,0.05,1.5,5,"Localized",0.036,0.0083311463797007
500,"Localized",0.25,0.05,2,5,"Uniform",0,0
500,"Localized",0.25,0.05,2,5,"Central",0.052,0.00992935043192655
500,"Localized",0.25,0.05,2,5,"Tail",0.074,0.0117067501895274
500,"Localized",0.25,0.05,2,5,"Localized",0.032,0.00787095928079926
500,"Localized",0.25,0.1,0.5,5,"Uniform",0,0
500,"Localized",0.25,0.1,0.5,5,"Central",0.054,0.0101078187557949
500,"Localized",0.25,0.1,0.5,5,"Tail",0.034,0.00810481338464989
500,"Localized",0.25,0.1,0.5,5,"Localized",0.02,0.00626099033699941
500,"Localized",0.25,0.1,1,5,"Uniform",0,0
500,"Localized",0.25,0.1,1,5,"Central",0.062,0.0107848041243223
500,"Localized",0.25,0.1,1,5,"Tail",0.04,0.00876356092008266
500,"Localized",0.25,0.1,1,5,"Localized",0.028,0.00737780455149091
500,"Localized",0.25,0.1,1.5,5,"Uniform",0,0
500,"Localized",0.25,0.1,1.5,5,"Central",0.048,0.00955991631762538
500,"Localized",0.25,0.1,1.5,5,"Tail",0.046,0.00936845771725528
500,"Localized",0.25,0.1,1.5,5,"Localized",0.022,0.00655987804764692
500,"Localized",0.25,0.1,2,5,"Uniform",0,0
500,"Localized",0.25,0.1,2,5,"Central",0.054,0.0101078187557949
500,"Localized",0.25,0.1,2,5,"Tail",0.044,0.00917213170424411
500,"Localized",0.25,0.1,2,5,"Localized",0.03,0.00762889244910426
500,"Localized",0.25,0.2,0.5,5,"Uniform",0,0
500,"Localized",0.25,0.2,0.5,5,"Central",0.03,0.00762889244910426
500,"Localized",0.25,0.2,0.5,5,"Tail",0.064,0.0109456840809517
500,"Localized",0.25,0.2,0.5,5,"Localized",0.046,0.00936845771725528
500,"Localized",0.25,0.2,1,5,"Uniform",0,0
500,"Localized",0.25,0.2,1,5,"Central",0.04,0.00876356092008266
500,"Localized",0.25,0.2,1,5,"Tail",0.062,0.0107848041243223
500,"Localized",0.25,0.2,1,5,"Localized",0.044,0.00917213170424411
500,"Localized",0.25,0.2,1.5,5,"Uniform",0,0
500,"Localized",0.25,0.2,1.5,5,"Central",0.048,0.00955991631762538
500,"Localized",0.25,0.2,1.5,5,"Tail",0.052,0.00992935043192655
500,"Localized",0.25,0.2,1.5,5,"Localized",0.034,0.00810481338464989
500,"Localized",0.25,0.2,2,5,"Uniform",0,0
500,"Localized",0.25,0.2,2,5,"Central",0.04,0.00876356092008266
500,"Localized",0.25,0.2,2,5,"Tail",0.048,0.00955991631762538
500,"Localized",0.25,0.2,2,5,"Localized",0.024,0.00684455988358638
500,"Localized",0.5,0.05,0.5,5,"Uniform",0,0
500,"Localized",0.5,0.05,0.5,5,"Central",0.048,0.00955991631762538
500,"Localized",0.5,0.05,0.5,5,"Tail",0.056,0.0102824121683582
500,"Localized",0.5,0.05,0.5,5,"Localized",0.052,0.00992935043192655
500,"Localized",0.5,0.05,1,5,"Uniform",0,0
500,"Localized",0.5,0.05,1,5,"Central",0.03,0.00762889244910426
500,"Localized",0.5,0.05,1,5,"Tail",0.062,0.0107848041243223
500,"Localized",0.5,0.05,1,5,"Localized",0.05,0.00974679434480896
500,"Localized",0.5,0.05,1.5,5,"Uniform",0,0
500,"Localized",0.5,0.05,1.5,5,"Central",0.046,0.00936845771725528
500,"Localized",0.5,0.05,1.5,5,"Tail",0.056,0.0102824121683582
500,"Localized",0.5,0.05,1.5,5,"Localized",0.038,0.00855055553750749
500,"Localized",0.5,0.05,2,5,"Uniform",0,0
500,"Localized",0.5,0.05,2,5,"Central",0.036,0.0083311463797007
500,"Localized",0.5,0.05,2,5,"Tail",0.066,0.0111035129576184
500,"Localized",0.5,0.05,2,5,"Localized",0.024,0.00684455988358638
500,"Localized",0.5,0.1,0.5,5,"Uniform",0,0
500,"Localized",0.5,0.1,0.5,5,"Central",0.034,0.00810481338464989
500,"Localized",0.5,0.1,0.5,5,"Tail",0.028,0.00737780455149091
500,"Localized",0.5,0.1,0.5,5,"Localized",0.028,0.00737780455149091
500,"Localized",0.5,0.1,1,5,"Uniform",0,0
500,"Localized",0.5,0.1,1,5,"Central",0.04,0.00876356092008266
500,"Localized",0.5,0.1,1,5,"Tail",0.06,0.0106207344378814
500,"Localized",0.5,0.1,1,5,"Localized",0.042,0.00897061870775924
500,"Localized",0.5,0.1,1.5,5,"Uniform",0,0
500,"Localized",0.5,0.1,1.5,5,"Central",0.032,0.00787095928079926
500,"Localized",0.5,0.1,1.5,5,"Tail",0.056,0.0102824121683582
500,"Localized",0.5,0.1,1.5,5,"Localized",0.03,0.00762889244910426
500,"Localized",0.5,0.1,2,5,"Uniform",0,0
500,"Localized",0.5,0.1,2,5,"Central",0.036,0.0083311463797007
500,"Localized",0.5,0.1,2,5,"Tail",0.066,0.0111035129576184
500,"Localized",0.5,0.1,2,5,"Localized",0.008,0.00398396787135639
500,"Localized",0.5,0.2,0.5,5,"Uniform",0,0
500,"Localized",0.5,0.2,0.5,5,"Central",0.024,0.00684455988358638
500,"Localized",0.5,0.2,0.5,5,"Tail",0.062,0.0107848041243223
500,"Localized",0.5,0.2,0.5,5,"Localized",0.066,0.0111035129576184
500,"Localized",0.5,0.2,1,5,"Uniform",0,0
500,"Localized",0.5,0.2,1,5,"Central",0.046,0.00936845771725528
500,"Localized",0.5,0.2,1,5,"Tail",0.052,0.00992935043192655
500,"Localized",0.5,0.2,1,5,"Localized",0.054,0.0101078187557949
500,"Localized",0.5,0.2,1.5,5,"Uniform",0,0
500,"Localized",0.5,0.2,1.5,5,"Central",0.038,0.00855055553750749
500,"Localized",0.5,0.2,1.5,5,"Tail",0.052,0.00992935043192655
500,"Localized",0.5,0.2,1.5,5,"Localized",0.05,0.00974679434480896
500,"Localized",0.5,0.2,2,5,"Uniform",0,0
500,"Localized",0.5,0.2,2,5,"Central",0.014,0.00525433154644813
500,"Localized",0.5,0.2,2,5,"Tail",0.074,0.0117067501895274
500,"Localized",0.5,0.2,2,5,"Localized",0.046,0.00936845771725528
500,"Localized",0.75,0.05,0.5,5,"Uniform",0,0
500,"Localized",0.75,0.05,0.5,5,"Central",0.064,0.0109456840809517
500,"Localized",0.75,0.05,0.5,5,"Tail",0.044,0.00917213170424411
500,"Localized",0.75,0.05,0.5,5,"Localized",0.048,0.00955991631762538
500,"Localized",0.75,0.05,1,5,"Uniform",0,0
500,"Localized",0.75,0.05,1,5,"Central",0.036,0.0083311463797007
500,"Localized",0.75,0.05,1,5,"Tail",0.052,0.00992935043192655
500,"Localized",0.75,0.05,1,5,"Localized",0.042,0.00897061870775924
500,"Localized",0.75,0.05,1.5,5,"Uniform",0,0
500,"Localized",0.75,0.05,1.5,5,"Central",0.04,0.00876356092008266
500,"Localized",0.75,0.05,1.5,5,"Tail",0.074,0.0117067501895274
500,"Localized",0.75,0.05,1.5,5,"Localized",0.028,0.00737780455149091
500,"Localized",0.75,0.05,2,5,"Uniform",0,0
500,"Localized",0.75,0.05,2,5,"Central",0.04,0.00876356092008266
500,"Localized",0.75,0.05,2,5,"Tail",0.058,0.0104533248299285
500,"Localized",0.75,0.05,2,5,"Localized",0.036,0.0083311463797007
500,"Localized",0.75,0.1,0.5,5,"Uniform",0,0
500,"Localized",0.75,0.1,0.5,5,"Central",0.03,0.00762889244910426
500,"Localized",0.75,0.1,0.5,5,"Tail",0.042,0.00897061870775924
500,"Localized",0.75,0.1,0.5,5,"Localized",0.026,0.00711674082709213
500,"Localized",0.75,0.1,1,5,"Uniform",0,0
500,"Localized",0.75,0.1,1,5,"Central",0.042,0.00897061870775924
500,"Localized",0.75,0.1,1,5,"Tail",0.06,0.0106207344378814
500,"Localized",0.75,0.1,1,5,"Localized",0.036,0.0083311463797007
500,"Localized",0.75,0.1,1.5,5,"Uniform",0,0
500,"Localized",0.75,0.1,1.5,5,"Central",0.054,0.0101078187557949
500,"Localized",0.75,0.1,1.5,5,"Tail",0.052,0.00992935043192655
500,"Localized",0.75,0.1,1.5,5,"Localized",0.032,0.00787095928079926
500,"Localized",0.75,0.1,2,5,"Uniform",0,0
500,"Localized",0.75,0.1,2,5,"Central",0.048,0.00955991631762538
500,"Localized",0.75,0.1,2,5,"Tail",0.06,0.0106207344378814
500,"Localized",0.75,0.1,2,5,"Localized",0.026,0.00711674082709213
500,"Localized",0.75,0.2,0.5,5,"Uniform",0,0
500,"Localized",0.75,0.2,0.5,5,"Central",0.044,0.00917213170424411
500,"Localized",0.75,0.2,0.5,5,"Tail",0.054,0.0101078187557949
500,"Localized",0.75,0.2,0.5,5,"Localized",0.044,0.00917213170424411
500,"Localized",0.75,0.2,1,5,"Uniform",0,0
500,"Localized",0.75,0.2,1,5,"Central",0.032,0.00787095928079926
500,"Localized",0.75,0.2,1,5,"Tail",0.07,0.0114105214604767
500,"Localized",0.75,0.2,1,5,"Localized",0.04,0.00876356092008266
500,"Localized",0.75,0.2,1.5,5,"Uniform",0,0
500,"Localized",0.75,0.2,1.5,5,"Central",0.048,0.00955991631762538
500,"Localized",0.75,0.2,1.5,5,"Tail",0.036,0.0083311463797007
500,"Localized",0.75,0.2,1.5,5,"Localized",0.03,0.00762889244910426
500,"Localized",0.75,0.2,2,5,"Uniform",0,0
500,"Localized",0.75,0.2,2,5,"Central",0.044,0.00917213170424411
500,"Localized",0.75,0.2,2,5,"Tail",0.06,0.0106207344378814
500,"Localized",0.75,0.2,2,5,"Localized",0.042,0.00897061870775924
500,"Oscillatory",1,0.5,NA,5,"Uniform",0,0
500,"Oscillatory",1,0.5,NA,5,"Central",0.034,0.00810481338464989
500,"Oscillatory",1,0.5,NA,5,"Tail",0.06,0.0106207344378814
500,"Oscillatory",1,1,NA,5,"Uniform",0,0
500,"Oscillatory",1,1,NA,5,"Central",0.058,0.0104533248299285
500,"Oscillatory",1,1,NA,5,"Tail",0.048,0.00955991631762538
500,"Oscillatory",1,1.5,NA,5,"Uniform",0,0
500,"Oscillatory",1,1.5,NA,5,"Central",0.03,0.00762889244910426
500,"Oscillatory",1,1.5,NA,5,"Tail",0.054,0.0101078187557949
500,"Oscillatory",1,2,NA,5,"Uniform",0,0
500,"Oscillatory",1,2,NA,5,"Central",0.05,0.00974679434480896
500,"Oscillatory",1,2,NA,5,"Tail",0.064,0.0109456840809517
500,"Oscillatory",2,0.5,NA,5,"Uniform",0,0
500,"Oscillatory",2,0.5,NA,5,"Central",0.04,0.00876356092008266
500,"Oscillatory",2,0.5,NA,5,"Tail",0.072,0.0115599307956406
500,"Oscillatory",2,1,NA,5,"Uniform",0,0
500,"Oscillatory",2,1,NA,5,"Central",0.048,0.00955991631762538
500,"Oscillatory",2,1,NA,5,"Tail",0.044,0.00917213170424411
500,"Oscillatory",2,1.5,NA,5,"Uniform",0,0
500,"Oscillatory",2,1.5,NA,5,"Central",0.04,0.00876356092008266
500,"Oscillatory",2,1.5,NA,5,"Tail",0.058,0.0104533248299285
500,"Oscillatory",2,2,NA,5,"Uniform",0,0
500,"Oscillatory",2,2,NA,5,"Central",0.04,0.00876356092008266
500,"Oscillatory",2,2,NA,5,"Tail",0.058,0.0104533248299285
500,"Oscillatory",4,0.5,NA,5,"Uniform",0,0
500,"Oscillatory",4,0.5,NA,5,"Central",0.062,0.0107848041243223
500,"Oscillatory",4,0.5,NA,5,"Tail",0.048,0.00955991631762538
500,"Oscillatory",4,1,NA,5,"Uniform",0,0
500,"Oscillatory",4,1,NA,5,"Central",0.044,0.00917213170424411
500,"Oscillatory",4,1,NA,5,"Tail",0.056,0.0102824121683582
500,"Oscillatory",4,1.5,NA,5,"Uniform",0,0
500,"Oscillatory",4,1.5,NA,5,"Central",0.034,0.00810481338464989
500,"Oscillatory",4,1.5,NA,5,"Tail",0.068,0.0112584190719657
500,"Oscillatory",4,2,NA,5,"Uniform",0,0
500,"Oscillatory",4,2,NA,5,"Central",0.038,0.00855055553750749
500,"Oscillatory",4,2,NA,5,"Tail",0.028,0.00737780455149091
500,"Oscillatory",8,0.5,NA,5,"Uniform",0,0
500,"Oscillatory",8,0.5,NA,5,"Central",0.05,0.00974679434480896
500,"Oscillatory",8,0.5,NA,5,"Tail",0.056,0.0102824121683582
500,"Oscillatory",8,1,NA,5,"Uniform",0,0
500,"Oscillatory",8,1,NA,5,"Central",0.032,0.00787095928079926
500,"Oscillatory",8,1,NA,5,"Tail",0.048,0.00955991631762538
500,"Oscillatory",8,1.5,NA,5,"Uniform",0,0
500,"Oscillatory",8,1.5,NA,5,"Central",0.05,0.00974679434480896
500,"Oscillatory",8,1.5,NA,5,"Tail",0.066,0.0111035129576184
500,"Oscillatory",8,2,NA,5,"Uniform",0,0
500,"Oscillatory",8,2,NA,5,"Central",0.034,0.00810481338464989
500,"Oscillatory",8,2,NA,5,"Tail",0.08,0.0121326007104825
500,"Abrupt",0.25,0.05,NA,5,"Uniform",0,0
500,"Abrupt",0.25,0.05,NA,5,"Central",0.066,0.0111035129576184
500,"Abrupt",0.25,0.05,NA,5,"Tail",0.032,0.00787095928079926
500,"Abrupt",0.25,0.1,NA,5,"Uniform",0,0
500,"Abrupt",0.25,0.1,NA,5,"Central",0.048,0.00955991631762538
500,"Abrupt",0.25,0.1,NA,5,"Tail",0.04,0.00876356092008266
500,"Abrupt",0.25,0.2,NA,5,"Uniform",0,0
500,"Abrupt",0.25,0.2,NA,5,"Central",0.05,0.00974679434480896
500,"Abrupt",0.25,0.2,NA,5,"Tail",0.036,0.0083311463797007
500,"Abrupt",0.5,0.05,NA,5,"Uniform",0,0
500,"Abrupt",0.5,0.05,NA,5,"Central",0.038,0.00855055553750749
500,"Abrupt",0.5,0.05,NA,5,"Tail",0.038,0.00855055553750749
500,"Abrupt",0.5,0.1,NA,5,"Uniform",0,0
500,"Abrupt",0.5,0.1,NA,5,"Central",0.06,0.0106207344378814
500,"Abrupt",0.5,0.1,NA,5,"Tail",0.046,0.00936845771725528
500,"Abrupt",0.5,0.2,NA,5,"Uniform",0,0
500,"Abrupt",0.5,0.2,NA,5,"Central",0.066,0.0111035129576184
500,"Abrupt",0.5,0.2,NA,5,"Tail",0.058,0.0104533248299285
500,"Abrupt",0.75,0.05,NA,5,"Uniform",0,0
500,"Abrupt",0.75,0.05,NA,5,"Central",0.014,0.00525433154644813
500,"Abrupt",0.75,0.05,NA,5,"Tail",0.1,0.0134164078649987
500,"Abrupt",0.75,0.1,NA,5,"Uniform",0,0
500,"Abrupt",0.75,0.1,NA,5,"Central",0,0
500,"Abrupt",0.75,0.1,NA,5,"Tail",0.374,0.0216390387956582
500,"Abrupt",0.75,0.2,NA,5,"Uniform",0,0
500,"Abrupt",0.75,0.2,NA,5,"Central",0,0
500,"Abrupt",0.75,0.2,NA,5,"Tail",0.958,0.00897061870775924
500,"Mixture",0.05,0.25,NA,5,"Uniform",0,0
500,"Mixture",0.05,0.25,NA,5,"Central",0,0
500,"Mixture",0.05,0.25,NA,5,"Tail",1,0
500,"Mixture",0.05,0.5,NA,5,"Uniform",0,0
500,"Mixture",0.05,0.5,NA,5,"Central",0,0
500,"Mixture",0.05,0.5,NA,5,"Tail",1,0
500,"Mixture",0.05,0.75,NA,5,"Uniform",0,0
500,"Mixture",0.05,0.75,NA,5,"Central",0,0
500,"Mixture",0.05,0.75,NA,5,"Tail",1,0
500,"Mixture",0.1,0.25,NA,5,"Uniform",0,0
500,"Mixture",0.1,0.25,NA,5,"Central",0,0
500,"Mixture",0.1,0.25,NA,5,"Tail",1,0
500,"Mixture",0.1,0.5,NA,5,"Uniform",0,0
500,"Mixture",0.1,0.5,NA,5,"Central",0,0
500,"Mixture",0.1,0.5,NA,5,"Tail",1,0
500,"Mixture",0.1,0.75,NA,5,"Uniform",0,0
500,"Mixture",0.1,0.75,NA,5,"Central",0,0
500,"Mixture",0.1,0.75,NA,5,"Tail",1,0
500,"Mixture",0.2,0.25,NA,5,"Uniform",0,0
500,"Mixture",0.2,0.25,NA,5,"Central",0,0
500,"Mixture",0.2,0.25,NA,5,"Tail",1,0
500,"Mixture",0.2,0.5,NA,5,"Uniform",0,0
500,"Mixture",0.2,0.5,NA,5,"Central",0,0
500,"Mixture",0.2,0.5,NA,5,"Tail",1,0
500,"Mixture",0.2,0.75,NA,5,"Uniform",0,0
500,"Mixture",0.2,0.75,NA,5,"Central",0,0
500,"Mixture",0.2,0.75,NA,5,"Tail",1,0
500,"Localized",0.25,0.05,0.5,8,"Uniform",0,0
500,"Localized",0.25,0.05,0.5,8,"Central",0.044,0.00917213170424411
500,"Localized",0.25,0.05,0.5,8,"Tail",0.056,0.0102824121683582
500,"Localized",0.25,0.05,0.5,8,"Localized",0.02,0.00626099033699941
500,"Localized",0.25,0.05,1,8,"Uniform",0,0
500,"Localized",0.25,0.05,1,8,"Central",0.06,0.0106207344378814
500,"Localized",0.25,0.05,1,8,"Tail",0.038,0.00855055553750749
500,"Localized",0.25,0.05,1,8,"Localized",0.024,0.00684455988358638
500,"Localized",0.25,0.05,1.5,8,"Uniform",0,0
500,"Localized",0.25,0.05,1.5,8,"Central",0.036,0.0083311463797007
500,"Localized",0.25,0.05,1.5,8,"Tail",0.024,0.00684455988358638
500,"Localized",0.25,0.05,1.5,8,"Localized",0.032,0.00787095928079926
500,"Localized",0.25,0.05,2,8,"Uniform",0,0
500,"Localized",0.25,0.05,2,8,"Central",0.052,0.00992935043192655
500,"Localized",0.25,0.05,2,8,"Tail",0.036,0.0083311463797007
500,"Localized",0.25,0.05,2,8,"Localized",0.024,0.00684455988358638
500,"Localized",0.25,0.1,0.5,8,"Uniform",0,0
500,"Localized",0.25,0.1,0.5,8,"Central",0.058,0.0104533248299285
500,"Localized",0.25,0.1,0.5,8,"Tail",0.054,0.0101078187557949
500,"Localized",0.25,0.1,0.5,8,"Localized",0.032,0.00787095928079926
500,"Localized",0.25,0.1,1,8,"Uniform",0,0
500,"Localized",0.25,0.1,1,8,"Central",0.04,0.00876356092008266
500,"Localized",0.25,0.1,1,8,"Tail",0.042,0.00897061870775924
500,"Localized",0.25,0.1,1,8,"Localized",0.042,0.00897061870775924
500,"Localized",0.25,0.1,1.5,8,"Uniform",0,0
500,"Localized",0.25,0.1,1.5,8,"Central",0.048,0.00955991631762538
500,"Localized",0.25,0.1,1.5,8,"Tail",0.05,0.00974679434480896
500,"Localized",0.25,0.1,1.5,8,"Localized",0.04,0.00876356092008266
500,"Localized",0.25,0.1,2,8,"Uniform",0,0
500,"Localized",0.25,0.1,2,8,"Central",0.062,0.0107848041243223
500,"Localized",0.25,0.1,2,8,"Tail",0.022,0.00655987804764692
500,"Localized",0.25,0.1,2,8,"Localized",0.024,0.00684455988358638
500,"Localized",0.25,0.2,0.5,8,"Uniform",0,0
500,"Localized",0.25,0.2,0.5,8,"Central",0.044,0.00917213170424411
500,"Localized",0.25,0.2,0.5,8,"Tail",0.056,0.0102824121683582
500,"Localized",0.25,0.2,0.5,8,"Localized",0.052,0.00992935043192655
500,"Localized",0.25,0.2,1,8,"Uniform",0,0
500,"Localized",0.25,0.2,1,8,"Central",0.042,0.00897061870775924
500,"Localized",0.25,0.2,1,8,"Tail",0.036,0.0083311463797007
500,"Localized",0.25,0.2,1,8,"Localized",0.036,0.0083311463797007
500,"Localized",0.25,0.2,1.5,8,"Uniform",0,0
500,"Localized",0.25,0.2,1.5,8,"Central",0.044,0.00917213170424411
500,"Localized",0.25,0.2,1.5,8,"Tail",0.054,0.0101078187557949
500,"Localized",0.25,0.2,1.5,8,"Localized",0.032,0.00787095928079926
500,"Localized",0.25,0.2,2,8,"Uniform",0,0
500,"Localized",0.25,0.2,2,8,"Central",0.048,0.00955991631762538
500,"Localized",0.25,0.2,2,8,"Tail",0.034,0.00810481338464989
500,"Localized",0.25,0.2,2,8,"Localized",0.036,0.0083311463797007
500,"Localized",0.5,0.05,0.5,8,"Uniform",0,0
500,"Localized",0.5,0.05,0.5,8,"Central",0.044,0.00917213170424411
500,"Localized",0.5,0.05,0.5,8,"Tail",0.044,0.00917213170424411
500,"Localized",0.5,0.05,0.5,8,"Localized",0.066,0.0111035129576184
500,"Localized",0.5,0.05,1,8,"Uniform",0,0
500,"Localized",0.5,0.05,1,8,"Central",0.038,0.00855055553750749
500,"Localized",0.5,0.05,1,8,"Tail",0.054,0.0101078187557949
500,"Localized",0.5,0.05,1,8,"Localized",0.028,0.00737780455149091
500,"Localized",0.5,0.05,1.5,8,"Uniform",0,0
500,"Localized",0.5,0.05,1.5,8,"Central",0.054,0.0101078187557949
500,"Localized",0.5,0.05,1.5,8,"Tail",0.054,0.0101078187557949
500,"Localized",0.5,0.05,1.5,8,"Localized",0.044,0.00917213170424411
500,"Localized",0.5,0.05,2,8,"Uniform",0,0
500,"Localized",0.5,0.05,2,8,"Central",0.046,0.00936845771725528
500,"Localized",0.5,0.05,2,8,"Tail",0.052,0.00992935043192655
500,"Localized",0.5,0.05,2,8,"Localized",0.04,0.00876356092008266
500,"Localized",0.5,0.1,0.5,8,"Uniform",0,0
500,"Localized",0.5,0.1,0.5,8,"Central",0.04,0.00876356092008266
500,"Localized",0.5,0.1,0.5,8,"Tail",0.034,0.00810481338464989
500,"Localized",0.5,0.1,0.5,8,"Localized",0.036,0.0083311463797007
500,"Localized",0.5,0.1,1,8,"Uniform",0,0
500,"Localized",0.5,0.1,1,8,"Central",0.028,0.00737780455149091
500,"Localized",0.5,0.1,1,8,"Tail",0.044,0.00917213170424411
500,"Localized",0.5,0.1,1,8,"Localized",0.052,0.00992935043192655
500,"Localized",0.5,0.1,1.5,8,"Uniform",0,0
500,"Localized",0.5,0.1,1.5,8,"Central",0.046,0.00936845771725528
500,"Localized",0.5,0.1,1.5,8,"Tail",0.036,0.0083311463797007
500,"Localized",0.5,0.1,1.5,8,"Localized",0.034,0.00810481338464989
500,"Localized",0.5,0.1,2,8,"Uniform",0,0
500,"Localized",0.5,0.1,2,8,"Central",0.038,0.00855055553750749
500,"Localized",0.5,0.1,2,8,"Tail",0.042,0.00897061870775924
500,"Localized",0.5,0.1,2,8,"Localized",0.036,0.0083311463797007
500,"Localized",0.5,0.2,0.5,8,"Uniform",0,0
500,"Localized",0.5,0.2,0.5,8,"Central",0.05,0.00974679434480896
500,"Localized",0.5,0.2,0.5,8,"Tail",0.044,0.00917213170424411
500,"Localized",0.5,0.2,0.5,8,"Localized",0.048,0.00955991631762538
500,"Localized",0.5,0.2,1,8,"Uniform",0,0
500,"Localized",0.5,0.2,1,8,"Central",0.032,0.00787095928079926
500,"Localized",0.5,0.2,1,8,"Tail",0.054,0.0101078187557949
500,"Localized",0.5,0.2,1,8,"Localized",0.056,0.0102824121683582
500,"Localized",0.5,0.2,1.5,8,"Uniform",0,0
500,"Localized",0.5,0.2,1.5,8,"Central",0.05,0.00974679434480896
500,"Localized",0.5,0.2,1.5,8,"Tail",0.06,0.0106207344378814
500,"Localized",0.5,0.2,1.5,8,"Localized",0.056,0.0102824121683582
500,"Localized",0.5,0.2,2,8,"Uniform",0,0
500,"Localized",0.5,0.2,2,8,"Central",0.024,0.00684455988358638
500,"Localized",0.5,0.2,2,8,"Tail",0.058,0.0104533248299285
500,"Localized",0.5,0.2,2,8,"Localized",0.042,0.00897061870775924
500,"Localized",0.75,0.05,0.5,8,"Uniform",0,0
500,"Localized",0.75,0.05,0.5,8,"Central",0.07,0.0114105214604767
500,"Localized",0.75,0.05,0.5,8,"Tail",0.04,0.00876356092008266
500,"Localized",0.75,0.05,0.5,8,"Localized",0.05,0.00974679434480896
500,"Localized",0.75,0.05,1,8,"Uniform",0,0
500,"Localized",0.75,0.05,1,8,"Central",0.062,0.0107848041243223
500,"Localized",0.75,0.05,1,8,"Tail",0.048,0.00955991631762538
500,"Localized",0.75,0.05,1,8,"Localized",0.05,0.00974679434480896
500,"Localized",0.75,0.05,1.5,8,"Uniform",0,0
500,"Localized",0.75,0.05,1.5,8,"Central",0.042,0.00897061870775924
500,"Localized",0.75,0.05,1.5,8,"Tail",0.034,0.00810481338464989
500,"Localized",0.75,0.05,1.5,8,"Localized",0.03,0.00762889244910426
500,"Localized",0.75,0.05,2,8,"Uniform",0,0
500,"Localized",0.75,0.05,2,8,"Central",0.048,0.00955991631762538
500,"Localized",0.75,0.05,2,8,"Tail",0.03,0.00762889244910426
500,"Localized",0.75,0.05,2,8,"Localized",0.03,0.00762889244910426
500,"Localized",0.75,0.1,0.5,8,"Uniform",0,0
500,"Localized",0.75,0.1,0.5,8,"Central",0.038,0.00855055553750749
500,"Localized",0.75,0.1,0.5,8,"Tail",0.056,0.0102824121683582
500,"Localized",0.75,0.1,0.5,8,"Localized",0.046,0.00936845771725528
500,"Localized",0.75,0.1,1,8,"Uniform",0,0
500,"Localized",0.75,0.1,1,8,"Central",0.026,0.00711674082709213
500,"Localized",0.75,0.1,1,8,"Tail",0.036,0.0083311463797007
500,"Localized",0.75,0.1,1,8,"Localized",0.04,0.00876356092008266
500,"Localized",0.75,0.1,1.5,8,"Uniform",0,0
500,"Localized",0.75,0.1,1.5,8,"Central",0.04,0.00876356092008266
500,"Localized",0.75,0.1,1.5,8,"Tail",0.038,0.00855055553750749
500,"Localized",0.75,0.1,1.5,8,"Localized",0.036,0.0083311463797007
500,"Localized",0.75,0.1,2,8,"Uniform",0,0
500,"Localized",0.75,0.1,2,8,"Central",0.066,0.0111035129576184
500,"Localized",0.75,0.1,2,8,"Tail",0.044,0.00917213170424411
500,"Localized",0.75,0.1,2,8,"Localized",0.046,0.00936845771725528
500,"Localized",0.75,0.2,0.5,8,"Uniform",0,0
500,"Localized",0.75,0.2,0.5,8,"Central",0.06,0.0106207344378814
500,"Localized",0.75,0.2,0.5,8,"Tail",0.058,0.0104533248299285
500,"Localized",0.75,0.2,0.5,8,"Localized",0.018,0.005945754788082
500,"Localized",0.75,0.2,1,8,"Uniform",0,0
500,"Localized",0.75,0.2,1,8,"Central",0.048,0.00955991631762538
500,"Localized",0.75,0.2,1,8,"Tail",0.024,0.00684455988358638
500,"Localized",0.75,0.2,1,8,"Localized",0.034,0.00810481338464989
500,"Localized",0.75,0.2,1.5,8,"Uniform",0,0
500,"Localized",0.75,0.2,1.5,8,"Central",0.062,0.0107848041243223
500,"Localized",0.75,0.2,1.5,8,"Tail",0.05,0.00974679434480896
500,"Localized",0.75,0.2,1.5,8,"Localized",0.036,0.0083311463797007
500,"Localized",0.75,0.2,2,8,"Uniform",0,0
500,"Localized",0.75,0.2,2,8,"Central",0.056,0.0102824121683582
500,"Localized",0.75,0.2,2,8,"Tail",0.042,0.00897061870775924
500,"Localized",0.75,0.2,2,8,"Localized",0.016,0.00561141693336006
500,"Oscillatory",1,0.5,NA,8,"Uniform",0,0
500,"Oscillatory",1,0.5,NA,8,"Central",0.054,0.0101078187557949
500,"Oscillatory",1,0.5,NA,8,"Tail",0.046,0.00936845771725528
500,"Oscillatory",1,1,NA,8,"Uniform",0,0
500,"Oscillatory",1,1,NA,8,"Central",0.042,0.00897061870775924
500,"Oscillatory",1,1,NA,8,"Tail",0.036,0.0083311463797007
500,"Oscillatory",1,1.5,NA,8,"Uniform",0,0
500,"Oscillatory",1,1.5,NA,8,"Central",0.05,0.00974679434480896
500,"Oscillatory",1,1.5,NA,8,"Tail",0.03,0.00762889244910426
500,"Oscillatory",1,2,NA,8,"Uniform",0,0
500,"Oscillatory",1,2,NA,8,"Central",0.038,0.00855055553750749
500,"Oscillatory",1,2,NA,8,"Tail",0.048,0.00955991631762538
500,"Oscillatory",2,0.5,NA,8,"Uniform",0,0
500,"Oscillatory",2,0.5,NA,8,"Central",0.08,0.0121326007104825
500,"Oscillatory",2,0.5,NA,8,"Tail",0.044,0.00917213170424411
500,"Oscillatory",2,1,NA,8,"Uniform",0,0
500,"Oscillatory",2,1,NA,8,"Central",0.052,0.00992935043192655
500,"Oscillatory",2,1,NA,8,"Tail",0.046,0.00936845771725528
500,"Oscillatory",2,1.5,NA,8,"Uniform",0,0
500,"Oscillatory",2,1.5,NA,8,"Central",0.04,0.00876356092008266
500,"Oscillatory",2,1.5,NA,8,"Tail",0.034,0.00810481338464989
500,"Oscillatory",2,2,NA,8,"Uniform",0,0
500,"Oscillatory",2,2,NA,8,"Central",0.05,0.00974679434480896
500,"Oscillatory",2,2,NA,8,"Tail",0.038,0.00855055553750749
500,"Oscillatory",4,0.5,NA,8,"Uniform",0,0
500,"Oscillatory",4,0.5,NA,8,"Central",0.036,0.0083311463797007
500,"Oscillatory",4,0.5,NA,8,"Tail",0.046,0.00936845771725528
500,"Oscillatory",4,1,NA,8,"Uniform",0,0
500,"Oscillatory",4,1,NA,8,"Central",0.048,0.00955991631762538
500,"Oscillatory",4,1,NA,8,"Tail",0.056,0.0102824121683582
500,"Oscillatory",4,1.5,NA,8,"Uniform",0,0
500,"Oscillatory",4,1.5,NA,8,"Central",0.05,0.00974679434480896
500,"Oscillatory",4,1.5,NA,8,"Tail",0.026,0.00711674082709213
500,"Oscillatory",4,2,NA,8,"Uniform",0,0
500,"Oscillatory",4,2,NA,8,"Central",0.036,0.0083311463797007
500,"Oscillatory",4,2,NA,8,"Tail",0.052,0.00992935043192655
500,"Oscillatory",8,0.5,NA,8,"Uniform",0,0
500,"Oscillatory",8,0.5,NA,8,"Central",0.06,0.0106207344378814
500,"Oscillatory",8,0.5,NA,8,"Tail",0.038,0.00855055553750749
500,"Oscillatory",8,1,NA,8,"Uniform",0,0
500,"Oscillatory",8,1,NA,8,"Central",0.054,0.0101078187557949
500,"Oscillatory",8,1,NA,8,"Tail",0.068,0.0112584190719657
500,"Oscillatory",8,1.5,NA,8,"Uniform",0,0
500,"Oscillatory",8,1.5,NA,8,"Central",0.044,0.00917213170424411
500,"Oscillatory",8,1.5,NA,8,"Tail",0.04,0.00876356092008266
500,"Oscillatory",8,2,NA,8,"Uniform",0,0
500,"Oscillatory",8,2,NA,8,"Central",0.036,0.0083311463797007
500,"Oscillatory",8,2,NA,8,"Tail",0.06,0.0106207344378814
500,"Abrupt",0.25,0.05,NA,8,"Uniform",0,0
500,"Abrupt",0.25,0.05,NA,8,"Central",0.064,0.0109456840809517
500,"Abrupt",0.25,0.05,NA,8,"Tail",0.044,0.00917213170424411
500,"Abrupt",0.25,0.1,NA,8,"Uniform",0,0
500,"Abrupt",0.25,0.1,NA,8,"Central",0.042,0.00897061870775924
500,"Abrupt",0.25,0.1,NA,8,"Tail",0.064,0.0109456840809517
500,"Abrupt",0.25,0.2,NA,8,"Uniform",0,0
500,"Abrupt",0.25,0.2,NA,8,"Central",0.04,0.00876356092008266
500,"Abrupt",0.25,0.2,NA,8,"Tail",0.05,0.00974679434480896
500,"Abrupt",0.5,0.05,NA,8,"Uniform",0,0
500,"Abrupt",0.5,0.05,NA,8,"Central",0.044,0.00917213170424411
500,"Abrupt",0.5,0.05,NA,8,"Tail",0.06,0.0106207344378814
500,"Abrupt",0.5,0.1,NA,8,"Uniform",0,0
500,"Abrupt",0.5,0.1,NA,8,"Central",0.054,0.0101078187557949
500,"Abrupt",0.5,0.1,NA,8,"Tail",0.062,0.0107848041243223
500,"Abrupt",0.5,0.2,NA,8,"Uniform",0,0
500,"Abrupt",0.5,0.2,NA,8,"Central",0.084,0.0124051602166195
500,"Abrupt",0.5,0.2,NA,8,"Tail",0.054,0.0101078187557949
500,"Abrupt",0.75,0.05,NA,8,"Uniform",0,0
500,"Abrupt",0.75,0.05,NA,8,"Central",0.008,0.00398396787135639
500,"Abrupt",0.75,0.05,NA,8,"Tail",0.114,0.0142129518397833
500,"Abrupt",0.75,0.1,NA,8,"Uniform",0,0
500,"Abrupt",0.75,0.1,NA,8,"Central",0,0
500,"Abrupt",0.75,0.1,NA,8,"Tail",0.306,0.0206089301032344
500,"Abrupt",0.75,0.2,NA,8,"Uniform",0,0
500,"Abrupt",0.75,0.2,NA,8,"Central",0,0
500,"Abrupt",0.75,0.2,NA,8,"Tail",0.946,0.0101078187557949
500,"Mixture",0.05,0.25,NA,8,"Uniform",0,0
500,"Mixture",0.05,0.25,NA,8,"Central",0,0
500,"Mixture",0.05,0.25,NA,8,"Tail",1,0
500,"Mixture",0.05,0.5,NA,8,"Uniform",0,0
500,"Mixture",0.05,0.5,NA,8,"Central",0,0
500,"Mixture",0.05,0.5,NA,8,"Tail",1,0
500,"Mixture",0.05,0.75,NA,8,"Uniform",0,0
500,"Mixture",0.05,0.75,NA,8,"Central",0,0
500,"Mixture",0.05,0.75,NA,8,"Tail",1,0
500,"Mixture",0.1,0.25,NA,8,"Uniform",0,0
500,"Mixture",0.1,0.25,NA,8,"Central",0,0
500,"Mixture",0.1,0.25,NA,8,"Tail",1,0
500,"Mixture",0.1,0.5,NA,8,"Uniform",0,0
500,"Mixture",0.1,0.5,NA,8,"Central",0,0
500,"Mixture",0.1,0.5,NA,8,"Tail",1,0
500,"Mixture",0.1,0.75,NA,8,"Uniform",0,0
500,"Mixture",0.1,0.75,NA,8,"Central",0,0
500,"Mixture",0.1,0.75,NA,8,"Tail",1,0
500,"Mixture",0.2,0.25,NA,8,"Uniform",0,0
500,"Mixture",0.2,0.25,NA,8,"Central",0,0
500,"Mixture",0.2,0.25,NA,8,"Tail",1,0
500,"Mixture",0.2,0.5,NA,8,"Uniform",0,0
500,"Mixture",0.2,0.5,NA,8,"Central",0,0
500,"Mixture",0.2,0.5,NA,8,"Tail",1,0
500,"Mixture",0.2,0.75,NA,8,"Uniform",0,0
500,"Mixture",0.2,0.75,NA,8,"Central",0,0
500,"Mixture",0.2,0.75,NA,8,"Tail",1,0
500,"Localized",0.25,0.05,0.5,10,"Uniform",0,0
500,"Localized",0.25,0.05,0.5,10,"Central",0.046,0.00936845771725528
500,"Localized",0.25,0.05,0.5,10,"Tail",0.066,0.0111035129576184
500,"Localized",0.25,0.05,0.5,10,"Localized",0.044,0.00917213170424411
500,"Localized",0.25,0.05,1,10,"Uniform",0,0
500,"Localized",0.25,0.05,1,10,"Central",0.048,0.00955991631762538
500,"Localized",0.25,0.05,1,10,"Tail",0.074,0.0117067501895274
500,"Localized",0.25,0.05,1,10,"Localized",0.024,0.00684455988358638
500,"Localized",0.25,0.05,1.5,10,"Uniform",0,0
500,"Localized",0.25,0.05,1.5,10,"Central",0.034,0.00810481338464989
500,"Localized",0.25,0.05,1.5,10,"Tail",0.056,0.0102824121683582
500,"Localized",0.25,0.05,1.5,10,"Localized",0.032,0.00787095928079926
500,"Localized",0.25,0.05,2,10,"Uniform",0,0
500,"Localized",0.25,0.05,2,10,"Central",0.044,0.00917213170424411
500,"Localized",0.25,0.05,2,10,"Tail",0.062,0.0107848041243223
500,"Localized",0.25,0.05,2,10,"Localized",0.03,0.00762889244910426
500,"Localized",0.25,0.1,0.5,10,"Uniform",0,0
500,"Localized",0.25,0.1,0.5,10,"Central",0.04,0.00876356092008266
500,"Localized",0.25,0.1,0.5,10,"Tail",0.04,0.00876356092008266
500,"Localized",0.25,0.1,0.5,10,"Localized",0.028,0.00737780455149091
500,"Localized",0.25,0.1,1,10,"Uniform",0,0
500,"Localized",0.25,0.1,1,10,"Central",0.04,0.00876356092008266
500,"Localized",0.25,0.1,1,10,"Tail",0.078,0.0119929979571415
500,"Localized",0.25,0.1,1,10,"Localized",0.022,0.00655987804764692
500,"Localized",0.25,0.1,1.5,10,"Uniform",0,0
500,"Localized",0.25,0.1,1.5,10,"Central",0.05,0.00974679434480896
500,"Localized",0.25,0.1,1.5,10,"Tail",0.06,0.0106207344378814
500,"Localized",0.25,0.1,1.5,10,"Localized",0.022,0.00655987804764692
500,"Localized",0.25,0.1,2,10,"Uniform",0,0
500,"Localized",0.25,0.1,2,10,"Central",0.054,0.0101078187557949
500,"Localized",0.25,0.1,2,10,"Tail",0.052,0.00992935043192655
500,"Localized",0.25,0.1,2,10,"Localized",0.024,0.00684455988358638
500,"Localized",0.25,0.2,0.5,10,"Uniform",0,0
500,"Localized",0.25,0.2,0.5,10,"Central",0.048,0.00955991631762538
500,"Localized",0.25,0.2,0.5,10,"Tail",0.058,0.0104533248299285
500,"Localized",0.25,0.2,0.5,10,"Localized",0.028,0.00737780455149091
500,"Localized",0.25,0.2,1,10,"Uniform",0,0
500,"Localized",0.25,0.2,1,10,"Central",0.03,0.00762889244910426
500,"Localized",0.25,0.2,1,10,"Tail",0.056,0.0102824121683582
500,"Localized",0.25,0.2,1,10,"Localized",0.044,0.00917213170424411
500,"Localized",0.25,0.2,1.5,10,"Uniform",0,0
500,"Localized",0.25,0.2,1.5,10,"Central",0.036,0.0083311463797007
500,"Localized",0.25,0.2,1.5,10,"Tail",0.078,0.0119929979571415
500,"Localized",0.25,0.2,1.5,10,"Localized",0.024,0.00684455988358638
500,"Localized",0.25,0.2,2,10,"Uniform",0,0
500,"Localized",0.25,0.2,2,10,"Central",0.04,0.00876356092008266
500,"Localized",0.25,0.2,2,10,"Tail",0.064,0.0109456840809517
500,"Localized",0.25,0.2,2,10,"Localized",0.022,0.00655987804764692
500,"Localized",0.5,0.05,0.5,10,"Uniform",0,0
500,"Localized",0.5,0.05,0.5,10,"Central",0.032,0.00787095928079926
500,"Localized",0.5,0.05,0.5,10,"Tail",0.054,0.0101078187557949
500,"Localized",0.5,0.05,0.5,10,"Localized",0.064,0.0109456840809517
500,"Localized",0.5,0.05,1,10,"Uniform",0,0
500,"Localized",0.5,0.05,1,10,"Central",0.028,0.00737780455149091
500,"Localized",0.5,0.05,1,10,"Tail",0.056,0.0102824121683582
500,"Localized",0.5,0.05,1,10,"Localized",0.02,0.00626099033699941
500,"Localized",0.5,0.05,1.5,10,"Uniform",0,0
500,"Localized",0.5,0.05,1.5,10,"Central",0.05,0.00974679434480896
500,"Localized",0.5,0.05,1.5,10,"Tail",0.088,0.0126693330526907
500,"Localized",0.5,0.05,1.5,10,"Localized",0.05,0.00974679434480896
500,"Localized",0.5,0.05,2,10,"Uniform",0,0
500,"Localized",0.5,0.05,2,10,"Central",0.036,0.0083311463797007
500,"Localized",0.5,0.05,2,10,"Tail",0.068,0.0112584190719657
500,"Localized",0.5,0.05,2,10,"Localized",0.048,0.00955991631762538
500,"Localized",0.5,0.1,0.5,10,"Uniform",0,0
500,"Localized",0.5,0.1,0.5,10,"Central",0.04,0.00876356092008266
500,"Localized",0.5,0.1,0.5,10,"Tail",0.066,0.0111035129576184
500,"Localized",0.5,0.1,0.5,10,"Localized",0.054,0.0101078187557949
500,"Localized",0.5,0.1,1,10,"Uniform",0,0
500,"Localized",0.5,0.1,1,10,"Central",0.026,0.00711674082709213
500,"Localized",0.5,0.1,1,10,"Tail",0.068,0.0112584190719657
500,"Localized",0.5,0.1,1,10,"Localized",0.026,0.00711674082709213
500,"Localized",0.5,0.1,1.5,10,"Uniform",0,0
500,"Localized",0.5,0.1,1.5,10,"Central",0.024,0.00684455988358638
500,"Localized",0.5,0.1,1.5,10,"Tail",0.068,0.0112584190719657
500,"Localized",0.5,0.1,1.5,10,"Localized",0.03,0.00762889244910426
500,"Localized",0.5,0.1,2,10,"Uniform",0,0
500,"Localized",0.5,0.1,2,10,"Central",0.038,0.00855055553750749
500,"Localized",0.5,0.1,2,10,"Tail",0.084,0.0124051602166195
500,"Localized",0.5,0.1,2,10,"Localized",0.046,0.00936845771725528
500,"Localized",0.5,0.2,0.5,10,"Uniform",0,0
500,"Localized",0.5,0.2,0.5,10,"Central",0.03,0.00762889244910426
500,"Localized",0.5,0.2,0.5,10,"Tail",0.05,0.00974679434480896
500,"Localized",0.5,0.2,0.5,10,"Localized",0.06,0.0106207344378814
500,"Localized",0.5,0.2,1,10,"Uniform",0,0
500,"Localized",0.5,0.2,1,10,"Central",0.03,0.00762889244910426
500,"Localized",0.5,0.2,1,10,"Tail",0.078,0.0119929979571415
500,"Localized",0.5,0.2,1,10,"Localized",0.054,0.0101078187557949
500,"Localized",0.5,0.2,1.5,10,"Uniform",0,0
500,"Localized",0.5,0.2,1.5,10,"Central",0.026,0.00711674082709213
500,"Localized",0.5,0.2,1.5,10,"Tail",0.094,0.0130509769749241
500,"Localized",0.5,0.2,1.5,10,"Localized",0.052,0.00992935043192655
500,"Localized",0.5,0.2,2,10,"Uniform",0,0
500,"Localized",0.5,0.2,2,10,"Central",0.038,0.00855055553750749
500,"Localized",0.5,0.2,2,10,"Tail",0.076,0.0118510759005248
500,"Localized",0.5,0.2,2,10,"Localized",0.066,0.0111035129576184
500,"Localized",0.75,0.05,0.5,10,"Uniform",0,0
500,"Localized",0.75,0.05,0.5,10,"Central",0.046,0.00936845771725528
500,"Localized",0.75,0.05,0.5,10,"Tail",0.064,0.0109456840809517
500,"Localized",0.75,0.05,0.5,10,"Localized",0.054,0.0101078187557949
500,"Localized",0.75,0.05,1,10,"Uniform",0,0
500,"Localized",0.75,0.05,1,10,"Central",0.032,0.00787095928079926
500,"Localized",0.75,0.05,1,10,"Tail",0.06,0.0106207344378814
500,"Localized",0.75,0.05,1,10,"Localized",0.058,0.0104533248299285
500,"Localized",0.75,0.05,1.5,10,"Uniform",0,0
500,"Localized",0.75,0.05,1.5,10,"Central",0.044,0.00917213170424411
500,"Localized",0.75,0.05,1.5,10,"Tail",0.064,0.0109456840809517
500,"Localized",0.75,0.05,1.5,10,"Localized",0.042,0.00897061870775924
500,"Localized",0.75,0.05,2,10,"Uniform",0,0
500,"Localized",0.75,0.05,2,10,"Central",0.042,0.00897061870775924
500,"Localized",0.75,0.05,2,10,"Tail",0.072,0.0115599307956406
500,"Localized",0.75,0.05,2,10,"Localized",0.032,0.00787095928079926
500,"Localized",0.75,0.1,0.5,10,"Uniform",0,0
500,"Localized",0.75,0.1,0.5,10,"Central",0.05,0.00974679434480896
500,"Localized",0.75,0.1,0.5,10,"Tail",0.06,0.0106207344378814
500,"Localized",0.75,0.1,0.5,10,"Localized",0.056,0.0102824121683582
500,"Localized",0.75,0.1,1,10,"Uniform",0,0
500,"Localized",0.75,0.1,1,10,"Central",0.034,0.00810481338464989
500,"Localized",0.75,0.1,1,10,"Tail",0.062,0.0107848041243223
500,"Localized",0.75,0.1,1,10,"Localized",0.038,0.00855055553750749
500,"Localized",0.75,0.1,1.5,10,"Uniform",0,0
500,"Localized",0.75,0.1,1.5,10,"Central",0.054,0.0101078187557949
500,"Localized",0.75,0.1,1.5,10,"Tail",0.056,0.0102824121683582
500,"Localized",0.75,0.1,1.5,10,"Localized",0.024,0.00684455988358638
500,"Localized",0.75,0.1,2,10,"Uniform",0,0
500,"Localized",0.75,0.1,2,10,"Central",0.028,0.00737780455149091
500,"Localized",0.75,0.1,2,10,"Tail",0.046,0.00936845771725528
500,"Localized",0.75,0.1,2,10,"Localized",0.042,0.00897061870775924
500,"Localized",0.75,0.2,0.5,10,"Uniform",0,0
500,"Localized",0.75,0.2,0.5,10,"Central",0.028,0.00737780455149091
500,"Localized",0.75,0.2,0.5,10,"Tail",0.078,0.0119929979571415
500,"Localized",0.75,0.2,0.5,10,"Localized",0.052,0.00992935043192655
500,"Localized",0.75,0.2,1,10,"Uniform",0,0
500,"Localized",0.75,0.2,1,10,"Central",0.04,0.00876356092008266
500,"Localized",0.75,0.2,1,10,"Tail",0.06,0.0106207344378814
500,"Localized",0.75,0.2,1,10,"Localized",0.054,0.0101078187557949
500,"Localized",0.75,0.2,1.5,10,"Uniform",0,0
500,"Localized",0.75,0.2,1.5,10,"Central",0.052,0.00992935043192655
500,"Localized",0.75,0.2,1.5,10,"Tail",0.068,0.0112584190719657
500,"Localized",0.75,0.2,1.5,10,"Localized",0.05,0.00974679434480896
500,"Localized",0.75,0.2,2,10,"Uniform",0,0
500,"Localized",0.75,0.2,2,10,"Central",0.04,0.00876356092008266
500,"Localized",0.75,0.2,2,10,"Tail",0.062,0.0107848041243223
500,"Localized",0.75,0.2,2,10,"Localized",0.068,0.0112584190719657
500,"Oscillatory",1,0.5,NA,10,"Uniform",0,0
500,"Oscillatory",1,0.5,NA,10,"Central",0.026,0.00711674082709213
500,"Oscillatory",1,0.5,NA,10,"Tail",0.066,0.0111035129576184
500,"Oscillatory",1,1,NA,10,"Uniform",0,0
500,"Oscillatory",1,1,NA,10,"Central",0.036,0.0083311463797007
500,"Oscillatory",1,1,NA,10,"Tail",0.06,0.0106207344378814
500,"Oscillatory",1,1.5,NA,10,"Uniform",0,0
500,"Oscillatory",1,1.5,NA,10,"Central",0.046,0.00936845771725528
500,"Oscillatory",1,1.5,NA,10,"Tail",0.062,0.0107848041243223
500,"Oscillatory",1,2,NA,10,"Uniform",0,0
500,"Oscillatory",1,2,NA,10,"Central",0.038,0.00855055553750749
500,"Oscillatory",1,2,NA,10,"Tail",0.066,0.0111035129576184
500,"Oscillatory",2,0.5,NA,10,"Uniform",0,0
500,"Oscillatory",2,0.5,NA,10,"Central",0.05,0.00974679434480896
500,"Oscillatory",2,0.5,NA,10,"Tail",0.046,0.00936845771725528
500,"Oscillatory",2,1,NA,10,"Uniform",0,0
500,"Oscillatory",2,1,NA,10,"Central",0.046,0.00936845771725528
500,"Oscillatory",2,1,NA,10,"Tail",0.05,0.00974679434480896
500,"Oscillatory",2,1.5,NA,10,"Uniform",0,0
500,"Oscillatory",2,1.5,NA,10,"Central",0.038,0.00855055553750749
500,"Oscillatory",2,1.5,NA,10,"Tail",0.064,0.0109456840809517
500,"Oscillatory",2,2,NA,10,"Uniform",0,0
500,"Oscillatory",2,2,NA,10,"Central",0.038,0.00855055553750749
500,"Oscillatory",2,2,NA,10,"Tail",0.082,0.0122699633251286
500,"Oscillatory",4,0.5,NA,10,"Uniform",0,0
500,"Oscillatory",4,0.5,NA,10,"Central",0.03,0.00762889244910426
500,"Oscillatory",4,0.5,NA,10,"Tail",0.056,0.0102824121683582
500,"Oscillatory",4,1,NA,10,"Uniform",0,0
500,"Oscillatory",4,1,NA,10,"Central",0.038,0.00855055553750749
500,"Oscillatory",4,1,NA,10,"Tail",0.082,0.0122699633251286
500,"Oscillatory",4,1.5,NA,10,"Uniform",0,0
500,"Oscillatory",4,1.5,NA,10,"Central",0.034,0.00810481338464989
500,"Oscillatory",4,1.5,NA,10,"Tail",0.066,0.0111035129576184
500,"Oscillatory",4,2,NA,10,"Uniform",0,0
500,"Oscillatory",4,2,NA,10,"Central",0.044,0.00917213170424411
500,"Oscillatory",4,2,NA,10,"Tail",0.076,0.0118510759005248
500,"Oscillatory",8,0.5,NA,10,"Uniform",0,0
500,"Oscillatory",8,0.5,NA,10,"Central",0.046,0.00936845771725528
500,"Oscillatory",8,0.5,NA,10,"Tail",0.074,0.0117067501895274
500,"Oscillatory",8,1,NA,10,"Uniform",0,0
500,"Oscillatory",8,1,NA,10,"Central",0.036,0.0083311463797007
500,"Oscillatory",8,1,NA,10,"Tail",0.078,0.0119929979571415
500,"Oscillatory",8,1.5,NA,10,"Uniform",0,0
500,"Oscillatory",8,1.5,NA,10,"Central",0.036,0.0083311463797007
500,"Oscillatory",8,1.5,NA,10,"Tail",0.054,0.0101078187557949
500,"Oscillatory",8,2,NA,10,"Uniform",0,0
500,"Oscillatory",8,2,NA,10,"Central",0.032,0.00787095928079926
500,"Oscillatory",8,2,NA,10,"Tail",0.084,0.0124051602166195
500,"Abrupt",0.25,0.05,NA,10,"Uniform",0,0
500,"Abrupt",0.25,0.05,NA,10,"Central",0.05,0.00974679434480896
500,"Abrupt",0.25,0.05,NA,10,"Tail",0.052,0.00992935043192655
500,"Abrupt",0.25,0.1,NA,10,"Uniform",0,0
500,"Abrupt",0.25,0.1,NA,10,"Central",0.064,0.0109456840809517
500,"Abrupt",0.25,0.1,NA,10,"Tail",0.066,0.0111035129576184
500,"Abrupt",0.25,0.2,NA,10,"Uniform",0,0
500,"Abrupt",0.25,0.2,NA,10,"Central",0.036,0.0083311463797007
500,"Abrupt",0.25,0.2,NA,10,"Tail",0.08,0.0121326007104825
500,"Abrupt",0.5,0.05,NA,10,"Uniform",0,0
500,"Abrupt",0.5,0.05,NA,10,"Central",0.046,0.00936845771725528
500,"Abrupt",0.5,0.05,NA,10,"Tail",0.058,0.0104533248299285
500,"Abrupt",0.5,0.1,NA,10,"Uniform",0,0
500,"Abrupt",0.5,0.1,NA,10,"Central",0.05,0.00974679434480896
500,"Abrupt",0.5,0.1,NA,10,"Tail",0.08,0.0121326007104825
500,"Abrupt",0.5,0.2,NA,10,"Uniform",0,0
500,"Abrupt",0.5,0.2,NA,10,"Central",0.072,0.0115599307956406
500,"Abrupt",0.5,0.2,NA,10,"Tail",0.078,0.0119929979571415
500,"Abrupt",0.75,0.05,NA,10,"Uniform",0,0
500,"Abrupt",0.75,0.05,NA,10,"Central",0.02,0.00626099033699941
500,"Abrupt",0.75,0.05,NA,10,"Tail",0.1,0.0134164078649987
500,"Abrupt",0.75,0.1,NA,10,"Uniform",0,0
500,"Abrupt",0.75,0.1,NA,10,"Central",0,0
500,"Abrupt",0.75,0.1,NA,10,"Tail",0.42,0.0220726074581142
500,"Abrupt",0.75,0.2,NA,10,"Uniform",0,0
500,"Abrupt",0.75,0.2,NA,10,"Central",0,0
500,"Abrupt",0.75,0.2,NA,10,"Tail",0.98,0.00626099033699941
500,"Mixture",0.05,0.25,NA,10,"Uniform",0,0
500,"Mixture",0.05,0.25,NA,10,"Central",0,0
500,"Mixture",0.05,0.25,NA,10,"Tail",1,0
500,"Mixture",0.05,0.5,NA,10,"Uniform",0,0
500,"Mixture",0.05,0.5,NA,10,"Central",0,0
500,"Mixture",0.05,0.5,NA,10,"Tail",1,0
500,"Mixture",0.05,0.75,NA,10,"Uniform",0,0
500,"Mixture",0.05,0.75,NA,10,"Central",0,0
500,"Mixture",0.05,0.75,NA,10,"Tail",1,0
500,"Mixture",0.1,0.25,NA,10,"Uniform",0,0
500,"Mixture",0.1,0.25,NA,10,"Central",0,0
500,"Mixture",0.1,0.25,NA,10,"Tail",1,0
500,"Mixture",0.1,0.5,NA,10,"Uniform",0,0
500,"Mixture",0.1,0.5,NA,10,"Central",0,0
500,"Mixture",0.1,0.5,NA,10,"Tail",1,0
500,"Mixture",0.1,0.75,NA,10,"Uniform",0,0
500,"Mixture",0.1,0.75,NA,10,"Central",0,0
500,"Mixture",0.1,0.75,NA,10,"Tail",1,0
500,"Mixture",0.2,0.25,NA,10,"Uniform",0,0
500,"Mixture",0.2,0.25,NA,10,"Central",0,0
500,"Mixture",0.2,0.25,NA,10,"Tail",1,0
500,"Mixture",0.2,0.5,NA,10,"Uniform",0,0
500,"Mixture",0.2,0.5,NA,10,"Central",0,0
500,"Mixture",0.2,0.5,NA,10,"Tail",1,0
500,"Mixture",0.2,0.75,NA,10,"Uniform",0,0
500,"Mixture",0.2,0.75,NA,10,"Central",0,0
500,"Mixture",0.2,0.75,NA,10,"Tail",1,0
500,"Localized",0.25,0.05,0.5,15,"Uniform",0,0
500,"Localized",0.25,0.05,0.5,15,"Central",0.046,0.00936845771725528
500,"Localized",0.25,0.05,0.5,15,"Tail",0.07,0.0114105214604767
500,"Localized",0.25,0.05,0.5,15,"Localized",0.036,0.0083311463797007
500,"Localized",0.25,0.05,1,15,"Uniform",0,0
500,"Localized",0.25,0.05,1,15,"Central",0.042,0.00897061870775924
500,"Localized",0.25,0.05,1,15,"Tail",0.052,0.00992935043192655
500,"Localized",0.25,0.05,1,15,"Localized",0.036,0.0083311463797007
500,"Localized",0.25,0.05,1.5,15,"Uniform",0,0
500,"Localized",0.25,0.05,1.5,15,"Central",0.05,0.00974679434480896
500,"Localized",0.25,0.05,1.5,15,"Tail",0.048,0.00955991631762538
500,"Localized",0.25,0.05,1.5,15,"Localized",0.024,0.00684455988358638
500,"Localized",0.25,0.05,2,15,"Uniform",0,0
500,"Localized",0.25,0.05,2,15,"Central",0.066,0.0111035129576184
500,"Localized",0.25,0.05,2,15,"Tail",0.046,0.00936845771725528
500,"Localized",0.25,0.05,2,15,"Localized",0.052,0.00992935043192655
500,"Localized",0.25,0.1,0.5,15,"Uniform",0,0
500,"Localized",0.25,0.1,0.5,15,"Central",0.046,0.00936845771725528
500,"Localized",0.25,0.1,0.5,15,"Tail",0.068,0.0112584190719657
500,"Localized",0.25,0.1,0.5,15,"Localized",0.042,0.00897061870775924
500,"Localized",0.25,0.1,1,15,"Uniform",0,0
500,"Localized",0.25,0.1,1,15,"Central",0.044,0.00917213170424411
500,"Localized",0.25,0.1,1,15,"Tail",0.062,0.0107848041243223
500,"Localized",0.25,0.1,1,15,"Localized",0.03,0.00762889244910426
500,"Localized",0.25,0.1,1.5,15,"Uniform",0,0
500,"Localized",0.25,0.1,1.5,15,"Central",0.048,0.00955991631762538
500,"Localized",0.25,0.1,1.5,15,"Tail",0.064,0.0109456840809517
500,"Localized",0.25,0.1,1.5,15,"Localized",0.038,0.00855055553750749
500,"Localized",0.25,0.1,2,15,"Uniform",0,0
500,"Localized",0.25,0.1,2,15,"Central",0.04,0.00876356092008266
500,"Localized",0.25,0.1,2,15,"Tail",0.052,0.00992935043192655
500,"Localized",0.25,0.1,2,15,"Localized",0.034,0.00810481338464989
500,"Localized",0.25,0.2,0.5,15,"Uniform",0,0
500,"Localized",0.25,0.2,0.5,15,"Central",0.05,0.00974679434480896
500,"Localized",0.25,0.2,0.5,15,"Tail",0.08,0.0121326007104825
500,"Localized",0.25,0.2,0.5,15,"Localized",0.026,0.00711674082709213
500,"Localized",0.25,0.2,1,15,"Uniform",0,0
500,"Localized",0.25,0.2,1,15,"Central",0.044,0.00917213170424411
500,"Localized",0.25,0.2,1,15,"Tail",0.066,0.0111035129576184
500,"Localized",0.25,0.2,1,15,"Localized",0.036,0.0083311463797007
500,"Localized",0.25,0.2,1.5,15,"Uniform",0,0
500,"Localized",0.25,0.2,1.5,15,"Central",0.05,0.00974679434480896
500,"Localized",0.25,0.2,1.5,15,"Tail",0.072,0.0115599307956406
500,"Localized",0.25,0.2,1.5,15,"Localized",0.016,0.00561141693336006
500,"Localized",0.25,0.2,2,15,"Uniform",0,0
500,"Localized",0.25,0.2,2,15,"Central",0.058,0.0104533248299285
500,"Localized",0.25,0.2,2,15,"Tail",0.076,0.0118510759005248
500,"Localized",0.25,0.2,2,15,"Localized",0.022,0.00655987804764692
500,"Localized",0.5,0.05,0.5,15,"Uniform",0,0
500,"Localized",0.5,0.05,0.5,15,"Central",0.038,0.00855055553750749
500,"Localized",0.5,0.05,0.5,15,"Tail",0.06,0.0106207344378814
500,"Localized",0.5,0.05,0.5,15,"Localized",0.056,0.0102824121683582
500,"Localized",0.5,0.05,1,15,"Uniform",0,0
500,"Localized",0.5,0.05,1,15,"Central",0.046,0.00936845771725528
500,"Localized",0.5,0.05,1,15,"Tail",0.06,0.0106207344378814
500,"Localized",0.5,0.05,1,15,"Localized",0.058,0.0104533248299285
500,"Localized",0.5,0.05,1.5,15,"Uniform",0,0
500,"Localized",0.5,0.05,1.5,15,"Central",0.04,0.00876356092008266
500,"Localized",0.5,0.05,1.5,15,"Tail",0.074,0.0117067501895274
500,"Localized",0.5,0.05,1.5,15,"Localized",0.042,0.00897061870775924
500,"Localized",0.5,0.05,2,15,"Uniform",0,0
500,"Localized",0.5,0.05,2,15,"Central",0.04,0.00876356092008266
500,"Localized",0.5,0.05,2,15,"Tail",0.05,0.00974679434480896
500,"Localized",0.5,0.05,2,15,"Localized",0.034,0.00810481338464989
500,"Localized",0.5,0.1,0.5,15,"Uniform",0,0
500,"Localized",0.5,0.1,0.5,15,"Central",0.044,0.00917213170424411
500,"Localized",0.5,0.1,0.5,15,"Tail",0.058,0.0104533248299285
500,"Localized",0.5,0.1,0.5,15,"Localized",0.06,0.0106207344378814
500,"Localized",0.5,0.1,1,15,"Uniform",0,0
500,"Localized",0.5,0.1,1,15,"Central",0.042,0.00897061870775924
500,"Localized",0.5,0.1,1,15,"Tail",0.056,0.0102824121683582
500,"Localized",0.5,0.1,1,15,"Localized",0.05,0.00974679434480896
500,"Localized",0.5,0.1,1.5,15,"Uniform",0,0
500,"Localized",0.5,0.1,1.5,15,"Central",0.042,0.00897061870775924
500,"Localized",0.5,0.1,1.5,15,"Tail",0.064,0.0109456840809517
500,"Localized",0.5,0.1,1.5,15,"Localized",0.05,0.00974679434480896
500,"Localized",0.5,0.1,2,15,"Uniform",0,0
500,"Localized",0.5,0.1,2,15,"Central",0.03,0.00762889244910426
500,"Localized",0.5,0.1,2,15,"Tail",0.054,0.0101078187557949
500,"Localized",0.5,0.1,2,15,"Localized",0.046,0.00936845771725528
500,"Localized",0.5,0.2,0.5,15,"Uniform",0,0
500,"Localized",0.5,0.2,0.5,15,"Central",0.04,0.00876356092008266
500,"Localized",0.5,0.2,0.5,15,"Tail",0.042,0.00897061870775924
500,"Localized",0.5,0.2,0.5,15,"Localized",0.044,0.00917213170424411
500,"Localized",0.5,0.2,1,15,"Uniform",0,0
500,"Localized",0.5,0.2,1,15,"Central",0.064,0.0109456840809517
500,"Localized",0.5,0.2,1,15,"Tail",0.044,0.00917213170424411
500,"Localized",0.5,0.2,1,15,"Localized",0.042,0.00897061870775924
500,"Localized",0.5,0.2,1.5,15,"Uniform",0,0
500,"Localized",0.5,0.2,1.5,15,"Central",0.048,0.00955991631762538
500,"Localized",0.5,0.2,1.5,15,"Tail",0.064,0.0109456840809517
500,"Localized",0.5,0.2,1.5,15,"Localized",0.04,0.00876356092008266
500,"Localized",0.5,0.2,2,15,"Uniform",0,0
500,"Localized",0.5,0.2,2,15,"Central",0.03,0.00762889244910426
500,"Localized",0.5,0.2,2,15,"Tail",0.076,0.0118510759005248
500,"Localized",0.5,0.2,2,15,"Localized",0.022,0.00655987804764692
500,"Localized",0.75,0.05,0.5,15,"Uniform",0,0
500,"Localized",0.75,0.05,0.5,15,"Central",0.042,0.00897061870775924
500,"Localized",0.75,0.05,0.5,15,"Tail",0.05,0.00974679434480896
500,"Localized",0.75,0.05,0.5,15,"Localized",0.056,0.0102824121683582
500,"Localized",0.75,0.05,1,15,"Uniform",0,0
500,"Localized",0.75,0.05,1,15,"Central",0.044,0.00917213170424411
500,"Localized",0.75,0.05,1,15,"Tail",0.076,0.0118510759005248
500,"Localized",0.75,0.05,1,15,"Localized",0.03,0.00762889244910426
500,"Localized",0.75,0.05,1.5,15,"Uniform",0,0
500,"Localized",0.75,0.05,1.5,15,"Central",0.048,0.00955991631762538
500,"Localized",0.75,0.05,1.5,15,"Tail",0.07,0.0114105214604767
500,"Localized",0.75,0.05,1.5,15,"Localized",0.032,0.00787095928079926
500,"Localized",0.75,0.05,2,15,"Uniform",0,0
500,"Localized",0.75,0.05,2,15,"Central",0.052,0.00992935043192655
500,"Localized",0.75,0.05,2,15,"Tail",0.064,0.0109456840809517
500,"Localized",0.75,0.05,2,15,"Localized",0.04,0.00876356092008266
500,"Localized",0.75,0.1,0.5,15,"Uniform",0,0
500,"Localized",0.75,0.1,0.5,15,"Central",0.08,0.0121326007104825
500,"Localized",0.75,0.1,0.5,15,"Tail",0.052,0.00992935043192655
500,"Localized",0.75,0.1,0.5,15,"Localized",0.032,0.00787095928079926
500,"Localized",0.75,0.1,1,15,"Uniform",0,0
500,"Localized",0.75,0.1,1,15,"Central",0.04,0.00876356092008266
500,"Localized",0.75,0.1,1,15,"Tail",0.058,0.0104533248299285
500,"Localized",0.75,0.1,1,15,"Localized",0.038,0.00855055553750749
500,"Localized",0.75,0.1,1.5,15,"Uniform",0,0
500,"Localized",0.75,0.1,1.5,15,"Central",0.064,0.0109456840809517
500,"Localized",0.75,0.1,1.5,15,"Tail",0.052,0.00992935043192655
500,"Localized",0.75,0.1,1.5,15,"Localized",0.05,0.00974679434480896
500,"Localized",0.75,0.1,2,15,"Uniform",0,0
500,"Localized",0.75,0.1,2,15,"Central",0.072,0.0115599307956406
500,"Localized",0.75,0.1,2,15,"Tail",0.05,0.00974679434480896
500,"Localized",0.75,0.1,2,15,"Localized",0.05,0.00974679434480896
500,"Localized",0.75,0.2,0.5,15,"Uniform",0,0
500,"Localized",0.75,0.2,0.5,15,"Central",0.03,0.00762889244910426
500,"Localized",0.75,0.2,0.5,15,"Tail",0.038,0.00855055553750749
500,"Localized",0.75,0.2,0.5,15,"Localized",0.034,0.00810481338464989
500,"Localized",0.75,0.2,1,15,"Uniform",0,0
500,"Localized",0.75,0.2,1,15,"Central",0.048,0.00955991631762538
500,"Localized",0.75,0.2,1,15,"Tail",0.076,0.0118510759005248
500,"Localized",0.75,0.2,1,15,"Localized",0.042,0.00897061870775924
500,"Localized",0.75,0.2,1.5,15,"Uniform",0,0
500,"Localized",0.75,0.2,1.5,15,"Central",0.046,0.00936845771725528
500,"Localized",0.75,0.2,1.5,15,"Tail",0.044,0.00917213170424411
500,"Localized",0.75,0.2,1.5,15,"Localized",0.022,0.00655987804764692
500,"Localized",0.75,0.2,2,15,"Uniform",0,0
500,"Localized",0.75,0.2,2,15,"Central",0.046,0.00936845771725528
500,"Localized",0.75,0.2,2,15,"Tail",0.052,0.00992935043192655
500,"Localized",0.75,0.2,2,15,"Localized",0.028,0.00737780455149091
500,"Oscillatory",1,0.5,NA,15,"Uniform",0,0
500,"Oscillatory",1,0.5,NA,15,"Central",0.04,0.00876356092008266
500,"Oscillatory",1,0.5,NA,15,"Tail",0.066,0.0111035129576184
500,"Oscillatory",1,1,NA,15,"Uniform",0,0
500,"Oscillatory",1,1,NA,15,"Central",0.044,0.00917213170424411
500,"Oscillatory",1,1,NA,15,"Tail",0.062,0.0107848041243223
500,"Oscillatory",1,1.5,NA,15,"Uniform",0,0
500,"Oscillatory",1,1.5,NA,15,"Central",0.044,0.00917213170424411
500,"Oscillatory",1,1.5,NA,15,"Tail",0.074,0.0117067501895274
500,"Oscillatory",1,2,NA,15,"Uniform",0,0
500,"Oscillatory",1,2,NA,15,"Central",0.026,0.00711674082709213
500,"Oscillatory",1,2,NA,15,"Tail",0.06,0.0106207344378814
500,"Oscillatory",2,0.5,NA,15,"Uniform",0,0
500,"Oscillatory",2,0.5,NA,15,"Central",0.046,0.00936845771725528
500,"Oscillatory",2,0.5,NA,15,"Tail",0.07,0.0114105214604767
500,"Oscillatory",2,1,NA,15,"Uniform",0,0
500,"Oscillatory",2,1,NA,15,"Central",0.052,0.00992935043192655
500,"Oscillatory",2,1,NA,15,"Tail",0.066,0.0111035129576184
500,"Oscillatory",2,1.5,NA,15,"Uniform",0,0
500,"Oscillatory",2,1.5,NA,15,"Central",0.044,0.00917213170424411
500,"Oscillatory",2,1.5,NA,15,"Tail",0.072,0.0115599307956406
500,"Oscillatory",2,2,NA,15,"Uniform",0,0
500,"Oscillatory",2,2,NA,15,"Central",0.038,0.00855055553750749
500,"Oscillatory",2,2,NA,15,"Tail",0.058,0.0104533248299285
500,"Oscillatory",4,0.5,NA,15,"Uniform",0,0
500,"Oscillatory",4,0.5,NA,15,"Central",0.054,0.0101078187557949
500,"Oscillatory",4,0.5,NA,15,"Tail",0.032,0.00787095928079926
500,"Oscillatory",4,1,NA,15,"Uniform",0,0
500,"Oscillatory",4,1,NA,15,"Central",0.044,0.00917213170424411
500,"Oscillatory",4,1,NA,15,"Tail",0.06,0.0106207344378814
500,"Oscillatory",4,1.5,NA,15,"Uniform",0,0
500,"Oscillatory",4,1.5,NA,15,"Central",0.038,0.00855055553750749
500,"Oscillatory",4,1.5,NA,15,"Tail",0.082,0.0122699633251286
500,"Oscillatory",4,2,NA,15,"Uniform",0,0
500,"Oscillatory",4,2,NA,15,"Central",0.046,0.00936845771725528
500,"Oscillatory",4,2,NA,15,"Tail",0.046,0.00936845771725528
500,"Oscillatory",8,0.5,NA,15,"Uniform",0,0
500,"Oscillatory",8,0.5,NA,15,"Central",0.032,0.00787095928079926
500,"Oscillatory",8,0.5,NA,15,"Tail",0.07,0.0114105214604767
500,"Oscillatory",8,1,NA,15,"Uniform",0,0
500,"Oscillatory",8,1,NA,15,"Central",0.06,0.0106207344378814
500,"Oscillatory",8,1,NA,15,"Tail",0.09,0.0127984374046209
500,"Oscillatory",8,1.5,NA,15,"Uniform",0,0
500,"Oscillatory",8,1.5,NA,15,"Central",0.05,0.00974679434480896
500,"Oscillatory",8,1.5,NA,15,"Tail",0.066,0.0111035129576184
500,"Oscillatory",8,2,NA,15,"Uniform",0,0
500,"Oscillatory",8,2,NA,15,"Central",0.036,0.0083311463797007
500,"Oscillatory",8,2,NA,15,"Tail",0.076,0.0118510759005248
500,"Abrupt",0.25,0.05,NA,15,"Uniform",0,0
500,"Abrupt",0.25,0.05,NA,15,"Central",0.046,0.00936845771725528
500,"Abrupt",0.25,0.05,NA,15,"Tail",0.056,0.0102824121683582
500,"Abrupt",0.25,0.1,NA,15,"Uniform",0,0
500,"Abrupt",0.25,0.1,NA,15,"Central",0.062,0.0107848041243223
500,"Abrupt",0.25,0.1,NA,15,"Tail",0.05,0.00974679434480896
500,"Abrupt",0.25,0.2,NA,15,"Uniform",0,0
500,"Abrupt",0.25,0.2,NA,15,"Central",0.02,0.00626099033699941
500,"Abrupt",0.25,0.2,NA,15,"Tail",0.078,0.0119929979571415
500,"Abrupt",0.5,0.05,NA,15,"Uniform",0,0
500,"Abrupt",0.5,0.05,NA,15,"Central",0.064,0.0109456840809517
500,"Abrupt",0.5,0.05,NA,15,"Tail",0.072,0.0115599307956406
500,"Abrupt",0.5,0.1,NA,15,"Uniform",0,0
500,"Abrupt",0.5,0.1,NA,15,"Central",0.056,0.0102824121683582
500,"Abrupt",0.5,0.1,NA,15,"Tail",0.058,0.0104533248299285
500,"Abrupt",0.5,0.2,NA,15,"Uniform",0,0
500,"Abrupt",0.5,0.2,NA,15,"Central",0.06,0.0106207344378814
500,"Abrupt",0.5,0.2,NA,15,"Tail",0.078,0.0119929979571415
500,"Abrupt",0.75,0.05,NA,15,"Uniform",0,0
500,"Abrupt",0.75,0.05,NA,15,"Central",0.012,0.00486949689393062
500,"Abrupt",0.75,0.05,NA,15,"Tail",0.16,0.0163951212255354
500,"Abrupt",0.75,0.1,NA,15,"Uniform",0,0
500,"Abrupt",0.75,0.1,NA,15,"Central",0,0
500,"Abrupt",0.75,0.1,NA,15,"Tail",0.42,0.0220726074581142
500,"Abrupt",0.75,0.2,NA,15,"Uniform",0,0
500,"Abrupt",0.75,0.2,NA,15,"Central",0,0
500,"Abrupt",0.75,0.2,NA,15,"Tail",0.972,0.00737780455149091
500,"Mixture",0.05,0.25,NA,15,"Uniform",0,0
500,"Mixture",0.05,0.25,NA,15,"Central",0,0
500,"Mixture",0.05,0.25,NA,15,"Tail",1,0
500,"Mixture",0.05,0.5,NA,15,"Uniform",0,0
500,"Mixture",0.05,0.5,NA,15,"Central",0,0
500,"Mixture",0.05,0.5,NA,15,"Tail",1,0
500,"Mixture",0.05,0.75,NA,15,"Uniform",0,0
500,"Mixture",0.05,0.75,NA,15,"Central",0,0
500,"Mixture",0.05,0.75,NA,15,"Tail",1,0
500,"Mixture",0.1,0.25,NA,15,"Uniform",0,0
500,"Mixture",0.1,0.25,NA,15,"Central",0,0
500,"Mixture",0.1,0.25,NA,15,"Tail",1,0
500,"Mixture",0.1,0.5,NA,15,"Uniform",0,0
500,"Mixture",0.1,0.5,NA,15,"Central",0,0
500,"Mixture",0.1,0.5,NA,15,"Tail",1,0
500,"Mixture",0.1,0.75,NA,15,"Uniform",0,0
500,"Mixture",0.1,0.75,NA,15,"Central",0,0
500,"Mixture",0.1,0.75,NA,15,"Tail",1,0
500,"Mixture",0.2,0.25,NA,15,"Uniform",0,0
500,"Mixture",0.2,0.25,NA,15,"Central",0,0
500,"Mixture",0.2,0.25,NA,15,"Tail",1,0
500,"Mixture",0.2,0.5,NA,15,"Uniform",0,0
500,"Mixture",0.2,0.5,NA,15,"Central",0,0
500,"Mixture",0.2,0.5,NA,15,"Tail",1,0
500,"Mixture",0.2,0.75,NA,15,"Uniform",0,0
500,"Mixture",0.2,0.75,NA,15,"Central",0,0
500,"Mixture",0.2,0.75,NA,15,"Tail",1,0
1000,"Localized",0.25,0.05,0.5,1,"Uniform",0,0
1000,"Localized",0.25,0.05,0.5,1,"Central",0.052,0.00992935043192655
1000,"Localized",0.25,0.05,0.5,1,"Tail",0.032,0.00787095928079926
1000,"Localized",0.25,0.05,0.5,1,"Localized",0.016,0.00561141693336006
1000,"Localized",0.25,0.05,1,1,"Uniform",0,0
1000,"Localized",0.25,0.05,1,1,"Central",0.048,0.00955991631762538
1000,"Localized",0.25,0.05,1,1,"Tail",0.032,0.00787095928079926
1000,"Localized",0.25,0.05,1,1,"Localized",0.03,0.00762889244910426
1000,"Localized",0.25,0.05,1.5,1,"Uniform",0,0
1000,"Localized",0.25,0.05,1.5,1,"Central",0.042,0.00897061870775924
1000,"Localized",0.25,0.05,1.5,1,"Tail",0.062,0.0107848041243223
1000,"Localized",0.25,0.05,1.5,1,"Localized",0.026,0.00711674082709213
1000,"Localized",0.25,0.05,2,1,"Uniform",0,0
1000,"Localized",0.25,0.05,2,1,"Central",0.046,0.00936845771725528
1000,"Localized",0.25,0.05,2,1,"Tail",0.036,0.0083311463797007
1000,"Localized",0.25,0.05,2,1,"Localized",0.022,0.00655987804764692
1000,"Localized",0.25,0.1,0.5,1,"Uniform",0,0
1000,"Localized",0.25,0.1,0.5,1,"Central",0.062,0.0107848041243223
1000,"Localized",0.25,0.1,0.5,1,"Tail",0.03,0.00762889244910426
1000,"Localized",0.25,0.1,0.5,1,"Localized",0.068,0.0112584190719657
1000,"Localized",0.25,0.1,1,1,"Uniform",0,0
1000,"Localized",0.25,0.1,1,1,"Central",0.058,0.0104533248299285
1000,"Localized",0.25,0.1,1,1,"Tail",0.03,0.00762889244910426
1000,"Localized",0.25,0.1,1,1,"Localized",0.032,0.00787095928079926
1000,"Localized",0.25,0.1,1.5,1,"Uniform",0,0
1000,"Localized",0.25,0.1,1.5,1,"Central",0.056,0.0102824121683582
1000,"Localized",0.25,0.1,1.5,1,"Tail",0.068,0.0112584190719657
1000,"Localized",0.25,0.1,1.5,1,"Localized",0.032,0.00787095928079926
1000,"Localized",0.25,0.1,2,1,"Uniform",0,0
1000,"Localized",0.25,0.1,2,1,"Central",0.052,0.00992935043192655
1000,"Localized",0.25,0.1,2,1,"Tail",0.042,0.00897061870775924
1000,"Localized",0.25,0.1,2,1,"Localized",0.028,0.00737780455149091
1000,"Localized",0.25,0.2,0.5,1,"Uniform",0,0
1000,"Localized",0.25,0.2,0.5,1,"Central",0.072,0.0115599307956406
1000,"Localized",0.25,0.2,0.5,1,"Tail",0.06,0.0106207344378814
1000,"Localized",0.25,0.2,0.5,1,"Localized",0.04,0.00876356092008266
1000,"Localized",0.25,0.2,1,1,"Uniform",0,0
1000,"Localized",0.25,0.2,1,1,"Central",0.05,0.00974679434480896
1000,"Localized",0.25,0.2,1,1,"Tail",0.04,0.00876356092008266
1000,"Localized",0.25,0.2,1,1,"Localized",0.04,0.00876356092008266
1000,"Localized",0.25,0.2,1.5,1,"Uniform",0,0
1000,"Localized",0.25,0.2,1.5,1,"Central",0.05,0.00974679434480896
1000,"Localized",0.25,0.2,1.5,1,"Tail",0.048,0.00955991631762538
1000,"Localized",0.25,0.2,1.5,1,"Localized",0.028,0.00737780455149091
1000,"Localized",0.25,0.2,2,1,"Uniform",0,0
1000,"Localized",0.25,0.2,2,1,"Central",0.06,0.0106207344378814
1000,"Localized",0.25,0.2,2,1,"Tail",0.03,0.00762889244910426
1000,"Localized",0.25,0.2,2,1,"Localized",0.016,0.00561141693336006
1000,"Localized",0.5,0.05,0.5,1,"Uniform",0,0
1000,"Localized",0.5,0.05,0.5,1,"Central",0.06,0.0106207344378814
1000,"Localized",0.5,0.05,0.5,1,"Tail",0.054,0.0101078187557949
1000,"Localized",0.5,0.05,0.5,1,"Localized",0.06,0.0106207344378814
1000,"Localized",0.5,0.05,1,1,"Uniform",0,0
1000,"Localized",0.5,0.05,1,1,"Central",0.048,0.00955991631762538
1000,"Localized",0.5,0.05,1,1,"Tail",0.036,0.0083311463797007
1000,"Localized",0.5,0.05,1,1,"Localized",0.036,0.0083311463797007
1000,"Localized",0.5,0.05,1.5,1,"Uniform",0,0
1000,"Localized",0.5,0.05,1.5,1,"Central",0.058,0.0104533248299285
1000,"Localized",0.5,0.05,1.5,1,"Tail",0.072,0.0115599307956406
1000,"Localized",0.5,0.05,1.5,1,"Localized",0.02,0.00626099033699941
1000,"Localized",0.5,0.05,2,1,"Uniform",0,0
1000,"Localized",0.5,0.05,2,1,"Central",0.038,0.00855055553750749
1000,"Localized",0.5,0.05,2,1,"Tail",0.046,0.00936845771725528
1000,"Localized",0.5,0.05,2,1,"Localized",0.028,0.00737780455149091
1000,"Localized",0.5,0.1,0.5,1,"Uniform",0,0
1000,"Localized",0.5,0.1,0.5,1,"Central",0.062,0.0107848041243223
1000,"Localized",0.5,0.1,0.5,1,"Tail",0.058,0.0104533248299285
1000,"Localized",0.5,0.1,0.5,1,"Localized",0.034,0.00810481338464989
1000,"Localized",0.5,0.1,1,1,"Uniform",0,0
1000,"Localized",0.5,0.1,1,1,"Central",0.054,0.0101078187557949
1000,"Localized",0.5,0.1,1,1,"Tail",0.052,0.00992935043192655
1000,"Localized",0.5,0.1,1,1,"Localized",0.034,0.00810481338464989
1000,"Localized",0.5,0.1,1.5,1,"Uniform",0,0
1000,"Localized",0.5,0.1,1.5,1,"Central",0.05,0.00974679434480896
1000,"Localized",0.5,0.1,1.5,1,"Tail",0.058,0.0104533248299285
1000,"Localized",0.5,0.1,1.5,1,"Localized",0.032,0.00787095928079926
1000,"Localized",0.5,0.1,2,1,"Uniform",0,0
1000,"Localized",0.5,0.1,2,1,"Central",0.044,0.00917213170424411
1000,"Localized",0.5,0.1,2,1,"Tail",0.038,0.00855055553750749
1000,"Localized",0.5,0.1,2,1,"Localized",0.012,0.00486949689393062
1000,"Localized",0.5,0.2,0.5,1,"Uniform",0,0
1000,"Localized",0.5,0.2,0.5,1,"Central",0.054,0.0101078187557949
1000,"Localized",0.5,0.2,0.5,1,"Tail",0.024,0.00684455988358638
1000,"Localized",0.5,0.2,0.5,1,"Localized",0.028,0.00737780455149091
1000,"Localized",0.5,0.2,1,1,"Uniform",0,0
1000,"Localized",0.5,0.2,1,1,"Central",0.052,0.00992935043192655
1000,"Localized",0.5,0.2,1,1,"Tail",0.056,0.0102824121683582
1000,"Localized",0.5,0.2,1,1,"Localized",0.032,0.00787095928079926
1000,"Localized",0.5,0.2,1.5,1,"Uniform",0,0
1000,"Localized",0.5,0.2,1.5,1,"Central",0.028,0.00737780455149091
1000,"Localized",0.5,0.2,1.5,1,"Tail",0.072,0.0115599307956406
1000,"Localized",0.5,0.2,1.5,1,"Localized",0.024,0.00684455988358638
1000,"Localized",0.5,0.2,2,1,"Uniform",0,0
1000,"Localized",0.5,0.2,2,1,"Central",0.046,0.00936845771725528
1000,"Localized",0.5,0.2,2,1,"Tail",0.084,0.0124051602166195
1000,"Localized",0.5,0.2,2,1,"Localized",0.018,0.005945754788082
1000,"Localized",0.75,0.05,0.5,1,"Uniform",0,0
1000,"Localized",0.75,0.05,0.5,1,"Central",0.06,0.0106207344378814
1000,"Localized",0.75,0.05,0.5,1,"Tail",0.044,0.00917213170424411
1000,"Localized",0.75,0.05,0.5,1,"Localized",0.056,0.0102824121683582
1000,"Localized",0.75,0.05,1,1,"Uniform",0,0
1000,"Localized",0.75,0.05,1,1,"Central",0.07,0.0114105214604767
1000,"Localized",0.75,0.05,1,1,"Tail",0.034,0.00810481338464989
1000,"Localized",0.75,0.05,1,1,"Localized",0.038,0.00855055553750749
1000,"Localized",0.75,0.05,1.5,1,"Uniform",0,0
1000,"Localized",0.75,0.05,1.5,1,"Central",0.046,0.00936845771725528
1000,"Localized",0.75,0.05,1.5,1,"Tail",0.038,0.00855055553750749
1000,"Localized",0.75,0.05,1.5,1,"Localized",0.048,0.00955991631762538
1000,"Localized",0.75,0.05,2,1,"Uniform",0,0
1000,"Localized",0.75,0.05,2,1,"Central",0.044,0.00917213170424411
1000,"Localized",0.75,0.05,2,1,"Tail",0.044,0.00917213170424411
1000,"Localized",0.75,0.05,2,1,"Localized",0.05,0.00974679434480896
1000,"Localized",0.75,0.1,0.5,1,"Uniform",0,0
1000,"Localized",0.75,0.1,0.5,1,"Central",0.048,0.00955991631762538
1000,"Localized",0.75,0.1,0.5,1,"Tail",0.046,0.00936845771725528
1000,"Localized",0.75,0.1,0.5,1,"Localized",0.032,0.00787095928079926
1000,"Localized",0.75,0.1,1,1,"Uniform",0,0
1000,"Localized",0.75,0.1,1,1,"Central",0.064,0.0109456840809517
1000,"Localized",0.75,0.1,1,1,"Tail",0.026,0.00711674082709213
1000,"Localized",0.75,0.1,1,1,"Localized",0.028,0.00737780455149091
1000,"Localized",0.75,0.1,1.5,1,"Uniform",0,0
1000,"Localized",0.75,0.1,1.5,1,"Central",0.064,0.0109456840809517
1000,"Localized",0.75,0.1,1.5,1,"Tail",0.054,0.0101078187557949
1000,"Localized",0.75,0.1,1.5,1,"Localized",0.022,0.00655987804764692
1000,"Localized",0.75,0.1,2,1,"Uniform",0,0
1000,"Localized",0.75,0.1,2,1,"Central",0.052,0.00992935043192655
1000,"Localized",0.75,0.1,2,1,"Tail",0.048,0.00955991631762538
1000,"Localized",0.75,0.1,2,1,"Localized",0.016,0.00561141693336006
1000,"Localized",0.75,0.2,0.5,1,"Uniform",0,0
1000,"Localized",0.75,0.2,0.5,1,"Central",0.042,0.00897061870775924
1000,"Localized",0.75,0.2,0.5,1,"Tail",0.044,0.00917213170424411
1000,"Localized",0.75,0.2,0.5,1,"Localized",0.042,0.00897061870775924
1000,"Localized",0.75,0.2,1,1,"Uniform",0,0
1000,"Localized",0.75,0.2,1,1,"Central",0.074,0.0117067501895274
1000,"Localized",0.75,0.2,1,1,"Tail",0.032,0.00787095928079926
1000,"Localized",0.75,0.2,1,1,"Localized",0.048,0.00955991631762538
1000,"Localized",0.75,0.2,1.5,1,"Uniform",0,0
1000,"Localized",0.75,0.2,1.5,1,"Central",0.064,0.0109456840809517
1000,"Localized",0.75,0.2,1.5,1,"Tail",0.058,0.0104533248299285
1000,"Localized",0.75,0.2,1.5,1,"Localized",0.034,0.00810481338464989
1000,"Localized",0.75,0.2,2,1,"Uniform",0,0
1000,"Localized",0.75,0.2,2,1,"Central",0.054,0.0101078187557949
1000,"Localized",0.75,0.2,2,1,"Tail",0.048,0.00955991631762538
1000,"Localized",0.75,0.2,2,1,"Localized",0.03,0.00762889244910426
1000,"Oscillatory",1,0.5,NA,1,"Uniform",0,0
1000,"Oscillatory",1,0.5,NA,1,"Central",0.046,0.00936845771725528
1000,"Oscillatory",1,0.5,NA,1,"Tail",0.038,0.00855055553750749
1000,"Oscillatory",1,1,NA,1,"Uniform",0,0
1000,"Oscillatory",1,1,NA,1,"Central",0.058,0.0104533248299285
1000,"Oscillatory",1,1,NA,1,"Tail",0.046,0.00936845771725528
1000,"Oscillatory",1,1.5,NA,1,"Uniform",0,0
1000,"Oscillatory",1,1.5,NA,1,"Central",0.054,0.0101078187557949
1000,"Oscillatory",1,1.5,NA,1,"Tail",0.026,0.00711674082709213
1000,"Oscillatory",1,2,NA,1,"Uniform",0,0
1000,"Oscillatory",1,2,NA,1,"Central",0.058,0.0104533248299285
1000,"Oscillatory",1,2,NA,1,"Tail",0.034,0.00810481338464989
1000,"Oscillatory",2,0.5,NA,1,"Uniform",0,0
1000,"Oscillatory",2,0.5,NA,1,"Central",0.062,0.0107848041243223
1000,"Oscillatory",2,0.5,NA,1,"Tail",0.034,0.00810481338464989
1000,"Oscillatory",2,1,NA,1,"Uniform",0,0
1000,"Oscillatory",2,1,NA,1,"Central",0.05,0.00974679434480896
1000,"Oscillatory",2,1,NA,1,"Tail",0.024,0.00684455988358638
1000,"Oscillatory",2,1.5,NA,1,"Uniform",0,0
1000,"Oscillatory",2,1.5,NA,1,"Central",0.05,0.00974679434480896
1000,"Oscillatory",2,1.5,NA,1,"Tail",0.044,0.00917213170424411
1000,"Oscillatory",2,2,NA,1,"Uniform",0,0
1000,"Oscillatory",2,2,NA,1,"Central",0.056,0.0102824121683582
1000,"Oscillatory",2,2,NA,1,"Tail",0.034,0.00810481338464989
1000,"Oscillatory",4,0.5,NA,1,"Uniform",0,0
1000,"Oscillatory",4,0.5,NA,1,"Central",0.064,0.0109456840809517
1000,"Oscillatory",4,0.5,NA,1,"Tail",0.048,0.00955991631762538
1000,"Oscillatory",4,1,NA,1,"Uniform",0,0
1000,"Oscillatory",4,1,NA,1,"Central",0.058,0.0104533248299285
1000,"Oscillatory",4,1,NA,1,"Tail",0.058,0.0104533248299285
1000,"Oscillatory",4,1.5,NA,1,"Uniform",0,0
1000,"Oscillatory",4,1.5,NA,1,"Central",0.064,0.0109456840809517
1000,"Oscillatory",4,1.5,NA,1,"Tail",0.056,0.0102824121683582
1000,"Oscillatory",4,2,NA,1,"Uniform",0,0
1000,"Oscillatory",4,2,NA,1,"Central",0.044,0.00917213170424411
1000,"Oscillatory",4,2,NA,1,"Tail",0.044,0.00917213170424411
1000,"Oscillatory",8,0.5,NA,1,"Uniform",0,0
1000,"Oscillatory",8,0.5,NA,1,"Central",0.042,0.00897061870775924
1000,"Oscillatory",8,0.5,NA,1,"Tail",0.068,0.0112584190719657
1000,"Oscillatory",8,1,NA,1,"Uniform",0,0
1000,"Oscillatory",8,1,NA,1,"Central",0.044,0.00917213170424411
1000,"Oscillatory",8,1,NA,1,"Tail",0.046,0.00936845771725528
1000,"Oscillatory",8,1.5,NA,1,"Uniform",0,0
1000,"Oscillatory",8,1.5,NA,1,"Central",0.046,0.00936845771725528
1000,"Oscillatory",8,1.5,NA,1,"Tail",0.05,0.00974679434480896
1000,"Oscillatory",8,2,NA,1,"Uniform",0,0
1000,"Oscillatory",8,2,NA,1,"Central",0.036,0.0083311463797007
1000,"Oscillatory",8,2,NA,1,"Tail",0.094,0.0130509769749241
1000,"Abrupt",0.25,0.05,NA,1,"Uniform",0,0
1000,"Abrupt",0.25,0.05,NA,1,"Central",0.106,0.0137669168661687
1000,"Abrupt",0.25,0.05,NA,1,"Tail",0.036,0.0083311463797007
1000,"Abrupt",0.25,0.1,NA,1,"Uniform",0,0
1000,"Abrupt",0.25,0.1,NA,1,"Central",0.116,0.0143208938268531
1000,"Abrupt",0.25,0.1,NA,1,"Tail",0.024,0.00684455988358638
1000,"Abrupt",0.25,0.2,NA,1,"Uniform",0,0
1000,"Abrupt",0.25,0.2,NA,1,"Central",0.198,0.0178211110764733
1000,"Abrupt",0.25,0.2,NA,1,"Tail",0.016,0.00561141693336006
1000,"Abrupt",0.5,0.05,NA,1,"Uniform",0,0
1000,"Abrupt",0.5,0.05,NA,1,"Central",0.048,0.00955991631762538
1000,"Abrupt",0.5,0.05,NA,1,"Tail",0.05,0.00974679434480896
1000,"Abrupt",0.5,0.1,NA,1,"Uniform",0,0
1000,"Abrupt",0.5,0.1,NA,1,"Central",0.068,0.0112584190719657
1000,"Abrupt",0.5,0.1,NA,1,"Tail",0.048,0.00955991631762538
1000,"Abrupt",0.5,0.2,NA,1,"Uniform",0,0
1000,"Abrupt",0.5,0.2,NA,1,"Central",0.074,0.0117067501895274
1000,"Abrupt",0.5,0.2,NA,1,"Tail",0.04,0.00876356092008266
1000,"Abrupt",0.75,0.05,NA,1,"Uniform",0,0
1000,"Abrupt",0.75,0.05,NA,1,"Central",0.014,0.00525433154644813
1000,"Abrupt",0.75,0.05,NA,1,"Tail",0.148,0.0158805541465026
1000,"Abrupt",0.75,0.1,NA,1,"Uniform",0,0
1000,"Abrupt",0.75,0.1,NA,1,"Central",0,0
1000,"Abrupt",0.75,0.1,NA,1,"Tail",0.472,0.0223255906976725
1000,"Abrupt",0.75,0.2,NA,1,"Uniform",0,0
1000,"Abrupt",0.75,0.2,NA,1,"Central",0,0
1000,"Abrupt",0.75,0.2,NA,1,"Tail",0.988,0.00486949689393063
1000,"Mixture",0.05,0.25,NA,1,"Uniform",0,0
1000,"Mixture",0.05,0.25,NA,1,"Central",0,0
1000,"Mixture",0.05,0.25,NA,1,"Tail",1,0
1000,"Mixture",0.05,0.5,NA,1,"Uniform",0,0
1000,"Mixture",0.05,0.5,NA,1,"Central",0,0
1000,"Mixture",0.05,0.5,NA,1,"Tail",1,0
1000,"Mixture",0.05,0.75,NA,1,"Uniform",0,0
1000,"Mixture",0.05,0.75,NA,1,"Central",0,0
1000,"Mixture",0.05,0.75,NA,1,"Tail",1,0
1000,"Mixture",0.1,0.25,NA,1,"Uniform",0,0
1000,"Mixture",0.1,0.25,NA,1,"Central",0,0
1000,"Mixture",0.1,0.25,NA,1,"Tail",1,0
1000,"Mixture",0.1,0.5,NA,1,"Uniform",0,0
1000,"Mixture",0.1,0.5,NA,1,"Central",0,0
1000,"Mixture",0.1,0.5,NA,1,"Tail",1,0
1000,"Mixture",0.1,0.75,NA,1,"Uniform",0,0
1000,"Mixture",0.1,0.75,NA,1,"Central",0,0
1000,"Mixture",0.1,0.75,NA,1,"Tail",1,0
1000,"Mixture",0.2,0.25,NA,1,"Uniform",0,0
1000,"Mixture",0.2,0.25,NA,1,"Central",0,0
1000,"Mixture",0.2,0.25,NA,1,"Tail",1,0
1000,"Mixture",0.2,0.5,NA,1,"Uniform",0,0
1000,"Mixture",0.2,0.5,NA,1,"Central",0,0
1000,"Mixture",0.2,0.5,NA,1,"Tail",1,0
1000,"Mixture",0.2,0.75,NA,1,"Uniform",0,0
1000,"Mixture",0.2,0.75,NA,1,"Central",0,0
1000,"Mixture",0.2,0.75,NA,1,"Tail",1,0
1000,"Localized",0.25,0.05,0.5,2,"Uniform",0,0
1000,"Localized",0.25,0.05,0.5,2,"Central",0.088,0.0126693330526907
1000,"Localized",0.25,0.05,0.5,2,"Tail",0.088,0.0126693330526907
1000,"Localized",0.25,0.05,0.5,2,"Localized",0.062,0.0107848041243223
1000,"Localized",0.25,0.05,1,2,"Uniform",0,0
1000,"Localized",0.25,0.05,1,2,"Central",0.044,0.00917213170424411
1000,"Localized",0.25,0.05,1,2,"Tail",0.108,0.0138806339912844
1000,"Localized",0.25,0.05,1,2,"Localized",0.042,0.00897061870775924
1000,"Localized",0.25,0.05,1.5,2,"Uniform",0,0
1000,"Localized",0.25,0.05,1.5,2,"Central",0.064,0.0109456840809517
1000,"Localized",0.25,0.05,1.5,2,"Tail",0.084,0.0124051602166195
1000,"Localized",0.25,0.05,1.5,2,"Localized",0.052,0.00992935043192655
1000,"Localized",0.25,0.05,2,2,"Uniform",0,0
1000,"Localized",0.25,0.05,2,2,"Central",0.086,0.0125382614424808
1000,"Localized",0.25,0.05,2,2,"Tail",0.108,0.0138806339912844
1000,"Localized",0.25,0.05,2,2,"Localized",0.04,0.00876356092008266
1000,"Localized",0.25,0.1,0.5,2,"Uniform",0,0
1000,"Localized",0.25,0.1,0.5,2,"Central",0.074,0.0117067501895274
1000,"Localized",0.25,0.1,0.5,2,"Tail",0.098,0.0132963152790538
1000,"Localized",0.25,0.1,0.5,2,"Localized",0.026,0.00711674082709213
1000,"Localized",0.25,0.1,1,2,"Uniform",0,0
1000,"Localized",0.25,0.1,1,2,"Central",0.052,0.00992935043192655
1000,"Localized",0.25,0.1,1,2,"Tail",0.116,0.0143208938268531
1000,"Localized",0.25,0.1,1,2,"Localized",0.016,0.00561141693336006
1000,"Localized",0.25,0.1,1.5,2,"Uniform",0,0
1000,"Localized",0.25,0.1,1.5,2,"Central",0.072,0.0115599307956406
1000,"Localized",0.25,0.1,1.5,2,"Tail",0.074,0.0117067501895274
1000,"Localized",0.25,0.1,1.5,2,"Localized",0.012,0.00486949689393062
1000,"Localized",0.25,0.1,2,2,"Uniform",0,0
1000,"Localized",0.25,0.1,2,2,"Central",0.062,0.0107848041243223
1000,"Localized",0.25,0.1,2,2,"Tail",0.1,0.0134164078649987
1000,"Localized",0.25,0.1,2,2,"Localized",0.024,0.00684455988358638
1000,"Localized",0.25,0.2,0.5,2,"Uniform",0,0
1000,"Localized",0.25,0.2,0.5,2,"Central",0.052,0.00992935043192655
1000,"Localized",0.25,0.2,0.5,2,"Tail",0.086,0.0125382614424808
1000,"Localized",0.25,0.2,0.5,2,"Localized",0.042,0.00897061870775924
1000,"Localized",0.25,0.2,1,2,"Uniform",0,0
1000,"Localized",0.25,0.2,1,2,"Central",0.056,0.0102824121683582
1000,"Localized",0.25,0.2,1,2,"Tail",0.098,0.0132963152790538
1000,"Localized",0.25,0.2,1,2,"Localized",0.03,0.00762889244910426
1000,"Localized",0.25,0.2,1.5,2,"Uniform",0,0
1000,"Localized",0.25,0.2,1.5,2,"Central",0.05,0.00974679434480896
1000,"Localized",0.25,0.2,1.5,2,"Tail",0.088,0.0126693330526907
1000,"Localized",0.25,0.2,1.5,2,"Localized",0.034,0.00810481338464989
1000,"Localized",0.25,0.2,2,2,"Uniform",0,0
1000,"Localized",0.25,0.2,2,2,"Central",0.066,0.0111035129576184
1000,"Localized",0.25,0.2,2,2,"Tail",0.082,0.0122699633251286
1000,"Localized",0.25,0.2,2,2,"Localized",0.026,0.00711674082709213
1000,"Localized",0.5,0.05,0.5,2,"Uniform",0,0
1000,"Localized",0.5,0.05,0.5,2,"Central",0.068,0.0112584190719657
1000,"Localized",0.5,0.05,0.5,2,"Tail",0.088,0.0126693330526907
1000,"Localized",0.5,0.05,0.5,2,"Localized",0.024,0.00684455988358638
1000,"Localized",0.5,0.05,1,2,"Uniform",0,0
1000,"Localized",0.5,0.05,1,2,"Central",0.068,0.0112584190719657
1000,"Localized",0.5,0.05,1,2,"Tail",0.096,0.0131745208641529
1000,"Localized",0.5,0.05,1,2,"Localized",0.016,0.00561141693336006
1000,"Localized",0.5,0.05,1.5,2,"Uniform",0,0
1000,"Localized",0.5,0.05,1.5,2,"Central",0.07,0.0114105214604767
1000,"Localized",0.5,0.05,1.5,2,"Tail",0.082,0.0122699633251286
1000,"Localized",0.5,0.05,1.5,2,"Localized",0.028,0.00737780455149091
1000,"Localized",0.5,0.05,2,2,"Uniform",0,0
1000,"Localized",0.5,0.05,2,2,"Central",0.058,0.0104533248299285
1000,"Localized",0.5,0.05,2,2,"Tail",0.118,0.0144274737913468
1000,"Localized",0.5,0.05,2,2,"Localized",0.02,0.00626099033699941
1000,"Localized",0.5,0.1,0.5,2,"Uniform",0,0
1000,"Localized",0.5,0.1,0.5,2,"Central",0.05,0.00974679434480896
1000,"Localized",0.5,0.1,0.5,2,"Tail",0.108,0.0138806339912844
1000,"Localized",0.5,0.1,0.5,2,"Localized",0.046,0.00936845771725528
1000,"Localized",0.5,0.1,1,2,"Uniform",0,0
1000,"Localized",0.5,0.1,1,2,"Central",0.064,0.0109456840809517
1000,"Localized",0.5,0.1,1,2,"Tail",0.094,0.0130509769749241
1000,"Localized",0.5,0.1,1,2,"Localized",0.044,0.00917213170424411
1000,"Localized",0.5,0.1,1.5,2,"Uniform",0,0
1000,"Localized",0.5,0.1,1.5,2,"Central",0.046,0.00936845771725528
1000,"Localized",0.5,0.1,1.5,2,"Tail",0.096,0.0131745208641529
1000,"Localized",0.5,0.1,1.5,2,"Localized",0.042,0.00897061870775924
1000,"Localized",0.5,0.1,2,2,"Uniform",0,0
1000,"Localized",0.5,0.1,2,2,"Central",0.032,0.00787095928079926
1000,"Localized",0.5,0.1,2,2,"Tail",0.118,0.0144274737913468
1000,"Localized",0.5,0.1,2,2,"Localized",0.026,0.00711674082709213
1000,"Localized",0.5,0.2,0.5,2,"Uniform",0,0
1000,"Localized",0.5,0.2,0.5,2,"Central",0.066,0.0111035129576184
1000,"Localized",0.5,0.2,0.5,2,"Tail",0.114,0.0142129518397833
1000,"Localized",0.5,0.2,0.5,2,"Localized",0.046,0.00936845771725528
1000,"Localized",0.5,0.2,1,2,"Uniform",0,0
1000,"Localized",0.5,0.2,1,2,"Central",0.046,0.00936845771725528
1000,"Localized",0.5,0.2,1,2,"Tail",0.118,0.0144274737913468
1000,"Localized",0.5,0.2,1,2,"Localized",0.034,0.00810481338464989
1000,"Localized",0.5,0.2,1.5,2,"Uniform",0,0
1000,"Localized",0.5,0.2,1.5,2,"Central",0.05,0.00974679434480896
1000,"Localized",0.5,0.2,1.5,2,"Tail",0.136,0.0153299706457645
1000,"Localized",0.5,0.2,1.5,2,"Localized",0.022,0.00655987804764692
1000,"Localized",0.5,0.2,2,2,"Uniform",0,0
1000,"Localized",0.5,0.2,2,2,"Central",0.034,0.00810481338464989
1000,"Localized",0.5,0.2,2,2,"Tail",0.124,0.0147393351274744
1000,"Localized",0.5,0.2,2,2,"Localized",0.032,0.00787095928079926
1000,"Localized",0.75,0.05,0.5,2,"Uniform",0,0
1000,"Localized",0.75,0.05,0.5,2,"Central",0.068,0.0112584190719657
1000,"Localized",0.75,0.05,0.5,2,"Tail",0.082,0.0122699633251286
1000,"Localized",0.75,0.05,0.5,2,"Localized",0.032,0.00787095928079926
1000,"Localized",0.75,0.05,1,2,"Uniform",0,0
1000,"Localized",0.75,0.05,1,2,"Central",0.082,0.0122699633251286
1000,"Localized",0.75,0.05,1,2,"Tail",0.096,0.0131745208641529
1000,"Localized",0.75,0.05,1,2,"Localized",0.034,0.00810481338464989
1000,"Localized",0.75,0.05,1.5,2,"Uniform",0,0
1000,"Localized",0.75,0.05,1.5,2,"Central",0.072,0.0115599307956406
1000,"Localized",0.75,0.05,1.5,2,"Tail",0.098,0.0132963152790538
1000,"Localized",0.75,0.05,1.5,2,"Localized",0.04,0.00876356092008266
1000,"Localized",0.75,0.05,2,2,"Uniform",0,0
1000,"Localized",0.75,0.05,2,2,"Central",0.076,0.0118510759005248
1000,"Localized",0.75,0.05,2,2,"Tail",0.088,0.0126693330526907
1000,"Localized",0.75,0.05,2,2,"Localized",0.02,0.00626099033699941
1000,"Localized",0.75,0.1,0.5,2,"Uniform",0,0
1000,"Localized",0.75,0.1,0.5,2,"Central",0.046,0.00936845771725528
1000,"Localized",0.75,0.1,0.5,2,"Tail",0.084,0.0124051602166195
1000,"Localized",0.75,0.1,0.5,2,"Localized",0.04,0.00876356092008266
1000,"Localized",0.75,0.1,1,2,"Uniform",0,0
1000,"Localized",0.75,0.1,1,2,"Central",0.066,0.0111035129576184
1000,"Localized",0.75,0.1,1,2,"Tail",0.102,0.0135348439222623
1000,"Localized",0.75,0.1,1,2,"Localized",0.028,0.00737780455149091
1000,"Localized",0.75,0.1,1.5,2,"Uniform",0,0
1000,"Localized",0.75,0.1,1.5,2,"Central",0.052,0.00992935043192655
1000,"Localized",0.75,0.1,1.5,2,"Tail",0.088,0.0126693330526907
1000,"Localized",0.75,0.1,1.5,2,"Localized",0.014,0.00525433154644813
1000,"Localized",0.75,0.1,2,2,"Uniform",0,0
1000,"Localized",0.75,0.1,2,2,"Central",0.074,0.0117067501895274
1000,"Localized",0.75,0.1,2,2,"Tail",0.118,0.0144274737913468
1000,"Localized",0.75,0.1,2,2,"Localized",0.022,0.00655987804764692
1000,"Localized",0.75,0.2,0.5,2,"Uniform",0,0
1000,"Localized",0.75,0.2,0.5,2,"Central",0.068,0.0112584190719657
1000,"Localized",0.75,0.2,0.5,2,"Tail",0.078,0.0119929979571415
1000,"Localized",0.75,0.2,0.5,2,"Localized",0.052,0.00992935043192655
1000,"Localized",0.75,0.2,1,2,"Uniform",0,0
1000,"Localized",0.75,0.2,1,2,"Central",0.062,0.0107848041243223
1000,"Localized",0.75,0.2,1,2,"Tail",0.114,0.0142129518397833
1000,"Localized",0.75,0.2,1,2,"Localized",0.024,0.00684455988358638
1000,"Localized",0.75,0.2,1.5,2,"Uniform",0,0
1000,"Localized",0.75,0.2,1.5,2,"Central",0.062,0.0107848041243223
1000,"Localized",0.75,0.2,1.5,2,"Tail",0.1,0.0134164078649987
1000,"Localized",0.75,0.2,1.5,2,"Localized",0.026,0.00711674082709213
1000,"Localized",0.75,0.2,2,2,"Uniform",0,0
1000,"Localized",0.75,0.2,2,2,"Central",0.062,0.0107848041243223
1000,"Localized",0.75,0.2,2,2,"Tail",0.092,0.01292563344676
1000,"Localized",0.75,0.2,2,2,"Localized",0.03,0.00762889244910426
1000,"Oscillatory",1,0.5,NA,2,"Uniform",0,0
1000,"Oscillatory",1,0.5,NA,2,"Central",0.052,0.00992935043192655
1000,"Oscillatory",1,0.5,NA,2,"Tail",0.09,0.0127984374046209
1000,"Oscillatory",1,1,NA,2,"Uniform",0,0
1000,"Oscillatory",1,1,NA,2,"Central",0.07,0.0114105214604767
1000,"Oscillatory",1,1,NA,2,"Tail",0.108,0.0138806339912844
1000,"Oscillatory",1,1.5,NA,2,"Uniform",0,0
1000,"Oscillatory",1,1.5,NA,2,"Central",0.066,0.0111035129576184
1000,"Oscillatory",1,1.5,NA,2,"Tail",0.08,0.0121326007104825
1000,"Oscillatory",1,2,NA,2,"Uniform",0,0
1000,"Oscillatory",1,2,NA,2,"Central",0.076,0.0118510759005248
1000,"Oscillatory",1,2,NA,2,"Tail",0.104,0.013651666564929
1000,"Oscillatory",2,0.5,NA,2,"Uniform",0,0
1000,"Oscillatory",2,0.5,NA,2,"Central",0.07,0.0114105214604767
1000,"Oscillatory",2,0.5,NA,2,"Tail",0.112,0.014103616557465
1000,"Oscillatory",2,1,NA,2,"Uniform",0,0
1000,"Oscillatory",2,1,NA,2,"Central",0.058,0.0104533248299285
1000,"Oscillatory",2,1,NA,2,"Tail",0.09,0.0127984374046209
1000,"Oscillatory",2,1.5,NA,2,"Uniform",0,0
1000,"Oscillatory",2,1.5,NA,2,"Central",0.046,0.00936845771725528
1000,"Oscillatory",2,1.5,NA,2,"Tail",0.096,0.0131745208641529
1000,"Oscillatory",2,2,NA,2,"Uniform",0,0
1000,"Oscillatory",2,2,NA,2,"Central",0.068,0.0112584190719657
1000,"Oscillatory",2,2,NA,2,"Tail",0.106,0.0137669168661687
1000,"Oscillatory",4,0.5,NA,2,"Uniform",0,0
1000,"Oscillatory",4,0.5,NA,2,"Central",0.06,0.0106207344378814
1000,"Oscillatory",4,0.5,NA,2,"Tail",0.09,0.0127984374046209
1000,"Oscillatory",4,1,NA,2,"Uniform",0,0
1000,"Oscillatory",4,1,NA,2,"Central",0.062,0.0107848041243223
1000,"Oscillatory",4,1,NA,2,"Tail",0.104,0.013651666564929
1000,"Oscillatory",4,1.5,NA,2,"Uniform",0,0
1000,"Oscillatory",4,1.5,NA,2,"Central",0.092,0.01292563344676
1000,"Oscillatory",4,1.5,NA,2,"Tail",0.088,0.0126693330526907
1000,"Oscillatory",4,2,NA,2,"Uniform",0,0
1000,"Oscillatory",4,2,NA,2,"Central",0.044,0.00917213170424411
1000,"Oscillatory",4,2,NA,2,"Tail",0.12,0.014532721699668
1000,"Oscillatory",8,0.5,NA,2,"Uniform",0,0
1000,"Oscillatory",8,0.5,NA,2,"Central",0.054,0.0101078187557949
1000,"Oscillatory",8,0.5,NA,2,"Tail",0.112,0.014103616557465
1000,"Oscillatory",8,1,NA,2,"Uniform",0,0
1000,"Oscillatory",8,1,NA,2,"Central",0.036,0.0083311463797007
1000,"Oscillatory",8,1,NA,2,"Tail",0.098,0.0132963152790538
1000,"Oscillatory",8,1.5,NA,2,"Uniform",0,0
1000,"Oscillatory",8,1.5,NA,2,"Central",0.044,0.00917213170424411
1000,"Oscillatory",8,1.5,NA,2,"Tail",0.11,0.0139928553197694
1000,"Oscillatory",8,2,NA,2,"Uniform",0,0
1000,"Oscillatory",8,2,NA,2,"Central",0.032,0.00787095928079926
1000,"Oscillatory",8,2,NA,2,"Tail",0.162,0.016477621187538
1000,"Abrupt",0.25,0.05,NA,2,"Uniform",0,0
1000,"Abrupt",0.25,0.05,NA,2,"Central",0.088,0.0126693330526907
1000,"Abrupt",0.25,0.05,NA,2,"Tail",0.044,0.00917213170424411
1000,"Abrupt",0.25,0.1,NA,2,"Uniform",0,0
1000,"Abrupt",0.25,0.1,NA,2,"Central",0.074,0.0117067501895274
1000,"Abrupt",0.25,0.1,NA,2,"Tail",0.052,0.00992935043192655
1000,"Abrupt",0.25,0.2,NA,2,"Uniform",0,0
1000,"Abrupt",0.25,0.2,NA,2,"Central",0.172,0.0168769665520792
1000,"Abrupt",0.25,0.2,NA,2,"Tail",0.04,0.00876356092008266
1000,"Abrupt",0.5,0.05,NA,2,"Uniform",0,0
1000,"Abrupt",0.5,0.05,NA,2,"Central",0.062,0.0107848041243223
1000,"Abrupt",0.5,0.05,NA,2,"Tail",0.11,0.0139928553197694
1000,"Abrupt",0.5,0.1,NA,2,"Uniform",0,0
1000,"Abrupt",0.5,0.1,NA,2,"Central",0.074,0.0117067501895274
1000,"Abrupt",0.5,0.1,NA,2,"Tail",0.092,0.01292563344676
1000,"Abrupt",0.5,0.2,NA,2,"Uniform",0,0
1000,"Abrupt",0.5,0.2,NA,2,"Central",0.08,0.0121326007104825
1000,"Abrupt",0.5,0.2,NA,2,"Tail",0.114,0.0142129518397833
1000,"Abrupt",0.75,0.05,NA,2,"Uniform",0,0
1000,"Abrupt",0.75,0.05,NA,2,"Central",0.006,0.00345369367489359
1000,"Abrupt",0.75,0.05,NA,2,"Tail",0.264,0.0197131428240146
1000,"Abrupt",0.75,0.1,NA,2,"Uniform",0,0
1000,"Abrupt",0.75,0.1,NA,2,"Central",0.002,0.00199799899899875
1000,"Abrupt",0.75,0.1,NA,2,"Tail",0.604,0.0218716254539986
1000,"Abrupt",0.75,0.2,NA,2,"Uniform",0,0
1000,"Abrupt",0.75,0.2,NA,2,"Central",0,0
1000,"Abrupt",0.75,0.2,NA,2,"Tail",1,0
1000,"Mixture",0.05,0.25,NA,2,"Uniform",0,0
1000,"Mixture",0.05,0.25,NA,2,"Central",0,0
1000,"Mixture",0.05,0.25,NA,2,"Tail",1,0
1000,"Mixture",0.05,0.5,NA,2,"Uniform",0,0
1000,"Mixture",0.05,0.5,NA,2,"Central",0,0
1000,"Mixture",0.05,0.5,NA,2,"Tail",1,0
1000,"Mixture",0.05,0.75,NA,2,"Uniform",0,0
1000,"Mixture",0.05,0.75,NA,2,"Central",0,0
1000,"Mixture",0.05,0.75,NA,2,"Tail",1,0
1000,"Mixture",0.1,0.25,NA,2,"Uniform",0,0
1000,"Mixture",0.1,0.25,NA,2,"Central",0,0
1000,"Mixture",0.1,0.25,NA,2,"Tail",1,0
1000,"Mixture",0.1,0.5,NA,2,"Uniform",0,0
1000,"Mixture",0.1,0.5,NA,2,"Central",0,0
1000,"Mixture",0.1,0.5,NA,2,"Tail",1,0
1000,"Mixture",0.1,0.75,NA,2,"Uniform",0,0
1000,"Mixture",0.1,0.75,NA,2,"Central",0,0
1000,"Mixture",0.1,0.75,NA,2,"Tail",1,0
1000,"Mixture",0.2,0.25,NA,2,"Uniform",0,0
1000,"Mixture",0.2,0.25,NA,2,"Central",0,0
1000,"Mixture",0.2,0.25,NA,2,"Tail",1,0
1000,"Mixture",0.2,0.5,NA,2,"Uniform",0,0
1000,"Mixture",0.2,0.5,NA,2,"Central",0,0
1000,"Mixture",0.2,0.5,NA,2,"Tail",1,0
1000,"Mixture",0.2,0.75,NA,2,"Uniform",0,0
1000,"Mixture",0.2,0.75,NA,2,"Central",0,0
1000,"Mixture",0.2,0.75,NA,2,"Tail",1,0
1000,"Localized",0.25,0.05,0.5,3,"Uniform",0,0
1000,"Localized",0.25,0.05,0.5,3,"Central",0.06,0.0106207344378814
1000,"Localized",0.25,0.05,0.5,3,"Tail",0.054,0.0101078187557949
1000,"Localized",0.25,0.05,0.5,3,"Localized",0.042,0.00897061870775924
1000,"Localized",0.25,0.05,1,3,"Uniform",0,0
1000,"Localized",0.25,0.05,1,3,"Central",0.05,0.00974679434480896
1000,"Localized",0.25,0.05,1,3,"Tail",0.034,0.00810481338464989
1000,"Localized",0.25,0.05,1,3,"Localized",0.032,0.00787095928079926
1000,"Localized",0.25,0.05,1.5,3,"Uniform",0,0
1000,"Localized",0.25,0.05,1.5,3,"Central",0.07,0.0114105214604767
1000,"Localized",0.25,0.05,1.5,3,"Tail",0.03,0.00762889244910426
1000,"Localized",0.25,0.05,1.5,3,"Localized",0.044,0.00917213170424411
1000,"Localized",0.25,0.05,2,3,"Uniform",0,0
1000,"Localized",0.25,0.05,2,3,"Central",0.054,0.0101078187557949
1000,"Localized",0.25,0.05,2,3,"Tail",0.062,0.0107848041243223
1000,"Localized",0.25,0.05,2,3,"Localized",0.032,0.00787095928079926
1000,"Localized",0.25,0.1,0.5,3,"Uniform",0,0
1000,"Localized",0.25,0.1,0.5,3,"Central",0.078,0.0119929979571415
1000,"Localized",0.25,0.1,0.5,3,"Tail",0.062,0.0107848041243223
1000,"Localized",0.25,0.1,0.5,3,"Localized",0.044,0.00917213170424411
1000,"Localized",0.25,0.1,1,3,"Uniform",0,0
1000,"Localized",0.25,0.1,1,3,"Central",0.068,0.0112584190719657
1000,"Localized",0.25,0.1,1,3,"Tail",0.044,0.00917213170424411
1000,"Localized",0.25,0.1,1,3,"Localized",0.042,0.00897061870775924
1000,"Localized",0.25,0.1,1.5,3,"Uniform",0,0
1000,"Localized",0.25,0.1,1.5,3,"Central",0.07,0.0114105214604767
1000,"Localized",0.25,0.1,1.5,3,"Tail",0.066,0.0111035129576184
1000,"Localized",0.25,0.1,1.5,3,"Localized",0.026,0.00711674082709213
1000,"Localized",0.25,0.1,2,3,"Uniform",0,0
1000,"Localized",0.25,0.1,2,3,"Central",0.066,0.0111035129576184
1000,"Localized",0.25,0.1,2,3,"Tail",0.068,0.0112584190719657
1000,"Localized",0.25,0.1,2,3,"Localized",0.018,0.005945754788082
1000,"Localized",0.25,0.2,0.5,3,"Uniform",0,0
1000,"Localized",0.25,0.2,0.5,3,"Central",0.062,0.0107848041243223
1000,"Localized",0.25,0.2,0.5,3,"Tail",0.072,0.0115599307956406
1000,"Localized",0.25,0.2,0.5,3,"Localized",0.03,0.00762889244910426
1000,"Localized",0.25,0.2,1,3,"Uniform",0,0
1000,"Localized",0.25,0.2,1,3,"Central",0.07,0.0114105214604767
1000,"Localized",0.25,0.2,1,3,"Tail",0.056,0.0102824121683582
1000,"Localized",0.25,0.2,1,3,"Localized",0.03,0.00762889244910426
1000,"Localized",0.25,0.2,1.5,3,"Uniform",0,0
1000,"Localized",0.25,0.2,1.5,3,"Central",0.066,0.0111035129576184
1000,"Localized",0.25,0.2,1.5,3,"Tail",0.052,0.00992935043192655
1000,"Localized",0.25,0.2,1.5,3,"Localized",0.036,0.0083311463797007
1000,"Localized",0.25,0.2,2,3,"Uniform",0,0
1000,"Localized",0.25,0.2,2,3,"Central",0.064,0.0109456840809517
1000,"Localized",0.25,0.2,2,3,"Tail",0.048,0.00955991631762538
1000,"Localized",0.25,0.2,2,3,"Localized",0.03,0.00762889244910426
1000,"Localized",0.5,0.05,0.5,3,"Uniform",0,0
1000,"Localized",0.5,0.05,0.5,3,"Central",0.09,0.0127984374046209
1000,"Localized",0.5,0.05,0.5,3,"Tail",0.056,0.0102824121683582
1000,"Localized",0.5,0.05,0.5,3,"Localized",0.04,0.00876356092008266
1000,"Localized",0.5,0.05,1,3,"Uniform",0,0
1000,"Localized",0.5,0.05,1,3,"Central",0.048,0.00955991631762538
1000,"Localized",0.5,0.05,1,3,"Tail",0.056,0.0102824121683582
1000,"Localized",0.5,0.05,1,3,"Localized",0.04,0.00876356092008266
1000,"Localized",0.5,0.05,1.5,3,"Uniform",0,0
1000,"Localized",0.5,0.05,1.5,3,"Central",0.056,0.0102824121683582
1000,"Localized",0.5,0.05,1.5,3,"Tail",0.038,0.00855055553750749
1000,"Localized",0.5,0.05,1.5,3,"Localized",0.038,0.00855055553750749
1000,"Localized",0.5,0.05,2,3,"Uniform",0,0
1000,"Localized",0.5,0.05,2,3,"Central",0.068,0.0112584190719657
1000,"Localized",0.5,0.05,2,3,"Tail",0.056,0.0102824121683582
1000,"Localized",0.5,0.05,2,3,"Localized",0.026,0.00711674082709213
1000,"Localized",0.5,0.1,0.5,3,"Uniform",0,0
1000,"Localized",0.5,0.1,0.5,3,"Central",0.058,0.0104533248299285
1000,"Localized",0.5,0.1,0.5,3,"Tail",0.048,0.00955991631762538
1000,"Localized",0.5,0.1,0.5,3,"Localized",0.032,0.00787095928079926
1000,"Localized",0.5,0.1,1,3,"Uniform",0,0
1000,"Localized",0.5,0.1,1,3,"Central",0.07,0.0114105214604767
1000,"Localized",0.5,0.1,1,3,"Tail",0.07,0.0114105214604767
1000,"Localized",0.5,0.1,1,3,"Localized",0.02,0.00626099033699941
1000,"Localized",0.5,0.1,1.5,3,"Uniform",0,0
1000,"Localized",0.5,0.1,1.5,3,"Central",0.058,0.0104533248299285
1000,"Localized",0.5,0.1,1.5,3,"Tail",0.058,0.0104533248299285
1000,"Localized",0.5,0.1,1.5,3,"Localized",0.024,0.00684455988358638
1000,"Localized",0.5,0.1,2,3,"Uniform",0,0
1000,"Localized",0.5,0.1,2,3,"Central",0.056,0.0102824121683582
1000,"Localized",0.5,0.1,2,3,"Tail",0.088,0.0126693330526907
1000,"Localized",0.5,0.1,2,3,"Localized",0.032,0.00787095928079926
1000,"Localized",0.5,0.2,0.5,3,"Uniform",0,0
1000,"Localized",0.5,0.2,0.5,3,"Central",0.076,0.0118510759005248
1000,"Localized",0.5,0.2,0.5,3,"Tail",0.054,0.0101078187557949
1000,"Localized",0.5,0.2,0.5,3,"Localized",0.01,0.0044497190922574
1000,"Localized",0.5,0.2,1,3,"Uniform",0,0
1000,"Localized",0.5,0.2,1,3,"Central",0.048,0.00955991631762538
1000,"Localized",0.5,0.2,1,3,"Tail",0.07,0.0114105214604767
1000,"Localized",0.5,0.2,1,3,"Localized",0.022,0.00655987804764692
1000,"Localized",0.5,0.2,1.5,3,"Uniform",0,0
1000,"Localized",0.5,0.2,1.5,3,"Central",0.048,0.00955991631762538
1000,"Localized",0.5,0.2,1.5,3,"Tail",0.07,0.0114105214604767
1000,"Localized",0.5,0.2,1.5,3,"Localized",0.022,0.00655987804764692
1000,"Localized",0.5,0.2,2,3,"Uniform",0,0
1000,"Localized",0.5,0.2,2,3,"Central",0.04,0.00876356092008266
1000,"Localized",0.5,0.2,2,3,"Tail",0.07,0.0114105214604767
1000,"Localized",0.5,0.2,2,3,"Localized",0.02,0.00626099033699941
1000,"Localized",0.75,0.05,0.5,3,"Uniform",0,0
1000,"Localized",0.75,0.05,0.5,3,"Central",0.062,0.0107848041243223
1000,"Localized",0.75,0.05,0.5,3,"Tail",0.044,0.00917213170424411
1000,"Localized",0.75,0.05,0.5,3,"Localized",0.036,0.0083311463797007
1000,"Localized",0.75,0.05,1,3,"Uniform",0,0
1000,"Localized",0.75,0.05,1,3,"Central",0.07,0.0114105214604767
1000,"Localized",0.75,0.05,1,3,"Tail",0.036,0.0083311463797007
1000,"Localized",0.75,0.05,1,3,"Localized",0.046,0.00936845771725528
1000,"Localized",0.75,0.05,1.5,3,"Uniform",0,0
1000,"Localized",0.75,0.05,1.5,3,"Central",0.068,0.0112584190719657
1000,"Localized",0.75,0.05,1.5,3,"Tail",0.032,0.00787095928079926
1000,"Localized",0.75,0.05,1.5,3,"Localized",0.016,0.00561141693336006
1000,"Localized",0.75,0.05,2,3,"Uniform",0,0
1000,"Localized",0.75,0.05,2,3,"Central",0.078,0.0119929979571415
1000,"Localized",0.75,0.05,2,3,"Tail",0.062,0.0107848041243223
1000,"Localized",0.75,0.05,2,3,"Localized",0.022,0.00655987804764692
1000,"Localized",0.75,0.1,0.5,3,"Uniform",0,0
1000,"Localized",0.75,0.1,0.5,3,"Central",0.076,0.0118510759005248
1000,"Localized",0.75,0.1,0.5,3,"Tail",0.06,0.0106207344378814
1000,"Localized",0.75,0.1,0.5,3,"Localized",0.044,0.00917213170424411
1000,"Localized",0.75,0.1,1,3,"Uniform",0,0
1000,"Localized",0.75,0.1,1,3,"Central",0.05,0.00974679434480896
1000,"Localized",0.75,0.1,1,3,"Tail",0.062,0.0107848041243223
1000,"Localized",0.75,0.1,1,3,"Localized",0.054,0.0101078187557949
1000,"Localized",0.75,0.1,1.5,3,"Uniform",0,0
1000,"Localized",0.75,0.1,1.5,3,"Central",0.072,0.0115599307956406
1000,"Localized",0.75,0.1,1.5,3,"Tail",0.052,0.00992935043192655
1000,"Localized",0.75,0.1,1.5,3,"Localized",0.052,0.00992935043192655
1000,"Localized",0.75,0.1,2,3,"Uniform",0,0
1000,"Localized",0.75,0.1,2,3,"Central",0.048,0.00955991631762538
1000,"Localized",0.75,0.1,2,3,"Tail",0.064,0.0109456840809517
1000,"Localized",0.75,0.1,2,3,"Localized",0.02,0.00626099033699941
1000,"Localized",0.75,0.2,0.5,3,"Uniform",0,0
1000,"Localized",0.75,0.2,0.5,3,"Central",0.072,0.0115599307956406
1000,"Localized",0.75,0.2,0.5,3,"Tail",0.074,0.0117067501895274
1000,"Localized",0.75,0.2,0.5,3,"Localized",0.072,0.0115599307956406
1000,"Localized",0.75,0.2,1,3,"Uniform",0,0
1000,"Localized",0.75,0.2,1,3,"Central",0.066,0.0111035129576184
1000,"Localized",0.75,0.2,1,3,"Tail",0.052,0.00992935043192655
1000,"Localized",0.75,0.2,1,3,"Localized",0.044,0.00917213170424411
1000,"Localized",0.75,0.2,1.5,3,"Uniform",0,0
1000,"Localized",0.75,0.2,1.5,3,"Central",0.08,0.0121326007104825
1000,"Localized",0.75,0.2,1.5,3,"Tail",0.06,0.0106207344378814
1000,"Localized",0.75,0.2,1.5,3,"Localized",0.028,0.00737780455149091
1000,"Localized",0.75,0.2,2,3,"Uniform",0,0
1000,"Localized",0.75,0.2,2,3,"Central",0.072,0.0115599307956406
1000,"Localized",0.75,0.2,2,3,"Tail",0.064,0.0109456840809517
1000,"Localized",0.75,0.2,2,3,"Localized",0.016,0.00561141693336006
1000,"Oscillatory",1,0.5,NA,3,"Uniform",0,0
1000,"Oscillatory",1,0.5,NA,3,"Central",0.078,0.0119929979571415
1000,"Oscillatory",1,0.5,NA,3,"Tail",0.048,0.00955991631762538
1000,"Oscillatory",1,1,NA,3,"Uniform",0,0
1000,"Oscillatory",1,1,NA,3,"Central",0.062,0.0107848041243223
1000,"Oscillatory",1,1,NA,3,"Tail",0.068,0.0112584190719657
1000,"Oscillatory",1,1.5,NA,3,"Uniform",0,0
1000,"Oscillatory",1,1.5,NA,3,"Central",0.06,0.0106207344378814
1000,"Oscillatory",1,1.5,NA,3,"Tail",0.046,0.00936845771725528
1000,"Oscillatory",1,2,NA,3,"Uniform",0,0
1000,"Oscillatory",1,2,NA,3,"Central",0.086,0.0125382614424808
1000,"Oscillatory",1,2,NA,3,"Tail",0.048,0.00955991631762538
1000,"Oscillatory",2,0.5,NA,3,"Uniform",0,0
1000,"Oscillatory",2,0.5,NA,3,"Central",0.058,0.0104533248299285
1000,"Oscillatory",2,0.5,NA,3,"Tail",0.04,0.00876356092008266
1000,"Oscillatory",2,1,NA,3,"Uniform",0,0
1000,"Oscillatory",2,1,NA,3,"Central",0.076,0.0118510759005248
1000,"Oscillatory",2,1,NA,3,"Tail",0.076,0.0118510759005248
1000,"Oscillatory",2,1.5,NA,3,"Uniform",0,0
1000,"Oscillatory",2,1.5,NA,3,"Central",0.082,0.0122699633251286
1000,"Oscillatory",2,1.5,NA,3,"Tail",0.048,0.00955991631762538
1000,"Oscillatory",2,2,NA,3,"Uniform",0,0
1000,"Oscillatory",2,2,NA,3,"Central",0.058,0.0104533248299285
1000,"Oscillatory",2,2,NA,3,"Tail",0.046,0.00936845771725528
1000,"Oscillatory",4,0.5,NA,3,"Uniform",0,0
1000,"Oscillatory",4,0.5,NA,3,"Central",0.064,0.0109456840809517
1000,"Oscillatory",4,0.5,NA,3,"Tail",0.044,0.00917213170424411
1000,"Oscillatory",4,1,NA,3,"Uniform",0,0
1000,"Oscillatory",4,1,NA,3,"Central",0.07,0.0114105214604767
1000,"Oscillatory",4,1,NA,3,"Tail",0.054,0.0101078187557949
1000,"Oscillatory",4,1.5,NA,3,"Uniform",0,0
1000,"Oscillatory",4,1.5,NA,3,"Central",0.096,0.0131745208641529
1000,"Oscillatory",4,1.5,NA,3,"Tail",0.05,0.00974679434480896
1000,"Oscillatory",4,2,NA,3,"Uniform",0,0
1000,"Oscillatory",4,2,NA,3,"Central",0.064,0.0109456840809517
1000,"Oscillatory",4,2,NA,3,"Tail",0.058,0.0104533248299285
1000,"Oscillatory",8,0.5,NA,3,"Uniform",0,0
1000,"Oscillatory",8,0.5,NA,3,"Central",0.074,0.0117067501895274
1000,"Oscillatory",8,0.5,NA,3,"Tail",0.064,0.0109456840809517
1000,"Oscillatory",8,1,NA,3,"Uniform",0,0
1000,"Oscillatory",8,1,NA,3,"Central",0.038,0.00855055553750749
1000,"Oscillatory",8,1,NA,3,"Tail",0.066,0.0111035129576184
1000,"Oscillatory",8,1.5,NA,3,"Uniform",0,0
1000,"Oscillatory",8,1.5,NA,3,"Central",0.046,0.00936845771725528
1000,"Oscillatory",8,1.5,NA,3,"Tail",0.076,0.0118510759005248
1000,"Oscillatory",8,2,NA,3,"Uniform",0,0
1000,"Oscillatory",8,2,NA,3,"Central",0.02,0.00626099033699941
1000,"Oscillatory",8,2,NA,3,"Tail",0.102,0.0135348439222623
1000,"Abrupt",0.25,0.05,NA,3,"Uniform",0,0
1000,"Abrupt",0.25,0.05,NA,3,"Central",0.076,0.0118510759005248
1000,"Abrupt",0.25,0.05,NA,3,"Tail",0.046,0.00936845771725528
1000,"Abrupt",0.25,0.1,NA,3,"Uniform",0,0
1000,"Abrupt",0.25,0.1,NA,3,"Central",0.096,0.0131745208641529
1000,"Abrupt",0.25,0.1,NA,3,"Tail",0.032,0.00787095928079926
1000,"Abrupt",0.25,0.2,NA,3,"Uniform",0,0
1000,"Abrupt",0.25,0.2,NA,3,"Central",0.132,0.0151377673386798
1000,"Abrupt",0.25,0.2,NA,3,"Tail",0.03,0.00762889244910426
1000,"Abrupt",0.5,0.05,NA,3,"Uniform",0,0
1000,"Abrupt",0.5,0.05,NA,3,"Central",0.06,0.0106207344378814
1000,"Abrupt",0.5,0.05,NA,3,"Tail",0.052,0.00992935043192655
1000,"Abrupt",0.5,0.1,NA,3,"Uniform",0,0
1000,"Abrupt",0.5,0.1,NA,3,"Central",0.086,0.0125382614424808
1000,"Abrupt",0.5,0.1,NA,3,"Tail",0.046,0.00936845771725528
1000,"Abrupt",0.5,0.2,NA,3,"Uniform",0,0
1000,"Abrupt",0.5,0.2,NA,3,"Central",0.102,0.0135348439222623
1000,"Abrupt",0.5,0.2,NA,3,"Tail",0.068,0.0112584190719657
1000,"Abrupt",0.75,0.05,NA,3,"Uniform",0,0
1000,"Abrupt",0.75,0.05,NA,3,"Central",0.02,0.00626099033699941
1000,"Abrupt",0.75,0.05,NA,3,"Tail",0.17,0.016798809481627
1000,"Abrupt",0.75,0.1,NA,3,"Uniform",0,0
1000,"Abrupt",0.75,0.1,NA,3,"Central",0.002,0.00199799899899875
1000,"Abrupt",0.75,0.1,NA,3,"Tail",0.548,0.0222574032627348
1000,"Abrupt",0.75,0.2,NA,3,"Uniform",0,0
1000,"Abrupt",0.75,0.2,NA,3,"Central",0,0
1000,"Abrupt",0.75,0.2,NA,3,"Tail",1,0
1000,"Mixture",0.05,0.25,NA,3,"Uniform",0,0
1000,"Mixture",0.05,0.25,NA,3,"Central",0,0
1000,"Mixture",0.05,0.25,NA,3,"Tail",1,0
1000,"Mixture",0.05,0.5,NA,3,"Uniform",0,0
1000,"Mixture",0.05,0.5,NA,3,"Central",0,0
1000,"Mixture",0.05,0.5,NA,3,"Tail",1,0
1000,"Mixture",0.05,0.75,NA,3,"Uniform",0,0
1000,"Mixture",0.05,0.75,NA,3,"Central",0,0
1000,"Mixture",0.05,0.75,NA,3,"Tail",1,0
1000,"Mixture",0.1,0.25,NA,3,"Uniform",0,0
1000,"Mixture",0.1,0.25,NA,3,"Central",0,0
1000,"Mixture",0.1,0.25,NA,3,"Tail",1,0
1000,"Mixture",0.1,0.5,NA,3,"Uniform",0,0
1000,"Mixture",0.1,0.5,NA,3,"Central",0,0
1000,"Mixture",0.1,0.5,NA,3,"Tail",1,0
1000,"Mixture",0.1,0.75,NA,3,"Uniform",0,0
1000,"Mixture",0.1,0.75,NA,3,"Central",0,0
1000,"Mixture",0.1,0.75,NA,3,"Tail",1,0
1000,"Mixture",0.2,0.25,NA,3,"Uniform",0,0
1000,"Mixture",0.2,0.25,NA,3,"Central",0,0
1000,"Mixture",0.2,0.25,NA,3,"Tail",1,0
1000,"Mixture",0.2,0.5,NA,3,"Uniform",0,0
1000,"Mixture",0.2,0.5,NA,3,"Central",0,0
1000,"Mixture",0.2,0.5,NA,3,"Tail",1,0
1000,"Mixture",0.2,0.75,NA,3,"Uniform",0,0
1000,"Mixture",0.2,0.75,NA,3,"Central",0,0
1000,"Mixture",0.2,0.75,NA,3,"Tail",1,0
1000,"Localized",0.25,0.05,0.5,5,"Uniform",0,0
1000,"Localized",0.25,0.05,0.5,5,"Central",0.05,0.00974679434480896
1000,"Localized",0.25,0.05,0.5,5,"Tail",0.038,0.00855055553750749
1000,"Localized",0.25,0.05,0.5,5,"Localized",0.028,0.00737780455149091
1000,"Localized",0.25,0.05,1,5,"Uniform",0,0
1000,"Localized",0.25,0.05,1,5,"Central",0.044,0.00917213170424411
1000,"Localized",0.25,0.05,1,5,"Tail",0.036,0.0083311463797007
1000,"Localized",0.25,0.05,1,5,"Localized",0.038,0.00855055553750749
1000,"Localized",0.25,0.05,1.5,5,"Uniform",0,0
1000,"Localized",0.25,0.05,1.5,5,"Central",0.038,0.00855055553750749
1000,"Localized",0.25,0.05,1.5,5,"Tail",0.052,0.00992935043192655
1000,"Localized",0.25,0.05,1.5,5,"Localized",0.032,0.00787095928079926
1000,"Localized",0.25,0.05,2,5,"Uniform",0,0
1000,"Localized",0.25,0.05,2,5,"Central",0.04,0.00876356092008266
1000,"Localized",0.25,0.05,2,5,"Tail",0.044,0.00917213170424411
1000,"Localized",0.25,0.05,2,5,"Localized",0.034,0.00810481338464989
1000,"Localized",0.25,0.1,0.5,5,"Uniform",0,0
1000,"Localized",0.25,0.1,0.5,5,"Central",0.062,0.0107848041243223
1000,"Localized",0.25,0.1,0.5,5,"Tail",0.056,0.0102824121683582
1000,"Localized",0.25,0.1,0.5,5,"Localized",0.044,0.00917213170424411
1000,"Localized",0.25,0.1,1,5,"Uniform",0,0
1000,"Localized",0.25,0.1,1,5,"Central",0.05,0.00974679434480896
1000,"Localized",0.25,0.1,1,5,"Tail",0.048,0.00955991631762538
1000,"Localized",0.25,0.1,1,5,"Localized",0.04,0.00876356092008266
1000,"Localized",0.25,0.1,1.5,5,"Uniform",0,0
1000,"Localized",0.25,0.1,1.5,5,"Central",0.034,0.00810481338464989
1000,"Localized",0.25,0.1,1.5,5,"Tail",0.044,0.00917213170424411
1000,"Localized",0.25,0.1,1.5,5,"Localized",0.034,0.00810481338464989
1000,"Localized",0.25,0.1,2,5,"Uniform",0,0
1000,"Localized",0.25,0.1,2,5,"Central",0.044,0.00917213170424411
1000,"Localized",0.25,0.1,2,5,"Tail",0.038,0.00855055553750749
1000,"Localized",0.25,0.1,2,5,"Localized",0.046,0.00936845771725528
1000,"Localized",0.25,0.2,0.5,5,"Uniform",0,0
1000,"Localized",0.25,0.2,0.5,5,"Central",0.038,0.00855055553750749
1000,"Localized",0.25,0.2,0.5,5,"Tail",0.052,0.00992935043192655
1000,"Localized",0.25,0.2,0.5,5,"Localized",0.022,0.00655987804764692
1000,"Localized",0.25,0.2,1,5,"Uniform",0,0
1000,"Localized",0.25,0.2,1,5,"Central",0.046,0.00936845771725528
1000,"Localized",0.25,0.2,1,5,"Tail",0.05,0.00974679434480896
1000,"Localized",0.25,0.2,1,5,"Localized",0.02,0.00626099033699941
1000,"Localized",0.25,0.2,1.5,5,"Uniform",0,0
1000,"Localized",0.25,0.2,1.5,5,"Central",0.038,0.00855055553750749
1000,"Localized",0.25,0.2,1.5,5,"Tail",0.054,0.0101078187557949
1000,"Localized",0.25,0.2,1.5,5,"Localized",0.02,0.00626099033699941
1000,"Localized",0.25,0.2,2,5,"Uniform",0,0
1000,"Localized",0.25,0.2,2,5,"Central",0.044,0.00917213170424411
1000,"Localized",0.25,0.2,2,5,"Tail",0.034,0.00810481338464989
1000,"Localized",0.25,0.2,2,5,"Localized",0.022,0.00655987804764692
1000,"Localized",0.5,0.05,0.5,5,"Uniform",0,0
1000,"Localized",0.5,0.05,0.5,5,"Central",0.044,0.00917213170424411
1000,"Localized",0.5,0.05,0.5,5,"Tail",0.046,0.00936845771725528
1000,"Localized",0.5,0.05,0.5,5,"Localized",0.028,0.00737780455149091
1000,"Localized",0.5,0.05,1,5,"Uniform",0,0
1000,"Localized",0.5,0.05,1,5,"Central",0.034,0.00810481338464989
1000,"Localized",0.5,0.05,1,5,"Tail",0.034,0.00810481338464989
1000,"Localized",0.5,0.05,1,5,"Localized",0.036,0.0083311463797007
1000,"Localized",0.5,0.05,1.5,5,"Uniform",0,0
1000,"Localized",0.5,0.05,1.5,5,"Central",0.028,0.00737780455149091
1000,"Localized",0.5,0.05,1.5,5,"Tail",0.046,0.00936845771725528
1000,"Localized",0.5,0.05,1.5,5,"Localized",0.032,0.00787095928079926
1000,"Localized",0.5,0.05,2,5,"Uniform",0,0
1000,"Localized",0.5,0.05,2,5,"Central",0.046,0.00936845771725528
1000,"Localized",0.5,0.05,2,5,"Tail",0.052,0.00992935043192655
1000,"Localized",0.5,0.05,2,5,"Localized",0.022,0.00655987804764692
1000,"Localized",0.5,0.1,0.5,5,"Uniform",0,0
1000,"Localized",0.5,0.1,0.5,5,"Central",0.044,0.00917213170424411
1000,"Localized",0.5,0.1,0.5,5,"Tail",0.052,0.00992935043192655
1000,"Localized",0.5,0.1,0.5,5,"Localized",0.034,0.00810481338464989
1000,"Localized",0.5,0.1,1,5,"Uniform",0,0
1000,"Localized",0.5,0.1,1,5,"Central",0.036,0.0083311463797007
1000,"Localized",0.5,0.1,1,5,"Tail",0.032,0.00787095928079926
1000,"Localized",0.5,0.1,1,5,"Localized",0.026,0.00711674082709213
1000,"Localized",0.5,0.1,1.5,5,"Uniform",0,0
1000,"Localized",0.5,0.1,1.5,5,"Central",0.026,0.00711674082709213
1000,"Localized",0.5,0.1,1.5,5,"Tail",0.06,0.0106207344378814
1000,"Localized",0.5,0.1,1.5,5,"Localized",0.048,0.00955991631762538
1000,"Localized",0.5,0.1,2,5,"Uniform",0,0
1000,"Localized",0.5,0.1,2,5,"Central",0.026,0.00711674082709213
1000,"Localized",0.5,0.1,2,5,"Tail",0.068,0.0112584190719657
1000,"Localized",0.5,0.1,2,5,"Localized",0.042,0.00897061870775924
1000,"Localized",0.5,0.2,0.5,5,"Uniform",0,0
1000,"Localized",0.5,0.2,0.5,5,"Central",0.052,0.00992935043192655
1000,"Localized",0.5,0.2,0.5,5,"Tail",0.052,0.00992935043192655
1000,"Localized",0.5,0.2,0.5,5,"Localized",0.036,0.0083311463797007
1000,"Localized",0.5,0.2,1,5,"Uniform",0,0
1000,"Localized",0.5,0.2,1,5,"Central",0.03,0.00762889244910426
1000,"Localized",0.5,0.2,1,5,"Tail",0.05,0.00974679434480896
1000,"Localized",0.5,0.2,1,5,"Localized",0.03,0.00762889244910426
1000,"Localized",0.5,0.2,1.5,5,"Uniform",0,0
1000,"Localized",0.5,0.2,1.5,5,"Central",0.028,0.00737780455149091
1000,"Localized",0.5,0.2,1.5,5,"Tail",0.078,0.0119929979571415
1000,"Localized",0.5,0.2,1.5,5,"Localized",0.02,0.00626099033699941
1000,"Localized",0.5,0.2,2,5,"Uniform",0,0
1000,"Localized",0.5,0.2,2,5,"Central",0.028,0.00737780455149091
1000,"Localized",0.5,0.2,2,5,"Tail",0.076,0.0118510759005248
1000,"Localized",0.5,0.2,2,5,"Localized",0.038,0.00855055553750749
1000,"Localized",0.75,0.05,0.5,5,"Uniform",0,0
1000,"Localized",0.75,0.05,0.5,5,"Central",0.034,0.00810481338464989
1000,"Localized",0.75,0.05,0.5,5,"Tail",0.034,0.00810481338464989
1000,"Localized",0.75,0.05,0.5,5,"Localized",0.038,0.00855055553750749
1000,"Localized",0.75,0.05,1,5,"Uniform",0,0
1000,"Localized",0.75,0.05,1,5,"Central",0.04,0.00876356092008266
1000,"Localized",0.75,0.05,1,5,"Tail",0.048,0.00955991631762538
1000,"Localized",0.75,0.05,1,5,"Localized",0.03,0.00762889244910426
1000,"Localized",0.75,0.05,1.5,5,"Uniform",0,0
1000,"Localized",0.75,0.05,1.5,5,"Central",0.05,0.00974679434480896
1000,"Localized",0.75,0.05,1.5,5,"Tail",0.064,0.0109456840809517
1000,"Localized",0.75,0.05,1.5,5,"Localized",0.014,0.00525433154644813
1000,"Localized",0.75,0.05,2,5,"Uniform",0,0
1000,"Localized",0.75,0.05,2,5,"Central",0.03,0.00762889244910426
1000,"Localized",0.75,0.05,2,5,"Tail",0.04,0.00876356092008266
1000,"Localized",0.75,0.05,2,5,"Localized",0.036,0.0083311463797007
1000,"Localized",0.75,0.1,0.5,5,"Uniform",0,0
1000,"Localized",0.75,0.1,0.5,5,"Central",0.04,0.00876356092008266
1000,"Localized",0.75,0.1,0.5,5,"Tail",0.05,0.00974679434480896
1000,"Localized",0.75,0.1,0.5,5,"Localized",0.016,0.00561141693336006
1000,"Localized",0.75,0.1,1,5,"Uniform",0,0
1000,"Localized",0.75,0.1,1,5,"Central",0.032,0.00787095928079926
1000,"Localized",0.75,0.1,1,5,"Tail",0.06,0.0106207344378814
1000,"Localized",0.75,0.1,1,5,"Localized",0.024,0.00684455988358638
1000,"Localized",0.75,0.1,1.5,5,"Uniform",0,0
1000,"Localized",0.75,0.1,1.5,5,"Central",0.042,0.00897061870775924
1000,"Localized",0.75,0.1,1.5,5,"Tail",0.056,0.0102824121683582
1000,"Localized",0.75,0.1,1.5,5,"Localized",0.022,0.00655987804764692
1000,"Localized",0.75,0.1,2,5,"Uniform",0,0
1000,"Localized",0.75,0.1,2,5,"Central",0.026,0.00711674082709213
1000,"Localized",0.75,0.1,2,5,"Tail",0.04,0.00876356092008266
1000,"Localized",0.75,0.1,2,5,"Localized",0.018,0.005945754788082
1000,"Localized",0.75,0.2,0.5,5,"Uniform",0,0
1000,"Localized",0.75,0.2,0.5,5,"Central",0.048,0.00955991631762538
1000,"Localized",0.75,0.2,0.5,5,"Tail",0.042,0.00897061870775924
1000,"Localized",0.75,0.2,0.5,5,"Localized",0.03,0.00762889244910426
1000,"Localized",0.75,0.2,1,5,"Uniform",0,0
1000,"Localized",0.75,0.2,1,5,"Central",0.038,0.00855055553750749
1000,"Localized",0.75,0.2,1,5,"Tail",0.054,0.0101078187557949
1000,"Localized",0.75,0.2,1,5,"Localized",0.026,0.00711674082709213
1000,"Localized",0.75,0.2,1.5,5,"Uniform",0,0
1000,"Localized",0.75,0.2,1.5,5,"Central",0.048,0.00955991631762538
1000,"Localized",0.75,0.2,1.5,5,"Tail",0.06,0.0106207344378814
1000,"Localized",0.75,0.2,1.5,5,"Localized",0.024,0.00684455988358638
1000,"Localized",0.75,0.2,2,5,"Uniform",0,0
1000,"Localized",0.75,0.2,2,5,"Central",0.06,0.0106207344378814
1000,"Localized",0.75,0.2,2,5,"Tail",0.048,0.00955991631762538
1000,"Localized",0.75,0.2,2,5,"Localized",0.016,0.00561141693336006
1000,"Oscillatory",1,0.5,NA,5,"Uniform",0,0
1000,"Oscillatory",1,0.5,NA,5,"Central",0.044,0.00917213170424411
1000,"Oscillatory",1,0.5,NA,5,"Tail",0.034,0.00810481338464989
1000,"Oscillatory",1,1,NA,5,"Uniform",0,0
1000,"Oscillatory",1,1,NA,5,"Central",0.046,0.00936845771725528
1000,"Oscillatory",1,1,NA,5,"Tail",0.036,0.0083311463797007
1000,"Oscillatory",1,1.5,NA,5,"Uniform",0,0
1000,"Oscillatory",1,1.5,NA,5,"Central",0.046,0.00936845771725528
1000,"Oscillatory",1,1.5,NA,5,"Tail",0.064,0.0109456840809517
1000,"Oscillatory",1,2,NA,5,"Uniform",0,0
1000,"Oscillatory",1,2,NA,5,"Central",0.048,0.00955991631762538
1000,"Oscillatory",1,2,NA,5,"Tail",0.044,0.00917213170424411
1000,"Oscillatory",2,0.5,NA,5,"Uniform",0,0
1000,"Oscillatory",2,0.5,NA,5,"Central",0.036,0.0083311463797007
1000,"Oscillatory",2,0.5,NA,5,"Tail",0.054,0.0101078187557949
1000,"Oscillatory",2,1,NA,5,"Uniform",0,0
1000,"Oscillatory",2,1,NA,5,"Central",0.044,0.00917213170424411
1000,"Oscillatory",2,1,NA,5,"Tail",0.044,0.00917213170424411
1000,"Oscillatory",2,1.5,NA,5,"Uniform",0,0
1000,"Oscillatory",2,1.5,NA,5,"Central",0.05,0.00974679434480896
1000,"Oscillatory",2,1.5,NA,5,"Tail",0.044,0.00917213170424411
1000,"Oscillatory",2,2,NA,5,"Uniform",0,0
1000,"Oscillatory",2,2,NA,5,"Central",0.044,0.00917213170424411
1000,"Oscillatory",2,2,NA,5,"Tail",0.04,0.00876356092008266
1000,"Oscillatory",4,0.5,NA,5,"Uniform",0,0
1000,"Oscillatory",4,0.5,NA,5,"Central",0.044,0.00917213170424411
1000,"Oscillatory",4,0.5,NA,5,"Tail",0.054,0.0101078187557949
1000,"Oscillatory",4,1,NA,5,"Uniform",0,0
1000,"Oscillatory",4,1,NA,5,"Central",0.034,0.00810481338464989
1000,"Oscillatory",4,1,NA,5,"Tail",0.032,0.00787095928079926
1000,"Oscillatory",4,1.5,NA,5,"Uniform",0,0
1000,"Oscillatory",4,1.5,NA,5,"Central",0.036,0.0083311463797007
1000,"Oscillatory",4,1.5,NA,5,"Tail",0.068,0.0112584190719657
1000,"Oscillatory",4,2,NA,5,"Uniform",0,0
1000,"Oscillatory",4,2,NA,5,"Central",0.036,0.0083311463797007
1000,"Oscillatory",4,2,NA,5,"Tail",0.048,0.00955991631762538
1000,"Oscillatory",8,0.5,NA,5,"Uniform",0,0
1000,"Oscillatory",8,0.5,NA,5,"Central",0.038,0.00855055553750749
1000,"Oscillatory",8,0.5,NA,5,"Tail",0.046,0.00936845771725528
1000,"Oscillatory",8,1,NA,5,"Uniform",0,0
1000,"Oscillatory",8,1,NA,5,"Central",0.01,0.0044497190922574
1000,"Oscillatory",8,1,NA,5,"Tail",0.032,0.00787095928079926
1000,"Oscillatory",8,1.5,NA,5,"Uniform",0,0
1000,"Oscillatory",8,1.5,NA,5,"Central",0.036,0.0083311463797007
1000,"Oscillatory",8,1.5,NA,5,"Tail",0.064,0.0109456840809517
1000,"Oscillatory",8,2,NA,5,"Uniform",0,0
1000,"Oscillatory",8,2,NA,5,"Central",0.028,0.00737780455149091
1000,"Oscillatory",8,2,NA,5,"Tail",0.072,0.0115599307956406
1000,"Abrupt",0.25,0.05,NA,5,"Uniform",0,0
1000,"Abrupt",0.25,0.05,NA,5,"Central",0.07,0.0114105214604767
1000,"Abrupt",0.25,0.05,NA,5,"Tail",0.032,0.00787095928079926
1000,"Abrupt",0.25,0.1,NA,5,"Uniform",0,0
1000,"Abrupt",0.25,0.1,NA,5,"Central",0.072,0.0115599307956406
1000,"Abrupt",0.25,0.1,NA,5,"Tail",0.028,0.00737780455149091
1000,"Abrupt",0.25,0.2,NA,5,"Uniform",0,0
1000,"Abrupt",0.25,0.2,NA,5,"Central",0.046,0.00936845771725528
1000,"Abrupt",0.25,0.2,NA,5,"Tail",0.042,0.00897061870775924
1000,"Abrupt",0.5,0.05,NA,5,"Uniform",0,0
1000,"Abrupt",0.5,0.05,NA,5,"Central",0.058,0.0104533248299285
1000,"Abrupt",0.5,0.05,NA,5,"Tail",0.032,0.00787095928079926
1000,"Abrupt",0.5,0.1,NA,5,"Uniform",0,0
1000,"Abrupt",0.5,0.1,NA,5,"Central",0.056,0.0102824121683582
1000,"Abrupt",0.5,0.1,NA,5,"Tail",0.046,0.00936845771725528
1000,"Abrupt",0.5,0.2,NA,5,"Uniform",0,0
1000,"Abrupt",0.5,0.2,NA,5,"Central",0.05,0.00974679434480896
1000,"Abrupt",0.5,0.2,NA,5,"Tail",0.074,0.0117067501895274
1000,"Abrupt",0.75,0.05,NA,5,"Uniform",0,0
1000,"Abrupt",0.75,0.05,NA,5,"Central",0.008,0.00398396787135639
1000,"Abrupt",0.75,0.05,NA,5,"Tail",0.158,0.0163117135825762
1000,"Abrupt",0.75,0.1,NA,5,"Uniform",0,0
1000,"Abrupt",0.75,0.1,NA,5,"Central",0,0
1000,"Abrupt",0.75,0.1,NA,5,"Tail",0.516,0.0223492281745925
1000,"Abrupt",0.75,0.2,NA,5,"Uniform",0,0
1000,"Abrupt",0.75,0.2,NA,5,"Central",0,0
1000,"Abrupt",0.75,0.2,NA,5,"Tail",1,0
1000,"Mixture",0.05,0.25,NA,5,"Uniform",0,0
1000,"Mixture",0.05,0.25,NA,5,"Central",0,0
1000,"Mixture",0.05,0.25,NA,5,"Tail",1,0
1000,"Mixture",0.05,0.5,NA,5,"Uniform",0,0
1000,"Mixture",0.05,0.5,NA,5,"Central",0,0
1000,"Mixture",0.05,0.5,NA,5,"Tail",1,0
1000,"Mixture",0.05,0.75,NA,5,"Uniform",0,0
1000,"Mixture",0.05,0.75,NA,5,"Central",0,0
1000,"Mixture",0.05,0.75,NA,5,"Tail",1,0
1000,"Mixture",0.1,0.25,NA,5,"Uniform",0,0
1000,"Mixture",0.1,0.25,NA,5,"Central",0,0
1000,"Mixture",0.1,0.25,NA,5,"Tail",1,0
1000,"Mixture",0.1,0.5,NA,5,"Uniform",0,0
1000,"Mixture",0.1,0.5,NA,5,"Central",0,0
1000,"Mixture",0.1,0.5,NA,5,"Tail",1,0
1000,"Mixture",0.1,0.75,NA,5,"Uniform",0,0
1000,"Mixture",0.1,0.75,NA,5,"Central",0,0
1000,"Mixture",0.1,0.75,NA,5,"Tail",1,0
1000,"Mixture",0.2,0.25,NA,5,"Uniform",0,0
1000,"Mixture",0.2,0.25,NA,5,"Central",0,0
1000,"Mixture",0.2,0.25,NA,5,"Tail",1,0
1000,"Mixture",0.2,0.5,NA,5,"Uniform",0,0
1000,"Mixture",0.2,0.5,NA,5,"Central",0,0
1000,"Mixture",0.2,0.5,NA,5,"Tail",1,0
1000,"Mixture",0.2,0.75,NA,5,"Uniform",0,0
1000,"Mixture",0.2,0.75,NA,5,"Central",0,0
1000,"Mixture",0.2,0.75,NA,5,"Tail",1,0
1000,"Localized",0.25,0.05,0.5,8,"Uniform",0,0
1000,"Localized",0.25,0.05,0.5,8,"Central",0.034,0.00810481338464989
1000,"Localized",0.25,0.05,0.5,8,"Tail",0.042,0.00897061870775924
1000,"Localized",0.25,0.05,0.5,8,"Localized",0.04,0.00876356092008266
1000,"Localized",0.25,0.05,1,8,"Uniform",0,0
1000,"Localized",0.25,0.05,1,8,"Central",0.046,0.00936845771725528
1000,"Localized",0.25,0.05,1,8,"Tail",0.054,0.0101078187557949
1000,"Localized",0.25,0.05,1,8,"Localized",0.028,0.00737780455149091
1000,"Localized",0.25,0.05,1.5,8,"Uniform",0,0
1000,"Localized",0.25,0.05,1.5,8,"Central",0.034,0.00810481338464989
1000,"Localized",0.25,0.05,1.5,8,"Tail",0.046,0.00936845771725528
1000,"Localized",0.25,0.05,1.5,8,"Localized",0.024,0.00684455988358638
1000,"Localized",0.25,0.05,2,8,"Uniform",0,0
1000,"Localized",0.25,0.05,2,8,"Central",0.038,0.00855055553750749
1000,"Localized",0.25,0.05,2,8,"Tail",0.052,0.00992935043192655
1000,"Localized",0.25,0.05,2,8,"Localized",0.044,0.00917213170424411
1000,"Localized",0.25,0.1,0.5,8,"Uniform",0,0
1000,"Localized",0.25,0.1,0.5,8,"Central",0.05,0.00974679434480896
1000,"Localized",0.25,0.1,0.5,8,"Tail",0.056,0.0102824121683582
1000,"Localized",0.25,0.1,0.5,8,"Localized",0.058,0.0104533248299285
1000,"Localized",0.25,0.1,1,8,"Uniform",0,0
1000,"Localized",0.25,0.1,1,8,"Central",0.034,0.00810481338464989
1000,"Localized",0.25,0.1,1,8,"Tail",0.058,0.0104533248299285
1000,"Localized",0.25,0.1,1,8,"Localized",0.05,0.00974679434480896
1000,"Localized",0.25,0.1,1.5,8,"Uniform",0,0
1000,"Localized",0.25,0.1,1.5,8,"Central",0.054,0.0101078187557949
1000,"Localized",0.25,0.1,1.5,8,"Tail",0.054,0.0101078187557949
1000,"Localized",0.25,0.1,1.5,8,"Localized",0.042,0.00897061870775924
1000,"Localized",0.25,0.1,2,8,"Uniform",0,0
1000,"Localized",0.25,0.1,2,8,"Central",0.044,0.00917213170424411
1000,"Localized",0.25,0.1,2,8,"Tail",0.05,0.00974679434480896
1000,"Localized",0.25,0.1,2,8,"Localized",0.038,0.00855055553750749
1000,"Localized",0.25,0.2,0.5,8,"Uniform",0,0
1000,"Localized",0.25,0.2,0.5,8,"Central",0.052,0.00992935043192655
1000,"Localized",0.25,0.2,0.5,8,"Tail",0.042,0.00897061870775924
1000,"Localized",0.25,0.2,0.5,8,"Localized",0.048,0.00955991631762538
1000,"Localized",0.25,0.2,1,8,"Uniform",0,0
1000,"Localized",0.25,0.2,1,8,"Central",0.034,0.00810481338464989
1000,"Localized",0.25,0.2,1,8,"Tail",0.054,0.0101078187557949
1000,"Localized",0.25,0.2,1,8,"Localized",0.046,0.00936845771725528
1000,"Localized",0.25,0.2,1.5,8,"Uniform",0,0
1000,"Localized",0.25,0.2,1.5,8,"Central",0.038,0.00855055553750749
1000,"Localized",0.25,0.2,1.5,8,"Tail",0.054,0.0101078187557949
1000,"Localized",0.25,0.2,1.5,8,"Localized",0.034,0.00810481338464989
1000,"Localized",0.25,0.2,2,8,"Uniform",0,0
1000,"Localized",0.25,0.2,2,8,"Central",0.04,0.00876356092008266
1000,"Localized",0.25,0.2,2,8,"Tail",0.058,0.0104533248299285
1000,"Localized",0.25,0.2,2,8,"Localized",0.032,0.00787095928079926
1000,"Localized",0.5,0.05,0.5,8,"Uniform",0,0
1000,"Localized",0.5,0.05,0.5,8,"Central",0.042,0.00897061870775924
1000,"Localized",0.5,0.05,0.5,8,"Tail",0.054,0.0101078187557949
1000,"Localized",0.5,0.05,0.5,8,"Localized",0.052,0.00992935043192655
1000,"Localized",0.5,0.05,1,8,"Uniform",0,0
1000,"Localized",0.5,0.05,1,8,"Central",0.032,0.00787095928079926
1000,"Localized",0.5,0.05,1,8,"Tail",0.044,0.00917213170424411
1000,"Localized",0.5,0.05,1,8,"Localized",0.046,0.00936845771725528
1000,"Localized",0.5,0.05,1.5,8,"Uniform",0,0
1000,"Localized",0.5,0.05,1.5,8,"Central",0.048,0.00955991631762538
1000,"Localized",0.5,0.05,1.5,8,"Tail",0.058,0.0104533248299285
1000,"Localized",0.5,0.05,1.5,8,"Localized",0.066,0.0111035129576184
1000,"Localized",0.5,0.05,2,8,"Uniform",0,0
1000,"Localized",0.5,0.05,2,8,"Central",0.042,0.00897061870775924
1000,"Localized",0.5,0.05,2,8,"Tail",0.066,0.0111035129576184
1000,"Localized",0.5,0.05,2,8,"Localized",0.04,0.00876356092008266
1000,"Localized",0.5,0.1,0.5,8,"Uniform",0,0
1000,"Localized",0.5,0.1,0.5,8,"Central",0.026,0.00711674082709213
1000,"Localized",0.5,0.1,0.5,8,"Tail",0.072,0.0115599307956406
1000,"Localized",0.5,0.1,0.5,8,"Localized",0.054,0.0101078187557949
1000,"Localized",0.5,0.1,1,8,"Uniform",0,0
1000,"Localized",0.5,0.1,1,8,"Central",0.05,0.00974679434480896
1000,"Localized",0.5,0.1,1,8,"Tail",0.066,0.0111035129576184
1000,"Localized",0.5,0.1,1,8,"Localized",0.018,0.005945754788082
1000,"Localized",0.5,0.1,1.5,8,"Uniform",0,0
1000,"Localized",0.5,0.1,1.5,8,"Central",0.032,0.00787095928079926
1000,"Localized",0.5,0.1,1.5,8,"Tail",0.066,0.0111035129576184
1000,"Localized",0.5,0.1,1.5,8,"Localized",0.05,0.00974679434480896
1000,"Localized",0.5,0.1,2,8,"Uniform",0,0
1000,"Localized",0.5,0.1,2,8,"Central",0.018,0.005945754788082
1000,"Localized",0.5,0.1,2,8,"Tail",0.054,0.0101078187557949
1000,"Localized",0.5,0.1,2,8,"Localized",0.044,0.00917213170424411
1000,"Localized",0.5,0.2,0.5,8,"Uniform",0,0
1000,"Localized",0.5,0.2,0.5,8,"Central",0.054,0.0101078187557949
1000,"Localized",0.5,0.2,0.5,8,"Tail",0.074,0.0117067501895274
1000,"Localized",0.5,0.2,0.5,8,"Localized",0.016,0.00561141693336006
1000,"Localized",0.5,0.2,1,8,"Uniform",0,0
1000,"Localized",0.5,0.2,1,8,"Central",0.04,0.00876356092008266
1000,"Localized",0.5,0.2,1,8,"Tail",0.058,0.0104533248299285
1000,"Localized",0.5,0.2,1,8,"Localized",0.024,0.00684455988358638
1000,"Localized",0.5,0.2,1.5,8,"Uniform",0,0
1000,"Localized",0.5,0.2,1.5,8,"Central",0.024,0.00684455988358638
1000,"Localized",0.5,0.2,1.5,8,"Tail",0.07,0.0114105214604767
1000,"Localized",0.5,0.2,1.5,8,"Localized",0.024,0.00684455988358638
1000,"Localized",0.5,0.2,2,8,"Uniform",0,0
1000,"Localized",0.5,0.2,2,8,"Central",0.026,0.00711674082709213
1000,"Localized",0.5,0.2,2,8,"Tail",0.064,0.0109456840809517
1000,"Localized",0.5,0.2,2,8,"Localized",0.034,0.00810481338464989
1000,"Localized",0.75,0.05,0.5,8,"Uniform",0,0
1000,"Localized",0.75,0.05,0.5,8,"Central",0.04,0.00876356092008266
1000,"Localized",0.75,0.05,0.5,8,"Tail",0.04,0.00876356092008266
1000,"Localized",0.75,0.05,0.5,8,"Localized",0.044,0.00917213170424411
1000,"Localized",0.75,0.05,1,8,"Uniform",0,0
1000,"Localized",0.75,0.05,1,8,"Central",0.056,0.0102824121683582
1000,"Localized",0.75,0.05,1,8,"Tail",0.064,0.0109456840809517
1000,"Localized",0.75,0.05,1,8,"Localized",0.038,0.00855055553750749
1000,"Localized",0.75,0.05,1.5,8,"Uniform",0,0
1000,"Localized",0.75,0.05,1.5,8,"Central",0.048,0.00955991631762538
1000,"Localized",0.75,0.05,1.5,8,"Tail",0.074,0.0117067501895274
1000,"Localized",0.75,0.05,1.5,8,"Localized",0.02,0.00626099033699941
1000,"Localized",0.75,0.05,2,8,"Uniform",0,0
1000,"Localized",0.75,0.05,2,8,"Central",0.044,0.00917213170424411
1000,"Localized",0.75,0.05,2,8,"Tail",0.062,0.0107848041243223
1000,"Localized",0.75,0.05,2,8,"Localized",0.042,0.00897061870775924
1000,"Localized",0.75,0.1,0.5,8,"Uniform",0,0
1000,"Localized",0.75,0.1,0.5,8,"Central",0.034,0.00810481338464989
1000,"Localized",0.75,0.1,0.5,8,"Tail",0.076,0.0118510759005248
1000,"Localized",0.75,0.1,0.5,8,"Localized",0.024,0.00684455988358638
1000,"Localized",0.75,0.1,1,8,"Uniform",0,0
1000,"Localized",0.75,0.1,1,8,"Central",0.054,0.0101078187557949
1000,"Localized",0.75,0.1,1,8,"Tail",0.042,0.00897061870775924
1000,"Localized",0.75,0.1,1,8,"Localized",0.02,0.00626099033699941
1000,"Localized",0.75,0.1,1.5,8,"Uniform",0,0
1000,"Localized",0.75,0.1,1.5,8,"Central",0.054,0.0101078187557949
1000,"Localized",0.75,0.1,1.5,8,"Tail",0.06,0.0106207344378814
1000,"Localized",0.75,0.1,1.5,8,"Localized",0.016,0.00561141693336006
1000,"Localized",0.75,0.1,2,8,"Uniform",0,0
1000,"Localized",0.75,0.1,2,8,"Central",0.042,0.00897061870775924
1000,"Localized",0.75,0.1,2,8,"Tail",0.056,0.0102824121683582
1000,"Localized",0.75,0.1,2,8,"Localized",0.016,0.00561141693336006
1000,"Localized",0.75,0.2,0.5,8,"Uniform",0,0
1000,"Localized",0.75,0.2,0.5,8,"Central",0.038,0.00855055553750749
1000,"Localized",0.75,0.2,0.5,8,"Tail",0.062,0.0107848041243223
1000,"Localized",0.75,0.2,0.5,8,"Localized",0.044,0.00917213170424411
1000,"Localized",0.75,0.2,1,8,"Uniform",0,0
1000,"Localized",0.75,0.2,1,8,"Central",0.03,0.00762889244910426
1000,"Localized",0.75,0.2,1,8,"Tail",0.056,0.0102824121683582
1000,"Localized",0.75,0.2,1,8,"Localized",0.032,0.00787095928079926
1000,"Localized",0.75,0.2,1.5,8,"Uniform",0,0
1000,"Localized",0.75,0.2,1.5,8,"Central",0.054,0.0101078187557949
1000,"Localized",0.75,0.2,1.5,8,"Tail",0.064,0.0109456840809517
1000,"Localized",0.75,0.2,1.5,8,"Localized",0.04,0.00876356092008266
1000,"Localized",0.75,0.2,2,8,"Uniform",0,0
1000,"Localized",0.75,0.2,2,8,"Central",0.042,0.00897061870775924
1000,"Localized",0.75,0.2,2,8,"Tail",0.054,0.0101078187557949
1000,"Localized",0.75,0.2,2,8,"Localized",0.022,0.00655987804764692
1000,"Oscillatory",1,0.5,NA,8,"Uniform",0,0
1000,"Oscillatory",1,0.5,NA,8,"Central",0.04,0.00876356092008266
1000,"Oscillatory",1,0.5,NA,8,"Tail",0.05,0.00974679434480896
1000,"Oscillatory",1,1,NA,8,"Uniform",0,0
1000,"Oscillatory",1,1,NA,8,"Central",0.048,0.00955991631762538
1000,"Oscillatory",1,1,NA,8,"Tail",0.05,0.00974679434480896
1000,"Oscillatory",1,1.5,NA,8,"Uniform",0,0
1000,"Oscillatory",1,1.5,NA,8,"Central",0.04,0.00876356092008266
1000,"Oscillatory",1,1.5,NA,8,"Tail",0.046,0.00936845771725528
1000,"Oscillatory",1,2,NA,8,"Uniform",0,0
1000,"Oscillatory",1,2,NA,8,"Central",0.046,0.00936845771725528
1000,"Oscillatory",1,2,NA,8,"Tail",0.046,0.00936845771725528
1000,"Oscillatory",2,0.5,NA,8,"Uniform",0,0
1000,"Oscillatory",2,0.5,NA,8,"Central",0.056,0.0102824121683582
1000,"Oscillatory",2,0.5,NA,8,"Tail",0.05,0.00974679434480896
1000,"Oscillatory",2,1,NA,8,"Uniform",0,0
1000,"Oscillatory",2,1,NA,8,"Central",0.034,0.00810481338464989
1000,"Oscillatory",2,1,NA,8,"Tail",0.052,0.00992935043192655
1000,"Oscillatory",2,1.5,NA,8,"Uniform",0,0
1000,"Oscillatory",2,1.5,NA,8,"Central",0.03,0.00762889244910426
1000,"Oscillatory",2,1.5,NA,8,"Tail",0.054,0.0101078187557949
1000,"Oscillatory",2,2,NA,8,"Uniform",0,0
1000,"Oscillatory",2,2,NA,8,"Central",0.034,0.00810481338464989
1000,"Oscillatory",2,2,NA,8,"Tail",0.054,0.0101078187557949
1000,"Oscillatory",4,0.5,NA,8,"Uniform",0,0
1000,"Oscillatory",4,0.5,NA,8,"Central",0.03,0.00762889244910426
1000,"Oscillatory",4,0.5,NA,8,"Tail",0.072,0.0115599307956406
1000,"Oscillatory",4,1,NA,8,"Uniform",0,0
1000,"Oscillatory",4,1,NA,8,"Central",0.036,0.0083311463797007
1000,"Oscillatory",4,1,NA,8,"Tail",0.048,0.00955991631762538
1000,"Oscillatory",4,1.5,NA,8,"Uniform",0,0
1000,"Oscillatory",4,1.5,NA,8,"Central",0.052,0.00992935043192655
1000,"Oscillatory",4,1.5,NA,8,"Tail",0.06,0.0106207344378814
1000,"Oscillatory",4,2,NA,8,"Uniform",0,0
1000,"Oscillatory",4,2,NA,8,"Central",0.036,0.0083311463797007
1000,"Oscillatory",4,2,NA,8,"Tail",0.072,0.0115599307956406
1000,"Oscillatory",8,0.5,NA,8,"Uniform",0,0
1000,"Oscillatory",8,0.5,NA,8,"Central",0.048,0.00955991631762538
1000,"Oscillatory",8,0.5,NA,8,"Tail",0.056,0.0102824121683582
1000,"Oscillatory",8,1,NA,8,"Uniform",0,0
1000,"Oscillatory",8,1,NA,8,"Central",0.042,0.00897061870775924
1000,"Oscillatory",8,1,NA,8,"Tail",0.088,0.0126693330526907
1000,"Oscillatory",8,1.5,NA,8,"Uniform",0,0
1000,"Oscillatory",8,1.5,NA,8,"Central",0.03,0.00762889244910426
1000,"Oscillatory",8,1.5,NA,8,"Tail",0.094,0.0130509769749241
1000,"Oscillatory",8,2,NA,8,"Uniform",0,0
1000,"Oscillatory",8,2,NA,8,"Central",0.03,0.00762889244910426
1000,"Oscillatory",8,2,NA,8,"Tail",0.078,0.0119929979571415
1000,"Abrupt",0.25,0.05,NA,8,"Uniform",0,0
1000,"Abrupt",0.25,0.05,NA,8,"Central",0.066,0.0111035129576184
1000,"Abrupt",0.25,0.05,NA,8,"Tail",0.046,0.00936845771725528
1000,"Abrupt",0.25,0.1,NA,8,"Uniform",0,0
1000,"Abrupt",0.25,0.1,NA,8,"Central",0.036,0.0083311463797007
1000,"Abrupt",0.25,0.1,NA,8,"Tail",0.056,0.0102824121683582
1000,"Abrupt",0.25,0.2,NA,8,"Uniform",0,0
1000,"Abrupt",0.25,0.2,NA,8,"Central",0.044,0.00917213170424411
1000,"Abrupt",0.25,0.2,NA,8,"Tail",0.05,0.00974679434480896
1000,"Abrupt",0.5,0.05,NA,8,"Uniform",0,0
1000,"Abrupt",0.5,0.05,NA,8,"Central",0.048,0.00955991631762538
1000,"Abrupt",0.5,0.05,NA,8,"Tail",0.06,0.0106207344378814
1000,"Abrupt",0.5,0.1,NA,8,"Uniform",0,0
1000,"Abrupt",0.5,0.1,NA,8,"Central",0.04,0.00876356092008266
1000,"Abrupt",0.5,0.1,NA,8,"Tail",0.058,0.0104533248299285
1000,"Abrupt",0.5,0.2,NA,8,"Uniform",0,0
1000,"Abrupt",0.5,0.2,NA,8,"Central",0.054,0.0101078187557949
1000,"Abrupt",0.5,0.2,NA,8,"Tail",0.064,0.0109456840809517
1000,"Abrupt",0.75,0.05,NA,8,"Uniform",0,0
1000,"Abrupt",0.75,0.05,NA,8,"Central",0.008,0.00398396787135639
1000,"Abrupt",0.75,0.05,NA,8,"Tail",0.174,0.0169542914921267
1000,"Abrupt",0.75,0.1,NA,8,"Uniform",0,0
1000,"Abrupt",0.75,0.1,NA,8,"Central",0,0
1000,"Abrupt",0.75,0.1,NA,8,"Tail",0.6,0.0219089023002066
1000,"Abrupt",0.75,0.2,NA,8,"Uniform",0,0
1000,"Abrupt",0.75,0.2,NA,8,"Central",0,0
1000,"Abrupt",0.75,0.2,NA,8,"Tail",1,0
1000,"Mixture",0.05,0.25,NA,8,"Uniform",0,0
1000,"Mixture",0.05,0.25,NA,8,"Central",0,0
1000,"Mixture",0.05,0.25,NA,8,"Tail",1,0
1000,"Mixture",0.05,0.5,NA,8,"Uniform",0,0
1000,"Mixture",0.05,0.5,NA,8,"Central",0,0
1000,"Mixture",0.05,0.5,NA,8,"Tail",1,0
1000,"Mixture",0.05,0.75,NA,8,"Uniform",0,0
1000,"Mixture",0.05,0.75,NA,8,"Central",0,0
1000,"Mixture",0.05,0.75,NA,8,"Tail",1,0
1000,"Mixture",0.1,0.25,NA,8,"Uniform",0,0
1000,"Mixture",0.1,0.25,NA,8,"Central",0,0
1000,"Mixture",0.1,0.25,NA,8,"Tail",1,0
1000,"Mixture",0.1,0.5,NA,8,"Uniform",0,0
1000,"Mixture",0.1,0.5,NA,8,"Central",0,0
1000,"Mixture",0.1,0.5,NA,8,"Tail",1,0
1000,"Mixture",0.1,0.75,NA,8,"Uniform",0,0
1000,"Mixture",0.1,0.75,NA,8,"Central",0,0
1000,"Mixture",0.1,0.75,NA,8,"Tail",1,0
1000,"Mixture",0.2,0.25,NA,8,"Uniform",0,0
1000,"Mixture",0.2,0.25,NA,8,"Central",0,0
1000,"Mixture",0.2,0.25,NA,8,"Tail",1,0
1000,"Mixture",0.2,0.5,NA,8,"Uniform",0,0
1000,"Mixture",0.2,0.5,NA,8,"Central",0,0
1000,"Mixture",0.2,0.5,NA,8,"Tail",1,0
1000,"Mixture",0.2,0.75,NA,8,"Uniform",0,0
1000,"Mixture",0.2,0.75,NA,8,"Central",0,0
1000,"Mixture",0.2,0.75,NA,8,"Tail",1,0
1000,"Localized",0.25,0.05,0.5,10,"Uniform",0,0
1000,"Localized",0.25,0.05,0.5,10,"Central",0.042,0.00897061870775924
1000,"Localized",0.25,0.05,0.5,10,"Tail",0.05,0.00974679434480896
1000,"Localized",0.25,0.05,0.5,10,"Localized",0.018,0.005945754788082
1000,"Localized",0.25,0.05,1,10,"Uniform",0,0
1000,"Localized",0.25,0.05,1,10,"Central",0.062,0.0107848041243223
1000,"Localized",0.25,0.05,1,10,"Tail",0.052,0.00992935043192655
1000,"Localized",0.25,0.05,1,10,"Localized",0.028,0.00737780455149091
1000,"Localized",0.25,0.05,1.5,10,"Uniform",0,0
1000,"Localized",0.25,0.05,1.5,10,"Central",0.052,0.00992935043192655
1000,"Localized",0.25,0.05,1.5,10,"Tail",0.062,0.0107848041243223
1000,"Localized",0.25,0.05,1.5,10,"Localized",0.026,0.00711674082709213
1000,"Localized",0.25,0.05,2,10,"Uniform",0,0
1000,"Localized",0.25,0.05,2,10,"Central",0.03,0.00762889244910426
1000,"Localized",0.25,0.05,2,10,"Tail",0.044,0.00917213170424411
1000,"Localized",0.25,0.05,2,10,"Localized",0.018,0.005945754788082
1000,"Localized",0.25,0.1,0.5,10,"Uniform",0,0
1000,"Localized",0.25,0.1,0.5,10,"Central",0.044,0.00917213170424411
1000,"Localized",0.25,0.1,0.5,10,"Tail",0.056,0.0102824121683582
1000,"Localized",0.25,0.1,0.5,10,"Localized",0.044,0.00917213170424411
1000,"Localized",0.25,0.1,1,10,"Uniform",0,0
1000,"Localized",0.25,0.1,1,10,"Central",0.036,0.0083311463797007
1000,"Localized",0.25,0.1,1,10,"Tail",0.058,0.0104533248299285
1000,"Localized",0.25,0.1,1,10,"Localized",0.058,0.0104533248299285
1000,"Localized",0.25,0.1,1.5,10,"Uniform",0,0
1000,"Localized",0.25,0.1,1.5,10,"Central",0.034,0.00810481338464989
1000,"Localized",0.25,0.1,1.5,10,"Tail",0.062,0.0107848041243223
1000,"Localized",0.25,0.1,1.5,10,"Localized",0.036,0.0083311463797007
1000,"Localized",0.25,0.1,2,10,"Uniform",0,0
1000,"Localized",0.25,0.1,2,10,"Central",0.034,0.00810481338464989
1000,"Localized",0.25,0.1,2,10,"Tail",0.06,0.0106207344378814
1000,"Localized",0.25,0.1,2,10,"Localized",0.04,0.00876356092008266
1000,"Localized",0.25,0.2,0.5,10,"Uniform",0,0
1000,"Localized",0.25,0.2,0.5,10,"Central",0.044,0.00917213170424411
1000,"Localized",0.25,0.2,0.5,10,"Tail",0.058,0.0104533248299285
1000,"Localized",0.25,0.2,0.5,10,"Localized",0.048,0.00955991631762538
1000,"Localized",0.25,0.2,1,10,"Uniform",0,0
1000,"Localized",0.25,0.2,1,10,"Central",0.054,0.0101078187557949
1000,"Localized",0.25,0.2,1,10,"Tail",0.044,0.00917213170424411
1000,"Localized",0.25,0.2,1,10,"Localized",0.036,0.0083311463797007
1000,"Localized",0.25,0.2,1.5,10,"Uniform",0,0
1000,"Localized",0.25,0.2,1.5,10,"Central",0.048,0.00955991631762538
1000,"Localized",0.25,0.2,1.5,10,"Tail",0.064,0.0109456840809517
1000,"Localized",0.25,0.2,1.5,10,"Localized",0.046,0.00936845771725528
1000,"Localized",0.25,0.2,2,10,"Uniform",0,0
1000,"Localized",0.25,0.2,2,10,"Central",0.038,0.00855055553750749
1000,"Localized",0.25,0.2,2,10,"Tail",0.058,0.0104533248299285
1000,"Localized",0.25,0.2,2,10,"Localized",0.03,0.00762889244910426
1000,"Localized",0.5,0.05,0.5,10,"Uniform",0,0
1000,"Localized",0.5,0.05,0.5,10,"Central",0.05,0.00974679434480896
1000,"Localized",0.5,0.05,0.5,10,"Tail",0.054,0.0101078187557949
1000,"Localized",0.5,0.05,0.5,10,"Localized",0.046,0.00936845771725528
1000,"Localized",0.5,0.05,1,10,"Uniform",0,0
1000,"Localized",0.5,0.05,1,10,"Central",0.032,0.00787095928079926
1000,"Localized",0.5,0.05,1,10,"Tail",0.058,0.0104533248299285
1000,"Localized",0.5,0.05,1,10,"Localized",0.038,0.00855055553750749
1000,"Localized",0.5,0.05,1.5,10,"Uniform",0,0
1000,"Localized",0.5,0.05,1.5,10,"Central",0.044,0.00917213170424411
1000,"Localized",0.5,0.05,1.5,10,"Tail",0.07,0.0114105214604767
1000,"Localized",0.5,0.05,1.5,10,"Localized",0.05,0.00974679434480896
1000,"Localized",0.5,0.05,2,10,"Uniform",0,0
1000,"Localized",0.5,0.05,2,10,"Central",0.038,0.00855055553750749
1000,"Localized",0.5,0.05,2,10,"Tail",0.062,0.0107848041243223
1000,"Localized",0.5,0.05,2,10,"Localized",0.03,0.00762889244910426
1000,"Localized",0.5,0.1,0.5,10,"Uniform",0,0
1000,"Localized",0.5,0.1,0.5,10,"Central",0.038,0.00855055553750749
1000,"Localized",0.5,0.1,0.5,10,"Tail",0.058,0.0104533248299285
1000,"Localized",0.5,0.1,0.5,10,"Localized",0.034,0.00810481338464989
1000,"Localized",0.5,0.1,1,10,"Uniform",0,0
1000,"Localized",0.5,0.1,1,10,"Central",0.04,0.00876356092008266
1000,"Localized",0.5,0.1,1,10,"Tail",0.058,0.0104533248299285
1000,"Localized",0.5,0.1,1,10,"Localized",0.036,0.0083311463797007
1000,"Localized",0.5,0.1,1.5,10,"Uniform",0,0
1000,"Localized",0.5,0.1,1.5,10,"Central",0.046,0.00936845771725528
1000,"Localized",0.5,0.1,1.5,10,"Tail",0.072,0.0115599307956406
1000,"Localized",0.5,0.1,1.5,10,"Localized",0.04,0.00876356092008266
1000,"Localized",0.5,0.1,2,10,"Uniform",0,0
1000,"Localized",0.5,0.1,2,10,"Central",0.026,0.00711674082709213
1000,"Localized",0.5,0.1,2,10,"Tail",0.084,0.0124051602166195
1000,"Localized",0.5,0.1,2,10,"Localized",0.028,0.00737780455149091
1000,"Localized",0.5,0.2,0.5,10,"Uniform",0,0
1000,"Localized",0.5,0.2,0.5,10,"Central",0.022,0.00655987804764692
1000,"Localized",0.5,0.2,0.5,10,"Tail",0.078,0.0119929979571415
1000,"Localized",0.5,0.2,0.5,10,"Localized",0.062,0.0107848041243223
1000,"Localized",0.5,0.2,1,10,"Uniform",0,0
1000,"Localized",0.5,0.2,1,10,"Central",0.036,0.0083311463797007
1000,"Localized",0.5,0.2,1,10,"Tail",0.072,0.0115599307956406
1000,"Localized",0.5,0.2,1,10,"Localized",0.034,0.00810481338464989
1000,"Localized",0.5,0.2,1.5,10,"Uniform",0,0
1000,"Localized",0.5,0.2,1.5,10,"Central",0.038,0.00855055553750749
1000,"Localized",0.5,0.2,1.5,10,"Tail",0.068,0.0112584190719657
1000,"Localized",0.5,0.2,1.5,10,"Localized",0.05,0.00974679434480896
1000,"Localized",0.5,0.2,2,10,"Uniform",0,0
1000,"Localized",0.5,0.2,2,10,"Central",0.028,0.00737780455149091
1000,"Localized",0.5,0.2,2,10,"Tail",0.076,0.0118510759005248
1000,"Localized",0.5,0.2,2,10,"Localized",0.052,0.00992935043192655
1000,"Localized",0.75,0.05,0.5,10,"Uniform",0,0
1000,"Localized",0.75,0.05,0.5,10,"Central",0.022,0.00655987804764692
1000,"Localized",0.75,0.05,0.5,10,"Tail",0.066,0.0111035129576184
1000,"Localized",0.75,0.05,0.5,10,"Localized",0.056,0.0102824121683582
1000,"Localized",0.75,0.05,1,10,"Uniform",0,0
1000,"Localized",0.75,0.05,1,10,"Central",0.046,0.00936845771725528
1000,"Localized",0.75,0.05,1,10,"Tail",0.062,0.0107848041243223
1000,"Localized",0.75,0.05,1,10,"Localized",0.034,0.00810481338464989
1000,"Localized",0.75,0.05,1.5,10,"Uniform",0,0
1000,"Localized",0.75,0.05,1.5,10,"Central",0.042,0.00897061870775924
1000,"Localized",0.75,0.05,1.5,10,"Tail",0.05,0.00974679434480896
1000,"Localized",0.75,0.05,1.5,10,"Localized",0.034,0.00810481338464989
1000,"Localized",0.75,0.05,2,10,"Uniform",0,0
1000,"Localized",0.75,0.05,2,10,"Central",0.04,0.00876356092008266
1000,"Localized",0.75,0.05,2,10,"Tail",0.056,0.0102824121683582
1000,"Localized",0.75,0.05,2,10,"Localized",0.052,0.00992935043192655
1000,"Localized",0.75,0.1,0.5,10,"Uniform",0,0
1000,"Localized",0.75,0.1,0.5,10,"Central",0.044,0.00917213170424411
1000,"Localized",0.75,0.1,0.5,10,"Tail",0.068,0.0112584190719657
1000,"Localized",0.75,0.1,0.5,10,"Localized",0.056,0.0102824121683582
1000,"Localized",0.75,0.1,1,10,"Uniform",0,0
1000,"Localized",0.75,0.1,1,10,"Central",0.042,0.00897061870775924
1000,"Localized",0.75,0.1,1,10,"Tail",0.046,0.00936845771725528
1000,"Localized",0.75,0.1,1,10,"Localized",0.04,0.00876356092008266
1000,"Localized",0.75,0.1,1.5,10,"Uniform",0,0
1000,"Localized",0.75,0.1,1.5,10,"Central",0.048,0.00955991631762538
1000,"Localized",0.75,0.1,1.5,10,"Tail",0.068,0.0112584190719657
1000,"Localized",0.75,0.1,1.5,10,"Localized",0.034,0.00810481338464989
1000,"Localized",0.75,0.1,2,10,"Uniform",0,0
1000,"Localized",0.75,0.1,2,10,"Central",0.038,0.00855055553750749
1000,"Localized",0.75,0.1,2,10,"Tail",0.04,0.00876356092008266
1000,"Localized",0.75,0.1,2,10,"Localized",0.04,0.00876356092008266
1000,"Localized",0.75,0.2,0.5,10,"Uniform",0,0
1000,"Localized",0.75,0.2,0.5,10,"Central",0.046,0.00936845771725528
1000,"Localized",0.75,0.2,0.5,10,"Tail",0.052,0.00992935043192655
1000,"Localized",0.75,0.2,0.5,10,"Localized",0.048,0.00955991631762538
1000,"Localized",0.75,0.2,1,10,"Uniform",0,0
1000,"Localized",0.75,0.2,1,10,"Central",0.026,0.00711674082709213
1000,"Localized",0.75,0.2,1,10,"Tail",0.058,0.0104533248299285
1000,"Localized",0.75,0.2,1,10,"Localized",0.032,0.00787095928079926
1000,"Localized",0.75,0.2,1.5,10,"Uniform",0,0
1000,"Localized",0.75,0.2,1.5,10,"Central",0.03,0.00762889244910426
1000,"Localized",0.75,0.2,1.5,10,"Tail",0.056,0.0102824121683582
1000,"Localized",0.75,0.2,1.5,10,"Localized",0.034,0.00810481338464989
1000,"Localized",0.75,0.2,2,10,"Uniform",0,0
1000,"Localized",0.75,0.2,2,10,"Central",0.046,0.00936845771725528
1000,"Localized",0.75,0.2,2,10,"Tail",0.06,0.0106207344378814
1000,"Localized",0.75,0.2,2,10,"Localized",0.034,0.00810481338464989
1000,"Oscillatory",1,0.5,NA,10,"Uniform",0,0
1000,"Oscillatory",1,0.5,NA,10,"Central",0.056,0.0102824121683582
1000,"Oscillatory",1,0.5,NA,10,"Tail",0.06,0.0106207344378814
1000,"Oscillatory",1,1,NA,10,"Uniform",0,0
1000,"Oscillatory",1,1,NA,10,"Central",0.044,0.00917213170424411
1000,"Oscillatory",1,1,NA,10,"Tail",0.05,0.00974679434480896
1000,"Oscillatory",1,1.5,NA,10,"Uniform",0,0
1000,"Oscillatory",1,1.5,NA,10,"Central",0.032,0.00787095928079926
1000,"Oscillatory",1,1.5,NA,10,"Tail",0.058,0.0104533248299285
1000,"Oscillatory",1,2,NA,10,"Uniform",0,0
1000,"Oscillatory",1,2,NA,10,"Central",0.046,0.00936845771725528
1000,"Oscillatory",1,2,NA,10,"Tail",0.064,0.0109456840809517
1000,"Oscillatory",2,0.5,NA,10,"Uniform",0,0
1000,"Oscillatory",2,0.5,NA,10,"Central",0.034,0.00810481338464989
1000,"Oscillatory",2,0.5,NA,10,"Tail",0.052,0.00992935043192655
1000,"Oscillatory",2,1,NA,10,"Uniform",0,0
1000,"Oscillatory",2,1,NA,10,"Central",0.054,0.0101078187557949
1000,"Oscillatory",2,1,NA,10,"Tail",0.078,0.0119929979571415
1000,"Oscillatory",2,1.5,NA,10,"Uniform",0,0
1000,"Oscillatory",2,1.5,NA,10,"Central",0.036,0.0083311463797007
1000,"Oscillatory",2,1.5,NA,10,"Tail",0.072,0.0115599307956406
1000,"Oscillatory",2,2,NA,10,"Uniform",0,0
1000,"Oscillatory",2,2,NA,10,"Central",0.054,0.0101078187557949
1000,"Oscillatory",2,2,NA,10,"Tail",0.062,0.0107848041243223
1000,"Oscillatory",4,0.5,NA,10,"Uniform",0,0
1000,"Oscillatory",4,0.5,NA,10,"Central",0.052,0.00992935043192655
1000,"Oscillatory",4,0.5,NA,10,"Tail",0.046,0.00936845771725528
1000,"Oscillatory",4,1,NA,10,"Uniform",0,0
1000,"Oscillatory",4,1,NA,10,"Central",0.048,0.00955991631762538
1000,"Oscillatory",4,1,NA,10,"Tail",0.054,0.0101078187557949
1000,"Oscillatory",4,1.5,NA,10,"Uniform",0,0
1000,"Oscillatory",4,1.5,NA,10,"Central",0.036,0.0083311463797007
1000,"Oscillatory",4,1.5,NA,10,"Tail",0.052,0.00992935043192655
1000,"Oscillatory",4,2,NA,10,"Uniform",0,0
1000,"Oscillatory",4,2,NA,10,"Central",0.032,0.00787095928079926
1000,"Oscillatory",4,2,NA,10,"Tail",0.058,0.0104533248299285
1000,"Oscillatory",8,0.5,NA,10,"Uniform",0,0
1000,"Oscillatory",8,0.5,NA,10,"Central",0.038,0.00855055553750749
1000,"Oscillatory",8,0.5,NA,10,"Tail",0.068,0.0112584190719657
1000,"Oscillatory",8,1,NA,10,"Uniform",0,0
1000,"Oscillatory",8,1,NA,10,"Central",0.03,0.00762889244910426
1000,"Oscillatory",8,1,NA,10,"Tail",0.066,0.0111035129576184
1000,"Oscillatory",8,1.5,NA,10,"Uniform",0,0
1000,"Oscillatory",8,1.5,NA,10,"Central",0.036,0.0083311463797007
1000,"Oscillatory",8,1.5,NA,10,"Tail",0.08,0.0121326007104825
1000,"Oscillatory",8,2,NA,10,"Uniform",0,0
1000,"Oscillatory",8,2,NA,10,"Central",0.044,0.00917213170424411
1000,"Oscillatory",8,2,NA,10,"Tail",0.092,0.01292563344676
1000,"Abrupt",0.25,0.05,NA,10,"Uniform",0,0
1000,"Abrupt",0.25,0.05,NA,10,"Central",0.056,0.0102824121683582
1000,"Abrupt",0.25,0.05,NA,10,"Tail",0.044,0.00917213170424411
1000,"Abrupt",0.25,0.1,NA,10,"Uniform",0,0
1000,"Abrupt",0.25,0.1,NA,10,"Central",0.044,0.00917213170424411
1000,"Abrupt",0.25,0.1,NA,10,"Tail",0.05,0.00974679434480896
1000,"Abrupt",0.25,0.2,NA,10,"Uniform",0,0
1000,"Abrupt",0.25,0.2,NA,10,"Central",0.038,0.00855055553750749
1000,"Abrupt",0.25,0.2,NA,10,"Tail",0.076,0.0118510759005248
1000,"Abrupt",0.5,0.05,NA,10,"Uniform",0,0
1000,"Abrupt",0.5,0.05,NA,10,"Central",0.052,0.00992935043192655
1000,"Abrupt",0.5,0.05,NA,10,"Tail",0.062,0.0107848041243223
1000,"Abrupt",0.5,0.1,NA,10,"Uniform",0,0
1000,"Abrupt",0.5,0.1,NA,10,"Central",0.056,0.0102824121683582
1000,"Abrupt",0.5,0.1,NA,10,"Tail",0.058,0.0104533248299285
1000,"Abrupt",0.5,0.2,NA,10,"Uniform",0,0
1000,"Abrupt",0.5,0.2,NA,10,"Central",0.07,0.0114105214604767
1000,"Abrupt",0.5,0.2,NA,10,"Tail",0.09,0.0127984374046209
1000,"Abrupt",0.75,0.05,NA,10,"Uniform",0,0
1000,"Abrupt",0.75,0.05,NA,10,"Central",0.012,0.00486949689393062
1000,"Abrupt",0.75,0.05,NA,10,"Tail",0.14,0.0155177317930167
1000,"Abrupt",0.75,0.1,NA,10,"Uniform",0,0
1000,"Abrupt",0.75,0.1,NA,10,"Central",0,0
1000,"Abrupt",0.75,0.1,NA,10,"Tail",0.568,0.0221529230576915
1000,"Abrupt",0.75,0.2,NA,10,"Uniform",0,0
1000,"Abrupt",0.75,0.2,NA,10,"Central",0,0
1000,"Abrupt",0.75,0.2,NA,10,"Tail",1,0
1000,"Mixture",0.05,0.25,NA,10,"Uniform",0,0
1000,"Mixture",0.05,0.25,NA,10,"Central",0,0
1000,"Mixture",0.05,0.25,NA,10,"Tail",1,0
1000,"Mixture",0.05,0.5,NA,10,"Uniform",0,0
1000,"Mixture",0.05,0.5,NA,10,"Central",0,0
1000,"Mixture",0.05,0.5,NA,10,"Tail",1,0
1000,"Mixture",0.05,0.75,NA,10,"Uniform",0,0
1000,"Mixture",0.05,0.75,NA,10,"Central",0,0
1000,"Mixture",0.05,0.75,NA,10,"Tail",1,0
1000,"Mixture",0.1,0.25,NA,10,"Uniform",0,0
1000,"Mixture",0.1,0.25,NA,10,"Central",0,0
1000,"Mixture",0.1,0.25,NA,10,"Tail",1,0
1000,"Mixture",0.1,0.5,NA,10,"Uniform",0,0
1000,"Mixture",0.1,0.5,NA,10,"Central",0,0
1000,"Mixture",0.1,0.5,NA,10,"Tail",1,0
1000,"Mixture",0.1,0.75,NA,10,"Uniform",0,0
1000,"Mixture",0.1,0.75,NA,10,"Central",0,0
1000,"Mixture",0.1,0.75,NA,10,"Tail",1,0
1000,"Mixture",0.2,0.25,NA,10,"Uniform",0,0
1000,"Mixture",0.2,0.25,NA,10,"Central",0,0
1000,"Mixture",0.2,0.25,NA,10,"Tail",1,0
1000,"Mixture",0.2,0.5,NA,10,"Uniform",0,0
1000,"Mixture",0.2,0.5,NA,10,"Central",0,0
1000,"Mixture",0.2,0.5,NA,10,"Tail",1,0
1000,"Mixture",0.2,0.75,NA,10,"Uniform",0,0
1000,"Mixture",0.2,0.75,NA,10,"Central",0,0
1000,"Mixture",0.2,0.75,NA,10,"Tail",1,0
1000,"Localized",0.25,0.05,0.5,15,"Uniform",0,0
1000,"Localized",0.25,0.05,0.5,15,"Central",0.066,0.0111035129576184
1000,"Localized",0.25,0.05,0.5,15,"Tail",0.056,0.0102824121683582
1000,"Localized",0.25,0.05,0.5,15,"Localized",0.044,0.00917213170424411
1000,"Localized",0.25,0.05,1,15,"Uniform",0,0
1000,"Localized",0.25,0.05,1,15,"Central",0.072,0.0115599307956406
1000,"Localized",0.25,0.05,1,15,"Tail",0.046,0.00936845771725528
1000,"Localized",0.25,0.05,1,15,"Localized",0.038,0.00855055553750749
1000,"Localized",0.25,0.05,1.5,15,"Uniform",0,0
1000,"Localized",0.25,0.05,1.5,15,"Central",0.064,0.0109456840809517
1000,"Localized",0.25,0.05,1.5,15,"Tail",0.042,0.00897061870775924
1000,"Localized",0.25,0.05,1.5,15,"Localized",0.046,0.00936845771725528
1000,"Localized",0.25,0.05,2,15,"Uniform",0,0
1000,"Localized",0.25,0.05,2,15,"Central",0.088,0.0126693330526907
1000,"Localized",0.25,0.05,2,15,"Tail",0.046,0.00936845771725528
1000,"Localized",0.25,0.05,2,15,"Localized",0.042,0.00897061870775924
1000,"Localized",0.25,0.1,0.5,15,"Uniform",0,0
1000,"Localized",0.25,0.1,0.5,15,"Central",0.1,0.0134164078649987
1000,"Localized",0.25,0.1,0.5,15,"Tail",0.054,0.0101078187557949
1000,"Localized",0.25,0.1,0.5,15,"Localized",0.042,0.00897061870775924
1000,"Localized",0.25,0.1,1,15,"Uniform",0,0
1000,"Localized",0.25,0.1,1,15,"Central",0.064,0.0109456840809517
1000,"Localized",0.25,0.1,1,15,"Tail",0.06,0.0106207344378814
1000,"Localized",0.25,0.1,1,15,"Localized",0.046,0.00936845771725528
1000,"Localized",0.25,0.1,1.5,15,"Uniform",0,0
1000,"Localized",0.25,0.1,1.5,15,"Central",0.082,0.0122699633251286
1000,"Localized",0.25,0.1,1.5,15,"Tail",0.066,0.0111035129576184
1000,"Localized",0.25,0.1,1.5,15,"Localized",0.046,0.00936845771725528
1000,"Localized",0.25,0.1,2,15,"Uniform",0,0
1000,"Localized",0.25,0.1,2,15,"Central",0.078,0.0119929979571415
1000,"Localized",0.25,0.1,2,15,"Tail",0.054,0.0101078187557949
1000,"Localized",0.25,0.1,2,15,"Localized",0.042,0.00897061870775924
1000,"Localized",0.25,0.2,0.5,15,"Uniform",0,0
1000,"Localized",0.25,0.2,0.5,15,"Central",0.076,0.0118510759005248
1000,"Localized",0.25,0.2,0.5,15,"Tail",0.04,0.00876356092008266
1000,"Localized",0.25,0.2,0.5,15,"Localized",0.044,0.00917213170424411
1000,"Localized",0.25,0.2,1,15,"Uniform",0,0
1000,"Localized",0.25,0.2,1,15,"Central",0.08,0.0121326007104825
1000,"Localized",0.25,0.2,1,15,"Tail",0.03,0.00762889244910426
1000,"Localized",0.25,0.2,1,15,"Localized",0.05,0.00974679434480896
1000,"Localized",0.25,0.2,1.5,15,"Uniform",0,0
1000,"Localized",0.25,0.2,1.5,15,"Central",0.078,0.0119929979571415
1000,"Localized",0.25,0.2,1.5,15,"Tail",0.058,0.0104533248299285
1000,"Localized",0.25,0.2,1.5,15,"Localized",0.04,0.00876356092008266
1000,"Localized",0.25,0.2,2,15,"Uniform",0,0
1000,"Localized",0.25,0.2,2,15,"Central",0.074,0.0117067501895274
1000,"Localized",0.25,0.2,2,15,"Tail",0.054,0.0101078187557949
1000,"Localized",0.25,0.2,2,15,"Localized",0.038,0.00855055553750749
1000,"Localized",0.5,0.05,0.5,15,"Uniform",0,0
1000,"Localized",0.5,0.05,0.5,15,"Central",0.082,0.0122699633251286
1000,"Localized",0.5,0.05,0.5,15,"Tail",0.054,0.0101078187557949
1000,"Localized",0.5,0.05,0.5,15,"Localized",0.04,0.00876356092008266
1000,"Localized",0.5,0.05,1,15,"Uniform",0,0
1000,"Localized",0.5,0.05,1,15,"Central",0.066,0.0111035129576184
1000,"Localized",0.5,0.05,1,15,"Tail",0.068,0.0112584190719657
1000,"Localized",0.5,0.05,1,15,"Localized",0.028,0.00737780455149091
1000,"Localized",0.5,0.05,1.5,15,"Uniform",0,0
1000,"Localized",0.5,0.05,1.5,15,"Central",0.086,0.0125382614424808
1000,"Localized",0.5,0.05,1.5,15,"Tail",0.048,0.00955991631762538
1000,"Localized",0.5,0.05,1.5,15,"Localized",0.036,0.0083311463797007
1000,"Localized",0.5,0.05,2,15,"Uniform",0,0
1000,"Localized",0.5,0.05,2,15,"Central",0.08,0.0121326007104825
1000,"Localized",0.5,0.05,2,15,"Tail",0.048,0.00955991631762538
1000,"Localized",0.5,0.05,2,15,"Localized",0.028,0.00737780455149091
1000,"Localized",0.5,0.1,0.5,15,"Uniform",0,0
1000,"Localized",0.5,0.1,0.5,15,"Central",0.076,0.0118510759005248
1000,"Localized",0.5,0.1,0.5,15,"Tail",0.038,0.00855055553750749
1000,"Localized",0.5,0.1,0.5,15,"Localized",0.018,0.005945754788082
1000,"Localized",0.5,0.1,1,15,"Uniform",0,0
1000,"Localized",0.5,0.1,1,15,"Central",0.06,0.0106207344378814
1000,"Localized",0.5,0.1,1,15,"Tail",0.064,0.0109456840809517
1000,"Localized",0.5,0.1,1,15,"Localized",0.034,0.00810481338464989
1000,"Localized",0.5,0.1,1.5,15,"Uniform",0,0
1000,"Localized",0.5,0.1,1.5,15,"Central",0.068,0.0112584190719657
1000,"Localized",0.5,0.1,1.5,15,"Tail",0.046,0.00936845771725528
1000,"Localized",0.5,0.1,1.5,15,"Localized",0.026,0.00711674082709213
1000,"Localized",0.5,0.1,2,15,"Uniform",0,0
1000,"Localized",0.5,0.1,2,15,"Central",0.062,0.0107848041243223
1000,"Localized",0.5,0.1,2,15,"Tail",0.066,0.0111035129576184
1000,"Localized",0.5,0.1,2,15,"Localized",0.034,0.00810481338464989
1000,"Localized",0.5,0.2,0.5,15,"Uniform",0,0
1000,"Localized",0.5,0.2,0.5,15,"Central",0.074,0.0117067501895274
1000,"Localized",0.5,0.2,0.5,15,"Tail",0.074,0.0117067501895274
1000,"Localized",0.5,0.2,0.5,15,"Localized",0.048,0.00955991631762538
1000,"Localized",0.5,0.2,1,15,"Uniform",0,0
1000,"Localized",0.5,0.2,1,15,"Central",0.064,0.0109456840809517
1000,"Localized",0.5,0.2,1,15,"Tail",0.04,0.00876356092008266
1000,"Localized",0.5,0.2,1,15,"Localized",0.04,0.00876356092008266
1000,"Localized",0.5,0.2,1.5,15,"Uniform",0,0
1000,"Localized",0.5,0.2,1.5,15,"Central",0.054,0.0101078187557949
1000,"Localized",0.5,0.2,1.5,15,"Tail",0.054,0.0101078187557949
1000,"Localized",0.5,0.2,1.5,15,"Localized",0.044,0.00917213170424411
1000,"Localized",0.5,0.2,2,15,"Uniform",0,0
1000,"Localized",0.5,0.2,2,15,"Central",0.068,0.0112584190719657
1000,"Localized",0.5,0.2,2,15,"Tail",0.064,0.0109456840809517
1000,"Localized",0.5,0.2,2,15,"Localized",0.046,0.00936845771725528
1000,"Localized",0.75,0.05,0.5,15,"Uniform",0,0
1000,"Localized",0.75,0.05,0.5,15,"Central",0.074,0.0117067501895274
1000,"Localized",0.75,0.05,0.5,15,"Tail",0.048,0.00955991631762538
1000,"Localized",0.75,0.05,0.5,15,"Localized",0.056,0.0102824121683582
1000,"Localized",0.75,0.05,1,15,"Uniform",0,0
1000,"Localized",0.75,0.05,1,15,"Central",0.062,0.0107848041243223
1000,"Localized",0.75,0.05,1,15,"Tail",0.056,0.0102824121683582
1000,"Localized",0.75,0.05,1,15,"Localized",0.05,0.00974679434480896
1000,"Localized",0.75,0.05,1.5,15,"Uniform",0,0
1000,"Localized",0.75,0.05,1.5,15,"Central",0.074,0.0117067501895274
1000,"Localized",0.75,0.05,1.5,15,"Tail",0.06,0.0106207344378814
1000,"Localized",0.75,0.05,1.5,15,"Localized",0.068,0.0112584190719657
1000,"Localized",0.75,0.05,2,15,"Uniform",0,0
1000,"Localized",0.75,0.05,2,15,"Central",0.078,0.0119929979571415
1000,"Localized",0.75,0.05,2,15,"Tail",0.04,0.00876356092008266
1000,"Localized",0.75,0.05,2,15,"Localized",0.048,0.00955991631762538
1000,"Localized",0.75,0.1,0.5,15,"Uniform",0,0
1000,"Localized",0.75,0.1,0.5,15,"Central",0.05,0.00974679434480896
1000,"Localized",0.75,0.1,0.5,15,"Tail",0.05,0.00974679434480896
1000,"Localized",0.75,0.1,0.5,15,"Localized",0.046,0.00936845771725528
1000,"Localized",0.75,0.1,1,15,"Uniform",0,0
1000,"Localized",0.75,0.1,1,15,"Central",0.074,0.0117067501895274
1000,"Localized",0.75,0.1,1,15,"Tail",0.052,0.00992935043192655
1000,"Localized",0.75,0.1,1,15,"Localized",0.044,0.00917213170424411
1000,"Localized",0.75,0.1,1.5,15,"Uniform",0,0
1000,"Localized",0.75,0.1,1.5,15,"Central",0.082,0.0122699633251286
1000,"Localized",0.75,0.1,1.5,15,"Tail",0.034,0.00810481338464989
1000,"Localized",0.75,0.1,1.5,15,"Localized",0.058,0.0104533248299285
1000,"Localized",0.75,0.1,2,15,"Uniform",0,0
1000,"Localized",0.75,0.1,2,15,"Central",0.054,0.0101078187557949
1000,"Localized",0.75,0.1,2,15,"Tail",0.056,0.0102824121683582
1000,"Localized",0.75,0.1,2,15,"Localized",0.058,0.0104533248299285
1000,"Localized",0.75,0.2,0.5,15,"Uniform",0,0
1000,"Localized",0.75,0.2,0.5,15,"Central",0.058,0.0104533248299285
1000,"Localized",0.75,0.2,0.5,15,"Tail",0.044,0.00917213170424411
1000,"Localized",0.75,0.2,0.5,15,"Localized",0.06,0.0106207344378814
1000,"Localized",0.75,0.2,1,15,"Uniform",0,0
1000,"Localized",0.75,0.2,1,15,"Central",0.056,0.0102824121683582
1000,"Localized",0.75,0.2,1,15,"Tail",0.054,0.0101078187557949
1000,"Localized",0.75,0.2,1,15,"Localized",0.046,0.00936845771725528
1000,"Localized",0.75,0.2,1.5,15,"Uniform",0,0
1000,"Localized",0.75,0.2,1.5,15,"Central",0.072,0.0115599307956406
1000,"Localized",0.75,0.2,1.5,15,"Tail",0.042,0.00897061870775924
1000,"Localized",0.75,0.2,1.5,15,"Localized",0.028,0.00737780455149091
1000,"Localized",0.75,0.2,2,15,"Uniform",0,0
1000,"Localized",0.75,0.2,2,15,"Central",0.064,0.0109456840809517
1000,"Localized",0.75,0.2,2,15,"Tail",0.046,0.00936845771725528
1000,"Localized",0.75,0.2,2,15,"Localized",0.044,0.00917213170424411
1000,"Oscillatory",1,0.5,NA,15,"Uniform",0,0
1000,"Oscillatory",1,0.5,NA,15,"Central",0.064,0.0109456840809517
1000,"Oscillatory",1,0.5,NA,15,"Tail",0.04,0.00876356092008266
1000,"Oscillatory",1,1,NA,15,"Uniform",0,0
1000,"Oscillatory",1,1,NA,15,"Central",0.084,0.0124051602166195
1000,"Oscillatory",1,1,NA,15,"Tail",0.044,0.00917213170424411
1000,"Oscillatory",1,1.5,NA,15,"Uniform",0,0
1000,"Oscillatory",1,1.5,NA,15,"Central",0.066,0.0111035129576184
1000,"Oscillatory",1,1.5,NA,15,"Tail",0.056,0.0102824121683582
1000,"Oscillatory",1,2,NA,15,"Uniform",0,0
1000,"Oscillatory",1,2,NA,15,"Central",0.082,0.0122699633251286
1000,"Oscillatory",1,2,NA,15,"Tail",0.046,0.00936845771725528
1000,"Oscillatory",2,0.5,NA,15,"Uniform",0,0
1000,"Oscillatory",2,0.5,NA,15,"Central",0.064,0.0109456840809517
1000,"Oscillatory",2,0.5,NA,15,"Tail",0.064,0.0109456840809517
1000,"Oscillatory",2,1,NA,15,"Uniform",0,0
1000,"Oscillatory",2,1,NA,15,"Central",0.076,0.0118510759005248
1000,"Oscillatory",2,1,NA,15,"Tail",0.038,0.00855055553750749
1000,"Oscillatory",2,1.5,NA,15,"Uniform",0,0
1000,"Oscillatory",2,1.5,NA,15,"Central",0.082,0.0122699633251286
1000,"Oscillatory",2,1.5,NA,15,"Tail",0.052,0.00992935043192655
1000,"Oscillatory",2,2,NA,15,"Uniform",0,0
1000,"Oscillatory",2,2,NA,15,"Central",0.078,0.0119929979571415
1000,"Oscillatory",2,2,NA,15,"Tail",0.042,0.00897061870775924
1000,"Oscillatory",4,0.5,NA,15,"Uniform",0,0
1000,"Oscillatory",4,0.5,NA,15,"Central",0.06,0.0106207344378814
1000,"Oscillatory",4,0.5,NA,15,"Tail",0.056,0.0102824121683582
1000,"Oscillatory",4,1,NA,15,"Uniform",0,0
1000,"Oscillatory",4,1,NA,15,"Central",0.052,0.00992935043192655
1000,"Oscillatory",4,1,NA,15,"Tail",0.052,0.00992935043192655
1000,"Oscillatory",4,1.5,NA,15,"Uniform",0,0
1000,"Oscillatory",4,1.5,NA,15,"Central",0.052,0.00992935043192655
1000,"Oscillatory",4,1.5,NA,15,"Tail",0.04,0.00876356092008266
1000,"Oscillatory",4,2,NA,15,"Uniform",0,0
1000,"Oscillatory",4,2,NA,15,"Central",0.062,0.0107848041243223
1000,"Oscillatory",4,2,NA,15,"Tail",0.046,0.00936845771725528
1000,"Oscillatory",8,0.5,NA,15,"Uniform",0,0
1000,"Oscillatory",8,0.5,NA,15,"Central",0.052,0.00992935043192655
1000,"Oscillatory",8,0.5,NA,15,"Tail",0.04,0.00876356092008266
1000,"Oscillatory",8,1,NA,15,"Uniform",0,0
1000,"Oscillatory",8,1,NA,15,"Central",0.084,0.0124051602166195
1000,"Oscillatory",8,1,NA,15,"Tail",0.05,0.00974679434480896
1000,"Oscillatory",8,1.5,NA,15,"Uniform",0,0
1000,"Oscillatory",8,1.5,NA,15,"Central",0.074,0.0117067501895274
1000,"Oscillatory",8,1.5,NA,15,"Tail",0.062,0.0107848041243223
1000,"Oscillatory",8,2,NA,15,"Uniform",0,0
1000,"Oscillatory",8,2,NA,15,"Central",0.064,0.0109456840809517
1000,"Oscillatory",8,2,NA,15,"Tail",0.052,0.00992935043192655
1000,"Abrupt",0.25,0.05,NA,15,"Uniform",0,0
1000,"Abrupt",0.25,0.05,NA,15,"Central",0.076,0.0118510759005248
1000,"Abrupt",0.25,0.05,NA,15,"Tail",0.04,0.00876356092008266
1000,"Abrupt",0.25,0.1,NA,15,"Uniform",0,0
1000,"Abrupt",0.25,0.1,NA,15,"Central",0.052,0.00992935043192655
1000,"Abrupt",0.25,0.1,NA,15,"Tail",0.028,0.00737780455149091
1000,"Abrupt",0.25,0.2,NA,15,"Uniform",0,0
1000,"Abrupt",0.25,0.2,NA,15,"Central",0.03,0.00762889244910426
1000,"Abrupt",0.25,0.2,NA,15,"Tail",0.074,0.0117067501895274
1000,"Abrupt",0.5,0.05,NA,15,"Uniform",0,0
1000,"Abrupt",0.5,0.05,NA,15,"Central",0.088,0.0126693330526907
1000,"Abrupt",0.5,0.05,NA,15,"Tail",0.042,0.00897061870775924
1000,"Abrupt",0.5,0.1,NA,15,"Uniform",0,0
1000,"Abrupt",0.5,0.1,NA,15,"Central",0.084,0.0124051602166195
1000,"Abrupt",0.5,0.1,NA,15,"Tail",0.064,0.0109456840809517
1000,"Abrupt",0.5,0.2,NA,15,"Uniform",0,0
1000,"Abrupt",0.5,0.2,NA,15,"Central",0.1,0.0134164078649987
1000,"Abrupt",0.5,0.2,NA,15,"Tail",0.068,0.0112584190719657
1000,"Abrupt",0.75,0.05,NA,15,"Uniform",0,0
1000,"Abrupt",0.75,0.05,NA,15,"Central",0.018,0.005945754788082
1000,"Abrupt",0.75,0.05,NA,15,"Tail",0.156,0.0162273842624127
1000,"Abrupt",0.75,0.1,NA,15,"Uniform",0,0
1000,"Abrupt",0.75,0.1,NA,15,"Central",0,0
1000,"Abrupt",0.75,0.1,NA,15,"Tail",0.564,0.0221767445762447
1000,"Abrupt",0.75,0.2,NA,15,"Uniform",0,0
1000,"Abrupt",0.75,0.2,NA,15,"Central",0,0
1000,"Abrupt",0.75,0.2,NA,15,"Tail",1,0
1000,"Mixture",0.05,0.25,NA,15,"Uniform",0,0
1000,"Mixture",0.05,0.25,NA,15,"Central",0,0
1000,"Mixture",0.05,0.25,NA,15,"Tail",1,0
1000,"Mixture",0.05,0.5,NA,15,"Uniform",0,0
1000,"Mixture",0.05,0.5,NA,15,"Central",0,0
1000,"Mixture",0.05,0.5,NA,15,"Tail",1,0
1000,"Mixture",0.05,0.75,NA,15,"Uniform",0,0
1000,"Mixture",0.05,0.75,NA,15,"Central",0,0
1000,"Mixture",0.05,0.75,NA,15,"Tail",1,0
1000,"Mixture",0.1,0.25,NA,15,"Uniform",0,0
1000,"Mixture",0.1,0.25,NA,15,"Central",0,0
1000,"Mixture",0.1,0.25,NA,15,"Tail",1,0
1000,"Mixture",0.1,0.5,NA,15,"Uniform",0,0
1000,"Mixture",0.1,0.5,NA,15,"Central",0,0
1000,"Mixture",0.1,0.5,NA,15,"Tail",1,0
1000,"Mixture",0.1,0.75,NA,15,"Uniform",0,0
1000,"Mixture",0.1,0.75,NA,15,"Central",0,0
1000,"Mixture",0.1,0.75,NA,15,"Tail",1,0
1000,"Mixture",0.2,0.25,NA,15,"Uniform",0,0
1000,"Mixture",0.2,0.25,NA,15,"Central",0,0
1000,"Mixture",0.2,0.25,NA,15,"Tail",1,0
1000,"Mixture",0.2,0.5,NA,15,"Uniform",0,0
1000,"Mixture",0.2,0.5,NA,15,"Central",0,0
1000,"Mixture",0.2,0.5,NA,15,"Tail",1,0
1000,"Mixture",0.2,0.75,NA,15,"Uniform",0,0
1000,"Mixture",0.2,0.75,NA,15,"Central",0,0
1000,"Mixture",0.2,0.75,NA,15,"Tail",1,0
