"n","x0","eta","c","r","Weight","Power","MCSE"
50,0.25,0.05,0.5,1,"Uniform",0,0
50,0.25,0.05,0.5,1,"Central",0.0604,0.00336903072114221
50,0.25,0.05,0.5,1,"Tail",0.0496,0.00307049963361014
50,0.25,0.05,0.5,1,"Localized",0.0414,0.00281730509529941
50,0.25,0.05,0.5,2,"Uniform",0,0
50,0.25,0.05,0.5,2,"Central",0.0476,0.00301112072159188
50,0.25,0.05,0.5,2,"Tail",0.049,0.00305283474822991
50,0.25,0.05,0.5,2,"Localized",0.0344,0.00257746542168852
50,0.25,0.05,0.5,3,"Uniform",0,0
50,0.25,0.05,0.5,3,"Central",0.0516,0.00312849612433834
50,0.25,0.05,0.5,3,"Tail",0.0498,0.00307636018697421
50,0.25,0.05,0.5,3,"Localized",0.0298,0.00240466047499434
50,0.25,0.05,0.5,5,"Uniform",0,0
50,0.25,0.05,0.5,5,"Central",0.052,0.00313993630508646
50,0.25,0.05,0.5,5,"Tail",0.0458,0.00295642892693195
50,0.25,0.05,0.5,5,"Localized",0.0404,0.00278452293939195
50,0.25,0.05,0.5,8,"Uniform",0,0
50,0.25,0.05,0.5,8,"Central",0.0556,0.00324063697442339
50,0.25,0.05,0.5,8,"Tail",0.0448,0.00292550713552369
50,0.25,0.05,0.5,8,"Localized",0.0504,0.00309385972532693
50,0.25,0.05,1,1,"Uniform",0,0
50,0.25,0.05,1,1,"Central",0.0592,0.0033375248313683
50,0.25,0.05,1,1,"Tail",0.055,0.0032241277890307
50,0.25,0.05,1,1,"Localized",0.0346,0.0025846794772273
50,0.25,0.05,1,2,"Uniform",0,0
50,0.25,0.05,1,2,"Central",0.0526,0.00315699984162179
50,0.25,0.05,1,2,"Tail",0.0522,0.00314563697841947
50,0.25,0.05,1,2,"Localized",0.0306,0.00243571919563812
50,0.25,0.05,1,3,"Uniform",0,0
50,0.25,0.05,1,3,"Central",0.0554,0.00323514574633045
50,0.25,0.05,1,3,"Tail",0.0496,0.00307049963361014
50,0.25,0.05,1,3,"Localized",0.0354,0.00261330595223751
50,0.25,0.05,1,5,"Uniform",0,0
50,0.25,0.05,1,5,"Central",0.0546,0.00321306209090332
50,0.25,0.05,1,5,"Tail",0.0454,0.00294410733499986
50,0.25,0.05,1,5,"Localized",0.0388,0.00273110087693589
50,0.25,0.05,1,8,"Uniform",0,0
50,0.25,0.05,1,8,"Central",0.0538,0.00319078548323136
50,0.25,0.05,1,8,"Tail",0.0416,0.00282380735886852
50,0.25,0.05,1,8,"Localized",0.0454,0.00294410733499986
50,0.25,0.05,1.5,1,"Uniform",0,0
50,0.25,0.05,1.5,1,"Central",0.0606,0.00337424480439698
50,0.25,0.05,1.5,1,"Tail",0.0524,0.00315132480077824
50,0.25,0.05,1.5,1,"Localized",0.025,0.00220794021658196
50,0.25,0.05,1.5,2,"Uniform",0,0
50,0.25,0.05,1.5,2,"Central",0.0596,0.00334806929438445
50,0.25,0.05,1.5,2,"Tail",0.0552,0.0032296427046966
50,0.25,0.05,1.5,2,"Localized",0.0252,0.00221652701314466
50,0.25,0.05,1.5,3,"Uniform",0,0
50,0.25,0.05,1.5,3,"Central",0.0568,0.00327333957908433
50,0.25,0.05,1.5,3,"Tail",0.0548,0.00321860093829602
50,0.25,0.05,1.5,3,"Localized",0.0326,0.00251146331846595
50,0.25,0.05,1.5,5,"Uniform",0,0
50,0.25,0.05,1.5,5,"Central",0.0628,0.00343092290790685
50,0.25,0.05,1.5,5,"Tail",0.0426,0.00285605462132642
50,0.25,0.05,1.5,5,"Localized",0.0356,0.00262040607540129
50,0.25,0.05,1.5,8,"Uniform",0,0
50,0.25,0.05,1.5,8,"Central",0.0544,0.0032075111847038
50,0.25,0.05,1.5,8,"Tail",0.0366,0.00265557677350891
50,0.25,0.05,1.5,8,"Localized",0.0428,0.00286245209566903
50,0.25,0.05,2,1,"Uniform",0,0
50,0.25,0.05,2,1,"Central",0.0616,0.00340015999623547
50,0.25,0.05,2,1,"Tail",0.0474,0.00300510365877785
50,0.25,0.05,2,1,"Localized",0.0182,0.00189043698651925
50,0.25,0.05,2,2,"Uniform",0,0
50,0.25,0.05,2,2,"Central",0.0524,0.00315132480077824
50,0.25,0.05,2,2,"Tail",0.0576,0.00329491244193226
50,0.25,0.05,2,2,"Localized",0.0212,0.00203718236787971
50,0.25,0.05,2,3,"Uniform",0,0
50,0.25,0.05,2,3,"Central",0.0644,0.00347138704266753
50,0.25,0.05,2,3,"Tail",0.0526,0.00315699984162179
50,0.25,0.05,2,3,"Localized",0.029,0.00237314137800511
50,0.25,0.05,2,5,"Uniform",0,0
50,0.25,0.05,2,5,"Central",0.0584,0.00331630637909105
50,0.25,0.05,2,5,"Tail",0.0414,0.00281730509529941
50,0.25,0.05,2,5,"Localized",0.043,0.00286883251515316
50,0.25,0.05,2,8,"Uniform",0,0
50,0.25,0.05,2,8,"Central",0.058,0.00330563155841664
50,0.25,0.05,2,8,"Tail",0.0342,0.0025702280054501
50,0.25,0.05,2,8,"Localized",0.0516,0.00312849612433834
50,0.25,0.1,0.5,1,"Uniform",0,0
50,0.25,0.1,0.5,1,"Central",0.0558,0.00324611644892786
50,0.25,0.1,0.5,1,"Tail",0.0474,0.00300510365877785
50,0.25,0.1,0.5,1,"Localized",0.0402,0.00277791144567281
50,0.25,0.1,0.5,2,"Uniform",0,0
50,0.25,0.1,0.5,2,"Central",0.0466,0.00298088711627931
50,0.25,0.1,0.5,2,"Tail",0.0574,0.0032895361375124
50,0.25,0.1,0.5,2,"Localized",0.0428,0.00286245209566903
50,0.25,0.1,0.5,3,"Uniform",0,0
50,0.25,0.1,0.5,3,"Central",0.0512,0.0031170036894428
50,0.25,0.1,0.5,3,"Tail",0.0494,0.0030646252625729
50,0.25,0.1,0.5,3,"Localized",0.0372,0.00267642149146953
50,0.25,0.1,0.5,5,"Uniform",0,0
50,0.25,0.1,0.5,5,"Central",0.0452,0.00293792307591605
50,0.25,0.1,0.5,5,"Tail",0.0486,0.0030409879973456
50,0.25,0.1,0.5,5,"Localized",0.0368,0.00266254614983478
50,0.25,0.1,0.5,8,"Uniform",0,0
50,0.25,0.1,0.5,8,"Central",0.0582,0.003310974478911
50,0.25,0.1,0.5,8,"Tail",0.043,0.00286883251515316
50,0.25,0.1,0.5,8,"Localized",0.0378,0.00269707841932711
50,0.25,0.1,1,1,"Uniform",0,0
50,0.25,0.1,1,1,"Central",0.0608,0.00337944847571316
50,0.25,0.1,1,1,"Tail",0.0488,0.00304691844328003
50,0.25,0.1,1,1,"Localized",0.0324,0.00250400638976821
50,0.25,0.1,1,2,"Uniform",0,0
50,0.25,0.1,1,2,"Central",0.052,0.00313993630508646
50,0.25,0.1,1,2,"Tail",0.0538,0.00319078548323136
50,0.25,0.1,1,2,"Localized",0.033,0.00252630164469724
50,0.25,0.1,1,3,"Uniform",0,0
50,0.25,0.1,1,3,"Central",0.0498,0.00307636018697421
50,0.25,0.1,1,3,"Tail",0.0476,0.00301112072159188
50,0.25,0.1,1,3,"Localized",0.0366,0.00265557677350891
50,0.25,0.1,1,5,"Uniform",0,0
50,0.25,0.1,1,5,"Central",0.0574,0.0032895361375124
50,0.25,0.1,1,5,"Tail",0.0362,0.00264157377334043
50,0.25,0.1,1,5,"Localized",0.038,0.0027039230758289
50,0.25,0.1,1,8,"Uniform",0,0
50,0.25,0.1,1,8,"Central",0.0542,0.00320194815698193
50,0.25,0.1,1,8,"Tail",0.041,0.00280424677944007
50,0.25,0.1,1,8,"Localized",0.0324,0.00250400638976821
50,0.25,0.1,1.5,1,"Uniform",0,0
50,0.25,0.1,1.5,1,"Central",0.0594,0.00334280241713446
50,0.25,0.1,1.5,1,"Tail",0.0554,0.00323514574633045
50,0.25,0.1,1.5,1,"Localized",0.0264,0.00226729089443768
50,0.25,0.1,1.5,2,"Uniform",0,0
50,0.25,0.1,1.5,2,"Central",0.056,0.00325158422926425
50,0.25,0.1,1.5,2,"Tail",0.0524,0.00315132480077824
50,0.25,0.1,1.5,2,"Localized",0.0282,0.00234114331043616
50,0.25,0.1,1.5,3,"Uniform",0,0
50,0.25,0.1,1.5,3,"Central",0.0606,0.00337424480439698
50,0.25,0.1,1.5,3,"Tail",0.0498,0.00307636018697421
50,0.25,0.1,1.5,3,"Localized",0.0272,0.00230044169671826
50,0.25,0.1,1.5,5,"Uniform",0,0
50,0.25,0.1,1.5,5,"Central",0.0602,0.00336380617753164
50,0.25,0.1,1.5,5,"Tail",0.0414,0.00281730509529941
50,0.25,0.1,1.5,5,"Localized",0.0358,0.00262748396760094
50,0.25,0.1,1.5,8,"Uniform",0,0
50,0.25,0.1,1.5,8,"Central",0.061,0.00338464178311383
50,0.25,0.1,1.5,8,"Tail",0.0392,0.0027445713690848
50,0.25,0.1,1.5,8,"Localized",0.0382,0.0027107474983849
50,0.25,0.1,2,1,"Uniform",0,0
50,0.25,0.1,2,1,"Central",0.068,0.00356022471200906
50,0.25,0.1,2,1,"Tail",0.047,0.00299302522541993
50,0.25,0.1,2,1,"Localized",0.0234,0.00213786996798215
50,0.25,0.1,2,2,"Uniform",0,0
50,0.25,0.1,2,2,"Central",0.058,0.00330563155841664
50,0.25,0.1,2,2,"Tail",0.0512,0.0031170036894428
50,0.25,0.1,2,2,"Localized",0.0226,0.00210186774084384
50,0.25,0.1,2,3,"Uniform",0,0
50,0.25,0.1,2,3,"Central",0.0642,0.00346636293541227
50,0.25,0.1,2,3,"Tail",0.0456,0.00295027591929975
50,0.25,0.1,2,3,"Localized",0.026,0.00225051105307217
50,0.25,0.1,2,5,"Uniform",0,0
50,0.25,0.1,2,5,"Central",0.0632,0.00344109749934523
50,0.25,0.1,2,5,"Tail",0.0362,0.00264157377334043
50,0.25,0.1,2,5,"Localized",0.0352,0.00260618341641566
50,0.25,0.1,2,8,"Uniform",0,0
50,0.25,0.1,2,8,"Central",0.0548,0.00321860093829602
50,0.25,0.1,2,8,"Tail",0.0388,0.00273110087693589
50,0.25,0.1,2,8,"Localized",0.0316,0.00247392158323581
50,0.25,0.2,0.5,1,"Uniform",0,0
50,0.25,0.2,0.5,1,"Central",0.0582,0.003310974478911
50,0.25,0.2,0.5,1,"Tail",0.0544,0.0032075111847038
50,0.25,0.2,0.5,1,"Localized",0.0466,0.00298088711627931
50,0.25,0.2,0.5,2,"Uniform",0,0
50,0.25,0.2,0.5,2,"Central",0.0458,0.00295642892693195
50,0.25,0.2,0.5,2,"Tail",0.054,0.00319637294444813
50,0.25,0.2,0.5,2,"Localized",0.0488,0.00304691844328003
50,0.25,0.2,0.5,3,"Uniform",0,0
50,0.25,0.2,0.5,3,"Central",0.0478,0.00301712313305241
50,0.25,0.2,0.5,3,"Tail",0.051,0.00311123769583746
50,0.25,0.2,0.5,3,"Localized",0.0478,0.00301712313305241
50,0.25,0.2,0.5,5,"Uniform",0,0
50,0.25,0.2,0.5,5,"Central",0.0546,0.00321306209090332
50,0.25,0.2,0.5,5,"Tail",0.0504,0.00309385972532693
50,0.25,0.2,0.5,5,"Localized",0.0436,0.00288787257336608
50,0.25,0.2,0.5,8,"Uniform",0,0
50,0.25,0.2,0.5,8,"Central",0.0466,0.00298088711627931
50,0.25,0.2,0.5,8,"Tail",0.0426,0.00285605462132642
50,0.25,0.2,0.5,8,"Localized",0.0448,0.00292550713552369
50,0.25,0.2,1,1,"Uniform",0,0
50,0.25,0.2,1,1,"Central",0.052,0.00313993630508646
50,0.25,0.2,1,1,"Tail",0.0488,0.00304691844328003
50,0.25,0.2,1,1,"Localized",0.0316,0.00247392158323581
50,0.25,0.2,1,2,"Uniform",0,0
50,0.25,0.2,1,2,"Central",0.0436,0.00288787257336608
50,0.25,0.2,1,2,"Tail",0.06,0.00335857112474933
50,0.25,0.2,1,2,"Localized",0.0346,0.0025846794772273
50,0.25,0.2,1,3,"Uniform",0,0
50,0.25,0.2,1,3,"Central",0.0486,0.0030409879973456
50,0.25,0.2,1,3,"Tail",0.0564,0.00326248494249399
50,0.25,0.2,1,3,"Localized",0.0392,0.0027445713690848
50,0.25,0.2,1,5,"Uniform",0,0
50,0.25,0.2,1,5,"Central",0.0518,0.0031342227106573
50,0.25,0.2,1,5,"Tail",0.0492,0.00305873699425106
50,0.25,0.2,1,5,"Localized",0.0492,0.00305873699425106
50,0.25,0.2,1,8,"Uniform",0,0
50,0.25,0.2,1,8,"Central",0.0482,0.00302908435009658
50,0.25,0.2,1,8,"Tail",0.0484,0.00303504332753257
50,0.25,0.2,1,8,"Localized",0.0368,0.00266254614983478
50,0.25,0.2,1.5,1,"Uniform",0,0
50,0.25,0.2,1.5,1,"Central",0.0516,0.00312849612433834
50,0.25,0.2,1.5,1,"Tail",0.0568,0.00327333957908433
50,0.25,0.2,1.5,1,"Localized",0.0282,0.00234114331043616
50,0.25,0.2,1.5,2,"Uniform",0,0
50,0.25,0.2,1.5,2,"Central",0.0454,0.00294410733499986
50,0.25,0.2,1.5,2,"Tail",0.0536,0.00318518570887162
50,0.25,0.2,1.5,2,"Localized",0.0268,0.00228393344911799
50,0.25,0.2,1.5,3,"Uniform",0,0
50,0.25,0.2,1.5,3,"Central",0.047,0.00299302522541993
50,0.25,0.2,1.5,3,"Tail",0.0464,0.00297479545515318
50,0.25,0.2,1.5,3,"Localized",0.0346,0.0025846794772273
50,0.25,0.2,1.5,5,"Uniform",0,0
50,0.25,0.2,1.5,5,"Central",0.0478,0.00301712313305241
50,0.25,0.2,1.5,5,"Tail",0.0436,0.00288787257336608
50,0.25,0.2,1.5,5,"Localized",0.0342,0.0025702280054501
50,0.25,0.2,1.5,8,"Uniform",0,0
50,0.25,0.2,1.5,8,"Central",0.0516,0.00312849612433834
50,0.25,0.2,1.5,8,"Tail",0.0432,0.00287519599331941
50,0.25,0.2,1.5,8,"Localized",0.0368,0.00266254614983478
50,0.25,0.2,2,1,"Uniform",0,0
50,0.25,0.2,2,1,"Central",0.0518,0.0031342227106573
50,0.25,0.2,2,1,"Tail",0.0572,0.00328414859590732
50,0.25,0.2,2,1,"Localized",0.0234,0.00213786996798215
50,0.25,0.2,2,2,"Uniform",0,0
50,0.25,0.2,2,2,"Central",0.0504,0.00309385972532693
50,0.25,0.2,2,2,"Tail",0.0596,0.00334806929438445
50,0.25,0.2,2,2,"Localized",0.0266,0.00227562914377541
50,0.25,0.2,2,3,"Uniform",0,0
50,0.25,0.2,2,3,"Central",0.0476,0.00301112072159188
50,0.25,0.2,2,3,"Tail",0.0518,0.0031342227106573
50,0.25,0.2,2,3,"Localized",0.027,0.00229220417938717
50,0.25,0.2,2,5,"Uniform",0,0
50,0.25,0.2,2,5,"Central",0.0546,0.00321306209090332
50,0.25,0.2,2,5,"Tail",0.0424,0.00284963997726029
50,0.25,0.2,2,5,"Localized",0.031,0.00245108139399735
50,0.25,0.2,2,8,"Uniform",0,0
50,0.25,0.2,2,8,"Central",0.054,0.00319637294444813
50,0.25,0.2,2,8,"Tail",0.0388,0.00273110087693589
50,0.25,0.2,2,8,"Localized",0.0346,0.0025846794772273
50,0.5,0.05,0.5,1,"Uniform",0,0
50,0.5,0.05,0.5,1,"Central",0.0478,0.00301712313305241
50,0.5,0.05,0.5,1,"Tail",0.054,0.00319637294444813
50,0.5,0.05,0.5,1,"Localized",0.036,0.00263453980801202
50,0.5,0.05,0.5,2,"Uniform",0,0
50,0.5,0.05,0.5,2,"Central",0.0478,0.00301712313305241
50,0.5,0.05,0.5,2,"Tail",0.0546,0.00321306209090332
50,0.5,0.05,0.5,2,"Localized",0.0364,0.00264858603787002
50,0.5,0.05,0.5,3,"Uniform",0,0
50,0.5,0.05,0.5,3,"Central",0.0446,0.00291927525252416
50,0.5,0.05,0.5,3,"Tail",0.0508,0.00310545842026584
50,0.5,0.05,0.5,3,"Localized",0.0422,0.00284320804725929
50,0.5,0.05,0.5,5,"Uniform",0,0
50,0.5,0.05,0.5,5,"Central",0.0476,0.00301112072159188
50,0.5,0.05,0.5,5,"Tail",0.049,0.00305283474822991
50,0.5,0.05,0.5,5,"Localized",0.0448,0.00292550713552369
50,0.5,0.05,0.5,8,"Uniform",0,0
50,0.5,0.05,0.5,8,"Central",0.0452,0.00293792307591605
50,0.5,0.05,0.5,8,"Tail",0.0446,0.00291927525252416
50,0.5,0.05,0.5,8,"Localized",0.0534,0.00317957355631223
50,0.5,0.05,1,1,"Uniform",0,0
50,0.5,0.05,1,1,"Central",0.0446,0.00291927525252416
50,0.5,0.05,1,1,"Tail",0.0478,0.00301712313305241
50,0.5,0.05,1,1,"Localized",0.038,0.0027039230758289
50,0.5,0.05,1,2,"Uniform",0,0
50,0.5,0.05,1,2,"Central",0.038,0.0027039230758289
50,0.5,0.05,1,2,"Tail",0.0572,0.00328414859590732
50,0.5,0.05,1,2,"Localized",0.0304,0.00242799670510485
50,0.5,0.05,1,3,"Uniform",0,0
50,0.5,0.05,1,3,"Central",0.0444,0.00291302729132427
50,0.5,0.05,1,3,"Tail",0.0506,0.00309966578843591
50,0.5,0.05,1,3,"Localized",0.0314,0.00246633493264804
50,0.5,0.05,1,5,"Uniform",0,0
50,0.5,0.05,1,5,"Central",0.0472,0.00299907185642492
50,0.5,0.05,1,5,"Tail",0.05,0.00308220700148449
50,0.5,0.05,1,5,"Localized",0.0488,0.00304691844328003
50,0.5,0.05,1,8,"Uniform",0,0
50,0.5,0.05,1,8,"Central",0.0536,0.00318518570887162
50,0.5,0.05,1,8,"Tail",0.044,0.00290048271844533
50,0.5,0.05,1,8,"Localized",0.052,0.00313993630508646
50,0.5,0.05,1.5,1,"Uniform",0,0
50,0.5,0.05,1.5,1,"Central",0.0406,0.00279111590586991
50,0.5,0.05,1.5,1,"Tail",0.0506,0.00309966578843591
50,0.5,0.05,1.5,1,"Localized",0.0314,0.00246633493264804
50,0.5,0.05,1.5,2,"Uniform",0,0
50,0.5,0.05,1.5,2,"Central",0.0396,0.00275796446677618
50,0.5,0.05,1.5,2,"Tail",0.0534,0.00317957355631223
50,0.5,0.05,1.5,2,"Localized",0.0284,0.00234918879615922
50,0.5,0.05,1.5,3,"Uniform",0,0
50,0.5,0.05,1.5,3,"Central",0.0442,0.00290676314824583
50,0.5,0.05,1.5,3,"Tail",0.0506,0.00309966578843591
50,0.5,0.05,1.5,3,"Localized",0.0286,0.0023572034277932
50,0.5,0.05,1.5,5,"Uniform",0,0
50,0.5,0.05,1.5,5,"Central",0.0438,0.00289418589589542
50,0.5,0.05,1.5,5,"Tail",0.049,0.00305283474822991
50,0.5,0.05,1.5,5,"Localized",0.04,0.0027712812921102
50,0.5,0.05,1.5,8,"Uniform",0,0
50,0.5,0.05,1.5,8,"Central",0.0472,0.00299907185642492
50,0.5,0.05,1.5,8,"Tail",0.0414,0.00281730509529941
50,0.5,0.05,1.5,8,"Localized",0.0568,0.00327333957908433
50,0.5,0.05,2,1,"Uniform",0,0
50,0.5,0.05,2,1,"Central",0.0396,0.00275796446677618
50,0.5,0.05,2,1,"Tail",0.0538,0.00319078548323136
50,0.5,0.05,2,1,"Localized",0.0194,0.00195057119839292
50,0.5,0.05,2,2,"Uniform",0,0
50,0.5,0.05,2,2,"Central",0.0384,0.00271755183943195
50,0.5,0.05,2,2,"Tail",0.0548,0.00321860093829602
50,0.5,0.05,2,2,"Localized",0.0218,0.00206517602155361
50,0.5,0.05,2,3,"Uniform",0,0
50,0.5,0.05,2,3,"Central",0.0416,0.00282380735886852
50,0.5,0.05,2,3,"Tail",0.054,0.00319637294444813
50,0.5,0.05,2,3,"Localized",0.0236,0.00214676687136727
50,0.5,0.05,2,5,"Uniform",0,0
50,0.5,0.05,2,5,"Central",0.0486,0.0030409879973456
50,0.5,0.05,2,5,"Tail",0.046,0.00296256645495084
50,0.5,0.05,2,5,"Localized",0.0316,0.00247392158323581
50,0.5,0.05,2,8,"Uniform",0,0
50,0.5,0.05,2,8,"Central",0.048,0.00302311098043059
50,0.5,0.05,2,8,"Tail",0.0362,0.00264157377334043
50,0.5,0.05,2,8,"Localized",0.0582,0.003310974478911
50,0.5,0.1,0.5,1,"Uniform",0,0
50,0.5,0.1,0.5,1,"Central",0.0392,0.0027445713690848
50,0.5,0.1,0.5,1,"Tail",0.0496,0.00307049963361014
50,0.5,0.1,0.5,1,"Localized",0.0424,0.00284963997726029
50,0.5,0.1,0.5,2,"Uniform",0,0
50,0.5,0.1,0.5,2,"Central",0.0342,0.0025702280054501
50,0.5,0.1,0.5,2,"Tail",0.0576,0.00329491244193226
50,0.5,0.1,0.5,2,"Localized",0.0404,0.00278452293939195
50,0.5,0.1,0.5,3,"Uniform",0,0
50,0.5,0.1,0.5,3,"Central",0.0436,0.00288787257336608
50,0.5,0.1,0.5,3,"Tail",0.0538,0.00319078548323136
50,0.5,0.1,0.5,3,"Localized",0.044,0.00290048271844533
50,0.5,0.1,0.5,5,"Uniform",0,0
50,0.5,0.1,0.5,5,"Central",0.0416,0.00282380735886852
50,0.5,0.1,0.5,5,"Tail",0.0518,0.0031342227106573
50,0.5,0.1,0.5,5,"Localized",0.0404,0.00278452293939195
50,0.5,0.1,0.5,8,"Uniform",0,0
50,0.5,0.1,0.5,8,"Central",0.0506,0.00309966578843591
50,0.5,0.1,0.5,8,"Tail",0.0454,0.00294410733499986
50,0.5,0.1,0.5,8,"Localized",0.0472,0.00299907185642492
50,0.5,0.1,1,1,"Uniform",0,0
50,0.5,0.1,1,1,"Central",0.0364,0.00264858603787002
50,0.5,0.1,1,1,"Tail",0.0532,0.00317394895989208
50,0.5,0.1,1,1,"Localized",0.0394,0.00275127752144345
50,0.5,0.1,1,2,"Uniform",0,0
50,0.5,0.1,1,2,"Central",0.0302,0.00242024626846112
50,0.5,0.1,1,2,"Tail",0.0594,0.00334280241713446
50,0.5,0.1,1,2,"Localized",0.0274,0.00230864635663412
50,0.5,0.1,1,3,"Uniform",0,0
50,0.5,0.1,1,3,"Central",0.0418,0.00283029185774188
50,0.5,0.1,1,3,"Tail",0.059,0.00333223648620562
50,0.5,0.1,1,3,"Localized",0.0304,0.00242799670510485
50,0.5,0.1,1,5,"Uniform",0,0
50,0.5,0.1,1,5,"Central",0.0478,0.00301712313305241
50,0.5,0.1,1,5,"Tail",0.0458,0.00295642892693195
50,0.5,0.1,1,5,"Localized",0.031,0.00245108139399735
50,0.5,0.1,1,8,"Uniform",0,0
50,0.5,0.1,1,8,"Central",0.0472,0.00299907185642492
50,0.5,0.1,1,8,"Tail",0.0412,0.00281078494374792
50,0.5,0.1,1,8,"Localized",0.0452,0.00293792307591605
50,0.5,0.1,1.5,1,"Uniform",0,0
50,0.5,0.1,1.5,1,"Central",0.0378,0.00269707841932711
50,0.5,0.1,1.5,1,"Tail",0.0602,0.00336380617753164
50,0.5,0.1,1.5,1,"Localized",0.023,0.00211995282966391
50,0.5,0.1,1.5,2,"Uniform",0,0
50,0.5,0.1,1.5,2,"Central",0.0296,0.00239682456596222
50,0.5,0.1,1.5,2,"Tail",0.065,0.00348640215695206
50,0.5,0.1,1.5,2,"Localized",0.0262,0.00225891832521674
50,0.5,0.1,1.5,3,"Uniform",0,0
50,0.5,0.1,1.5,3,"Central",0.036,0.00263453980801202
50,0.5,0.1,1.5,3,"Tail",0.0562,0.00325704037432759
50,0.5,0.1,1.5,3,"Localized",0.0296,0.00239682456596222
50,0.5,0.1,1.5,5,"Uniform",0,0
50,0.5,0.1,1.5,5,"Central",0.0456,0.00295027591929975
50,0.5,0.1,1.5,5,"Tail",0.0408,0.00279769047608916
50,0.5,0.1,1.5,5,"Localized",0.0354,0.00261330595223751
50,0.5,0.1,1.5,8,"Uniform",0,0
50,0.5,0.1,1.5,8,"Central",0.0418,0.00283029185774188
50,0.5,0.1,1.5,8,"Tail",0.0378,0.00269707841932711
50,0.5,0.1,1.5,8,"Localized",0.0362,0.00264157377334043
50,0.5,0.1,2,1,"Uniform",0,0
50,0.5,0.1,2,1,"Central",0.0286,0.0023572034277932
50,0.5,0.1,2,1,"Tail",0.0694,0.00359398497492686
50,0.5,0.1,2,1,"Localized",0.0204,0.00199919183671803
50,0.5,0.1,2,2,"Uniform",0,0
50,0.5,0.1,2,2,"Central",0.0282,0.00234114331043616
50,0.5,0.1,2,2,"Tail",0.0678,0.00355536664775941
50,0.5,0.1,2,2,"Localized",0.0206,0.0020087628033195
50,0.5,0.1,2,3,"Uniform",0,0
50,0.5,0.1,2,3,"Central",0.0342,0.0025702280054501
50,0.5,0.1,2,3,"Tail",0.0518,0.0031342227106573
50,0.5,0.1,2,3,"Localized",0.0236,0.00214676687136727
50,0.5,0.1,2,5,"Uniform",0,0
50,0.5,0.1,2,5,"Central",0.041,0.00280424677944007
50,0.5,0.1,2,5,"Tail",0.0416,0.00282380735886852
50,0.5,0.1,2,5,"Localized",0.0262,0.00225891832521674
50,0.5,0.1,2,8,"Uniform",0,0
50,0.5,0.1,2,8,"Central",0.05,0.00308220700148449
50,0.5,0.1,2,8,"Tail",0.0298,0.00240466047499434
50,0.5,0.1,2,8,"Localized",0.0332,0.0025336834845734
50,0.5,0.2,0.5,1,"Uniform",0,0
50,0.5,0.2,0.5,1,"Central",0.0478,0.00301712313305241
50,0.5,0.2,0.5,1,"Tail",0.0574,0.0032895361375124
50,0.5,0.2,0.5,1,"Localized",0.0484,0.00303504332753257
50,0.5,0.2,0.5,2,"Uniform",0,0
50,0.5,0.2,0.5,2,"Central",0.0386,0.00272433624943765
50,0.5,0.2,0.5,2,"Tail",0.0624,0.00342070869850094
50,0.5,0.2,0.5,2,"Localized",0.0398,0.00276463234445378
50,0.5,0.2,0.5,3,"Uniform",0,0
50,0.5,0.2,0.5,3,"Central",0.0462,0.00296868859936505
50,0.5,0.2,0.5,3,"Tail",0.05,0.00308220700148449
50,0.5,0.2,0.5,3,"Localized",0.0394,0.00275127752144345
50,0.5,0.2,0.5,5,"Uniform",0,0
50,0.5,0.2,0.5,5,"Central",0.0502,0.00308804015517933
50,0.5,0.2,0.5,5,"Tail",0.042,0.00283675871374356
50,0.5,0.2,0.5,5,"Localized",0.0472,0.00299907185642492
50,0.5,0.2,0.5,8,"Uniform",0,0
50,0.5,0.2,0.5,8,"Central",0.0436,0.00288787257336608
50,0.5,0.2,0.5,8,"Tail",0.0422,0.00284320804725929
50,0.5,0.2,0.5,8,"Localized",0.048,0.00302311098043059
50,0.5,0.2,1,1,"Uniform",0,0
50,0.5,0.2,1,1,"Central",0.0414,0.00281730509529941
50,0.5,0.2,1,1,"Tail",0.0646,0.00347640158784914
50,0.5,0.2,1,1,"Localized",0.0372,0.00267642149146953
50,0.5,0.2,1,2,"Uniform",0,0
50,0.5,0.2,1,2,"Central",0.035,0.00259903828367341
50,0.5,0.2,1,2,"Tail",0.0626,0.00342582077756557
50,0.5,0.2,1,2,"Localized",0.0378,0.00269707841932711
50,0.5,0.2,1,3,"Uniform",0,0
50,0.5,0.2,1,3,"Central",0.0446,0.00291927525252416
50,0.5,0.2,1,3,"Tail",0.0504,0.00309385972532693
50,0.5,0.2,1,3,"Localized",0.0388,0.00273110087693589
50,0.5,0.2,1,5,"Uniform",0,0
50,0.5,0.2,1,5,"Central",0.0448,0.00292550713552369
50,0.5,0.2,1,5,"Tail",0.0398,0.00276463234445378
50,0.5,0.2,1,5,"Localized",0.0478,0.00301712313305241
50,0.5,0.2,1,8,"Uniform",0,0
50,0.5,0.2,1,8,"Central",0.0546,0.00321306209090332
50,0.5,0.2,1,8,"Tail",0.0354,0.00261330595223751
50,0.5,0.2,1,8,"Localized",0.0504,0.00309385972532693
50,0.5,0.2,1.5,1,"Uniform",0,0
50,0.5,0.2,1.5,1,"Central",0.0348,0.00259187036712873
50,0.5,0.2,1.5,1,"Tail",0.0726,0.00366958417262774
50,0.5,0.2,1.5,1,"Localized",0.0374,0.00268332778467335
50,0.5,0.2,1.5,2,"Uniform",0,0
50,0.5,0.2,1.5,2,"Central",0.0338,0.0025556822963741
50,0.5,0.2,1.5,2,"Tail",0.0634,0.00344617004803884
50,0.5,0.2,1.5,2,"Localized",0.0288,0.00236518751899294
50,0.5,0.2,1.5,3,"Uniform",0,0
50,0.5,0.2,1.5,3,"Central",0.0478,0.00301712313305241
50,0.5,0.2,1.5,3,"Tail",0.0454,0.00294410733499986
50,0.5,0.2,1.5,3,"Localized",0.0392,0.0027445713690848
50,0.5,0.2,1.5,5,"Uniform",0,0
50,0.5,0.2,1.5,5,"Central",0.0406,0.00279111590586991
50,0.5,0.2,1.5,5,"Tail",0.0374,0.00268332778467335
50,0.5,0.2,1.5,5,"Localized",0.0416,0.00282380735886852
50,0.5,0.2,1.5,8,"Uniform",0,0
50,0.5,0.2,1.5,8,"Central",0.052,0.00313993630508646
50,0.5,0.2,1.5,8,"Tail",0.028,0.00233306665142683
50,0.5,0.2,1.5,8,"Localized",0.0418,0.00283029185774188
50,0.5,0.2,2,1,"Uniform",0,0
50,0.5,0.2,2,1,"Central",0.0368,0.00266254614983478
50,0.5,0.2,2,1,"Tail",0.0774,0.00377913323395723
50,0.5,0.2,2,1,"Localized",0.0318,0.00248148181536758
50,0.5,0.2,2,2,"Uniform",0,0
50,0.5,0.2,2,2,"Central",0.034,0.0025629670306112
50,0.5,0.2,2,2,"Tail",0.0678,0.00355536664775941
50,0.5,0.2,2,2,"Localized",0.0288,0.00236518751899294
50,0.5,0.2,2,3,"Uniform",0,0
50,0.5,0.2,2,3,"Central",0.038,0.0027039230758289
50,0.5,0.2,2,3,"Tail",0.049,0.00305283474822991
50,0.5,0.2,2,3,"Localized",0.0338,0.0025556822963741
50,0.5,0.2,2,5,"Uniform",0,0
50,0.5,0.2,2,5,"Central",0.0452,0.00293792307591605
50,0.5,0.2,2,5,"Tail",0.0332,0.0025336834845734
50,0.5,0.2,2,5,"Localized",0.04,0.0027712812921102
50,0.5,0.2,2,8,"Uniform",0,0
50,0.5,0.2,2,8,"Central",0.0466,0.00298088711627931
50,0.5,0.2,2,8,"Tail",0.0276,0.00231681850821336
50,0.5,0.2,2,8,"Localized",0.048,0.00302311098043059
50,0.75,0.05,0.5,1,"Uniform",0,0
50,0.75,0.05,0.5,1,"Central",0.051,0.00311123769583746
50,0.75,0.05,0.5,1,"Tail",0.0492,0.00305873699425106
50,0.75,0.05,0.5,1,"Localized",0.0402,0.00277791144567281
50,0.75,0.05,0.5,2,"Uniform",0,0
50,0.75,0.05,0.5,2,"Central",0.049,0.00305283474822991
50,0.75,0.05,0.5,2,"Tail",0.0572,0.00328414859590732
50,0.75,0.05,0.5,2,"Localized",0.0418,0.00283029185774188
50,0.75,0.05,0.5,3,"Uniform",0,0
50,0.75,0.05,0.5,3,"Central",0.0582,0.003310974478911
50,0.75,0.05,0.5,3,"Tail",0.057,0.00327874976172321
50,0.75,0.05,0.5,3,"Localized",0.038,0.0027039230758289
50,0.75,0.05,0.5,5,"Uniform",0,0
50,0.75,0.05,0.5,5,"Central",0.051,0.00311123769583746
50,0.75,0.05,0.5,5,"Tail",0.0494,0.0030646252625729
50,0.75,0.05,0.5,5,"Localized",0.0458,0.00295642892693195
50,0.75,0.05,0.5,8,"Uniform",0,0
50,0.75,0.05,0.5,8,"Central",0.0524,0.00315132480077824
50,0.75,0.05,0.5,8,"Tail",0.0474,0.00300510365877785
50,0.75,0.05,0.5,8,"Localized",0.0468,0.00298696367570816
50,0.75,0.05,1,1,"Uniform",0,0
50,0.75,0.05,1,1,"Central",0.0596,0.00334806929438445
50,0.75,0.05,1,1,"Tail",0.0504,0.00309385972532693
50,0.75,0.05,1,1,"Localized",0.032,0.00248901586977665
50,0.75,0.05,1,2,"Uniform",0,0
50,0.75,0.05,1,2,"Central",0.0514,0.00312275647465504
50,0.75,0.05,1,2,"Tail",0.053,0.00316831185333767
50,0.75,0.05,1,2,"Localized",0.0302,0.00242024626846112
50,0.75,0.05,1,3,"Uniform",0,0
50,0.75,0.05,1,3,"Central",0.0546,0.00321306209090332
50,0.75,0.05,1,3,"Tail",0.0552,0.0032296427046966
50,0.75,0.05,1,3,"Localized",0.0282,0.00234114331043616
50,0.75,0.05,1,5,"Uniform",0,0
50,0.75,0.05,1,5,"Central",0.0598,0.00335332551357604
50,0.75,0.05,1,5,"Tail",0.0492,0.00305873699425106
50,0.75,0.05,1,5,"Localized",0.0326,0.00251146331846595
50,0.75,0.05,1,8,"Uniform",0,0
50,0.75,0.05,1,8,"Central",0.0534,0.00317957355631223
50,0.75,0.05,1,8,"Tail",0.0362,0.00264157377334043
50,0.75,0.05,1,8,"Localized",0.0466,0.00298088711627931
50,0.75,0.05,1.5,1,"Uniform",0,0
50,0.75,0.05,1.5,1,"Central",0.0608,0.00337944847571316
50,0.75,0.05,1.5,1,"Tail",0.055,0.0032241277890307
50,0.75,0.05,1.5,1,"Localized",0.0274,0.00230864635663412
50,0.75,0.05,1.5,2,"Uniform",0,0
50,0.75,0.05,1.5,2,"Central",0.054,0.00319637294444813
50,0.75,0.05,1.5,2,"Tail",0.0572,0.00328414859590732
50,0.75,0.05,1.5,2,"Localized",0.0246,0.00219065469666034
50,0.75,0.05,1.5,3,"Uniform",0,0
50,0.75,0.05,1.5,3,"Central",0.0616,0.00340015999623547
50,0.75,0.05,1.5,3,"Tail",0.0512,0.0031170036894428
50,0.75,0.05,1.5,3,"Localized",0.0252,0.00221652701314466
50,0.75,0.05,1.5,5,"Uniform",0,0
50,0.75,0.05,1.5,5,"Central",0.0556,0.00324063697442339
50,0.75,0.05,1.5,5,"Tail",0.0426,0.00285605462132642
50,0.75,0.05,1.5,5,"Localized",0.0316,0.00247392158323581
50,0.75,0.05,1.5,8,"Uniform",0,0
50,0.75,0.05,1.5,8,"Central",0.0542,0.00320194815698193
50,0.75,0.05,1.5,8,"Tail",0.037,0.00266949433413896
50,0.75,0.05,1.5,8,"Localized",0.0528,0.00316266216975509
50,0.75,0.05,2,1,"Uniform",0,0
50,0.75,0.05,2,1,"Central",0.0642,0.00346636293541227
50,0.75,0.05,2,1,"Tail",0.0564,0.00326248494249399
50,0.75,0.05,2,1,"Localized",0.0228,0.00211093154791907
50,0.75,0.05,2,2,"Uniform",0,0
50,0.75,0.05,2,2,"Central",0.0588,0.00332693733033852
50,0.75,0.05,2,2,"Tail",0.0552,0.0032296427046966
50,0.75,0.05,2,2,"Localized",0.0228,0.00211093154791907
50,0.75,0.05,2,3,"Uniform",0,0
50,0.75,0.05,2,3,"Central",0.0584,0.00331630637909105
50,0.75,0.05,2,3,"Tail",0.0522,0.00314563697841947
50,0.75,0.05,2,3,"Localized",0.0296,0.00239682456596222
50,0.75,0.05,2,5,"Uniform",0,0
50,0.75,0.05,2,5,"Central",0.0604,0.00336903072114221
50,0.75,0.05,2,5,"Tail",0.0336,0.00254837359898426
50,0.75,0.05,2,5,"Localized",0.0392,0.0027445713690848
50,0.75,0.05,2,8,"Uniform",0,0
50,0.75,0.05,2,8,"Central",0.054,0.00319637294444813
50,0.75,0.05,2,8,"Tail",0.034,0.0025629670306112
50,0.75,0.05,2,8,"Localized",0.0494,0.0030646252625729
50,0.75,0.1,0.5,1,"Uniform",0,0
50,0.75,0.1,0.5,1,"Central",0.0574,0.0032895361375124
50,0.75,0.1,0.5,1,"Tail",0.0496,0.00307049963361014
50,0.75,0.1,0.5,1,"Localized",0.0434,0.00288154264240528
50,0.75,0.1,0.5,2,"Uniform",0,0
50,0.75,0.1,0.5,2,"Central",0.0444,0.00291302729132427
50,0.75,0.1,0.5,2,"Tail",0.0532,0.00317394895989208
50,0.75,0.1,0.5,2,"Localized",0.0458,0.00295642892693195
50,0.75,0.1,0.5,3,"Uniform",0,0
50,0.75,0.1,0.5,3,"Central",0.055,0.0032241277890307
50,0.75,0.1,0.5,3,"Tail",0.0532,0.00317394895989208
50,0.75,0.1,0.5,3,"Localized",0.0462,0.00296868859936505
50,0.75,0.1,0.5,5,"Uniform",0,0
50,0.75,0.1,0.5,5,"Central",0.0572,0.00328414859590732
50,0.75,0.1,0.5,5,"Tail",0.0488,0.00304691844328003
50,0.75,0.1,0.5,5,"Localized",0.0408,0.00279769047608916
50,0.75,0.1,0.5,8,"Uniform",0,0
50,0.75,0.1,0.5,8,"Central",0.056,0.00325158422926425
50,0.75,0.1,0.5,8,"Tail",0.042,0.00283675871374356
50,0.75,0.1,0.5,8,"Localized",0.0458,0.00295642892693195
50,0.75,0.1,1,1,"Uniform",0,0
50,0.75,0.1,1,1,"Central",0.0564,0.00326248494249399
50,0.75,0.1,1,1,"Tail",0.0534,0.00317957355631223
50,0.75,0.1,1,1,"Localized",0.0284,0.00234918879615922
50,0.75,0.1,1,2,"Uniform",0,0
50,0.75,0.1,1,2,"Central",0.0556,0.00324063697442339
50,0.75,0.1,1,2,"Tail",0.0572,0.00328414859590732
50,0.75,0.1,1,2,"Localized",0.0328,0.00251889499582654
50,0.75,0.1,1,3,"Uniform",0,0
50,0.75,0.1,1,3,"Central",0.0574,0.0032895361375124
50,0.75,0.1,1,3,"Tail",0.0506,0.00309966578843591
50,0.75,0.1,1,3,"Localized",0.0338,0.0025556822963741
50,0.75,0.1,1,5,"Uniform",0,0
50,0.75,0.1,1,5,"Central",0.062,0.00341045451516363
50,0.75,0.1,1,5,"Tail",0.0448,0.00292550713552369
50,0.75,0.1,1,5,"Localized",0.0324,0.00250400638976821
50,0.75,0.1,1,8,"Uniform",0,0
50,0.75,0.1,1,8,"Central",0.0596,0.00334806929438445
50,0.75,0.1,1,8,"Tail",0.0438,0.00289418589589542
50,0.75,0.1,1,8,"Localized",0.0414,0.00281730509529941
50,0.75,0.1,1.5,1,"Uniform",0,0
50,0.75,0.1,1.5,1,"Central",0.0616,0.00340015999623547
50,0.75,0.1,1.5,1,"Tail",0.0562,0.00325704037432759
50,0.75,0.1,1.5,1,"Localized",0.0332,0.0025336834845734
50,0.75,0.1,1.5,2,"Uniform",0,0
50,0.75,0.1,1.5,2,"Central",0.0542,0.00320194815698193
50,0.75,0.1,1.5,2,"Tail",0.0524,0.00315132480077824
50,0.75,0.1,1.5,2,"Localized",0.0272,0.00230044169671826
50,0.75,0.1,1.5,3,"Uniform",0,0
50,0.75,0.1,1.5,3,"Central",0.0582,0.003310974478911
50,0.75,0.1,1.5,3,"Tail",0.0496,0.00307049963361014
50,0.75,0.1,1.5,3,"Localized",0.0254,0.00222507707731665
50,0.75,0.1,1.5,5,"Uniform",0,0
50,0.75,0.1,1.5,5,"Central",0.0652,0.00349138826256834
50,0.75,0.1,1.5,5,"Tail",0.0356,0.00262040607540129
50,0.75,0.1,1.5,5,"Localized",0.031,0.00245108139399735
50,0.75,0.1,1.5,8,"Uniform",0,0
50,0.75,0.1,1.5,8,"Central",0.0562,0.00325704037432759
50,0.75,0.1,1.5,8,"Tail",0.0362,0.00264157377334043
50,0.75,0.1,1.5,8,"Localized",0.0336,0.00254837359898426
50,0.75,0.1,2,1,"Uniform",0,0
50,0.75,0.1,2,1,"Central",0.0682,0.00356507391227728
50,0.75,0.1,2,1,"Tail",0.051,0.00311123769583746
50,0.75,0.1,2,1,"Localized",0.0234,0.00213786996798215
50,0.75,0.1,2,2,"Uniform",0,0
50,0.75,0.1,2,2,"Central",0.0564,0.00326248494249399
50,0.75,0.1,2,2,"Tail",0.0512,0.0031170036894428
50,0.75,0.1,2,2,"Localized",0.0232,0.0021289321266776
50,0.75,0.1,2,3,"Uniform",0,0
50,0.75,0.1,2,3,"Central",0.062,0.00341045451516363
50,0.75,0.1,2,3,"Tail",0.0428,0.00286245209566903
50,0.75,0.1,2,3,"Localized",0.026,0.00225051105307217
50,0.75,0.1,2,5,"Uniform",0,0
50,0.75,0.1,2,5,"Central",0.0606,0.00337424480439698
50,0.75,0.1,2,5,"Tail",0.0376,0.00269021337443705
50,0.75,0.1,2,5,"Localized",0.0308,0.00244341400503476
50,0.75,0.1,2,8,"Uniform",0,0
50,0.75,0.1,2,8,"Central",0.0628,0.00343092290790685
50,0.75,0.1,2,8,"Tail",0.0362,0.00264157377334043
50,0.75,0.1,2,8,"Localized",0.0314,0.00246633493264804
50,0.75,0.2,0.5,1,"Uniform",0,0
50,0.75,0.2,0.5,1,"Central",0.0468,0.00298696367570816
50,0.75,0.2,0.5,1,"Tail",0.0494,0.0030646252625729
50,0.75,0.2,0.5,1,"Localized",0.046,0.00296256645495084
50,0.75,0.2,0.5,2,"Uniform",0,0
50,0.75,0.2,0.5,2,"Central",0.042,0.00283675871374356
50,0.75,0.2,0.5,2,"Tail",0.052,0.00313993630508646
50,0.75,0.2,0.5,2,"Localized",0.0528,0.00316266216975509
50,0.75,0.2,0.5,3,"Uniform",0,0
50,0.75,0.2,0.5,3,"Central",0.0488,0.00304691844328003
50,0.75,0.2,0.5,3,"Tail",0.051,0.00311123769583746
50,0.75,0.2,0.5,3,"Localized",0.042,0.00283675871374356
50,0.75,0.2,0.5,5,"Uniform",0,0
50,0.75,0.2,0.5,5,"Central",0.0542,0.00320194815698193
50,0.75,0.2,0.5,5,"Tail",0.047,0.00299302522541993
50,0.75,0.2,0.5,5,"Localized",0.0372,0.00267642149146953
50,0.75,0.2,0.5,8,"Uniform",0,0
50,0.75,0.2,0.5,8,"Central",0.0554,0.00323514574633045
50,0.75,0.2,0.5,8,"Tail",0.0482,0.00302908435009658
50,0.75,0.2,0.5,8,"Localized",0.0444,0.00291302729132427
50,0.75,0.2,1,1,"Uniform",0,0
50,0.75,0.2,1,1,"Central",0.0568,0.00327333957908433
50,0.75,0.2,1,1,"Tail",0.0514,0.00312275647465504
50,0.75,0.2,1,1,"Localized",0.038,0.0027039230758289
50,0.75,0.2,1,2,"Uniform",0,0
50,0.75,0.2,1,2,"Central",0.0452,0.00293792307591605
50,0.75,0.2,1,2,"Tail",0.0498,0.00307636018697421
50,0.75,0.2,1,2,"Localized",0.0394,0.00275127752144345
50,0.75,0.2,1,3,"Uniform",0,0
50,0.75,0.2,1,3,"Central",0.052,0.00313993630508646
50,0.75,0.2,1,3,"Tail",0.0488,0.00304691844328003
50,0.75,0.2,1,3,"Localized",0.0388,0.00273110087693589
50,0.75,0.2,1,5,"Uniform",0,0
50,0.75,0.2,1,5,"Central",0.051,0.00311123769583746
50,0.75,0.2,1,5,"Tail",0.0466,0.00298088711627931
50,0.75,0.2,1,5,"Localized",0.0398,0.00276463234445378
50,0.75,0.2,1,8,"Uniform",0,0
50,0.75,0.2,1,8,"Central",0.0494,0.0030646252625729
50,0.75,0.2,1,8,"Tail",0.0448,0.00292550713552369
50,0.75,0.2,1,8,"Localized",0.042,0.00283675871374356
50,0.75,0.2,1.5,1,"Uniform",0,0
50,0.75,0.2,1.5,1,"Central",0.0552,0.0032296427046966
50,0.75,0.2,1.5,1,"Tail",0.0554,0.00323514574633045
50,0.75,0.2,1.5,1,"Localized",0.0264,0.00226729089443768
50,0.75,0.2,1.5,2,"Uniform",0,0
50,0.75,0.2,1.5,2,"Central",0.047,0.00299302522541993
50,0.75,0.2,1.5,2,"Tail",0.058,0.00330563155841664
50,0.75,0.2,1.5,2,"Localized",0.0328,0.00251889499582654
50,0.75,0.2,1.5,3,"Uniform",0,0
50,0.75,0.2,1.5,3,"Central",0.0482,0.00302908435009658
50,0.75,0.2,1.5,3,"Tail",0.0516,0.00312849612433834
50,0.75,0.2,1.5,3,"Localized",0.0342,0.0025702280054501
50,0.75,0.2,1.5,5,"Uniform",0,0
50,0.75,0.2,1.5,5,"Central",0.054,0.00319637294444813
50,0.75,0.2,1.5,5,"Tail",0.0452,0.00293792307591605
50,0.75,0.2,1.5,5,"Localized",0.0394,0.00275127752144345
50,0.75,0.2,1.5,8,"Uniform",0,0
50,0.75,0.2,1.5,8,"Central",0.051,0.00311123769583746
50,0.75,0.2,1.5,8,"Tail",0.0434,0.00288154264240528
50,0.75,0.2,1.5,8,"Localized",0.037,0.00266949433413896
50,0.75,0.2,2,1,"Uniform",0,0
50,0.75,0.2,2,1,"Central",0.054,0.00319637294444813
50,0.75,0.2,2,1,"Tail",0.0556,0.00324063697442339
50,0.75,0.2,2,1,"Localized",0.027,0.00229220417938717
50,0.75,0.2,2,2,"Uniform",0,0
50,0.75,0.2,2,2,"Central",0.0468,0.00298696367570816
50,0.75,0.2,2,2,"Tail",0.0542,0.00320194815698193
50,0.75,0.2,2,2,"Localized",0.026,0.00225051105307217
50,0.75,0.2,2,3,"Uniform",0,0
50,0.75,0.2,2,3,"Central",0.0522,0.00314563697841947
50,0.75,0.2,2,3,"Tail",0.0488,0.00304691844328003
50,0.75,0.2,2,3,"Localized",0.0292,0.00238106530779817
50,0.75,0.2,2,5,"Uniform",0,0
50,0.75,0.2,2,5,"Central",0.0504,0.00309385972532693
50,0.75,0.2,2,5,"Tail",0.0392,0.0027445713690848
50,0.75,0.2,2,5,"Localized",0.031,0.00245108139399735
50,0.75,0.2,2,8,"Uniform",0,0
50,0.75,0.2,2,8,"Central",0.0498,0.00307636018697421
50,0.75,0.2,2,8,"Tail",0.0402,0.00277791144567281
50,0.75,0.2,2,8,"Localized",0.0352,0.00260618341641566
100,0.25,0.05,0.5,1,"Uniform",0,0
100,0.25,0.05,0.5,1,"Central",0.0546,0.00321306209090332
100,0.25,0.05,0.5,1,"Tail",0.0544,0.0032075111847038
100,0.25,0.05,0.5,1,"Localized",0.0452,0.00293792307591605
100,0.25,0.05,0.5,2,"Uniform",0,0
100,0.25,0.05,0.5,2,"Central",0.0524,0.00315132480077824
100,0.25,0.05,0.5,2,"Tail",0.053,0.00316831185333767
100,0.25,0.05,0.5,2,"Localized",0.043,0.00286883251515316
100,0.25,0.05,0.5,3,"Uniform",0,0
100,0.25,0.05,0.5,3,"Central",0.06,0.00335857112474933
100,0.25,0.05,0.5,3,"Tail",0.053,0.00316831185333767
100,0.25,0.05,0.5,3,"Localized",0.043,0.00286883251515316
100,0.25,0.05,0.5,5,"Uniform",0,0
100,0.25,0.05,0.5,5,"Central",0.0492,0.00305873699425106
100,0.25,0.05,0.5,5,"Tail",0.0468,0.00298696367570816
100,0.25,0.05,0.5,5,"Localized",0.0442,0.00290676314824583
100,0.25,0.05,0.5,8,"Uniform",0,0
100,0.25,0.05,0.5,8,"Central",0.0556,0.00324063697442339
100,0.25,0.05,0.5,8,"Tail",0.0426,0.00285605462132642
100,0.25,0.05,0.5,8,"Localized",0.0438,0.00289418589589542
100,0.25,0.05,1,1,"Uniform",0,0
100,0.25,0.05,1,1,"Central",0.0626,0.00342582077756557
100,0.25,0.05,1,1,"Tail",0.0524,0.00315132480077824
100,0.25,0.05,1,1,"Localized",0.0346,0.0025846794772273
100,0.25,0.05,1,2,"Uniform",0,0
100,0.25,0.05,1,2,"Central",0.0526,0.00315699984162179
100,0.25,0.05,1,2,"Tail",0.0564,0.00326248494249399
100,0.25,0.05,1,2,"Localized",0.0304,0.00242799670510485
100,0.25,0.05,1,3,"Uniform",0,0
100,0.25,0.05,1,3,"Central",0.0576,0.00329491244193226
100,0.25,0.05,1,3,"Tail",0.0486,0.0030409879973456
100,0.25,0.05,1,3,"Localized",0.0298,0.00240466047499434
100,0.25,0.05,1,5,"Uniform",0,0
100,0.25,0.05,1,5,"Central",0.0558,0.00324611644892786
100,0.25,0.05,1,5,"Tail",0.05,0.00308220700148449
100,0.25,0.05,1,5,"Localized",0.0324,0.00250400638976821
100,0.25,0.05,1,8,"Uniform",0,0
100,0.25,0.05,1,8,"Central",0.053,0.00316831185333767
100,0.25,0.05,1,8,"Tail",0.0532,0.00317394895989208
100,0.25,0.05,1,8,"Localized",0.0454,0.00294410733499986
100,0.25,0.05,1.5,1,"Uniform",0,0
100,0.25,0.05,1.5,1,"Central",0.0576,0.00329491244193226
100,0.25,0.05,1.5,1,"Tail",0.0562,0.00325704037432759
100,0.25,0.05,1.5,1,"Localized",0.037,0.00266949433413896
100,0.25,0.05,1.5,2,"Uniform",0,0
100,0.25,0.05,1.5,2,"Central",0.0544,0.0032075111847038
100,0.25,0.05,1.5,2,"Tail",0.0542,0.00320194815698193
100,0.25,0.05,1.5,2,"Localized",0.0304,0.00242799670510485
100,0.25,0.05,1.5,3,"Uniform",0,0
100,0.25,0.05,1.5,3,"Central",0.0632,0.00344109749934523
100,0.25,0.05,1.5,3,"Tail",0.0542,0.00320194815698193
100,0.25,0.05,1.5,3,"Localized",0.0344,0.00257746542168852
100,0.25,0.05,1.5,5,"Uniform",0,0
100,0.25,0.05,1.5,5,"Central",0.0498,0.00307636018697421
100,0.25,0.05,1.5,5,"Tail",0.0516,0.00312849612433834
100,0.25,0.05,1.5,5,"Localized",0.035,0.00259903828367341
100,0.25,0.05,1.5,8,"Uniform",0,0
100,0.25,0.05,1.5,8,"Central",0.0608,0.00337944847571316
100,0.25,0.05,1.5,8,"Tail",0.0478,0.00301712313305241
100,0.25,0.05,1.5,8,"Localized",0.038,0.0027039230758289
100,0.25,0.05,2,1,"Uniform",0,0
100,0.25,0.05,2,1,"Central",0.0642,0.00346636293541227
100,0.25,0.05,2,1,"Tail",0.0552,0.0032296427046966
100,0.25,0.05,2,1,"Localized",0.0224,0.00209276085590303
100,0.25,0.05,2,2,"Uniform",0,0
100,0.25,0.05,2,2,"Central",0.0536,0.00318518570887162
100,0.25,0.05,2,2,"Tail",0.0576,0.00329491244193226
100,0.25,0.05,2,2,"Localized",0.025,0.00220794021658196
100,0.25,0.05,2,3,"Uniform",0,0
100,0.25,0.05,2,3,"Central",0.0624,0.00342070869850094
100,0.25,0.05,2,3,"Tail",0.048,0.00302311098043059
100,0.25,0.05,2,3,"Localized",0.0248,0.00219931625738546
100,0.25,0.05,2,5,"Uniform",0,0
100,0.25,0.05,2,5,"Central",0.0532,0.00317394895989208
100,0.25,0.05,2,5,"Tail",0.0478,0.00301712313305241
100,0.25,0.05,2,5,"Localized",0.0234,0.00213786996798215
100,0.25,0.05,2,8,"Uniform",0,0
100,0.25,0.05,2,8,"Central",0.06,0.00335857112474933
100,0.25,0.05,2,8,"Tail",0.0414,0.00281730509529941
100,0.25,0.05,2,8,"Localized",0.0406,0.00279111590586991
100,0.25,0.1,0.5,1,"Uniform",0,0
100,0.25,0.1,0.5,1,"Central",0.0564,0.00326248494249399
100,0.25,0.1,0.5,1,"Tail",0.0516,0.00312849612433834
100,0.25,0.1,0.5,1,"Localized",0.0428,0.00286245209566903
100,0.25,0.1,0.5,2,"Uniform",0,0
100,0.25,0.1,0.5,2,"Central",0.0506,0.00309966578843591
100,0.25,0.1,0.5,2,"Tail",0.056,0.00325158422926425
100,0.25,0.1,0.5,2,"Localized",0.039,0.00273784586856163
100,0.25,0.1,0.5,3,"Uniform",0,0
100,0.25,0.1,0.5,3,"Central",0.0516,0.00312849612433834
100,0.25,0.1,0.5,3,"Tail",0.053,0.00316831185333767
100,0.25,0.1,0.5,3,"Localized",0.0392,0.0027445713690848
100,0.25,0.1,0.5,5,"Uniform",0,0
100,0.25,0.1,0.5,5,"Central",0.0512,0.0031170036894428
100,0.25,0.1,0.5,5,"Tail",0.047,0.00299302522541993
100,0.25,0.1,0.5,5,"Localized",0.0392,0.0027445713690848
100,0.25,0.1,0.5,8,"Uniform",0,0
100,0.25,0.1,0.5,8,"Central",0.0574,0.0032895361375124
100,0.25,0.1,0.5,8,"Tail",0.051,0.00311123769583746
100,0.25,0.1,0.5,8,"Localized",0.0444,0.00291302729132427
100,0.25,0.1,1,1,"Uniform",0,0
100,0.25,0.1,1,1,"Central",0.0598,0.00335332551357604
100,0.25,0.1,1,1,"Tail",0.0554,0.00323514574633045
100,0.25,0.1,1,1,"Localized",0.0322,0.00249652398346181
100,0.25,0.1,1,2,"Uniform",0,0
100,0.25,0.1,1,2,"Central",0.0576,0.00329491244193226
100,0.25,0.1,1,2,"Tail",0.0528,0.00316266216975509
100,0.25,0.1,1,2,"Localized",0.0366,0.00265557677350891
100,0.25,0.1,1,3,"Uniform",0,0
100,0.25,0.1,1,3,"Central",0.0508,0.00310545842026584
100,0.25,0.1,1,3,"Tail",0.0494,0.0030646252625729
100,0.25,0.1,1,3,"Localized",0.0328,0.00251889499582654
100,0.25,0.1,1,5,"Uniform",0,0
100,0.25,0.1,1,5,"Central",0.0504,0.00309385972532693
100,0.25,0.1,1,5,"Tail",0.0476,0.00301112072159188
100,0.25,0.1,1,5,"Localized",0.035,0.00259903828367341
100,0.25,0.1,1,8,"Uniform",0,0
100,0.25,0.1,1,8,"Central",0.056,0.00325158422926425
100,0.25,0.1,1,8,"Tail",0.0462,0.00296868859936505
100,0.25,0.1,1,8,"Localized",0.0404,0.00278452293939195
100,0.25,0.1,1.5,1,"Uniform",0,0
100,0.25,0.1,1.5,1,"Central",0.0508,0.00310545842026584
100,0.25,0.1,1.5,1,"Tail",0.0568,0.00327333957908433
100,0.25,0.1,1.5,1,"Localized",0.0268,0.00228393344911799
100,0.25,0.1,1.5,2,"Uniform",0,0
100,0.25,0.1,1.5,2,"Central",0.0526,0.00315699984162179
100,0.25,0.1,1.5,2,"Tail",0.0496,0.00307049963361014
100,0.25,0.1,1.5,2,"Localized",0.0322,0.00249652398346181
100,0.25,0.1,1.5,3,"Uniform",0,0
100,0.25,0.1,1.5,3,"Central",0.0628,0.00343092290790685
100,0.25,0.1,1.5,3,"Tail",0.05,0.00308220700148449
100,0.25,0.1,1.5,3,"Localized",0.0256,0.00223359083092674
100,0.25,0.1,1.5,5,"Uniform",0,0
100,0.25,0.1,1.5,5,"Central",0.053,0.00316831185333767
100,0.25,0.1,1.5,5,"Tail",0.0532,0.00317394895989208
100,0.25,0.1,1.5,5,"Localized",0.035,0.00259903828367341
100,0.25,0.1,1.5,8,"Uniform",0,0
100,0.25,0.1,1.5,8,"Central",0.0616,0.00340015999623547
100,0.25,0.1,1.5,8,"Tail",0.0412,0.00281078494374792
100,0.25,0.1,1.5,8,"Localized",0.0332,0.0025336834845734
100,0.25,0.1,2,1,"Uniform",0,0
100,0.25,0.1,2,1,"Central",0.0648,0.00348140661227614
100,0.25,0.1,2,1,"Tail",0.0612,0.00338982477423244
100,0.25,0.1,2,1,"Localized",0.021,0.002027757381937
100,0.25,0.1,2,2,"Uniform",0,0
100,0.25,0.1,2,2,"Central",0.0632,0.00344109749934523
100,0.25,0.1,2,2,"Tail",0.0506,0.00309966578843591
100,0.25,0.1,2,2,"Localized",0.0242,0.00217321697030002
100,0.25,0.1,2,3,"Uniform",0,0
100,0.25,0.1,2,3,"Central",0.0654,0.00349636496950762
100,0.25,0.1,2,3,"Tail",0.0482,0.00302908435009658
100,0.25,0.1,2,3,"Localized",0.023,0.00211995282966391
100,0.25,0.1,2,5,"Uniform",0,0
100,0.25,0.1,2,5,"Central",0.0576,0.00329491244193226
100,0.25,0.1,2,5,"Tail",0.0436,0.00288787257336608
100,0.25,0.1,2,5,"Localized",0.028,0.00233306665142683
100,0.25,0.1,2,8,"Uniform",0,0
100,0.25,0.1,2,8,"Central",0.0618,0.00340531232047811
100,0.25,0.1,2,8,"Tail",0.0432,0.00287519599331941
100,0.25,0.1,2,8,"Localized",0.033,0.00252630164469724
100,0.25,0.2,0.5,1,"Uniform",0,0
100,0.25,0.2,0.5,1,"Central",0.0578,0.00330027756408457
100,0.25,0.2,0.5,1,"Tail",0.0516,0.00312849612433834
100,0.25,0.2,0.5,1,"Localized",0.0376,0.00269021337443705
100,0.25,0.2,0.5,2,"Uniform",0,0
100,0.25,0.2,0.5,2,"Central",0.0528,0.00316266216975509
100,0.25,0.2,0.5,2,"Tail",0.0514,0.00312275647465504
100,0.25,0.2,0.5,2,"Localized",0.0352,0.00260618341641566
100,0.25,0.2,0.5,3,"Uniform",0,0
100,0.25,0.2,0.5,3,"Central",0.058,0.00330563155841664
100,0.25,0.2,0.5,3,"Tail",0.0492,0.00305873699425106
100,0.25,0.2,0.5,3,"Localized",0.0438,0.00289418589589542
100,0.25,0.2,0.5,5,"Uniform",0,0
100,0.25,0.2,0.5,5,"Central",0.0458,0.00295642892693195
100,0.25,0.2,0.5,5,"Tail",0.0572,0.00328414859590732
100,0.25,0.2,0.5,5,"Localized",0.0412,0.00281078494374792
100,0.25,0.2,0.5,8,"Uniform",0,0
100,0.25,0.2,0.5,8,"Central",0.0502,0.00308804015517933
100,0.25,0.2,0.5,8,"Tail",0.0432,0.00287519599331941
100,0.25,0.2,0.5,8,"Localized",0.0446,0.00291927525252416
100,0.25,0.2,1,1,"Uniform",0,0
100,0.25,0.2,1,1,"Central",0.0526,0.00315699984162179
100,0.25,0.2,1,1,"Tail",0.052,0.00313993630508646
100,0.25,0.2,1,1,"Localized",0.03,0.00241246761636296
100,0.25,0.2,1,2,"Uniform",0,0
100,0.25,0.2,1,2,"Central",0.051,0.00311123769583746
100,0.25,0.2,1,2,"Tail",0.0574,0.0032895361375124
100,0.25,0.2,1,2,"Localized",0.032,0.00248901586977665
100,0.25,0.2,1,3,"Uniform",0,0
100,0.25,0.2,1,3,"Central",0.0508,0.00310545842026584
100,0.25,0.2,1,3,"Tail",0.0492,0.00305873699425106
100,0.25,0.2,1,3,"Localized",0.044,0.00290048271844533
100,0.25,0.2,1,5,"Uniform",0,0
100,0.25,0.2,1,5,"Central",0.0476,0.00301112072159188
100,0.25,0.2,1,5,"Tail",0.0522,0.00314563697841947
100,0.25,0.2,1,5,"Localized",0.0406,0.00279111590586991
100,0.25,0.2,1,8,"Uniform",0,0
100,0.25,0.2,1,8,"Central",0.0526,0.00315699984162179
100,0.25,0.2,1,8,"Tail",0.0476,0.00301112072159188
100,0.25,0.2,1,8,"Localized",0.04,0.0027712812921102
100,0.25,0.2,1.5,1,"Uniform",0,0
100,0.25,0.2,1.5,1,"Central",0.0496,0.00307049963361014
100,0.25,0.2,1.5,1,"Tail",0.0536,0.00318518570887162
100,0.25,0.2,1.5,1,"Localized",0.027,0.00229220417938717
100,0.25,0.2,1.5,2,"Uniform",0,0
100,0.25,0.2,1.5,2,"Central",0.0528,0.00316266216975509
100,0.25,0.2,1.5,2,"Tail",0.054,0.00319637294444813
100,0.25,0.2,1.5,2,"Localized",0.0346,0.0025846794772273
100,0.25,0.2,1.5,3,"Uniform",0,0
100,0.25,0.2,1.5,3,"Central",0.0518,0.0031342227106573
100,0.25,0.2,1.5,3,"Tail",0.0496,0.00307049963361014
100,0.25,0.2,1.5,3,"Localized",0.0292,0.00238106530779817
100,0.25,0.2,1.5,5,"Uniform",0,0
100,0.25,0.2,1.5,5,"Central",0.049,0.00305283474822991
100,0.25,0.2,1.5,5,"Tail",0.0518,0.0031342227106573
100,0.25,0.2,1.5,5,"Localized",0.0334,0.00254104073166882
100,0.25,0.2,1.5,8,"Uniform",0,0
100,0.25,0.2,1.5,8,"Central",0.0508,0.00310545842026584
100,0.25,0.2,1.5,8,"Tail",0.0442,0.00290676314824583
100,0.25,0.2,1.5,8,"Localized",0.0336,0.00254837359898426
100,0.25,0.2,2,1,"Uniform",0,0
100,0.25,0.2,2,1,"Central",0.0516,0.00312849612433834
100,0.25,0.2,2,1,"Tail",0.0638,0.00345628586780665
100,0.25,0.2,2,1,"Localized",0.0224,0.00209276085590303
100,0.25,0.2,2,2,"Uniform",0,0
100,0.25,0.2,2,2,"Central",0.0462,0.00296868859936505
100,0.25,0.2,2,2,"Tail",0.0638,0.00345628586780665
100,0.25,0.2,2,2,"Localized",0.0272,0.00230044169671826
100,0.25,0.2,2,3,"Uniform",0,0
100,0.25,0.2,2,3,"Central",0.0492,0.00305873699425106
100,0.25,0.2,2,3,"Tail",0.0576,0.00329491244193226
100,0.25,0.2,2,3,"Localized",0.0286,0.0023572034277932
100,0.25,0.2,2,5,"Uniform",0,0
100,0.25,0.2,2,5,"Central",0.0504,0.00309385972532693
100,0.25,0.2,2,5,"Tail",0.0532,0.00317394895989208
100,0.25,0.2,2,5,"Localized",0.0268,0.00228393344911799
100,0.25,0.2,2,8,"Uniform",0,0
100,0.25,0.2,2,8,"Central",0.0528,0.00316266216975509
100,0.25,0.2,2,8,"Tail",0.0496,0.00307049963361014
100,0.25,0.2,2,8,"Localized",0.0326,0.00251146331846595
100,0.5,0.05,0.5,1,"Uniform",0,0
100,0.5,0.05,0.5,1,"Central",0.0472,0.00299907185642492
100,0.5,0.05,0.5,1,"Tail",0.0552,0.0032296427046966
100,0.5,0.05,0.5,1,"Localized",0.0414,0.00281730509529941
100,0.5,0.05,0.5,2,"Uniform",0,0
100,0.5,0.05,0.5,2,"Central",0.0516,0.00312849612433834
100,0.5,0.05,0.5,2,"Tail",0.0528,0.00316266216975509
100,0.5,0.05,0.5,2,"Localized",0.0428,0.00286245209566903
100,0.5,0.05,0.5,3,"Uniform",0,0
100,0.5,0.05,0.5,3,"Central",0.0486,0.0030409879973456
100,0.5,0.05,0.5,3,"Tail",0.0492,0.00305873699425106
100,0.5,0.05,0.5,3,"Localized",0.0394,0.00275127752144345
100,0.5,0.05,0.5,5,"Uniform",0,0
100,0.5,0.05,0.5,5,"Central",0.044,0.00290048271844533
100,0.5,0.05,0.5,5,"Tail",0.0504,0.00309385972532693
100,0.5,0.05,0.5,5,"Localized",0.0438,0.00289418589589542
100,0.5,0.05,0.5,8,"Uniform",0,0
100,0.5,0.05,0.5,8,"Central",0.0444,0.00291302729132427
100,0.5,0.05,0.5,8,"Tail",0.0438,0.00289418589589542
100,0.5,0.05,0.5,8,"Localized",0.045,0.00293172304285381
100,0.5,0.05,1,1,"Uniform",0,0
100,0.5,0.05,1,1,"Central",0.0486,0.0030409879973456
100,0.5,0.05,1,1,"Tail",0.0548,0.00321860093829602
100,0.5,0.05,1,1,"Localized",0.0414,0.00281730509529941
100,0.5,0.05,1,2,"Uniform",0,0
100,0.5,0.05,1,2,"Central",0.0448,0.00292550713552369
100,0.5,0.05,1,2,"Tail",0.0518,0.0031342227106573
100,0.5,0.05,1,2,"Localized",0.0358,0.00262748396760094
100,0.5,0.05,1,3,"Uniform",0,0
100,0.5,0.05,1,3,"Central",0.0438,0.00289418589589542
100,0.5,0.05,1,3,"Tail",0.0512,0.0031170036894428
100,0.5,0.05,1,3,"Localized",0.0364,0.00264858603787002
100,0.5,0.05,1,5,"Uniform",0,0
100,0.5,0.05,1,5,"Central",0.0422,0.00284320804725929
100,0.5,0.05,1,5,"Tail",0.0542,0.00320194815698193
100,0.5,0.05,1,5,"Localized",0.0334,0.00254104073166882
100,0.5,0.05,1,8,"Uniform",0,0
100,0.5,0.05,1,8,"Central",0.0482,0.00302908435009658
100,0.5,0.05,1,8,"Tail",0.0486,0.0030409879973456
100,0.5,0.05,1,8,"Localized",0.0332,0.0025336834845734
100,0.5,0.05,1.5,1,"Uniform",0,0
100,0.5,0.05,1.5,1,"Central",0.042,0.00283675871374356
100,0.5,0.05,1.5,1,"Tail",0.0536,0.00318518570887162
100,0.5,0.05,1.5,1,"Localized",0.034,0.0025629670306112
100,0.5,0.05,1.5,2,"Uniform",0,0
100,0.5,0.05,1.5,2,"Central",0.0448,0.00292550713552369
100,0.5,0.05,1.5,2,"Tail",0.0588,0.00332693733033852
100,0.5,0.05,1.5,2,"Localized",0.0306,0.00243571919563812
100,0.5,0.05,1.5,3,"Uniform",0,0
100,0.5,0.05,1.5,3,"Central",0.0462,0.00296868859936505
100,0.5,0.05,1.5,3,"Tail",0.044,0.00290048271844533
100,0.5,0.05,1.5,3,"Localized",0.0334,0.00254104073166882
100,0.5,0.05,1.5,5,"Uniform",0,0
100,0.5,0.05,1.5,5,"Central",0.0386,0.00272433624943765
100,0.5,0.05,1.5,5,"Tail",0.053,0.00316831185333767
100,0.5,0.05,1.5,5,"Localized",0.028,0.00233306665142683
100,0.5,0.05,1.5,8,"Uniform",0,0
100,0.5,0.05,1.5,8,"Central",0.0566,0.00326791799162709
100,0.5,0.05,1.5,8,"Tail",0.0496,0.00307049963361014
100,0.5,0.05,1.5,8,"Localized",0.042,0.00283675871374356
100,0.5,0.05,2,1,"Uniform",0,0
100,0.5,0.05,2,1,"Central",0.0424,0.00284963997726029
100,0.5,0.05,2,1,"Tail",0.0626,0.00342582077756557
100,0.5,0.05,2,1,"Localized",0.0264,0.00226729089443768
100,0.5,0.05,2,2,"Uniform",0,0
100,0.5,0.05,2,2,"Central",0.039,0.00273784586856163
100,0.5,0.05,2,2,"Tail",0.056,0.00325158422926425
100,0.5,0.05,2,2,"Localized",0.0256,0.00223359083092674
100,0.5,0.05,2,3,"Uniform",0,0
100,0.5,0.05,2,3,"Central",0.045,0.00293172304285381
100,0.5,0.05,2,3,"Tail",0.0534,0.00317957355631223
100,0.5,0.05,2,3,"Localized",0.0274,0.00230864635663412
100,0.5,0.05,2,5,"Uniform",0,0
100,0.5,0.05,2,5,"Central",0.0376,0.00269021337443705
100,0.5,0.05,2,5,"Tail",0.056,0.00325158422926425
100,0.5,0.05,2,5,"Localized",0.0306,0.00243571919563812
100,0.5,0.05,2,8,"Uniform",0,0
100,0.5,0.05,2,8,"Central",0.0466,0.00298088711627931
100,0.5,0.05,2,8,"Tail",0.043,0.00286883251515316
100,0.5,0.05,2,8,"Localized",0.0378,0.00269707841932711
100,0.5,0.1,0.5,1,"Uniform",0,0
100,0.5,0.1,0.5,1,"Central",0.0502,0.00308804015517933
100,0.5,0.1,0.5,1,"Tail",0.058,0.00330563155841664
100,0.5,0.1,0.5,1,"Localized",0.039,0.00273784586856163
100,0.5,0.1,0.5,2,"Uniform",0,0
100,0.5,0.1,0.5,2,"Central",0.0442,0.00290676314824583
100,0.5,0.1,0.5,2,"Tail",0.0524,0.00315132480077824
100,0.5,0.1,0.5,2,"Localized",0.0442,0.00290676314824583
100,0.5,0.1,0.5,3,"Uniform",0,0
100,0.5,0.1,0.5,3,"Central",0.049,0.00305283474822991
100,0.5,0.1,0.5,3,"Tail",0.0468,0.00298696367570816
100,0.5,0.1,0.5,3,"Localized",0.0454,0.00294410733499986
100,0.5,0.1,0.5,5,"Uniform",0,0
100,0.5,0.1,0.5,5,"Central",0.042,0.00283675871374356
100,0.5,0.1,0.5,5,"Tail",0.0556,0.00324063697442339
100,0.5,0.1,0.5,5,"Localized",0.0484,0.00303504332753257
100,0.5,0.1,0.5,8,"Uniform",0,0
100,0.5,0.1,0.5,8,"Central",0.0536,0.00318518570887162
100,0.5,0.1,0.5,8,"Tail",0.045,0.00293172304285381
100,0.5,0.1,0.5,8,"Localized",0.0464,0.00297479545515318
100,0.5,0.1,1,1,"Uniform",0,0
100,0.5,0.1,1,1,"Central",0.041,0.00280424677944007
100,0.5,0.1,1,1,"Tail",0.0638,0.00345628586780665
100,0.5,0.1,1,1,"Localized",0.0376,0.00269021337443705
100,0.5,0.1,1,2,"Uniform",0,0
100,0.5,0.1,1,2,"Central",0.0434,0.00288154264240528
100,0.5,0.1,1,2,"Tail",0.0586,0.00332162731202644
100,0.5,0.1,1,2,"Localized",0.0402,0.00277791144567281
100,0.5,0.1,1,3,"Uniform",0,0
100,0.5,0.1,1,3,"Central",0.0452,0.00293792307591605
100,0.5,0.1,1,3,"Tail",0.0486,0.0030409879973456
100,0.5,0.1,1,3,"Localized",0.03,0.00241246761636296
100,0.5,0.1,1,5,"Uniform",0,0
100,0.5,0.1,1,5,"Central",0.0366,0.00265557677350891
100,0.5,0.1,1,5,"Tail",0.0528,0.00316266216975509
100,0.5,0.1,1,5,"Localized",0.035,0.00259903828367341
100,0.5,0.1,1,8,"Uniform",0,0
100,0.5,0.1,1,8,"Central",0.043,0.00286883251515316
100,0.5,0.1,1,8,"Tail",0.044,0.00290048271844533
100,0.5,0.1,1,8,"Localized",0.0354,0.00261330595223751
100,0.5,0.1,1.5,1,"Uniform",0,0
100,0.5,0.1,1.5,1,"Central",0.0398,0.00276463234445378
100,0.5,0.1,1.5,1,"Tail",0.066,0.00351123909752668
100,0.5,0.1,1.5,1,"Localized",0.0218,0.00206517602155361
100,0.5,0.1,1.5,2,"Uniform",0,0
100,0.5,0.1,1.5,2,"Central",0.032,0.00248901586977665
100,0.5,0.1,1.5,2,"Tail",0.0658,0.00350629034736144
100,0.5,0.1,1.5,2,"Localized",0.0278,0.00232495849425318
100,0.5,0.1,1.5,3,"Uniform",0,0
100,0.5,0.1,1.5,3,"Central",0.0368,0.00266254614983478
100,0.5,0.1,1.5,3,"Tail",0.0558,0.00324611644892786
100,0.5,0.1,1.5,3,"Localized",0.0278,0.00232495849425318
100,0.5,0.1,1.5,5,"Uniform",0,0
100,0.5,0.1,1.5,5,"Central",0.0394,0.00275127752144345
100,0.5,0.1,1.5,5,"Tail",0.0522,0.00314563697841947
100,0.5,0.1,1.5,5,"Localized",0.0334,0.00254104073166882
100,0.5,0.1,1.5,8,"Uniform",0,0
100,0.5,0.1,1.5,8,"Central",0.0442,0.00290676314824583
100,0.5,0.1,1.5,8,"Tail",0.0462,0.00296868859936505
100,0.5,0.1,1.5,8,"Localized",0.0326,0.00251146331846595
100,0.5,0.1,2,1,"Uniform",0,0
100,0.5,0.1,2,1,"Central",0.0282,0.00234114331043616
100,0.5,0.1,2,1,"Tail",0.0686,0.00357474586509307
100,0.5,0.1,2,1,"Localized",0.021,0.002027757381937
100,0.5,0.1,2,2,"Uniform",0,0
100,0.5,0.1,2,2,"Central",0.0274,0.00230864635663412
100,0.5,0.1,2,2,"Tail",0.0716,0.00364618814654428
100,0.5,0.1,2,2,"Localized",0.0238,0.00215562334372218
100,0.5,0.1,2,3,"Uniform",0,0
100,0.5,0.1,2,3,"Central",0.039,0.00273784586856163
100,0.5,0.1,2,3,"Tail",0.061,0.00338464178311383
100,0.5,0.1,2,3,"Localized",0.0216,0.00205589104769684
100,0.5,0.1,2,5,"Uniform",0,0
100,0.5,0.1,2,5,"Central",0.0368,0.00266254614983478
100,0.5,0.1,2,5,"Tail",0.053,0.00316831185333767
100,0.5,0.1,2,5,"Localized",0.0284,0.00234918879615922
100,0.5,0.1,2,8,"Uniform",0,0
100,0.5,0.1,2,8,"Central",0.0416,0.00282380735886852
100,0.5,0.1,2,8,"Tail",0.041,0.00280424677944007
100,0.5,0.1,2,8,"Localized",0.0372,0.00267642149146953
100,0.5,0.2,0.5,1,"Uniform",0,0
100,0.5,0.2,0.5,1,"Central",0.0448,0.00292550713552369
100,0.5,0.2,0.5,1,"Tail",0.0552,0.0032296427046966
100,0.5,0.2,0.5,1,"Localized",0.0382,0.0027107474983849
100,0.5,0.2,0.5,2,"Uniform",0,0
100,0.5,0.2,0.5,2,"Central",0.0484,0.00303504332753257
100,0.5,0.2,0.5,2,"Tail",0.0506,0.00309966578843591
100,0.5,0.2,0.5,2,"Localized",0.0402,0.00277791144567281
100,0.5,0.2,0.5,3,"Uniform",0,0
100,0.5,0.2,0.5,3,"Central",0.0462,0.00296868859936505
100,0.5,0.2,0.5,3,"Tail",0.0576,0.00329491244193226
100,0.5,0.2,0.5,3,"Localized",0.0382,0.0027107474983849
100,0.5,0.2,0.5,5,"Uniform",0,0
100,0.5,0.2,0.5,5,"Central",0.0394,0.00275127752144345
100,0.5,0.2,0.5,5,"Tail",0.055,0.0032241277890307
100,0.5,0.2,0.5,5,"Localized",0.0478,0.00301712313305241
100,0.5,0.2,0.5,8,"Uniform",0,0
100,0.5,0.2,0.5,8,"Central",0.0522,0.00314563697841947
100,0.5,0.2,0.5,8,"Tail",0.0466,0.00298088711627931
100,0.5,0.2,0.5,8,"Localized",0.045,0.00293172304285381
100,0.5,0.2,1,1,"Uniform",0,0
100,0.5,0.2,1,1,"Central",0.0404,0.00278452293939195
100,0.5,0.2,1,1,"Tail",0.0686,0.00357474586509307
100,0.5,0.2,1,1,"Localized",0.0352,0.00260618341641566
100,0.5,0.2,1,2,"Uniform",0,0
100,0.5,0.2,1,2,"Central",0.0398,0.00276463234445378
100,0.5,0.2,1,2,"Tail",0.0644,0.00347138704266753
100,0.5,0.2,1,2,"Localized",0.0332,0.0025336834845734
100,0.5,0.2,1,3,"Uniform",0,0
100,0.5,0.2,1,3,"Central",0.0454,0.00294410733499986
100,0.5,0.2,1,3,"Tail",0.052,0.00313993630508646
100,0.5,0.2,1,3,"Localized",0.0394,0.00275127752144345
100,0.5,0.2,1,5,"Uniform",0,0
100,0.5,0.2,1,5,"Central",0.0386,0.00272433624943765
100,0.5,0.2,1,5,"Tail",0.0602,0.00336380617753164
100,0.5,0.2,1,5,"Localized",0.0412,0.00281078494374792
100,0.5,0.2,1,8,"Uniform",0,0
100,0.5,0.2,1,8,"Central",0.0488,0.00304691844328003
100,0.5,0.2,1,8,"Tail",0.0418,0.00283029185774188
100,0.5,0.2,1,8,"Localized",0.0468,0.00298696367570816
100,0.5,0.2,1.5,1,"Uniform",0,0
100,0.5,0.2,1.5,1,"Central",0.0362,0.00264157377334043
100,0.5,0.2,1.5,1,"Tail",0.076,0.00374763925691895
100,0.5,0.2,1.5,1,"Localized",0.0294,0.00238895960618843
100,0.5,0.2,1.5,2,"Uniform",0,0
100,0.5,0.2,1.5,2,"Central",0.0346,0.0025846794772273
100,0.5,0.2,1.5,2,"Tail",0.0648,0.00348140661227614
100,0.5,0.2,1.5,2,"Localized",0.0368,0.00266254614983478
100,0.5,0.2,1.5,3,"Uniform",0,0
100,0.5,0.2,1.5,3,"Central",0.0432,0.00287519599331941
100,0.5,0.2,1.5,3,"Tail",0.0576,0.00329491244193226
100,0.5,0.2,1.5,3,"Localized",0.0418,0.00283029185774188
100,0.5,0.2,1.5,5,"Uniform",0,0
100,0.5,0.2,1.5,5,"Central",0.0388,0.00273110087693589
100,0.5,0.2,1.5,5,"Tail",0.0656,0.00350133231784702
100,0.5,0.2,1.5,5,"Localized",0.0394,0.00275127752144345
100,0.5,0.2,1.5,8,"Uniform",0,0
100,0.5,0.2,1.5,8,"Central",0.0488,0.00304691844328003
100,0.5,0.2,1.5,8,"Tail",0.0486,0.0030409879973456
100,0.5,0.2,1.5,8,"Localized",0.0434,0.00288154264240528
100,0.5,0.2,2,1,"Uniform",0,0
100,0.5,0.2,2,1,"Central",0.0334,0.00254104073166882
100,0.5,0.2,2,1,"Tail",0.0812,0.00386281141139456
100,0.5,0.2,2,1,"Localized",0.031,0.00245108139399735
100,0.5,0.2,2,2,"Uniform",0,0
100,0.5,0.2,2,2,"Central",0.0338,0.0025556822963741
100,0.5,0.2,2,2,"Tail",0.0822,0.00388440883533132
100,0.5,0.2,2,2,"Localized",0.023,0.00211995282966391
100,0.5,0.2,2,3,"Uniform",0,0
100,0.5,0.2,2,3,"Central",0.035,0.00259903828367341
100,0.5,0.2,2,3,"Tail",0.0726,0.00366958417262774
100,0.5,0.2,2,3,"Localized",0.035,0.00259903828367341
100,0.5,0.2,2,5,"Uniform",0,0
100,0.5,0.2,2,5,"Central",0.0338,0.0025556822963741
100,0.5,0.2,2,5,"Tail",0.0586,0.00332162731202644
100,0.5,0.2,2,5,"Localized",0.0352,0.00260618341641566
100,0.5,0.2,2,8,"Uniform",0,0
100,0.5,0.2,2,8,"Central",0.042,0.00283675871374356
100,0.5,0.2,2,8,"Tail",0.0426,0.00285605462132642
100,0.5,0.2,2,8,"Localized",0.0416,0.00282380735886852
100,0.75,0.05,0.5,1,"Uniform",0,0
100,0.75,0.05,0.5,1,"Central",0.0578,0.00330027756408457
100,0.75,0.05,0.5,1,"Tail",0.0474,0.00300510365877785
100,0.75,0.05,0.5,1,"Localized",0.0428,0.00286245209566903
100,0.75,0.05,0.5,2,"Uniform",0,0
100,0.75,0.05,0.5,2,"Central",0.0498,0.00307636018697421
100,0.75,0.05,0.5,2,"Tail",0.048,0.00302311098043059
100,0.75,0.05,0.5,2,"Localized",0.0418,0.00283029185774188
100,0.75,0.05,0.5,3,"Uniform",0,0
100,0.75,0.05,0.5,3,"Central",0.0538,0.00319078548323136
100,0.75,0.05,0.5,3,"Tail",0.0482,0.00302908435009658
100,0.75,0.05,0.5,3,"Localized",0.0408,0.00279769047608916
100,0.75,0.05,0.5,5,"Uniform",0,0
100,0.75,0.05,0.5,5,"Central",0.0524,0.00315132480077824
100,0.75,0.05,0.5,5,"Tail",0.0492,0.00305873699425106
100,0.75,0.05,0.5,5,"Localized",0.0368,0.00266254614983478
100,0.75,0.05,0.5,8,"Uniform",0,0
100,0.75,0.05,0.5,8,"Central",0.0564,0.00326248494249399
100,0.75,0.05,0.5,8,"Tail",0.0486,0.0030409879973456
100,0.75,0.05,0.5,8,"Localized",0.0444,0.00291302729132427
100,0.75,0.05,1,1,"Uniform",0,0
100,0.75,0.05,1,1,"Central",0.06,0.00335857112474933
100,0.75,0.05,1,1,"Tail",0.0592,0.0033375248313683
100,0.75,0.05,1,1,"Localized",0.0334,0.00254104073166882
100,0.75,0.05,1,2,"Uniform",0,0
100,0.75,0.05,1,2,"Central",0.0572,0.00328414859590732
100,0.75,0.05,1,2,"Tail",0.0532,0.00317394895989208
100,0.75,0.05,1,2,"Localized",0.0248,0.00219931625738546
100,0.75,0.05,1,3,"Uniform",0,0
100,0.75,0.05,1,3,"Central",0.061,0.00338464178311383
100,0.75,0.05,1,3,"Tail",0.047,0.00299302522541993
100,0.75,0.05,1,3,"Localized",0.0358,0.00262748396760094
100,0.75,0.05,1,5,"Uniform",0,0
100,0.75,0.05,1,5,"Central",0.0508,0.00310545842026584
100,0.75,0.05,1,5,"Tail",0.0476,0.00301112072159188
100,0.75,0.05,1,5,"Localized",0.0408,0.00279769047608916
100,0.75,0.05,1,8,"Uniform",0,0
100,0.75,0.05,1,8,"Central",0.0568,0.00327333957908433
100,0.75,0.05,1,8,"Tail",0.0414,0.00281730509529941
100,0.75,0.05,1,8,"Localized",0.0366,0.00265557677350891
100,0.75,0.05,1.5,1,"Uniform",0,0
100,0.75,0.05,1.5,1,"Central",0.0594,0.00334280241713446
100,0.75,0.05,1.5,1,"Tail",0.0582,0.003310974478911
100,0.75,0.05,1.5,1,"Localized",0.0312,0.00245872161905328
100,0.75,0.05,1.5,2,"Uniform",0,0
100,0.75,0.05,1.5,2,"Central",0.0556,0.00324063697442339
100,0.75,0.05,1.5,2,"Tail",0.0522,0.00314563697841947
100,0.75,0.05,1.5,2,"Localized",0.0332,0.0025336834845734
100,0.75,0.05,1.5,3,"Uniform",0,0
100,0.75,0.05,1.5,3,"Central",0.0586,0.00332162731202644
100,0.75,0.05,1.5,3,"Tail",0.0514,0.00312275647465504
100,0.75,0.05,1.5,3,"Localized",0.0326,0.00251146331846595
100,0.75,0.05,1.5,5,"Uniform",0,0
100,0.75,0.05,1.5,5,"Central",0.0548,0.00321860093829602
100,0.75,0.05,1.5,5,"Tail",0.0564,0.00326248494249399
100,0.75,0.05,1.5,5,"Localized",0.0362,0.00264157377334043
100,0.75,0.05,1.5,8,"Uniform",0,0
100,0.75,0.05,1.5,8,"Central",0.061,0.00338464178311383
100,0.75,0.05,1.5,8,"Tail",0.047,0.00299302522541993
100,0.75,0.05,1.5,8,"Localized",0.0384,0.00271755183943195
100,0.75,0.05,2,1,"Uniform",0,0
100,0.75,0.05,2,1,"Central",0.0604,0.00336903072114221
100,0.75,0.05,2,1,"Tail",0.0624,0.00342070869850094
100,0.75,0.05,2,1,"Localized",0.0272,0.00230044169671826
100,0.75,0.05,2,2,"Uniform",0,0
100,0.75,0.05,2,2,"Central",0.057,0.00327874976172321
100,0.75,0.05,2,2,"Tail",0.054,0.00319637294444813
100,0.75,0.05,2,2,"Localized",0.0266,0.00227562914377541
100,0.75,0.05,2,3,"Uniform",0,0
100,0.75,0.05,2,3,"Central",0.0604,0.00336903072114221
100,0.75,0.05,2,3,"Tail",0.0522,0.00314563697841947
100,0.75,0.05,2,3,"Localized",0.0242,0.00217321697030002
100,0.75,0.05,2,5,"Uniform",0,0
100,0.75,0.05,2,5,"Central",0.053,0.00316831185333767
100,0.75,0.05,2,5,"Tail",0.053,0.00316831185333767
100,0.75,0.05,2,5,"Localized",0.0222,0.00208361032825238
100,0.75,0.05,2,8,"Uniform",0,0
100,0.75,0.05,2,8,"Central",0.057,0.00327874976172321
100,0.75,0.05,2,8,"Tail",0.0372,0.00267642149146953
100,0.75,0.05,2,8,"Localized",0.0382,0.0027107474983849
100,0.75,0.1,0.5,1,"Uniform",0,0
100,0.75,0.1,0.5,1,"Central",0.0556,0.00324063697442339
100,0.75,0.1,0.5,1,"Tail",0.0576,0.00329491244193226
100,0.75,0.1,0.5,1,"Localized",0.046,0.00296256645495084
100,0.75,0.1,0.5,2,"Uniform",0,0
100,0.75,0.1,0.5,2,"Central",0.0516,0.00312849612433834
100,0.75,0.1,0.5,2,"Tail",0.0482,0.00302908435009658
100,0.75,0.1,0.5,2,"Localized",0.041,0.00280424677944007
100,0.75,0.1,0.5,3,"Uniform",0,0
100,0.75,0.1,0.5,3,"Central",0.054,0.00319637294444813
100,0.75,0.1,0.5,3,"Tail",0.0446,0.00291927525252416
100,0.75,0.1,0.5,3,"Localized",0.0398,0.00276463234445378
100,0.75,0.1,0.5,5,"Uniform",0,0
100,0.75,0.1,0.5,5,"Central",0.0476,0.00301112072159188
100,0.75,0.1,0.5,5,"Tail",0.0536,0.00318518570887162
100,0.75,0.1,0.5,5,"Localized",0.0368,0.00266254614983478
100,0.75,0.1,0.5,8,"Uniform",0,0
100,0.75,0.1,0.5,8,"Central",0.0528,0.00316266216975509
100,0.75,0.1,0.5,8,"Tail",0.045,0.00293172304285381
100,0.75,0.1,0.5,8,"Localized",0.037,0.00266949433413896
100,0.75,0.1,1,1,"Uniform",0,0
100,0.75,0.1,1,1,"Central",0.0544,0.0032075111847038
100,0.75,0.1,1,1,"Tail",0.0544,0.0032075111847038
100,0.75,0.1,1,1,"Localized",0.0348,0.00259187036712873
100,0.75,0.1,1,2,"Uniform",0,0
100,0.75,0.1,1,2,"Central",0.0502,0.00308804015517933
100,0.75,0.1,1,2,"Tail",0.0508,0.00310545842026584
100,0.75,0.1,1,2,"Localized",0.0338,0.0025556822963741
100,0.75,0.1,1,3,"Uniform",0,0
100,0.75,0.1,1,3,"Central",0.063,0.00343601513384327
100,0.75,0.1,1,3,"Tail",0.0524,0.00315132480077824
100,0.75,0.1,1,3,"Localized",0.0396,0.00275796446677618
100,0.75,0.1,1,5,"Uniform",0,0
100,0.75,0.1,1,5,"Central",0.054,0.00319637294444813
100,0.75,0.1,1,5,"Tail",0.048,0.00302311098043059
100,0.75,0.1,1,5,"Localized",0.0334,0.00254104073166882
100,0.75,0.1,1,8,"Uniform",0,0
100,0.75,0.1,1,8,"Central",0.0586,0.00332162731202644
100,0.75,0.1,1,8,"Tail",0.0416,0.00282380735886852
100,0.75,0.1,1,8,"Localized",0.0454,0.00294410733499986
100,0.75,0.1,1.5,1,"Uniform",0,0
100,0.75,0.1,1.5,1,"Central",0.0528,0.00316266216975509
100,0.75,0.1,1.5,1,"Tail",0.0542,0.00320194815698193
100,0.75,0.1,1.5,1,"Localized",0.0346,0.0025846794772273
100,0.75,0.1,1.5,2,"Uniform",0,0
100,0.75,0.1,1.5,2,"Central",0.0566,0.00326791799162709
100,0.75,0.1,1.5,2,"Tail",0.0546,0.00321306209090332
100,0.75,0.1,1.5,2,"Localized",0.0284,0.00234918879615922
100,0.75,0.1,1.5,3,"Uniform",0,0
100,0.75,0.1,1.5,3,"Central",0.0592,0.0033375248313683
100,0.75,0.1,1.5,3,"Tail",0.0424,0.00284963997726029
100,0.75,0.1,1.5,3,"Localized",0.0308,0.00244341400503476
100,0.75,0.1,1.5,5,"Uniform",0,0
100,0.75,0.1,1.5,5,"Central",0.0508,0.00310545842026584
100,0.75,0.1,1.5,5,"Tail",0.0532,0.00317394895989208
100,0.75,0.1,1.5,5,"Localized",0.033,0.00252630164469724
100,0.75,0.1,1.5,8,"Uniform",0,0
100,0.75,0.1,1.5,8,"Central",0.0656,0.00350133231784702
100,0.75,0.1,1.5,8,"Tail",0.0444,0.00291302729132427
100,0.75,0.1,1.5,8,"Localized",0.0382,0.0027107474983849
100,0.75,0.1,2,1,"Uniform",0,0
100,0.75,0.1,2,1,"Central",0.0646,0.00347640158784914
100,0.75,0.1,2,1,"Tail",0.0586,0.00332162731202644
100,0.75,0.1,2,1,"Localized",0.0222,0.00208361032825238
100,0.75,0.1,2,2,"Uniform",0,0
100,0.75,0.1,2,2,"Central",0.0642,0.00346636293541227
100,0.75,0.1,2,2,"Tail",0.0536,0.00318518570887162
100,0.75,0.1,2,2,"Localized",0.0254,0.00222507707731665
100,0.75,0.1,2,3,"Uniform",0,0
100,0.75,0.1,2,3,"Central",0.0638,0.00345628586780665
100,0.75,0.1,2,3,"Tail",0.0444,0.00291302729132427
100,0.75,0.1,2,3,"Localized",0.0262,0.00225891832521674
100,0.75,0.1,2,5,"Uniform",0,0
100,0.75,0.1,2,5,"Central",0.0656,0.00350133231784702
100,0.75,0.1,2,5,"Tail",0.0474,0.00300510365877785
100,0.75,0.1,2,5,"Localized",0.0288,0.00236518751899294
100,0.75,0.1,2,8,"Uniform",0,0
100,0.75,0.1,2,8,"Central",0.0668,0.00353094208392038
100,0.75,0.1,2,8,"Tail",0.034,0.0025629670306112
100,0.75,0.1,2,8,"Localized",0.0348,0.00259187036712873
100,0.75,0.2,0.5,1,"Uniform",0,0
100,0.75,0.2,0.5,1,"Central",0.0564,0.00326248494249399
100,0.75,0.2,0.5,1,"Tail",0.0506,0.00309966578843591
100,0.75,0.2,0.5,1,"Localized",0.045,0.00293172304285381
100,0.75,0.2,0.5,2,"Uniform",0,0
100,0.75,0.2,0.5,2,"Central",0.057,0.00327874976172321
100,0.75,0.2,0.5,2,"Tail",0.0518,0.0031342227106573
100,0.75,0.2,0.5,2,"Localized",0.0406,0.00279111590586991
100,0.75,0.2,0.5,3,"Uniform",0,0
100,0.75,0.2,0.5,3,"Central",0.0522,0.00314563697841947
100,0.75,0.2,0.5,3,"Tail",0.0506,0.00309966578843591
100,0.75,0.2,0.5,3,"Localized",0.0452,0.00293792307591605
100,0.75,0.2,0.5,5,"Uniform",0,0
100,0.75,0.2,0.5,5,"Central",0.0484,0.00303504332753257
100,0.75,0.2,0.5,5,"Tail",0.0548,0.00321860093829602
100,0.75,0.2,0.5,5,"Localized",0.043,0.00286883251515316
100,0.75,0.2,0.5,8,"Uniform",0,0
100,0.75,0.2,0.5,8,"Central",0.0546,0.00321306209090332
100,0.75,0.2,0.5,8,"Tail",0.0496,0.00307049963361014
100,0.75,0.2,0.5,8,"Localized",0.0424,0.00284963997726029
100,0.75,0.2,1,1,"Uniform",0,0
100,0.75,0.2,1,1,"Central",0.0496,0.00307049963361014
100,0.75,0.2,1,1,"Tail",0.0582,0.003310974478911
100,0.75,0.2,1,1,"Localized",0.0372,0.00267642149146953
100,0.75,0.2,1,2,"Uniform",0,0
100,0.75,0.2,1,2,"Central",0.0462,0.00296868859936505
100,0.75,0.2,1,2,"Tail",0.0526,0.00315699984162179
100,0.75,0.2,1,2,"Localized",0.0384,0.00271755183943195
100,0.75,0.2,1,3,"Uniform",0,0
100,0.75,0.2,1,3,"Central",0.054,0.00319637294444813
100,0.75,0.2,1,3,"Tail",0.0536,0.00318518570887162
100,0.75,0.2,1,3,"Localized",0.0348,0.00259187036712873
100,0.75,0.2,1,5,"Uniform",0,0
100,0.75,0.2,1,5,"Central",0.0474,0.00300510365877785
100,0.75,0.2,1,5,"Tail",0.049,0.00305283474822991
100,0.75,0.2,1,5,"Localized",0.037,0.00266949433413896
100,0.75,0.2,1,8,"Uniform",0,0
100,0.75,0.2,1,8,"Central",0.0526,0.00315699984162179
100,0.75,0.2,1,8,"Tail",0.0446,0.00291927525252416
100,0.75,0.2,1,8,"Localized",0.044,0.00290048271844533
100,0.75,0.2,1.5,1,"Uniform",0,0
100,0.75,0.2,1.5,1,"Central",0.0558,0.00324611644892786
100,0.75,0.2,1.5,1,"Tail",0.0612,0.00338982477423244
100,0.75,0.2,1.5,1,"Localized",0.0304,0.00242799670510485
100,0.75,0.2,1.5,2,"Uniform",0,0
100,0.75,0.2,1.5,2,"Central",0.0518,0.0031342227106573
100,0.75,0.2,1.5,2,"Tail",0.06,0.00335857112474933
100,0.75,0.2,1.5,2,"Localized",0.0306,0.00243571919563812
100,0.75,0.2,1.5,3,"Uniform",0,0
100,0.75,0.2,1.5,3,"Central",0.0578,0.00330027756408457
100,0.75,0.2,1.5,3,"Tail",0.0524,0.00315132480077824
100,0.75,0.2,1.5,3,"Localized",0.0412,0.00281078494374792
100,0.75,0.2,1.5,5,"Uniform",0,0
100,0.75,0.2,1.5,5,"Central",0.0504,0.00309385972532693
100,0.75,0.2,1.5,5,"Tail",0.0478,0.00301712313305241
100,0.75,0.2,1.5,5,"Localized",0.0358,0.00262748396760094
100,0.75,0.2,1.5,8,"Uniform",0,0
100,0.75,0.2,1.5,8,"Central",0.0534,0.00317957355631223
100,0.75,0.2,1.5,8,"Tail",0.045,0.00293172304285381
100,0.75,0.2,1.5,8,"Localized",0.0408,0.00279769047608916
100,0.75,0.2,2,1,"Uniform",0,0
100,0.75,0.2,2,1,"Central",0.0554,0.00323514574633045
100,0.75,0.2,2,1,"Tail",0.0574,0.0032895361375124
100,0.75,0.2,2,1,"Localized",0.0226,0.00210186774084384
100,0.75,0.2,2,2,"Uniform",0,0
100,0.75,0.2,2,2,"Central",0.0504,0.00309385972532693
100,0.75,0.2,2,2,"Tail",0.0568,0.00327333957908433
100,0.75,0.2,2,2,"Localized",0.023,0.00211995282966391
100,0.75,0.2,2,3,"Uniform",0,0
100,0.75,0.2,2,3,"Central",0.0518,0.0031342227106573
100,0.75,0.2,2,3,"Tail",0.0514,0.00312275647465504
100,0.75,0.2,2,3,"Localized",0.0254,0.00222507707731665
100,0.75,0.2,2,5,"Uniform",0,0
100,0.75,0.2,2,5,"Central",0.0474,0.00300510365877785
100,0.75,0.2,2,5,"Tail",0.0562,0.00325704037432759
100,0.75,0.2,2,5,"Localized",0.0324,0.00250400638976821
100,0.75,0.2,2,8,"Uniform",0,0
100,0.75,0.2,2,8,"Central",0.0482,0.00302908435009658
100,0.75,0.2,2,8,"Tail",0.0448,0.00292550713552369
100,0.75,0.2,2,8,"Localized",0.0356,0.00262040607540129
200,0.25,0.05,0.5,1,"Uniform",0,0
200,0.25,0.05,0.5,1,"Central",0.0556,0.00324063697442339
200,0.25,0.05,0.5,1,"Tail",0.0592,0.0033375248313683
200,0.25,0.05,0.5,1,"Localized",0.0434,0.00288154264240528
200,0.25,0.05,0.5,2,"Uniform",0,0
200,0.25,0.05,0.5,2,"Central",0.0504,0.00309385972532693
200,0.25,0.05,0.5,2,"Tail",0.0504,0.00309385972532693
200,0.25,0.05,0.5,2,"Localized",0.0452,0.00293792307591605
200,0.25,0.05,0.5,3,"Uniform",0,0
200,0.25,0.05,0.5,3,"Central",0.054,0.00319637294444813
200,0.25,0.05,0.5,3,"Tail",0.0506,0.00309966578843591
200,0.25,0.05,0.5,3,"Localized",0.0438,0.00289418589589542
200,0.25,0.05,0.5,5,"Uniform",0,0
200,0.25,0.05,0.5,5,"Central",0.047,0.00299302522541993
200,0.25,0.05,0.5,5,"Tail",0.0478,0.00301712313305241
200,0.25,0.05,0.5,5,"Localized",0.035,0.00259903828367341
200,0.25,0.05,0.5,8,"Uniform",0,0
200,0.25,0.05,0.5,8,"Central",0.0454,0.00294410733499986
200,0.25,0.05,0.5,8,"Tail",0.0464,0.00297479545515318
200,0.25,0.05,0.5,8,"Localized",0.047,0.00299302522541993
200,0.25,0.05,1,1,"Uniform",0,0
200,0.25,0.05,1,1,"Central",0.0496,0.00307049963361014
200,0.25,0.05,1,1,"Tail",0.0586,0.00332162731202644
200,0.25,0.05,1,1,"Localized",0.0372,0.00267642149146953
200,0.25,0.05,1,2,"Uniform",0,0
200,0.25,0.05,1,2,"Central",0.054,0.00319637294444813
200,0.25,0.05,1,2,"Tail",0.054,0.00319637294444813
200,0.25,0.05,1,2,"Localized",0.0442,0.00290676314824583
200,0.25,0.05,1,3,"Uniform",0,0
200,0.25,0.05,1,3,"Central",0.0566,0.00326791799162709
200,0.25,0.05,1,3,"Tail",0.0534,0.00317957355631223
200,0.25,0.05,1,3,"Localized",0.0406,0.00279111590586991
200,0.25,0.05,1,5,"Uniform",0,0
200,0.25,0.05,1,5,"Central",0.0508,0.00310545842026584
200,0.25,0.05,1,5,"Tail",0.0442,0.00290676314824583
200,0.25,0.05,1,5,"Localized",0.0402,0.00277791144567281
200,0.25,0.05,1,8,"Uniform",0,0
200,0.25,0.05,1,8,"Central",0.049,0.00305283474822991
200,0.25,0.05,1,8,"Tail",0.051,0.00311123769583746
200,0.25,0.05,1,8,"Localized",0.0388,0.00273110087693589
200,0.25,0.05,1.5,1,"Uniform",0,0
200,0.25,0.05,1.5,1,"Central",0.0506,0.00309966578843591
200,0.25,0.05,1.5,1,"Tail",0.066,0.00351123909752668
200,0.25,0.05,1.5,1,"Localized",0.031,0.00245108139399735
200,0.25,0.05,1.5,2,"Uniform",0,0
200,0.25,0.05,1.5,2,"Central",0.0526,0.00315699984162179
200,0.25,0.05,1.5,2,"Tail",0.0614,0.00339499749631719
200,0.25,0.05,1.5,2,"Localized",0.029,0.00237314137800511
200,0.25,0.05,1.5,3,"Uniform",0,0
200,0.25,0.05,1.5,3,"Central",0.059,0.00333223648620562
200,0.25,0.05,1.5,3,"Tail",0.0502,0.00308804015517933
200,0.25,0.05,1.5,3,"Localized",0.0272,0.00230044169671826
200,0.25,0.05,1.5,5,"Uniform",0,0
200,0.25,0.05,1.5,5,"Central",0.0476,0.00301112072159188
200,0.25,0.05,1.5,5,"Tail",0.051,0.00311123769583746
200,0.25,0.05,1.5,5,"Localized",0.028,0.00233306665142683
200,0.25,0.05,1.5,8,"Uniform",0,0
200,0.25,0.05,1.5,8,"Central",0.0418,0.00283029185774188
200,0.25,0.05,1.5,8,"Tail",0.0502,0.00308804015517933
200,0.25,0.05,1.5,8,"Localized",0.0392,0.0027445713690848
200,0.25,0.05,2,1,"Uniform",0,0
200,0.25,0.05,2,1,"Central",0.0486,0.0030409879973456
200,0.25,0.05,2,1,"Tail",0.0642,0.00346636293541227
200,0.25,0.05,2,1,"Localized",0.0316,0.00247392158323581
200,0.25,0.05,2,2,"Uniform",0,0
200,0.25,0.05,2,2,"Central",0.0574,0.0032895361375124
200,0.25,0.05,2,2,"Tail",0.053,0.00316831185333767
200,0.25,0.05,2,2,"Localized",0.0286,0.0023572034277932
200,0.25,0.05,2,3,"Uniform",0,0
200,0.25,0.05,2,3,"Central",0.0576,0.00329491244193226
200,0.25,0.05,2,3,"Tail",0.0624,0.00342070869850094
200,0.25,0.05,2,3,"Localized",0.0282,0.00234114331043616
200,0.25,0.05,2,5,"Uniform",0,0
200,0.25,0.05,2,5,"Central",0.0522,0.00314563697841947
200,0.25,0.05,2,5,"Tail",0.048,0.00302311098043059
200,0.25,0.05,2,5,"Localized",0.029,0.00237314137800511
200,0.25,0.05,2,8,"Uniform",0,0
200,0.25,0.05,2,8,"Central",0.0516,0.00312849612433834
200,0.25,0.05,2,8,"Tail",0.0528,0.00316266216975509
200,0.25,0.05,2,8,"Localized",0.0366,0.00265557677350891
200,0.25,0.1,0.5,1,"Uniform",0,0
200,0.25,0.1,0.5,1,"Central",0.0556,0.00324063697442339
200,0.25,0.1,0.5,1,"Tail",0.0614,0.00339499749631719
200,0.25,0.1,0.5,1,"Localized",0.0344,0.00257746542168852
200,0.25,0.1,0.5,2,"Uniform",0,0
200,0.25,0.1,0.5,2,"Central",0.0466,0.00298088711627931
200,0.25,0.1,0.5,2,"Tail",0.0522,0.00314563697841947
200,0.25,0.1,0.5,2,"Localized",0.0452,0.00293792307591605
200,0.25,0.1,0.5,3,"Uniform",0,0
200,0.25,0.1,0.5,3,"Central",0.053,0.00316831185333767
200,0.25,0.1,0.5,3,"Tail",0.0536,0.00318518570887162
200,0.25,0.1,0.5,3,"Localized",0.0408,0.00279769047608916
200,0.25,0.1,0.5,5,"Uniform",0,0
200,0.25,0.1,0.5,5,"Central",0.0456,0.00295027591929975
200,0.25,0.1,0.5,5,"Tail",0.0506,0.00309966578843591
200,0.25,0.1,0.5,5,"Localized",0.0362,0.00264157377334043
200,0.25,0.1,0.5,8,"Uniform",0,0
200,0.25,0.1,0.5,8,"Central",0.0458,0.00295642892693195
200,0.25,0.1,0.5,8,"Tail",0.0494,0.0030646252625729
200,0.25,0.1,0.5,8,"Localized",0.0426,0.00285605462132642
200,0.25,0.1,1,1,"Uniform",0,0
200,0.25,0.1,1,1,"Central",0.0502,0.00308804015517933
200,0.25,0.1,1,1,"Tail",0.0568,0.00327333957908433
200,0.25,0.1,1,1,"Localized",0.0392,0.0027445713690848
200,0.25,0.1,1,2,"Uniform",0,0
200,0.25,0.1,1,2,"Central",0.0512,0.0031170036894428
200,0.25,0.1,1,2,"Tail",0.0566,0.00326791799162709
200,0.25,0.1,1,2,"Localized",0.0316,0.00247392158323581
200,0.25,0.1,1,3,"Uniform",0,0
200,0.25,0.1,1,3,"Central",0.0608,0.00337944847571316
200,0.25,0.1,1,3,"Tail",0.0568,0.00327333957908433
200,0.25,0.1,1,3,"Localized",0.0344,0.00257746542168852
200,0.25,0.1,1,5,"Uniform",0,0
200,0.25,0.1,1,5,"Central",0.0508,0.00310545842026584
200,0.25,0.1,1,5,"Tail",0.041,0.00280424677944007
200,0.25,0.1,1,5,"Localized",0.0374,0.00268332778467335
200,0.25,0.1,1,8,"Uniform",0,0
200,0.25,0.1,1,8,"Central",0.0444,0.00291302729132427
200,0.25,0.1,1,8,"Tail",0.046,0.00296256645495084
200,0.25,0.1,1,8,"Localized",0.0322,0.00249652398346181
200,0.25,0.1,1.5,1,"Uniform",0,0
200,0.25,0.1,1.5,1,"Central",0.0508,0.00310545842026584
200,0.25,0.1,1.5,1,"Tail",0.0634,0.00344617004803884
200,0.25,0.1,1.5,1,"Localized",0.031,0.00245108139399735
200,0.25,0.1,1.5,2,"Uniform",0,0
200,0.25,0.1,1.5,2,"Central",0.0488,0.00304691844328003
200,0.25,0.1,1.5,2,"Tail",0.0572,0.00328414859590732
200,0.25,0.1,1.5,2,"Localized",0.0272,0.00230044169671826
200,0.25,0.1,1.5,3,"Uniform",0,0
200,0.25,0.1,1.5,3,"Central",0.063,0.00343601513384327
200,0.25,0.1,1.5,3,"Tail",0.0502,0.00308804015517933
200,0.25,0.1,1.5,3,"Localized",0.0332,0.0025336834845734
200,0.25,0.1,1.5,5,"Uniform",0,0
200,0.25,0.1,1.5,5,"Central",0.052,0.00313993630508646
200,0.25,0.1,1.5,5,"Tail",0.0432,0.00287519599331941
200,0.25,0.1,1.5,5,"Localized",0.0324,0.00250400638976821
200,0.25,0.1,1.5,8,"Uniform",0,0
200,0.25,0.1,1.5,8,"Central",0.0496,0.00307049963361014
200,0.25,0.1,1.5,8,"Tail",0.0486,0.0030409879973456
200,0.25,0.1,1.5,8,"Localized",0.0328,0.00251889499582654
200,0.25,0.1,2,1,"Uniform",0,0
200,0.25,0.1,2,1,"Central",0.0498,0.00307636018697421
200,0.25,0.1,2,1,"Tail",0.0642,0.00346636293541227
200,0.25,0.1,2,1,"Localized",0.024,0.00216443988135499
200,0.25,0.1,2,2,"Uniform",0,0
200,0.25,0.1,2,2,"Central",0.0498,0.00307636018697421
200,0.25,0.1,2,2,"Tail",0.0552,0.0032296427046966
200,0.25,0.1,2,2,"Localized",0.0268,0.00228393344911799
200,0.25,0.1,2,3,"Uniform",0,0
200,0.25,0.1,2,3,"Central",0.0628,0.00343092290790685
200,0.25,0.1,2,3,"Tail",0.0566,0.00326791799162709
200,0.25,0.1,2,3,"Localized",0.0322,0.00249652398346181
200,0.25,0.1,2,5,"Uniform",0,0
200,0.25,0.1,2,5,"Central",0.056,0.00325158422926425
200,0.25,0.1,2,5,"Tail",0.0492,0.00305873699425106
200,0.25,0.1,2,5,"Localized",0.023,0.00211995282966391
200,0.25,0.1,2,8,"Uniform",0,0
200,0.25,0.1,2,8,"Central",0.051,0.00311123769583746
200,0.25,0.1,2,8,"Tail",0.0526,0.00315699984162179
200,0.25,0.1,2,8,"Localized",0.033,0.00252630164469724
200,0.25,0.2,0.5,1,"Uniform",0,0
200,0.25,0.2,0.5,1,"Central",0.0472,0.00299907185642492
200,0.25,0.2,0.5,1,"Tail",0.0574,0.0032895361375124
200,0.25,0.2,0.5,1,"Localized",0.0454,0.00294410733499986
200,0.25,0.2,0.5,2,"Uniform",0,0
200,0.25,0.2,0.5,2,"Central",0.0468,0.00298696367570816
200,0.25,0.2,0.5,2,"Tail",0.0566,0.00326791799162709
200,0.25,0.2,0.5,2,"Localized",0.0452,0.00293792307591605
200,0.25,0.2,0.5,3,"Uniform",0,0
200,0.25,0.2,0.5,3,"Central",0.0562,0.00325704037432759
200,0.25,0.2,0.5,3,"Tail",0.0488,0.00304691844328003
200,0.25,0.2,0.5,3,"Localized",0.0412,0.00281078494374792
200,0.25,0.2,0.5,5,"Uniform",0,0
200,0.25,0.2,0.5,5,"Central",0.0506,0.00309966578843591
200,0.25,0.2,0.5,5,"Tail",0.0428,0.00286245209566903
200,0.25,0.2,0.5,5,"Localized",0.046,0.00296256645495084
200,0.25,0.2,0.5,8,"Uniform",0,0
200,0.25,0.2,0.5,8,"Central",0.0444,0.00291302729132427
200,0.25,0.2,0.5,8,"Tail",0.0454,0.00294410733499986
200,0.25,0.2,0.5,8,"Localized",0.0464,0.00297479545515318
200,0.25,0.2,1,1,"Uniform",0,0
200,0.25,0.2,1,1,"Central",0.047,0.00299302522541993
200,0.25,0.2,1,1,"Tail",0.0616,0.00340015999623547
200,0.25,0.2,1,1,"Localized",0.0376,0.00269021337443705
200,0.25,0.2,1,2,"Uniform",0,0
200,0.25,0.2,1,2,"Central",0.0456,0.00295027591929975
200,0.25,0.2,1,2,"Tail",0.0524,0.00315132480077824
200,0.25,0.2,1,2,"Localized",0.0368,0.00266254614983478
200,0.25,0.2,1,3,"Uniform",0,0
200,0.25,0.2,1,3,"Central",0.0536,0.00318518570887162
200,0.25,0.2,1,3,"Tail",0.0506,0.00309966578843591
200,0.25,0.2,1,3,"Localized",0.0388,0.00273110087693589
200,0.25,0.2,1,5,"Uniform",0,0
200,0.25,0.2,1,5,"Central",0.0416,0.00282380735886852
200,0.25,0.2,1,5,"Tail",0.0452,0.00293792307591605
200,0.25,0.2,1,5,"Localized",0.0342,0.0025702280054501
200,0.25,0.2,1,8,"Uniform",0,0
200,0.25,0.2,1,8,"Central",0.044,0.00290048271844533
200,0.25,0.2,1,8,"Tail",0.052,0.00313993630508646
200,0.25,0.2,1,8,"Localized",0.0382,0.0027107474983849
200,0.25,0.2,1.5,1,"Uniform",0,0
200,0.25,0.2,1.5,1,"Central",0.0492,0.00305873699425106
200,0.25,0.2,1.5,1,"Tail",0.0608,0.00337944847571316
200,0.25,0.2,1.5,1,"Localized",0.029,0.00237314137800511
200,0.25,0.2,1.5,2,"Uniform",0,0
200,0.25,0.2,1.5,2,"Central",0.0464,0.00297479545515318
200,0.25,0.2,1.5,2,"Tail",0.0552,0.0032296427046966
200,0.25,0.2,1.5,2,"Localized",0.0278,0.00232495849425318
200,0.25,0.2,1.5,3,"Uniform",0,0
200,0.25,0.2,1.5,3,"Central",0.0586,0.00332162731202644
200,0.25,0.2,1.5,3,"Tail",0.0576,0.00329491244193226
200,0.25,0.2,1.5,3,"Localized",0.0362,0.00264157377334043
200,0.25,0.2,1.5,5,"Uniform",0,0
200,0.25,0.2,1.5,5,"Central",0.047,0.00299302522541993
200,0.25,0.2,1.5,5,"Tail",0.0526,0.00315699984162179
200,0.25,0.2,1.5,5,"Localized",0.034,0.0025629670306112
200,0.25,0.2,1.5,8,"Uniform",0,0
200,0.25,0.2,1.5,8,"Central",0.0458,0.00295642892693195
200,0.25,0.2,1.5,8,"Tail",0.0484,0.00303504332753257
200,0.25,0.2,1.5,8,"Localized",0.0362,0.00264157377334043
200,0.25,0.2,2,1,"Uniform",0,0
200,0.25,0.2,2,1,"Central",0.0462,0.00296868859936505
200,0.25,0.2,2,1,"Tail",0.0672,0.00354073890593475
200,0.25,0.2,2,1,"Localized",0.0182,0.00189043698651925
200,0.25,0.2,2,2,"Uniform",0,0
200,0.25,0.2,2,2,"Central",0.0444,0.00291302729132427
200,0.25,0.2,2,2,"Tail",0.0606,0.00337424480439698
200,0.25,0.2,2,2,"Localized",0.0284,0.00234918879615922
200,0.25,0.2,2,3,"Uniform",0,0
200,0.25,0.2,2,3,"Central",0.0552,0.0032296427046966
200,0.25,0.2,2,3,"Tail",0.0548,0.00321860093829602
200,0.25,0.2,2,3,"Localized",0.027,0.00229220417938717
200,0.25,0.2,2,5,"Uniform",0,0
200,0.25,0.2,2,5,"Central",0.0484,0.00303504332753257
200,0.25,0.2,2,5,"Tail",0.0456,0.00295027591929975
200,0.25,0.2,2,5,"Localized",0.0322,0.00249652398346181
200,0.25,0.2,2,8,"Uniform",0,0
200,0.25,0.2,2,8,"Central",0.0506,0.00309966578843591
200,0.25,0.2,2,8,"Tail",0.054,0.00319637294444813
200,0.25,0.2,2,8,"Localized",0.0324,0.00250400638976821
200,0.5,0.05,0.5,1,"Uniform",0,0
200,0.5,0.05,0.5,1,"Central",0.0382,0.0027107474983849
200,0.5,0.05,0.5,1,"Tail",0.0558,0.00324611644892786
200,0.5,0.05,0.5,1,"Localized",0.0428,0.00286245209566903
200,0.5,0.05,0.5,2,"Uniform",0,0
200,0.5,0.05,0.5,2,"Central",0.0546,0.00321306209090332
200,0.5,0.05,0.5,2,"Tail",0.055,0.0032241277890307
200,0.5,0.05,0.5,2,"Localized",0.0428,0.00286245209566903
200,0.5,0.05,0.5,3,"Uniform",0,0
200,0.5,0.05,0.5,3,"Central",0.0512,0.0031170036894428
200,0.5,0.05,0.5,3,"Tail",0.06,0.00335857112474933
200,0.5,0.05,0.5,3,"Localized",0.046,0.00296256645495084
200,0.5,0.05,0.5,5,"Uniform",0,0
200,0.5,0.05,0.5,5,"Central",0.0474,0.00300510365877785
200,0.5,0.05,0.5,5,"Tail",0.0486,0.0030409879973456
200,0.5,0.05,0.5,5,"Localized",0.0406,0.00279111590586991
200,0.5,0.05,0.5,8,"Uniform",0,0
200,0.5,0.05,0.5,8,"Central",0.043,0.00286883251515316
200,0.5,0.05,0.5,8,"Tail",0.0508,0.00310545842026584
200,0.5,0.05,0.5,8,"Localized",0.0474,0.00300510365877785
200,0.5,0.05,1,1,"Uniform",0,0
200,0.5,0.05,1,1,"Central",0.0406,0.00279111590586991
200,0.5,0.05,1,1,"Tail",0.0602,0.00336380617753164
200,0.5,0.05,1,1,"Localized",0.0364,0.00264858603787002
200,0.5,0.05,1,2,"Uniform",0,0
200,0.5,0.05,1,2,"Central",0.0364,0.00264858603787002
200,0.5,0.05,1,2,"Tail",0.059,0.00333223648620562
200,0.5,0.05,1,2,"Localized",0.0396,0.00275796446677618
200,0.5,0.05,1,3,"Uniform",0,0
200,0.5,0.05,1,3,"Central",0.0458,0.00295642892693195
200,0.5,0.05,1,3,"Tail",0.0562,0.00325704037432759
200,0.5,0.05,1,3,"Localized",0.0354,0.00261330595223751
200,0.5,0.05,1,5,"Uniform",0,0
200,0.5,0.05,1,5,"Central",0.0452,0.00293792307591605
200,0.5,0.05,1,5,"Tail",0.0418,0.00283029185774188
200,0.5,0.05,1,5,"Localized",0.0312,0.00245872161905328
200,0.5,0.05,1,8,"Uniform",0,0
200,0.5,0.05,1,8,"Central",0.0464,0.00297479545515318
200,0.5,0.05,1,8,"Tail",0.0474,0.00300510365877785
200,0.5,0.05,1,8,"Localized",0.032,0.00248901586977665
200,0.5,0.05,1.5,1,"Uniform",0,0
200,0.5,0.05,1.5,1,"Central",0.0356,0.00262040607540129
200,0.5,0.05,1.5,1,"Tail",0.07,0.00360832371053374
200,0.5,0.05,1.5,1,"Localized",0.0338,0.0025556822963741
200,0.5,0.05,1.5,2,"Uniform",0,0
200,0.5,0.05,1.5,2,"Central",0.039,0.00273784586856163
200,0.5,0.05,1.5,2,"Tail",0.0578,0.00330027756408457
200,0.5,0.05,1.5,2,"Localized",0.0302,0.00242024626846112
200,0.5,0.05,1.5,3,"Uniform",0,0
200,0.5,0.05,1.5,3,"Central",0.0474,0.00300510365877785
200,0.5,0.05,1.5,3,"Tail",0.0534,0.00317957355631223
200,0.5,0.05,1.5,3,"Localized",0.0324,0.00250400638976821
200,0.5,0.05,1.5,5,"Uniform",0,0
200,0.5,0.05,1.5,5,"Central",0.036,0.00263453980801202
200,0.5,0.05,1.5,5,"Tail",0.0482,0.00302908435009658
200,0.5,0.05,1.5,5,"Localized",0.0294,0.00238895960618843
200,0.5,0.05,1.5,8,"Uniform",0,0
200,0.5,0.05,1.5,8,"Central",0.0398,0.00276463234445378
200,0.5,0.05,1.5,8,"Tail",0.054,0.00319637294444813
200,0.5,0.05,1.5,8,"Localized",0.0376,0.00269021337443705
200,0.5,0.05,2,1,"Uniform",0,0
200,0.5,0.05,2,1,"Central",0.0364,0.00264858603787002
200,0.5,0.05,2,1,"Tail",0.0678,0.00355536664775941
200,0.5,0.05,2,1,"Localized",0.032,0.00248901586977665
200,0.5,0.05,2,2,"Uniform",0,0
200,0.5,0.05,2,2,"Central",0.0454,0.00294410733499986
200,0.5,0.05,2,2,"Tail",0.0622,0.00341558662604244
200,0.5,0.05,2,2,"Localized",0.0286,0.0023572034277932
200,0.5,0.05,2,3,"Uniform",0,0
200,0.5,0.05,2,3,"Central",0.0452,0.00293792307591605
200,0.5,0.05,2,3,"Tail",0.0572,0.00328414859590732
200,0.5,0.05,2,3,"Localized",0.0226,0.00210186774084384
200,0.5,0.05,2,5,"Uniform",0,0
200,0.5,0.05,2,5,"Central",0.0412,0.00281078494374792
200,0.5,0.05,2,5,"Tail",0.0524,0.00315132480077824
200,0.5,0.05,2,5,"Localized",0.029,0.00237314137800511
200,0.5,0.05,2,8,"Uniform",0,0
200,0.5,0.05,2,8,"Central",0.0388,0.00273110087693589
200,0.5,0.05,2,8,"Tail",0.0538,0.00319078548323136
200,0.5,0.05,2,8,"Localized",0.0442,0.00290676314824583
200,0.5,0.1,0.5,1,"Uniform",0,0
200,0.5,0.1,0.5,1,"Central",0.04,0.0027712812921102
200,0.5,0.1,0.5,1,"Tail",0.062,0.00341045451516363
200,0.5,0.1,0.5,1,"Localized",0.043,0.00286883251515316
200,0.5,0.1,0.5,2,"Uniform",0,0
200,0.5,0.1,0.5,2,"Central",0.0402,0.00277791144567281
200,0.5,0.1,0.5,2,"Tail",0.0572,0.00328414859590732
200,0.5,0.1,0.5,2,"Localized",0.0382,0.0027107474983849
200,0.5,0.1,0.5,3,"Uniform",0,0
200,0.5,0.1,0.5,3,"Central",0.0486,0.0030409879973456
200,0.5,0.1,0.5,3,"Tail",0.0538,0.00319078548323136
200,0.5,0.1,0.5,3,"Localized",0.0402,0.00277791144567281
200,0.5,0.1,0.5,5,"Uniform",0,0
200,0.5,0.1,0.5,5,"Central",0.0448,0.00292550713552369
200,0.5,0.1,0.5,5,"Tail",0.0484,0.00303504332753257
200,0.5,0.1,0.5,5,"Localized",0.038,0.0027039230758289
200,0.5,0.1,0.5,8,"Uniform",0,0
200,0.5,0.1,0.5,8,"Central",0.0416,0.00282380735886852
200,0.5,0.1,0.5,8,"Tail",0.0538,0.00319078548323136
200,0.5,0.1,0.5,8,"Localized",0.046,0.00296256645495084
200,0.5,0.1,1,1,"Uniform",0,0
200,0.5,0.1,1,1,"Central",0.0348,0.00259187036712873
200,0.5,0.1,1,1,"Tail",0.0666,0.00352603006226549
200,0.5,0.1,1,1,"Localized",0.0358,0.00262748396760094
200,0.5,0.1,1,2,"Uniform",0,0
200,0.5,0.1,1,2,"Central",0.0398,0.00276463234445378
200,0.5,0.1,1,2,"Tail",0.0562,0.00325704037432759
200,0.5,0.1,1,2,"Localized",0.0396,0.00275796446677618
200,0.5,0.1,1,3,"Uniform",0,0
200,0.5,0.1,1,3,"Central",0.0392,0.0027445713690848
200,0.5,0.1,1,3,"Tail",0.0614,0.00339499749631719
200,0.5,0.1,1,3,"Localized",0.0292,0.00238106530779817
200,0.5,0.1,1,5,"Uniform",0,0
200,0.5,0.1,1,5,"Central",0.0368,0.00266254614983478
200,0.5,0.1,1,5,"Tail",0.0536,0.00318518570887162
200,0.5,0.1,1,5,"Localized",0.0312,0.00245872161905328
200,0.5,0.1,1,8,"Uniform",0,0
200,0.5,0.1,1,8,"Central",0.0418,0.00283029185774188
200,0.5,0.1,1,8,"Tail",0.0466,0.00298088711627931
200,0.5,0.1,1,8,"Localized",0.0374,0.00268332778467335
200,0.5,0.1,1.5,1,"Uniform",0,0
200,0.5,0.1,1.5,1,"Central",0.0314,0.00246633493264804
200,0.5,0.1,1.5,1,"Tail",0.0726,0.00366958417262774
200,0.5,0.1,1.5,1,"Localized",0.0304,0.00242799670510485
200,0.5,0.1,1.5,2,"Uniform",0,0
200,0.5,0.1,1.5,2,"Central",0.0372,0.00267642149146953
200,0.5,0.1,1.5,2,"Tail",0.0708,0.00362732297982962
200,0.5,0.1,1.5,2,"Localized",0.0242,0.00217321697030002
200,0.5,0.1,1.5,3,"Uniform",0,0
200,0.5,0.1,1.5,3,"Central",0.0376,0.00269021337443705
200,0.5,0.1,1.5,3,"Tail",0.0628,0.00343092290790685
200,0.5,0.1,1.5,3,"Localized",0.0322,0.00249652398346181
200,0.5,0.1,1.5,5,"Uniform",0,0
200,0.5,0.1,1.5,5,"Central",0.0382,0.0027107474983849
200,0.5,0.1,1.5,5,"Tail",0.0572,0.00328414859590732
200,0.5,0.1,1.5,5,"Localized",0.032,0.00248901586977665
200,0.5,0.1,1.5,8,"Uniform",0,0
200,0.5,0.1,1.5,8,"Central",0.036,0.00263453980801202
200,0.5,0.1,1.5,8,"Tail",0.0528,0.00316266216975509
200,0.5,0.1,1.5,8,"Localized",0.0394,0.00275127752144345
200,0.5,0.1,2,1,"Uniform",0,0
200,0.5,0.1,2,1,"Central",0.0278,0.00232495849425318
200,0.5,0.1,2,1,"Tail",0.0772,0.00377465654066698
200,0.5,0.1,2,1,"Localized",0.0284,0.00234918879615922
200,0.5,0.1,2,2,"Uniform",0,0
200,0.5,0.1,2,2,"Central",0.0276,0.00231681850821336
200,0.5,0.1,2,2,"Tail",0.0712,0.00363677219523027
200,0.5,0.1,2,2,"Localized",0.0282,0.00234114331043616
200,0.5,0.1,2,3,"Uniform",0,0
200,0.5,0.1,2,3,"Central",0.0372,0.00267642149146953
200,0.5,0.1,2,3,"Tail",0.0652,0.00349138826256834
200,0.5,0.1,2,3,"Localized",0.0254,0.00222507707731665
200,0.5,0.1,2,5,"Uniform",0,0
200,0.5,0.1,2,5,"Central",0.0322,0.00249652398346181
200,0.5,0.1,2,5,"Tail",0.063,0.00343601513384327
200,0.5,0.1,2,5,"Localized",0.0298,0.00240466047499434
200,0.5,0.1,2,8,"Uniform",0,0
200,0.5,0.1,2,8,"Central",0.0358,0.00262748396760094
200,0.5,0.1,2,8,"Tail",0.0524,0.00315132480077824
200,0.5,0.1,2,8,"Localized",0.0332,0.0025336834845734
200,0.5,0.2,0.5,1,"Uniform",0,0
200,0.5,0.2,0.5,1,"Central",0.0414,0.00281730509529941
200,0.5,0.2,0.5,1,"Tail",0.063,0.00343601513384327
200,0.5,0.2,0.5,1,"Localized",0.0374,0.00268332778467335
200,0.5,0.2,0.5,2,"Uniform",0,0
200,0.5,0.2,0.5,2,"Central",0.0474,0.00300510365877785
200,0.5,0.2,0.5,2,"Tail",0.0572,0.00328414859590732
200,0.5,0.2,0.5,2,"Localized",0.0406,0.00279111590586991
200,0.5,0.2,0.5,3,"Uniform",0,0
200,0.5,0.2,0.5,3,"Central",0.056,0.00325158422926425
200,0.5,0.2,0.5,3,"Tail",0.057,0.00327874976172321
200,0.5,0.2,0.5,3,"Localized",0.038,0.0027039230758289
200,0.5,0.2,0.5,5,"Uniform",0,0
200,0.5,0.2,0.5,5,"Central",0.0468,0.00298696367570816
200,0.5,0.2,0.5,5,"Tail",0.0552,0.0032296427046966
200,0.5,0.2,0.5,5,"Localized",0.0396,0.00275796446677618
200,0.5,0.2,0.5,8,"Uniform",0,0
200,0.5,0.2,0.5,8,"Central",0.0374,0.00268332778467335
200,0.5,0.2,0.5,8,"Tail",0.0484,0.00303504332753257
200,0.5,0.2,0.5,8,"Localized",0.0496,0.00307049963361014
200,0.5,0.2,1,1,"Uniform",0,0
200,0.5,0.2,1,1,"Central",0.0406,0.00279111590586991
200,0.5,0.2,1,1,"Tail",0.0678,0.00355536664775941
200,0.5,0.2,1,1,"Localized",0.0306,0.00243571919563812
200,0.5,0.2,1,2,"Uniform",0,0
200,0.5,0.2,1,2,"Central",0.0382,0.0027107474983849
200,0.5,0.2,1,2,"Tail",0.0636,0.0034512328232097
200,0.5,0.2,1,2,"Localized",0.0392,0.0027445713690848
200,0.5,0.2,1,3,"Uniform",0,0
200,0.5,0.2,1,3,"Central",0.0406,0.00279111590586991
200,0.5,0.2,1,3,"Tail",0.0658,0.00350629034736144
200,0.5,0.2,1,3,"Localized",0.0402,0.00277791144567281
200,0.5,0.2,1,5,"Uniform",0,0
200,0.5,0.2,1,5,"Central",0.0428,0.00286245209566903
200,0.5,0.2,1,5,"Tail",0.052,0.00313993630508646
200,0.5,0.2,1,5,"Localized",0.0378,0.00269707841932711
200,0.5,0.2,1,8,"Uniform",0,0
200,0.5,0.2,1,8,"Central",0.0376,0.00269021337443705
200,0.5,0.2,1,8,"Tail",0.0632,0.00344109749934523
200,0.5,0.2,1,8,"Localized",0.043,0.00286883251515316
200,0.5,0.2,1.5,1,"Uniform",0,0
200,0.5,0.2,1.5,1,"Central",0.0334,0.00254104073166882
200,0.5,0.2,1.5,1,"Tail",0.0764,0.00375667512569293
200,0.5,0.2,1.5,1,"Localized",0.0262,0.00225891832521674
200,0.5,0.2,1.5,2,"Uniform",0,0
200,0.5,0.2,1.5,2,"Central",0.032,0.00248901586977665
200,0.5,0.2,1.5,2,"Tail",0.0756,0.00373857298979169
200,0.5,0.2,1.5,2,"Localized",0.0292,0.00238106530779817
200,0.5,0.2,1.5,3,"Uniform",0,0
200,0.5,0.2,1.5,3,"Central",0.0358,0.00262748396760094
200,0.5,0.2,1.5,3,"Tail",0.072,0.00365557109081468
200,0.5,0.2,1.5,3,"Localized",0.0336,0.00254837359898426
200,0.5,0.2,1.5,5,"Uniform",0,0
200,0.5,0.2,1.5,5,"Central",0.0374,0.00268332778467335
200,0.5,0.2,1.5,5,"Tail",0.066,0.00351123909752668
200,0.5,0.2,1.5,5,"Localized",0.038,0.0027039230758289
200,0.5,0.2,1.5,8,"Uniform",0,0
200,0.5,0.2,1.5,8,"Central",0.0364,0.00264858603787002
200,0.5,0.2,1.5,8,"Tail",0.0508,0.00310545842026584
200,0.5,0.2,1.5,8,"Localized",0.0358,0.00262748396760094
200,0.5,0.2,2,1,"Uniform",0,0
200,0.5,0.2,2,1,"Central",0.028,0.00233306665142683
200,0.5,0.2,2,1,"Tail",0.091,0.00406740703642997
200,0.5,0.2,2,1,"Localized",0.025,0.00220794021658196
200,0.5,0.2,2,2,"Uniform",0,0
200,0.5,0.2,2,2,"Central",0.0268,0.00228393344911799
200,0.5,0.2,2,2,"Tail",0.0822,0.00388440883533132
200,0.5,0.2,2,2,"Localized",0.0314,0.00246633493264804
200,0.5,0.2,2,3,"Uniform",0,0
200,0.5,0.2,2,3,"Central",0.0362,0.00264157377334043
200,0.5,0.2,2,3,"Tail",0.0718,0.00365088372863338
200,0.5,0.2,2,3,"Localized",0.0298,0.00240466047499434
200,0.5,0.2,2,5,"Uniform",0,0
200,0.5,0.2,2,5,"Central",0.0308,0.00244341400503476
200,0.5,0.2,2,5,"Tail",0.064,0.00346132922444543
200,0.5,0.2,2,5,"Localized",0.0316,0.00247392158323581
200,0.5,0.2,2,8,"Uniform",0,0
200,0.5,0.2,2,8,"Central",0.0338,0.0025556822963741
200,0.5,0.2,2,8,"Tail",0.06,0.00335857112474933
200,0.5,0.2,2,8,"Localized",0.0402,0.00277791144567281
200,0.75,0.05,0.5,1,"Uniform",0,0
200,0.75,0.05,0.5,1,"Central",0.051,0.00311123769583746
200,0.75,0.05,0.5,1,"Tail",0.0594,0.00334280241713446
200,0.75,0.05,0.5,1,"Localized",0.0438,0.00289418589589542
200,0.75,0.05,0.5,2,"Uniform",0,0
200,0.75,0.05,0.5,2,"Central",0.0496,0.00307049963361014
200,0.75,0.05,0.5,2,"Tail",0.0566,0.00326791799162709
200,0.75,0.05,0.5,2,"Localized",0.0378,0.00269707841932711
200,0.75,0.05,0.5,3,"Uniform",0,0
200,0.75,0.05,0.5,3,"Central",0.0588,0.00332693733033852
200,0.75,0.05,0.5,3,"Tail",0.051,0.00311123769583746
200,0.75,0.05,0.5,3,"Localized",0.0394,0.00275127752144345
200,0.75,0.05,0.5,5,"Uniform",0,0
200,0.75,0.05,0.5,5,"Central",0.048,0.00302311098043059
200,0.75,0.05,0.5,5,"Tail",0.042,0.00283675871374356
200,0.75,0.05,0.5,5,"Localized",0.0474,0.00300510365877785
200,0.75,0.05,0.5,8,"Uniform",0,0
200,0.75,0.05,0.5,8,"Central",0.047,0.00299302522541993
200,0.75,0.05,0.5,8,"Tail",0.0464,0.00297479545515318
200,0.75,0.05,0.5,8,"Localized",0.0474,0.00300510365877785
200,0.75,0.05,1,1,"Uniform",0,0
200,0.75,0.05,1,1,"Central",0.0498,0.00307636018697421
200,0.75,0.05,1,1,"Tail",0.0572,0.00328414859590732
200,0.75,0.05,1,1,"Localized",0.0332,0.0025336834845734
200,0.75,0.05,1,2,"Uniform",0,0
200,0.75,0.05,1,2,"Central",0.0486,0.0030409879973456
200,0.75,0.05,1,2,"Tail",0.0514,0.00312275647465504
200,0.75,0.05,1,2,"Localized",0.0358,0.00262748396760094
200,0.75,0.05,1,3,"Uniform",0,0
200,0.75,0.05,1,3,"Central",0.059,0.00333223648620562
200,0.75,0.05,1,3,"Tail",0.0558,0.00324611644892786
200,0.75,0.05,1,3,"Localized",0.0344,0.00257746542168852
200,0.75,0.05,1,5,"Uniform",0,0
200,0.75,0.05,1,5,"Central",0.0488,0.00304691844328003
200,0.75,0.05,1,5,"Tail",0.0448,0.00292550713552369
200,0.75,0.05,1,5,"Localized",0.0374,0.00268332778467335
200,0.75,0.05,1,8,"Uniform",0,0
200,0.75,0.05,1,8,"Central",0.0482,0.00302908435009658
200,0.75,0.05,1,8,"Tail",0.05,0.00308220700148449
200,0.75,0.05,1,8,"Localized",0.0372,0.00267642149146953
200,0.75,0.05,1.5,1,"Uniform",0,0
200,0.75,0.05,1.5,1,"Central",0.0458,0.00295642892693195
200,0.75,0.05,1.5,1,"Tail",0.0606,0.00337424480439698
200,0.75,0.05,1.5,1,"Localized",0.0268,0.00228393344911799
200,0.75,0.05,1.5,2,"Uniform",0,0
200,0.75,0.05,1.5,2,"Central",0.0506,0.00309966578843591
200,0.75,0.05,1.5,2,"Tail",0.059,0.00333223648620562
200,0.75,0.05,1.5,2,"Localized",0.0272,0.00230044169671826
200,0.75,0.05,1.5,3,"Uniform",0,0
200,0.75,0.05,1.5,3,"Central",0.064,0.00346132922444543
200,0.75,0.05,1.5,3,"Tail",0.0588,0.00332693733033852
200,0.75,0.05,1.5,3,"Localized",0.0348,0.00259187036712873
200,0.75,0.05,1.5,5,"Uniform",0,0
200,0.75,0.05,1.5,5,"Central",0.048,0.00302311098043059
200,0.75,0.05,1.5,5,"Tail",0.044,0.00290048271844533
200,0.75,0.05,1.5,5,"Localized",0.0324,0.00250400638976821
200,0.75,0.05,1.5,8,"Uniform",0,0
200,0.75,0.05,1.5,8,"Central",0.052,0.00313993630508646
200,0.75,0.05,1.5,8,"Tail",0.0548,0.00321860093829602
200,0.75,0.05,1.5,8,"Localized",0.0412,0.00281078494374792
200,0.75,0.05,2,1,"Uniform",0,0
200,0.75,0.05,2,1,"Central",0.0516,0.00312849612433834
200,0.75,0.05,2,1,"Tail",0.058,0.00330563155841664
200,0.75,0.05,2,1,"Localized",0.0274,0.00230864635663412
200,0.75,0.05,2,2,"Uniform",0,0
200,0.75,0.05,2,2,"Central",0.054,0.00319637294444813
200,0.75,0.05,2,2,"Tail",0.0554,0.00323514574633045
200,0.75,0.05,2,2,"Localized",0.0234,0.00213786996798215
200,0.75,0.05,2,3,"Uniform",0,0
200,0.75,0.05,2,3,"Central",0.0546,0.00321306209090332
200,0.75,0.05,2,3,"Tail",0.056,0.00325158422926425
200,0.75,0.05,2,3,"Localized",0.0284,0.00234918879615922
200,0.75,0.05,2,5,"Uniform",0,0
200,0.75,0.05,2,5,"Central",0.0472,0.00299907185642492
200,0.75,0.05,2,5,"Tail",0.049,0.00305283474822991
200,0.75,0.05,2,5,"Localized",0.029,0.00237314137800511
200,0.75,0.05,2,8,"Uniform",0,0
200,0.75,0.05,2,8,"Central",0.051,0.00311123769583746
200,0.75,0.05,2,8,"Tail",0.0472,0.00299907185642492
200,0.75,0.05,2,8,"Localized",0.034,0.0025629670306112
200,0.75,0.1,0.5,1,"Uniform",0,0
200,0.75,0.1,0.5,1,"Central",0.048,0.00302311098043059
200,0.75,0.1,0.5,1,"Tail",0.0554,0.00323514574633045
200,0.75,0.1,0.5,1,"Localized",0.0444,0.00291302729132427
200,0.75,0.1,0.5,2,"Uniform",0,0
200,0.75,0.1,0.5,2,"Central",0.0474,0.00300510365877785
200,0.75,0.1,0.5,2,"Tail",0.0516,0.00312849612433834
200,0.75,0.1,0.5,2,"Localized",0.0344,0.00257746542168852
200,0.75,0.1,0.5,3,"Uniform",0,0
200,0.75,0.1,0.5,3,"Central",0.057,0.00327874976172321
200,0.75,0.1,0.5,3,"Tail",0.0484,0.00303504332753257
200,0.75,0.1,0.5,3,"Localized",0.0368,0.00266254614983478
200,0.75,0.1,0.5,5,"Uniform",0,0
200,0.75,0.1,0.5,5,"Central",0.0508,0.00310545842026584
200,0.75,0.1,0.5,5,"Tail",0.047,0.00299302522541993
200,0.75,0.1,0.5,5,"Localized",0.0486,0.0030409879973456
200,0.75,0.1,0.5,8,"Uniform",0,0
200,0.75,0.1,0.5,8,"Central",0.049,0.00305283474822991
200,0.75,0.1,0.5,8,"Tail",0.054,0.00319637294444813
200,0.75,0.1,0.5,8,"Localized",0.0462,0.00296868859936505
200,0.75,0.1,1,1,"Uniform",0,0
200,0.75,0.1,1,1,"Central",0.051,0.00311123769583746
200,0.75,0.1,1,1,"Tail",0.0664,0.00352110891623647
200,0.75,0.1,1,1,"Localized",0.031,0.00245108139399735
200,0.75,0.1,1,2,"Uniform",0,0
200,0.75,0.1,1,2,"Central",0.052,0.00313993630508646
200,0.75,0.1,1,2,"Tail",0.0518,0.0031342227106573
200,0.75,0.1,1,2,"Localized",0.0372,0.00267642149146953
200,0.75,0.1,1,3,"Uniform",0,0
200,0.75,0.1,1,3,"Central",0.0506,0.00309966578843591
200,0.75,0.1,1,3,"Tail",0.0594,0.00334280241713446
200,0.75,0.1,1,3,"Localized",0.0346,0.0025846794772273
200,0.75,0.1,1,5,"Uniform",0,0
200,0.75,0.1,1,5,"Central",0.05,0.00308220700148449
200,0.75,0.1,1,5,"Tail",0.0486,0.0030409879973456
200,0.75,0.1,1,5,"Localized",0.035,0.00259903828367341
200,0.75,0.1,1,8,"Uniform",0,0
200,0.75,0.1,1,8,"Central",0.0504,0.00309385972532693
200,0.75,0.1,1,8,"Tail",0.0558,0.00324611644892786
200,0.75,0.1,1,8,"Localized",0.0388,0.00273110087693589
200,0.75,0.1,1.5,1,"Uniform",0,0
200,0.75,0.1,1.5,1,"Central",0.0458,0.00295642892693195
200,0.75,0.1,1.5,1,"Tail",0.0596,0.00334806929438445
200,0.75,0.1,1.5,1,"Localized",0.0258,0.00224206868761865
200,0.75,0.1,1.5,2,"Uniform",0,0
200,0.75,0.1,1.5,2,"Central",0.0548,0.00321860093829602
200,0.75,0.1,1.5,2,"Tail",0.057,0.00327874976172321
200,0.75,0.1,1.5,2,"Localized",0.0308,0.00244341400503476
200,0.75,0.1,1.5,3,"Uniform",0,0
200,0.75,0.1,1.5,3,"Central",0.0554,0.00323514574633045
200,0.75,0.1,1.5,3,"Tail",0.0494,0.0030646252625729
200,0.75,0.1,1.5,3,"Localized",0.0336,0.00254837359898426
200,0.75,0.1,1.5,5,"Uniform",0,0
200,0.75,0.1,1.5,5,"Central",0.0518,0.0031342227106573
200,0.75,0.1,1.5,5,"Tail",0.0444,0.00291302729132427
200,0.75,0.1,1.5,5,"Localized",0.029,0.00237314137800511
200,0.75,0.1,1.5,8,"Uniform",0,0
200,0.75,0.1,1.5,8,"Central",0.0468,0.00298696367570816
200,0.75,0.1,1.5,8,"Tail",0.0484,0.00303504332753257
200,0.75,0.1,1.5,8,"Localized",0.0392,0.0027445713690848
200,0.75,0.1,2,1,"Uniform",0,0
200,0.75,0.1,2,1,"Central",0.0544,0.0032075111847038
200,0.75,0.1,2,1,"Tail",0.0688,0.00357956868910208
200,0.75,0.1,2,1,"Localized",0.0222,0.00208361032825238
200,0.75,0.1,2,2,"Uniform",0,0
200,0.75,0.1,2,2,"Central",0.0554,0.00323514574633045
200,0.75,0.1,2,2,"Tail",0.0594,0.00334280241713446
200,0.75,0.1,2,2,"Localized",0.023,0.00211995282966391
200,0.75,0.1,2,3,"Uniform",0,0
200,0.75,0.1,2,3,"Central",0.062,0.00341045451516363
200,0.75,0.1,2,3,"Tail",0.062,0.00341045451516363
200,0.75,0.1,2,3,"Localized",0.029,0.00237314137800511
200,0.75,0.1,2,5,"Uniform",0,0
200,0.75,0.1,2,5,"Central",0.0532,0.00317394895989208
200,0.75,0.1,2,5,"Tail",0.048,0.00302311098043059
200,0.75,0.1,2,5,"Localized",0.0266,0.00227562914377541
200,0.75,0.1,2,8,"Uniform",0,0
200,0.75,0.1,2,8,"Central",0.0538,0.00319078548323136
200,0.75,0.1,2,8,"Tail",0.0428,0.00286245209566903
200,0.75,0.1,2,8,"Localized",0.0356,0.00262040607540129
200,0.75,0.2,0.5,1,"Uniform",0,0
200,0.75,0.2,0.5,1,"Central",0.0438,0.00289418589589542
200,0.75,0.2,0.5,1,"Tail",0.0632,0.00344109749934523
200,0.75,0.2,0.5,1,"Localized",0.0424,0.00284963997726029
200,0.75,0.2,0.5,2,"Uniform",0,0
200,0.75,0.2,0.5,2,"Central",0.0496,0.00307049963361014
200,0.75,0.2,0.5,2,"Tail",0.0502,0.00308804015517933
200,0.75,0.2,0.5,2,"Localized",0.0396,0.00275796446677618
200,0.75,0.2,0.5,3,"Uniform",0,0
200,0.75,0.2,0.5,3,"Central",0.0526,0.00315699984162179
200,0.75,0.2,0.5,3,"Tail",0.055,0.0032241277890307
200,0.75,0.2,0.5,3,"Localized",0.0366,0.00265557677350891
200,0.75,0.2,0.5,5,"Uniform",0,0
200,0.75,0.2,0.5,5,"Central",0.0462,0.00296868859936505
200,0.75,0.2,0.5,5,"Tail",0.0494,0.0030646252625729
200,0.75,0.2,0.5,5,"Localized",0.045,0.00293172304285381
200,0.75,0.2,0.5,8,"Uniform",0,0
200,0.75,0.2,0.5,8,"Central",0.0458,0.00295642892693195
200,0.75,0.2,0.5,8,"Tail",0.0456,0.00295027591929975
200,0.75,0.2,0.5,8,"Localized",0.0362,0.00264157377334043
200,0.75,0.2,1,1,"Uniform",0,0
200,0.75,0.2,1,1,"Central",0.048,0.00302311098043059
200,0.75,0.2,1,1,"Tail",0.0604,0.00336903072114221
200,0.75,0.2,1,1,"Localized",0.0328,0.00251889499582654
200,0.75,0.2,1,2,"Uniform",0,0
200,0.75,0.2,1,2,"Central",0.0442,0.00290676314824583
200,0.75,0.2,1,2,"Tail",0.0604,0.00336903072114221
200,0.75,0.2,1,2,"Localized",0.0346,0.0025846794772273
200,0.75,0.2,1,3,"Uniform",0,0
200,0.75,0.2,1,3,"Central",0.0576,0.00329491244193226
200,0.75,0.2,1,3,"Tail",0.0542,0.00320194815698193
200,0.75,0.2,1,3,"Localized",0.0336,0.00254837359898426
200,0.75,0.2,1,5,"Uniform",0,0
200,0.75,0.2,1,5,"Central",0.0446,0.00291927525252416
200,0.75,0.2,1,5,"Tail",0.0462,0.00296868859936505
200,0.75,0.2,1,5,"Localized",0.0406,0.00279111590586991
200,0.75,0.2,1,8,"Uniform",0,0
200,0.75,0.2,1,8,"Central",0.0478,0.00301712313305241
200,0.75,0.2,1,8,"Tail",0.0482,0.00302908435009658
200,0.75,0.2,1,8,"Localized",0.0412,0.00281078494374792
200,0.75,0.2,1.5,1,"Uniform",0,0
200,0.75,0.2,1.5,1,"Central",0.056,0.00325158422926425
200,0.75,0.2,1.5,1,"Tail",0.0682,0.00356507391227728
200,0.75,0.2,1.5,1,"Localized",0.0324,0.00250400638976821
200,0.75,0.2,1.5,2,"Uniform",0,0
200,0.75,0.2,1.5,2,"Central",0.0478,0.00301712313305241
200,0.75,0.2,1.5,2,"Tail",0.0572,0.00328414859590732
200,0.75,0.2,1.5,2,"Localized",0.0304,0.00242799670510485
200,0.75,0.2,1.5,3,"Uniform",0,0
200,0.75,0.2,1.5,3,"Central",0.0528,0.00316266216975509
200,0.75,0.2,1.5,3,"Tail",0.0548,0.00321860093829602
200,0.75,0.2,1.5,3,"Localized",0.0296,0.00239682456596222
200,0.75,0.2,1.5,5,"Uniform",0,0
200,0.75,0.2,1.5,5,"Central",0.0472,0.00299907185642492
200,0.75,0.2,1.5,5,"Tail",0.0488,0.00304691844328003
200,0.75,0.2,1.5,5,"Localized",0.0344,0.00257746542168852
200,0.75,0.2,1.5,8,"Uniform",0,0
200,0.75,0.2,1.5,8,"Central",0.043,0.00286883251515316
200,0.75,0.2,1.5,8,"Tail",0.047,0.00299302522541993
200,0.75,0.2,1.5,8,"Localized",0.033,0.00252630164469724
200,0.75,0.2,2,1,"Uniform",0,0
200,0.75,0.2,2,1,"Central",0.047,0.00299302522541993
200,0.75,0.2,2,1,"Tail",0.0614,0.00339499749631719
200,0.75,0.2,2,1,"Localized",0.0264,0.00226729089443768
200,0.75,0.2,2,2,"Uniform",0,0
200,0.75,0.2,2,2,"Central",0.0504,0.00309385972532693
200,0.75,0.2,2,2,"Tail",0.0618,0.00340531232047811
200,0.75,0.2,2,2,"Localized",0.0292,0.00238106530779817
200,0.75,0.2,2,3,"Uniform",0,0
200,0.75,0.2,2,3,"Central",0.0518,0.0031342227106573
200,0.75,0.2,2,3,"Tail",0.054,0.00319637294444813
200,0.75,0.2,2,3,"Localized",0.0302,0.00242024626846112
200,0.75,0.2,2,5,"Uniform",0,0
200,0.75,0.2,2,5,"Central",0.044,0.00290048271844533
200,0.75,0.2,2,5,"Tail",0.0506,0.00309966578843591
200,0.75,0.2,2,5,"Localized",0.036,0.00263453980801202
200,0.75,0.2,2,8,"Uniform",0,0
200,0.75,0.2,2,8,"Central",0.04,0.0027712812921102
200,0.75,0.2,2,8,"Tail",0.0508,0.00310545842026584
200,0.75,0.2,2,8,"Localized",0.0358,0.00262748396760094
500,0.25,0.05,0.5,1,"Uniform",0,0
500,0.25,0.05,0.5,1,"Central",0.0538,0.00319078548323136
500,0.25,0.05,0.5,1,"Tail",0.0554,0.00323514574633045
500,0.25,0.05,0.5,1,"Localized",0.041,0.00280424677944007
500,0.25,0.05,0.5,2,"Uniform",0,0
500,0.25,0.05,0.5,2,"Central",0.0508,0.00310545842026584
500,0.25,0.05,0.5,2,"Tail",0.048,0.00302311098043059
500,0.25,0.05,0.5,2,"Localized",0.0454,0.00294410733499986
500,0.25,0.05,0.5,3,"Uniform",0,0
500,0.25,0.05,0.5,3,"Central",0.0436,0.00288787257336608
500,0.25,0.05,0.5,3,"Tail",0.0504,0.00309385972532693
500,0.25,0.05,0.5,3,"Localized",0.0472,0.00299907185642492
500,0.25,0.05,0.5,5,"Uniform",0,0
500,0.25,0.05,0.5,5,"Central",0.0558,0.00324611644892786
500,0.25,0.05,0.5,5,"Tail",0.0494,0.0030646252625729
500,0.25,0.05,0.5,5,"Localized",0.0526,0.00315699984162179
500,0.25,0.05,0.5,8,"Uniform",0,0
500,0.25,0.05,0.5,8,"Central",0.0458,0.00295642892693195
500,0.25,0.05,0.5,8,"Tail",0.0532,0.00317394895989208
500,0.25,0.05,0.5,8,"Localized",0.0478,0.00301712313305241
500,0.25,0.05,1,1,"Uniform",0,0
500,0.25,0.05,1,1,"Central",0.0506,0.00309966578843591
500,0.25,0.05,1,1,"Tail",0.0536,0.00318518570887162
500,0.25,0.05,1,1,"Localized",0.0416,0.00282380735886852
500,0.25,0.05,1,2,"Uniform",0,0
500,0.25,0.05,1,2,"Central",0.0482,0.00302908435009658
500,0.25,0.05,1,2,"Tail",0.05,0.00308220700148449
500,0.25,0.05,1,2,"Localized",0.037,0.00266949433413896
500,0.25,0.05,1,3,"Uniform",0,0
500,0.25,0.05,1,3,"Central",0.0546,0.00321306209090332
500,0.25,0.05,1,3,"Tail",0.0538,0.00319078548323136
500,0.25,0.05,1,3,"Localized",0.0358,0.00262748396760094
500,0.25,0.05,1,5,"Uniform",0,0
500,0.25,0.05,1,5,"Central",0.0602,0.00336380617753164
500,0.25,0.05,1,5,"Tail",0.0544,0.0032075111847038
500,0.25,0.05,1,5,"Localized",0.0356,0.00262040607540129
500,0.25,0.05,1,8,"Uniform",0,0
500,0.25,0.05,1,8,"Central",0.0512,0.0031170036894428
500,0.25,0.05,1,8,"Tail",0.0568,0.00327333957908433
500,0.25,0.05,1,8,"Localized",0.0364,0.00264858603787002
500,0.25,0.05,1.5,1,"Uniform",0,0
500,0.25,0.05,1.5,1,"Central",0.0546,0.00321306209090332
500,0.25,0.05,1.5,1,"Tail",0.0522,0.00314563697841947
500,0.25,0.05,1.5,1,"Localized",0.0298,0.00240466047499434
500,0.25,0.05,1.5,2,"Uniform",0,0
500,0.25,0.05,1.5,2,"Central",0.0524,0.00315132480077824
500,0.25,0.05,1.5,2,"Tail",0.0536,0.00318518570887162
500,0.25,0.05,1.5,2,"Localized",0.031,0.00245108139399735
500,0.25,0.05,1.5,3,"Uniform",0,0
500,0.25,0.05,1.5,3,"Central",0.0468,0.00298696367570816
500,0.25,0.05,1.5,3,"Tail",0.0434,0.00288154264240528
500,0.25,0.05,1.5,3,"Localized",0.0336,0.00254837359898426
500,0.25,0.05,1.5,5,"Uniform",0,0
500,0.25,0.05,1.5,5,"Central",0.0546,0.00321306209090332
500,0.25,0.05,1.5,5,"Tail",0.0454,0.00294410733499986
500,0.25,0.05,1.5,5,"Localized",0.0334,0.00254104073166882
500,0.25,0.05,1.5,8,"Uniform",0,0
500,0.25,0.05,1.5,8,"Central",0.0514,0.00312275647465504
500,0.25,0.05,1.5,8,"Tail",0.0518,0.0031342227106573
500,0.25,0.05,1.5,8,"Localized",0.032,0.00248901586977665
500,0.25,0.05,2,1,"Uniform",0,0
500,0.25,0.05,2,1,"Central",0.0538,0.00319078548323136
500,0.25,0.05,2,1,"Tail",0.0568,0.00327333957908433
500,0.25,0.05,2,1,"Localized",0.0324,0.00250400638976821
500,0.25,0.05,2,2,"Uniform",0,0
500,0.25,0.05,2,2,"Central",0.0518,0.0031342227106573
500,0.25,0.05,2,2,"Tail",0.0476,0.00301112072159188
500,0.25,0.05,2,2,"Localized",0.0302,0.00242024626846112
500,0.25,0.05,2,3,"Uniform",0,0
500,0.25,0.05,2,3,"Central",0.0526,0.00315699984162179
500,0.25,0.05,2,3,"Tail",0.0558,0.00324611644892786
500,0.25,0.05,2,3,"Localized",0.0306,0.00243571919563812
500,0.25,0.05,2,5,"Uniform",0,0
500,0.25,0.05,2,5,"Central",0.0556,0.00324063697442339
500,0.25,0.05,2,5,"Tail",0.0528,0.00316266216975509
500,0.25,0.05,2,5,"Localized",0.029,0.00237314137800511
500,0.25,0.05,2,8,"Uniform",0,0
500,0.25,0.05,2,8,"Central",0.0528,0.00316266216975509
500,0.25,0.05,2,8,"Tail",0.0492,0.00305873699425106
500,0.25,0.05,2,8,"Localized",0.031,0.00245108139399735
500,0.25,0.1,0.5,1,"Uniform",0,0
500,0.25,0.1,0.5,1,"Central",0.0532,0.00317394895989208
500,0.25,0.1,0.5,1,"Tail",0.0482,0.00302908435009658
500,0.25,0.1,0.5,1,"Localized",0.039,0.00273784586856163
500,0.25,0.1,0.5,2,"Uniform",0,0
500,0.25,0.1,0.5,2,"Central",0.0552,0.0032296427046966
500,0.25,0.1,0.5,2,"Tail",0.0532,0.00317394895989208
500,0.25,0.1,0.5,2,"Localized",0.047,0.00299302522541993
500,0.25,0.1,0.5,3,"Uniform",0,0
500,0.25,0.1,0.5,3,"Central",0.0502,0.00308804015517933
500,0.25,0.1,0.5,3,"Tail",0.0504,0.00309385972532693
500,0.25,0.1,0.5,3,"Localized",0.0474,0.00300510365877785
500,0.25,0.1,0.5,5,"Uniform",0,0
500,0.25,0.1,0.5,5,"Central",0.0584,0.00331630637909105
500,0.25,0.1,0.5,5,"Tail",0.0488,0.00304691844328003
500,0.25,0.1,0.5,5,"Localized",0.0426,0.00285605462132642
500,0.25,0.1,0.5,8,"Uniform",0,0
500,0.25,0.1,0.5,8,"Central",0.0516,0.00312849612433834
500,0.25,0.1,0.5,8,"Tail",0.053,0.00316831185333767
500,0.25,0.1,0.5,8,"Localized",0.0476,0.00301112072159188
500,0.25,0.1,1,1,"Uniform",0,0
500,0.25,0.1,1,1,"Central",0.0548,0.00321860093829602
500,0.25,0.1,1,1,"Tail",0.0522,0.00314563697841947
500,0.25,0.1,1,1,"Localized",0.039,0.00273784586856163
500,0.25,0.1,1,2,"Uniform",0,0
500,0.25,0.1,1,2,"Central",0.0564,0.00326248494249399
500,0.25,0.1,1,2,"Tail",0.0508,0.00310545842026584
500,0.25,0.1,1,2,"Localized",0.0342,0.0025702280054501
500,0.25,0.1,1,3,"Uniform",0,0
500,0.25,0.1,1,3,"Central",0.0456,0.00295027591929975
500,0.25,0.1,1,3,"Tail",0.0526,0.00315699984162179
500,0.25,0.1,1,3,"Localized",0.038,0.0027039230758289
500,0.25,0.1,1,5,"Uniform",0,0
500,0.25,0.1,1,5,"Central",0.054,0.00319637294444813
500,0.25,0.1,1,5,"Tail",0.0544,0.0032075111847038
500,0.25,0.1,1,5,"Localized",0.036,0.00263453980801202
500,0.25,0.1,1,8,"Uniform",0,0
500,0.25,0.1,1,8,"Central",0.054,0.00319637294444813
500,0.25,0.1,1,8,"Tail",0.0536,0.00318518570887162
500,0.25,0.1,1,8,"Localized",0.0408,0.00279769047608916
500,0.25,0.1,1.5,1,"Uniform",0,0
500,0.25,0.1,1.5,1,"Central",0.0504,0.00309385972532693
500,0.25,0.1,1.5,1,"Tail",0.0518,0.0031342227106573
500,0.25,0.1,1.5,1,"Localized",0.0234,0.00213786996798215
500,0.25,0.1,1.5,2,"Uniform",0,0
500,0.25,0.1,1.5,2,"Central",0.0512,0.0031170036894428
500,0.25,0.1,1.5,2,"Tail",0.0544,0.0032075111847038
500,0.25,0.1,1.5,2,"Localized",0.034,0.0025629670306112
500,0.25,0.1,1.5,3,"Uniform",0,0
500,0.25,0.1,1.5,3,"Central",0.0546,0.00321306209090332
500,0.25,0.1,1.5,3,"Tail",0.0534,0.00317957355631223
500,0.25,0.1,1.5,3,"Localized",0.0324,0.00250400638976821
500,0.25,0.1,1.5,5,"Uniform",0,0
500,0.25,0.1,1.5,5,"Central",0.056,0.00325158422926425
500,0.25,0.1,1.5,5,"Tail",0.0512,0.0031170036894428
500,0.25,0.1,1.5,5,"Localized",0.04,0.0027712812921102
500,0.25,0.1,1.5,8,"Uniform",0,0
500,0.25,0.1,1.5,8,"Central",0.0492,0.00305873699425106
500,0.25,0.1,1.5,8,"Tail",0.0502,0.00308804015517933
500,0.25,0.1,1.5,8,"Localized",0.0384,0.00271755183943195
500,0.25,0.1,2,1,"Uniform",0,0
500,0.25,0.1,2,1,"Central",0.0544,0.0032075111847038
500,0.25,0.1,2,1,"Tail",0.0588,0.00332693733033852
500,0.25,0.1,2,1,"Localized",0.0258,0.00224206868761865
500,0.25,0.1,2,2,"Uniform",0,0
500,0.25,0.1,2,2,"Central",0.0464,0.00297479545515318
500,0.25,0.1,2,2,"Tail",0.053,0.00316831185333767
500,0.25,0.1,2,2,"Localized",0.0346,0.0025846794772273
500,0.25,0.1,2,3,"Uniform",0,0
500,0.25,0.1,2,3,"Central",0.0504,0.00309385972532693
500,0.25,0.1,2,3,"Tail",0.0538,0.00319078548323136
500,0.25,0.1,2,3,"Localized",0.0268,0.00228393344911799
500,0.25,0.1,2,5,"Uniform",0,0
500,0.25,0.1,2,5,"Central",0.0554,0.00323514574633045
500,0.25,0.1,2,5,"Tail",0.052,0.00313993630508646
500,0.25,0.1,2,5,"Localized",0.0324,0.00250400638976821
500,0.25,0.1,2,8,"Uniform",0,0
500,0.25,0.1,2,8,"Central",0.0506,0.00309966578843591
500,0.25,0.1,2,8,"Tail",0.0536,0.00318518570887162
500,0.25,0.1,2,8,"Localized",0.0236,0.00214676687136727
500,0.25,0.2,0.5,1,"Uniform",0,0
500,0.25,0.2,0.5,1,"Central",0.0526,0.00315699984162179
500,0.25,0.2,0.5,1,"Tail",0.053,0.00316831185333767
500,0.25,0.2,0.5,1,"Localized",0.036,0.00263453980801202
500,0.25,0.2,0.5,2,"Uniform",0,0
500,0.25,0.2,0.5,2,"Central",0.0536,0.00318518570887162
500,0.25,0.2,0.5,2,"Tail",0.049,0.00305283474822991
500,0.25,0.2,0.5,2,"Localized",0.0418,0.00283029185774188
500,0.25,0.2,0.5,3,"Uniform",0,0
500,0.25,0.2,0.5,3,"Central",0.0502,0.00308804015517933
500,0.25,0.2,0.5,3,"Tail",0.0476,0.00301112072159188
500,0.25,0.2,0.5,3,"Localized",0.047,0.00299302522541993
500,0.25,0.2,0.5,5,"Uniform",0,0
500,0.25,0.2,0.5,5,"Central",0.0556,0.00324063697442339
500,0.25,0.2,0.5,5,"Tail",0.0498,0.00307636018697421
500,0.25,0.2,0.5,5,"Localized",0.0422,0.00284320804725929
500,0.25,0.2,0.5,8,"Uniform",0,0
500,0.25,0.2,0.5,8,"Central",0.0488,0.00304691844328003
500,0.25,0.2,0.5,8,"Tail",0.0492,0.00305873699425106
500,0.25,0.2,0.5,8,"Localized",0.0486,0.0030409879973456
500,0.25,0.2,1,1,"Uniform",0,0
500,0.25,0.2,1,1,"Central",0.0498,0.00307636018697421
500,0.25,0.2,1,1,"Tail",0.056,0.00325158422926425
500,0.25,0.2,1,1,"Localized",0.0368,0.00266254614983478
500,0.25,0.2,1,2,"Uniform",0,0
500,0.25,0.2,1,2,"Central",0.0492,0.00305873699425106
500,0.25,0.2,1,2,"Tail",0.0544,0.0032075111847038
500,0.25,0.2,1,2,"Localized",0.0322,0.00249652398346181
500,0.25,0.2,1,3,"Uniform",0,0
500,0.25,0.2,1,3,"Central",0.0474,0.00300510365877785
500,0.25,0.2,1,3,"Tail",0.0508,0.00310545842026584
500,0.25,0.2,1,3,"Localized",0.0384,0.00271755183943195
500,0.25,0.2,1,5,"Uniform",0,0
500,0.25,0.2,1,5,"Central",0.0592,0.0033375248313683
500,0.25,0.2,1,5,"Tail",0.0552,0.0032296427046966
500,0.25,0.2,1,5,"Localized",0.0388,0.00273110087693589
500,0.25,0.2,1,8,"Uniform",0,0
500,0.25,0.2,1,8,"Central",0.0456,0.00295027591929975
500,0.25,0.2,1,8,"Tail",0.053,0.00316831185333767
500,0.25,0.2,1,8,"Localized",0.037,0.00266949433413896
500,0.25,0.2,1.5,1,"Uniform",0,0
500,0.25,0.2,1.5,1,"Central",0.0494,0.0030646252625729
500,0.25,0.2,1.5,1,"Tail",0.0574,0.0032895361375124
500,0.25,0.2,1.5,1,"Localized",0.0322,0.00249652398346181
500,0.25,0.2,1.5,2,"Uniform",0,0
500,0.25,0.2,1.5,2,"Central",0.051,0.00311123769583746
500,0.25,0.2,1.5,2,"Tail",0.0526,0.00315699984162179
500,0.25,0.2,1.5,2,"Localized",0.0306,0.00243571919563812
500,0.25,0.2,1.5,3,"Uniform",0,0
500,0.25,0.2,1.5,3,"Central",0.0452,0.00293792307591605
500,0.25,0.2,1.5,3,"Tail",0.0502,0.00308804015517933
500,0.25,0.2,1.5,3,"Localized",0.0324,0.00250400638976821
500,0.25,0.2,1.5,5,"Uniform",0,0
500,0.25,0.2,1.5,5,"Central",0.0514,0.00312275647465504
500,0.25,0.2,1.5,5,"Tail",0.0526,0.00315699984162179
500,0.25,0.2,1.5,5,"Localized",0.0294,0.00238895960618843
500,0.25,0.2,1.5,8,"Uniform",0,0
500,0.25,0.2,1.5,8,"Central",0.0468,0.00298696367570816
500,0.25,0.2,1.5,8,"Tail",0.0526,0.00315699984162179
500,0.25,0.2,1.5,8,"Localized",0.0394,0.00275127752144345
500,0.25,0.2,2,1,"Uniform",0,0
500,0.25,0.2,2,1,"Central",0.0506,0.00309966578843591
500,0.25,0.2,2,1,"Tail",0.0548,0.00321860093829602
500,0.25,0.2,2,1,"Localized",0.0226,0.00210186774084384
500,0.25,0.2,2,2,"Uniform",0,0
500,0.25,0.2,2,2,"Central",0.0496,0.00307049963361014
500,0.25,0.2,2,2,"Tail",0.0586,0.00332162731202644
500,0.25,0.2,2,2,"Localized",0.0276,0.00231681850821336
500,0.25,0.2,2,3,"Uniform",0,0
500,0.25,0.2,2,3,"Central",0.039,0.00273784586856163
500,0.25,0.2,2,3,"Tail",0.0594,0.00334280241713446
500,0.25,0.2,2,3,"Localized",0.0252,0.00221652701314466
500,0.25,0.2,2,5,"Uniform",0,0
500,0.25,0.2,2,5,"Central",0.0458,0.00295642892693195
500,0.25,0.2,2,5,"Tail",0.0562,0.00325704037432759
500,0.25,0.2,2,5,"Localized",0.033,0.00252630164469724
500,0.25,0.2,2,8,"Uniform",0,0
500,0.25,0.2,2,8,"Central",0.0544,0.0032075111847038
500,0.25,0.2,2,8,"Tail",0.0556,0.00324063697442339
500,0.25,0.2,2,8,"Localized",0.0308,0.00244341400503476
500,0.5,0.05,0.5,1,"Uniform",0,0
500,0.5,0.05,0.5,1,"Central",0.0524,0.00315132480077824
500,0.5,0.05,0.5,1,"Tail",0.0556,0.00324063697442339
500,0.5,0.05,0.5,1,"Localized",0.0374,0.00268332778467335
500,0.5,0.05,0.5,2,"Uniform",0,0
500,0.5,0.05,0.5,2,"Central",0.0494,0.0030646252625729
500,0.5,0.05,0.5,2,"Tail",0.054,0.00319637294444813
500,0.5,0.05,0.5,2,"Localized",0.0458,0.00295642892693195
500,0.5,0.05,0.5,3,"Uniform",0,0
500,0.5,0.05,0.5,3,"Central",0.0424,0.00284963997726029
500,0.5,0.05,0.5,3,"Tail",0.0574,0.0032895361375124
500,0.5,0.05,0.5,3,"Localized",0.0448,0.00292550713552369
500,0.5,0.05,0.5,5,"Uniform",0,0
500,0.5,0.05,0.5,5,"Central",0.0522,0.00314563697841947
500,0.5,0.05,0.5,5,"Tail",0.0476,0.00301112072159188
500,0.5,0.05,0.5,5,"Localized",0.0466,0.00298088711627931
500,0.5,0.05,0.5,8,"Uniform",0,0
500,0.5,0.05,0.5,8,"Central",0.048,0.00302311098043059
500,0.5,0.05,0.5,8,"Tail",0.0538,0.00319078548323136
500,0.5,0.05,0.5,8,"Localized",0.052,0.00313993630508646
500,0.5,0.05,1,1,"Uniform",0,0
500,0.5,0.05,1,1,"Central",0.0458,0.00295642892693195
500,0.5,0.05,1,1,"Tail",0.0524,0.00315132480077824
500,0.5,0.05,1,1,"Localized",0.0352,0.00260618341641566
500,0.5,0.05,1,2,"Uniform",0,0
500,0.5,0.05,1,2,"Central",0.0446,0.00291927525252416
500,0.5,0.05,1,2,"Tail",0.0502,0.00308804015517933
500,0.5,0.05,1,2,"Localized",0.0364,0.00264858603787002
500,0.5,0.05,1,3,"Uniform",0,0
500,0.5,0.05,1,3,"Central",0.0522,0.00314563697841947
500,0.5,0.05,1,3,"Tail",0.0544,0.0032075111847038
500,0.5,0.05,1,3,"Localized",0.0366,0.00265557677350891
500,0.5,0.05,1,5,"Uniform",0,0
500,0.5,0.05,1,5,"Central",0.0464,0.00297479545515318
500,0.5,0.05,1,5,"Tail",0.0538,0.00319078548323136
500,0.5,0.05,1,5,"Localized",0.0478,0.00301712313305241
500,0.5,0.05,1,8,"Uniform",0,0
500,0.5,0.05,1,8,"Central",0.049,0.00305283474822991
500,0.5,0.05,1,8,"Tail",0.0586,0.00332162731202644
500,0.5,0.05,1,8,"Localized",0.0444,0.00291302729132427
500,0.5,0.05,1.5,1,"Uniform",0,0
500,0.5,0.05,1.5,1,"Central",0.0416,0.00282380735886852
500,0.5,0.05,1.5,1,"Tail",0.053,0.00316831185333767
500,0.5,0.05,1.5,1,"Localized",0.0332,0.0025336834845734
500,0.5,0.05,1.5,2,"Uniform",0,0
500,0.5,0.05,1.5,2,"Central",0.0428,0.00286245209566903
500,0.5,0.05,1.5,2,"Tail",0.0626,0.00342582077756557
500,0.5,0.05,1.5,2,"Localized",0.0366,0.00265557677350891
500,0.5,0.05,1.5,3,"Uniform",0,0
500,0.5,0.05,1.5,3,"Central",0.0408,0.00279769047608916
500,0.5,0.05,1.5,3,"Tail",0.0588,0.00332693733033852
500,0.5,0.05,1.5,3,"Localized",0.0374,0.00268332778467335
500,0.5,0.05,1.5,5,"Uniform",0,0
500,0.5,0.05,1.5,5,"Central",0.0426,0.00285605462132642
500,0.5,0.05,1.5,5,"Tail",0.0472,0.00299907185642492
500,0.5,0.05,1.5,5,"Localized",0.0382,0.0027107474983849
500,0.5,0.05,1.5,8,"Uniform",0,0
500,0.5,0.05,1.5,8,"Central",0.0428,0.00286245209566903
500,0.5,0.05,1.5,8,"Tail",0.054,0.00319637294444813
500,0.5,0.05,1.5,8,"Localized",0.0396,0.00275796446677618
500,0.5,0.05,2,1,"Uniform",0,0
500,0.5,0.05,2,1,"Central",0.0474,0.00300510365877785
500,0.5,0.05,2,1,"Tail",0.0578,0.00330027756408457
500,0.5,0.05,2,1,"Localized",0.0282,0.00234114331043616
500,0.5,0.05,2,2,"Uniform",0,0
500,0.5,0.05,2,2,"Central",0.0428,0.00286245209566903
500,0.5,0.05,2,2,"Tail",0.0632,0.00344109749934523
500,0.5,0.05,2,2,"Localized",0.0298,0.00240466047499434
500,0.5,0.05,2,3,"Uniform",0,0
500,0.5,0.05,2,3,"Central",0.0366,0.00265557677350891
500,0.5,0.05,2,3,"Tail",0.056,0.00325158422926425
500,0.5,0.05,2,3,"Localized",0.0312,0.00245872161905328
500,0.5,0.05,2,5,"Uniform",0,0
500,0.5,0.05,2,5,"Central",0.043,0.00286883251515316
500,0.5,0.05,2,5,"Tail",0.0548,0.00321860093829602
500,0.5,0.05,2,5,"Localized",0.033,0.00252630164469724
500,0.5,0.05,2,8,"Uniform",0,0
500,0.5,0.05,2,8,"Central",0.044,0.00290048271844533
500,0.5,0.05,2,8,"Tail",0.0554,0.00323514574633045
500,0.5,0.05,2,8,"Localized",0.0296,0.00239682456596222
500,0.5,0.1,0.5,1,"Uniform",0,0
500,0.5,0.1,0.5,1,"Central",0.0474,0.00300510365877785
500,0.5,0.1,0.5,1,"Tail",0.0554,0.00323514574633045
500,0.5,0.1,0.5,1,"Localized",0.0382,0.0027107474983849
500,0.5,0.1,0.5,2,"Uniform",0,0
500,0.5,0.1,0.5,2,"Central",0.0488,0.00304691844328003
500,0.5,0.1,0.5,2,"Tail",0.055,0.0032241277890307
500,0.5,0.1,0.5,2,"Localized",0.0426,0.00285605462132642
500,0.5,0.1,0.5,3,"Uniform",0,0
500,0.5,0.1,0.5,3,"Central",0.0468,0.00298696367570816
500,0.5,0.1,0.5,3,"Tail",0.0486,0.0030409879973456
500,0.5,0.1,0.5,3,"Localized",0.0438,0.00289418589589542
500,0.5,0.1,0.5,5,"Uniform",0,0
500,0.5,0.1,0.5,5,"Central",0.046,0.00296256645495084
500,0.5,0.1,0.5,5,"Tail",0.0492,0.00305873699425106
500,0.5,0.1,0.5,5,"Localized",0.0456,0.00295027591929975
500,0.5,0.1,0.5,8,"Uniform",0,0
500,0.5,0.1,0.5,8,"Central",0.042,0.00283675871374356
500,0.5,0.1,0.5,8,"Tail",0.0554,0.00323514574633045
500,0.5,0.1,0.5,8,"Localized",0.0436,0.00288787257336608
500,0.5,0.1,1,1,"Uniform",0,0
500,0.5,0.1,1,1,"Central",0.0428,0.00286245209566903
500,0.5,0.1,1,1,"Tail",0.0612,0.00338982477423244
500,0.5,0.1,1,1,"Localized",0.0398,0.00276463234445378
500,0.5,0.1,1,2,"Uniform",0,0
500,0.5,0.1,1,2,"Central",0.0416,0.00282380735886852
500,0.5,0.1,1,2,"Tail",0.064,0.00346132922444543
500,0.5,0.1,1,2,"Localized",0.04,0.0027712812921102
500,0.5,0.1,1,3,"Uniform",0,0
500,0.5,0.1,1,3,"Central",0.0442,0.00290676314824583
500,0.5,0.1,1,3,"Tail",0.053,0.00316831185333767
500,0.5,0.1,1,3,"Localized",0.0334,0.00254104073166882
500,0.5,0.1,1,5,"Uniform",0,0
500,0.5,0.1,1,5,"Central",0.0432,0.00287519599331941
500,0.5,0.1,1,5,"Tail",0.057,0.00327874976172321
500,0.5,0.1,1,5,"Localized",0.0414,0.00281730509529941
500,0.5,0.1,1,8,"Uniform",0,0
500,0.5,0.1,1,8,"Central",0.049,0.00305283474822991
500,0.5,0.1,1,8,"Tail",0.0512,0.0031170036894428
500,0.5,0.1,1,8,"Localized",0.0392,0.0027445713690848
500,0.5,0.1,1.5,1,"Uniform",0,0
500,0.5,0.1,1.5,1,"Central",0.0356,0.00262040607540129
500,0.5,0.1,1.5,1,"Tail",0.064,0.00346132922444543
500,0.5,0.1,1.5,1,"Localized",0.0298,0.00240466047499434
500,0.5,0.1,1.5,2,"Uniform",0,0
500,0.5,0.1,1.5,2,"Central",0.0388,0.00273110087693589
500,0.5,0.1,1.5,2,"Tail",0.0584,0.00331630637909105
500,0.5,0.1,1.5,2,"Localized",0.0304,0.00242799670510485
500,0.5,0.1,1.5,3,"Uniform",0,0
500,0.5,0.1,1.5,3,"Central",0.0348,0.00259187036712873
500,0.5,0.1,1.5,3,"Tail",0.056,0.00325158422926425
500,0.5,0.1,1.5,3,"Localized",0.0314,0.00246633493264804
500,0.5,0.1,1.5,5,"Uniform",0,0
500,0.5,0.1,1.5,5,"Central",0.039,0.00273784586856163
500,0.5,0.1,1.5,5,"Tail",0.0616,0.00340015999623547
500,0.5,0.1,1.5,5,"Localized",0.0356,0.00262040607540129
500,0.5,0.1,1.5,8,"Uniform",0,0
500,0.5,0.1,1.5,8,"Central",0.0378,0.00269707841932711
500,0.5,0.1,1.5,8,"Tail",0.0558,0.00324611644892786
500,0.5,0.1,1.5,8,"Localized",0.028,0.00233306665142683
500,0.5,0.1,2,1,"Uniform",0,0
500,0.5,0.1,2,1,"Central",0.0332,0.0025336834845734
500,0.5,0.1,2,1,"Tail",0.0686,0.00357474586509307
500,0.5,0.1,2,1,"Localized",0.0224,0.00209276085590303
500,0.5,0.1,2,2,"Uniform",0,0
500,0.5,0.1,2,2,"Central",0.0348,0.00259187036712873
500,0.5,0.1,2,2,"Tail",0.0686,0.00357474586509307
500,0.5,0.1,2,2,"Localized",0.0186,0.0019107087690174
500,0.5,0.1,2,3,"Uniform",0,0
500,0.5,0.1,2,3,"Central",0.0346,0.0025846794772273
500,0.5,0.1,2,3,"Tail",0.0628,0.00343092290790685
500,0.5,0.1,2,3,"Localized",0.0278,0.00232495849425318
500,0.5,0.1,2,5,"Uniform",0,0
500,0.5,0.1,2,5,"Central",0.0414,0.00281730509529941
500,0.5,0.1,2,5,"Tail",0.0612,0.00338982477423244
500,0.5,0.1,2,5,"Localized",0.0318,0.00248148181536758
500,0.5,0.1,2,8,"Uniform",0,0
500,0.5,0.1,2,8,"Central",0.0424,0.00284963997726029
500,0.5,0.1,2,8,"Tail",0.0606,0.00337424480439698
500,0.5,0.1,2,8,"Localized",0.0308,0.00244341400503476
500,0.5,0.2,0.5,1,"Uniform",0,0
500,0.5,0.2,0.5,1,"Central",0.0474,0.00300510365877785
500,0.5,0.2,0.5,1,"Tail",0.057,0.00327874976172321
500,0.5,0.2,0.5,1,"Localized",0.0392,0.0027445713690848
500,0.5,0.2,0.5,2,"Uniform",0,0
500,0.5,0.2,0.5,2,"Central",0.0476,0.00301112072159188
500,0.5,0.2,0.5,2,"Tail",0.0576,0.00329491244193226
500,0.5,0.2,0.5,2,"Localized",0.046,0.00296256645495084
500,0.5,0.2,0.5,3,"Uniform",0,0
500,0.5,0.2,0.5,3,"Central",0.042,0.00283675871374356
500,0.5,0.2,0.5,3,"Tail",0.055,0.0032241277890307
500,0.5,0.2,0.5,3,"Localized",0.0436,0.00288787257336608
500,0.5,0.2,0.5,5,"Uniform",0,0
500,0.5,0.2,0.5,5,"Central",0.0496,0.00307049963361014
500,0.5,0.2,0.5,5,"Tail",0.0558,0.00324611644892786
500,0.5,0.2,0.5,5,"Localized",0.0476,0.00301112072159188
500,0.5,0.2,0.5,8,"Uniform",0,0
500,0.5,0.2,0.5,8,"Central",0.0406,0.00279111590586991
500,0.5,0.2,0.5,8,"Tail",0.0548,0.00321860093829602
500,0.5,0.2,0.5,8,"Localized",0.0486,0.0030409879973456
500,0.5,0.2,1,1,"Uniform",0,0
500,0.5,0.2,1,1,"Central",0.0368,0.00266254614983478
500,0.5,0.2,1,1,"Tail",0.066,0.00351123909752668
500,0.5,0.2,1,1,"Localized",0.0402,0.00277791144567281
500,0.5,0.2,1,2,"Uniform",0,0
500,0.5,0.2,1,2,"Central",0.0414,0.00281730509529941
500,0.5,0.2,1,2,"Tail",0.0622,0.00341558662604244
500,0.5,0.2,1,2,"Localized",0.0434,0.00288154264240528
500,0.5,0.2,1,3,"Uniform",0,0
500,0.5,0.2,1,3,"Central",0.0378,0.00269707841932711
500,0.5,0.2,1,3,"Tail",0.0598,0.00335332551357604
500,0.5,0.2,1,3,"Localized",0.0342,0.0025702280054501
500,0.5,0.2,1,5,"Uniform",0,0
500,0.5,0.2,1,5,"Central",0.0432,0.00287519599331941
500,0.5,0.2,1,5,"Tail",0.0556,0.00324063697442339
500,0.5,0.2,1,5,"Localized",0.0432,0.00287519599331941
500,0.5,0.2,1,8,"Uniform",0,0
500,0.5,0.2,1,8,"Central",0.0418,0.00283029185774188
500,0.5,0.2,1,8,"Tail",0.0582,0.003310974478911
500,0.5,0.2,1,8,"Localized",0.0506,0.00309966578843591
500,0.5,0.2,1.5,1,"Uniform",0,0
500,0.5,0.2,1.5,1,"Central",0.0376,0.00269021337443705
500,0.5,0.2,1.5,1,"Tail",0.075,0.00372491610643784
500,0.5,0.2,1.5,1,"Localized",0.0316,0.00247392158323581
500,0.5,0.2,1.5,2,"Uniform",0,0
500,0.5,0.2,1.5,2,"Central",0.0384,0.00271755183943195
500,0.5,0.2,1.5,2,"Tail",0.0718,0.00365088372863338
500,0.5,0.2,1.5,2,"Localized",0.0274,0.00230864635663412
500,0.5,0.2,1.5,3,"Uniform",0,0
500,0.5,0.2,1.5,3,"Central",0.0364,0.00264858603787002
500,0.5,0.2,1.5,3,"Tail",0.0656,0.00350133231784702
500,0.5,0.2,1.5,3,"Localized",0.0422,0.00284320804725929
500,0.5,0.2,1.5,5,"Uniform",0,0
500,0.5,0.2,1.5,5,"Central",0.0414,0.00281730509529941
500,0.5,0.2,1.5,5,"Tail",0.0606,0.00337424480439698
500,0.5,0.2,1.5,5,"Localized",0.0378,0.00269707841932711
500,0.5,0.2,1.5,8,"Uniform",0,0
500,0.5,0.2,1.5,8,"Central",0.0414,0.00281730509529941
500,0.5,0.2,1.5,8,"Tail",0.063,0.00343601513384327
500,0.5,0.2,1.5,8,"Localized",0.0292,0.00238106530779817
500,0.5,0.2,2,1,"Uniform",0,0
500,0.5,0.2,2,1,"Central",0.0294,0.00238895960618843
500,0.5,0.2,2,1,"Tail",0.0822,0.00388440883533132
500,0.5,0.2,2,1,"Localized",0.0228,0.00211093154791907
500,0.5,0.2,2,2,"Uniform",0,0
500,0.5,0.2,2,2,"Central",0.0314,0.00246633493264804
500,0.5,0.2,2,2,"Tail",0.0776,0.00378360251612137
500,0.5,0.2,2,2,"Localized",0.0246,0.00219065469666034
500,0.5,0.2,2,3,"Uniform",0,0
500,0.5,0.2,2,3,"Central",0.029,0.00237314137800511
500,0.5,0.2,2,3,"Tail",0.0784,0.00380140605565888
500,0.5,0.2,2,3,"Localized",0.0254,0.00222507707731665
500,0.5,0.2,2,5,"Uniform",0,0
500,0.5,0.2,2,5,"Central",0.0362,0.00264157377334043
500,0.5,0.2,2,5,"Tail",0.0696,0.00359877312427444
500,0.5,0.2,2,5,"Localized",0.0308,0.00244341400503476
500,0.5,0.2,2,8,"Uniform",0,0
500,0.5,0.2,2,8,"Central",0.0336,0.00254837359898426
500,0.5,0.2,2,8,"Tail",0.0734,0.00368815509435273
500,0.5,0.2,2,8,"Localized",0.035,0.00259903828367341
500,0.75,0.05,0.5,1,"Uniform",0,0
500,0.75,0.05,0.5,1,"Central",0.0548,0.00321860093829602
500,0.75,0.05,0.5,1,"Tail",0.0524,0.00315132480077824
500,0.75,0.05,0.5,1,"Localized",0.0432,0.00287519599331941
500,0.75,0.05,0.5,2,"Uniform",0,0
500,0.75,0.05,0.5,2,"Central",0.0488,0.00304691844328003
500,0.75,0.05,0.5,2,"Tail",0.0536,0.00318518570887162
500,0.75,0.05,0.5,2,"Localized",0.0378,0.00269707841932711
500,0.75,0.05,0.5,3,"Uniform",0,0
500,0.75,0.05,0.5,3,"Central",0.0504,0.00309385972532693
500,0.75,0.05,0.5,3,"Tail",0.0512,0.0031170036894428
500,0.75,0.05,0.5,3,"Localized",0.0398,0.00276463234445378
500,0.75,0.05,0.5,5,"Uniform",0,0
500,0.75,0.05,0.5,5,"Central",0.0508,0.00310545842026584
500,0.75,0.05,0.5,5,"Tail",0.0456,0.00295027591929975
500,0.75,0.05,0.5,5,"Localized",0.0388,0.00273110087693589
500,0.75,0.05,0.5,8,"Uniform",0,0
500,0.75,0.05,0.5,8,"Central",0.0542,0.00320194815698193
500,0.75,0.05,0.5,8,"Tail",0.05,0.00308220700148449
500,0.75,0.05,0.5,8,"Localized",0.052,0.00313993630508646
500,0.75,0.05,1,1,"Uniform",0,0
500,0.75,0.05,1,1,"Central",0.0536,0.00318518570887162
500,0.75,0.05,1,1,"Tail",0.0572,0.00328414859590732
500,0.75,0.05,1,1,"Localized",0.0398,0.00276463234445378
500,0.75,0.05,1,2,"Uniform",0,0
500,0.75,0.05,1,2,"Central",0.0476,0.00301112072159188
500,0.75,0.05,1,2,"Tail",0.051,0.00311123769583746
500,0.75,0.05,1,2,"Localized",0.0422,0.00284320804725929
500,0.75,0.05,1,3,"Uniform",0,0
500,0.75,0.05,1,3,"Central",0.0492,0.00305873699425106
500,0.75,0.05,1,3,"Tail",0.05,0.00308220700148449
500,0.75,0.05,1,3,"Localized",0.036,0.00263453980801202
500,0.75,0.05,1,5,"Uniform",0,0
500,0.75,0.05,1,5,"Central",0.058,0.00330563155841664
500,0.75,0.05,1,5,"Tail",0.047,0.00299302522541993
500,0.75,0.05,1,5,"Localized",0.0402,0.00277791144567281
500,0.75,0.05,1,8,"Uniform",0,0
500,0.75,0.05,1,8,"Central",0.0498,0.00307636018697421
500,0.75,0.05,1,8,"Tail",0.0566,0.00326791799162709
500,0.75,0.05,1,8,"Localized",0.0396,0.00275796446677618
500,0.75,0.05,1.5,1,"Uniform",0,0
500,0.75,0.05,1.5,1,"Central",0.0466,0.00298088711627931
500,0.75,0.05,1.5,1,"Tail",0.0504,0.00309385972532693
500,0.75,0.05,1.5,1,"Localized",0.035,0.00259903828367341
500,0.75,0.05,1.5,2,"Uniform",0,0
500,0.75,0.05,1.5,2,"Central",0.0476,0.00301112072159188
500,0.75,0.05,1.5,2,"Tail",0.0496,0.00307049963361014
500,0.75,0.05,1.5,2,"Localized",0.0354,0.00261330595223751
500,0.75,0.05,1.5,3,"Uniform",0,0
500,0.75,0.05,1.5,3,"Central",0.0512,0.0031170036894428
500,0.75,0.05,1.5,3,"Tail",0.0502,0.00308804015517933
500,0.75,0.05,1.5,3,"Localized",0.0384,0.00271755183943195
500,0.75,0.05,1.5,5,"Uniform",0,0
500,0.75,0.05,1.5,5,"Central",0.052,0.00313993630508646
500,0.75,0.05,1.5,5,"Tail",0.0544,0.0032075111847038
500,0.75,0.05,1.5,5,"Localized",0.0344,0.00257746542168852
500,0.75,0.05,1.5,8,"Uniform",0,0
500,0.75,0.05,1.5,8,"Central",0.0558,0.00324611644892786
500,0.75,0.05,1.5,8,"Tail",0.0578,0.00330027756408457
500,0.75,0.05,1.5,8,"Localized",0.0366,0.00265557677350891
500,0.75,0.05,2,1,"Uniform",0,0
500,0.75,0.05,2,1,"Central",0.0522,0.00314563697841947
500,0.75,0.05,2,1,"Tail",0.0516,0.00312849612433834
500,0.75,0.05,2,1,"Localized",0.0282,0.00234114331043616
500,0.75,0.05,2,2,"Uniform",0,0
500,0.75,0.05,2,2,"Central",0.0544,0.0032075111847038
500,0.75,0.05,2,2,"Tail",0.0514,0.00312275647465504
500,0.75,0.05,2,2,"Localized",0.0324,0.00250400638976821
500,0.75,0.05,2,3,"Uniform",0,0
500,0.75,0.05,2,3,"Central",0.0572,0.00328414859590732
500,0.75,0.05,2,3,"Tail",0.0592,0.0033375248313683
500,0.75,0.05,2,3,"Localized",0.0246,0.00219065469666034
500,0.75,0.05,2,5,"Uniform",0,0
500,0.75,0.05,2,5,"Central",0.0574,0.0032895361375124
500,0.75,0.05,2,5,"Tail",0.047,0.00299302522541993
500,0.75,0.05,2,5,"Localized",0.0274,0.00230864635663412
500,0.75,0.05,2,8,"Uniform",0,0
500,0.75,0.05,2,8,"Central",0.0526,0.00315699984162179
500,0.75,0.05,2,8,"Tail",0.0532,0.00317394895989208
500,0.75,0.05,2,8,"Localized",0.033,0.00252630164469724
500,0.75,0.1,0.5,1,"Uniform",0,0
500,0.75,0.1,0.5,1,"Central",0.0572,0.00328414859590732
500,0.75,0.1,0.5,1,"Tail",0.0512,0.0031170036894428
500,0.75,0.1,0.5,1,"Localized",0.0442,0.00290676314824583
500,0.75,0.1,0.5,2,"Uniform",0,0
500,0.75,0.1,0.5,2,"Central",0.0536,0.00318518570887162
500,0.75,0.1,0.5,2,"Tail",0.045,0.00293172304285381
500,0.75,0.1,0.5,2,"Localized",0.051,0.00311123769583746
500,0.75,0.1,0.5,3,"Uniform",0,0
500,0.75,0.1,0.5,3,"Central",0.0498,0.00307636018697421
500,0.75,0.1,0.5,3,"Tail",0.048,0.00302311098043059
500,0.75,0.1,0.5,3,"Localized",0.0404,0.00278452293939195
500,0.75,0.1,0.5,5,"Uniform",0,0
500,0.75,0.1,0.5,5,"Central",0.052,0.00313993630508646
500,0.75,0.1,0.5,5,"Tail",0.0492,0.00305873699425106
500,0.75,0.1,0.5,5,"Localized",0.0394,0.00275127752144345
500,0.75,0.1,0.5,8,"Uniform",0,0
500,0.75,0.1,0.5,8,"Central",0.054,0.00319637294444813
500,0.75,0.1,0.5,8,"Tail",0.0506,0.00309966578843591
500,0.75,0.1,0.5,8,"Localized",0.0424,0.00284963997726029
500,0.75,0.1,1,1,"Uniform",0,0
500,0.75,0.1,1,1,"Central",0.0548,0.00321860093829602
500,0.75,0.1,1,1,"Tail",0.0512,0.0031170036894428
500,0.75,0.1,1,1,"Localized",0.0394,0.00275127752144345
500,0.75,0.1,1,2,"Uniform",0,0
500,0.75,0.1,1,2,"Central",0.054,0.00319637294444813
500,0.75,0.1,1,2,"Tail",0.0532,0.00317394895989208
500,0.75,0.1,1,2,"Localized",0.0326,0.00251146331846595
500,0.75,0.1,1,3,"Uniform",0,0
500,0.75,0.1,1,3,"Central",0.056,0.00325158422926425
500,0.75,0.1,1,3,"Tail",0.0496,0.00307049963361014
500,0.75,0.1,1,3,"Localized",0.039,0.00273784586856163
500,0.75,0.1,1,5,"Uniform",0,0
500,0.75,0.1,1,5,"Central",0.0588,0.00332693733033852
500,0.75,0.1,1,5,"Tail",0.0546,0.00321306209090332
500,0.75,0.1,1,5,"Localized",0.0416,0.00282380735886852
500,0.75,0.1,1,8,"Uniform",0,0
500,0.75,0.1,1,8,"Central",0.0468,0.00298696367570816
500,0.75,0.1,1,8,"Tail",0.054,0.00319637294444813
500,0.75,0.1,1,8,"Localized",0.0386,0.00272433624943765
500,0.75,0.1,1.5,1,"Uniform",0,0
500,0.75,0.1,1.5,1,"Central",0.0548,0.00321860093829602
500,0.75,0.1,1.5,1,"Tail",0.0554,0.00323514574633045
500,0.75,0.1,1.5,1,"Localized",0.03,0.00241246761636296
500,0.75,0.1,1.5,2,"Uniform",0,0
500,0.75,0.1,1.5,2,"Central",0.0582,0.003310974478911
500,0.75,0.1,1.5,2,"Tail",0.0568,0.00327333957908433
500,0.75,0.1,1.5,2,"Localized",0.0286,0.0023572034277932
500,0.75,0.1,1.5,3,"Uniform",0,0
500,0.75,0.1,1.5,3,"Central",0.0534,0.00317957355631223
500,0.75,0.1,1.5,3,"Tail",0.053,0.00316831185333767
500,0.75,0.1,1.5,3,"Localized",0.032,0.00248901586977665
500,0.75,0.1,1.5,5,"Uniform",0,0
500,0.75,0.1,1.5,5,"Central",0.0538,0.00319078548323136
500,0.75,0.1,1.5,5,"Tail",0.0498,0.00307636018697421
500,0.75,0.1,1.5,5,"Localized",0.0306,0.00243571919563812
500,0.75,0.1,1.5,8,"Uniform",0,0
500,0.75,0.1,1.5,8,"Central",0.0536,0.00318518570887162
500,0.75,0.1,1.5,8,"Tail",0.0518,0.0031342227106573
500,0.75,0.1,1.5,8,"Localized",0.0334,0.00254104073166882
500,0.75,0.1,2,1,"Uniform",0,0
500,0.75,0.1,2,1,"Central",0.0524,0.00315132480077824
500,0.75,0.1,2,1,"Tail",0.058,0.00330563155841664
500,0.75,0.1,2,1,"Localized",0.03,0.00241246761636296
500,0.75,0.1,2,2,"Uniform",0,0
500,0.75,0.1,2,2,"Central",0.0528,0.00316266216975509
500,0.75,0.1,2,2,"Tail",0.0486,0.0030409879973456
500,0.75,0.1,2,2,"Localized",0.023,0.00211995282966391
500,0.75,0.1,2,3,"Uniform",0,0
500,0.75,0.1,2,3,"Central",0.0518,0.0031342227106573
500,0.75,0.1,2,3,"Tail",0.0576,0.00329491244193226
500,0.75,0.1,2,3,"Localized",0.0262,0.00225891832521674
500,0.75,0.1,2,5,"Uniform",0,0
500,0.75,0.1,2,5,"Central",0.0582,0.003310974478911
500,0.75,0.1,2,5,"Tail",0.051,0.00311123769583746
500,0.75,0.1,2,5,"Localized",0.0248,0.00219931625738546
500,0.75,0.1,2,8,"Uniform",0,0
500,0.75,0.1,2,8,"Central",0.052,0.00313993630508646
500,0.75,0.1,2,8,"Tail",0.0566,0.00326791799162709
500,0.75,0.1,2,8,"Localized",0.0366,0.00265557677350891
500,0.75,0.2,0.5,1,"Uniform",0,0
500,0.75,0.2,0.5,1,"Central",0.0562,0.00325704037432759
500,0.75,0.2,0.5,1,"Tail",0.0514,0.00312275647465504
500,0.75,0.2,0.5,1,"Localized",0.04,0.0027712812921102
500,0.75,0.2,0.5,2,"Uniform",0,0
500,0.75,0.2,0.5,2,"Central",0.0504,0.00309385972532693
500,0.75,0.2,0.5,2,"Tail",0.0494,0.0030646252625729
500,0.75,0.2,0.5,2,"Localized",0.0372,0.00267642149146953
500,0.75,0.2,0.5,3,"Uniform",0,0
500,0.75,0.2,0.5,3,"Central",0.0458,0.00295642892693195
500,0.75,0.2,0.5,3,"Tail",0.0512,0.0031170036894428
500,0.75,0.2,0.5,3,"Localized",0.0438,0.00289418589589542
500,0.75,0.2,0.5,5,"Uniform",0,0
500,0.75,0.2,0.5,5,"Central",0.0536,0.00318518570887162
500,0.75,0.2,0.5,5,"Tail",0.0506,0.00309966578843591
500,0.75,0.2,0.5,5,"Localized",0.046,0.00296256645495084
500,0.75,0.2,0.5,8,"Uniform",0,0
500,0.75,0.2,0.5,8,"Central",0.051,0.00311123769583746
500,0.75,0.2,0.5,8,"Tail",0.0546,0.00321306209090332
500,0.75,0.2,0.5,8,"Localized",0.0504,0.00309385972532693
500,0.75,0.2,1,1,"Uniform",0,0
500,0.75,0.2,1,1,"Central",0.0518,0.0031342227106573
500,0.75,0.2,1,1,"Tail",0.0548,0.00321860093829602
500,0.75,0.2,1,1,"Localized",0.0314,0.00246633493264804
500,0.75,0.2,1,2,"Uniform",0,0
500,0.75,0.2,1,2,"Central",0.0532,0.00317394895989208
500,0.75,0.2,1,2,"Tail",0.0538,0.00319078548323136
500,0.75,0.2,1,2,"Localized",0.0364,0.00264858603787002
500,0.75,0.2,1,3,"Uniform",0,0
500,0.75,0.2,1,3,"Central",0.0496,0.00307049963361014
500,0.75,0.2,1,3,"Tail",0.0544,0.0032075111847038
500,0.75,0.2,1,3,"Localized",0.039,0.00273784586856163
500,0.75,0.2,1,5,"Uniform",0,0
500,0.75,0.2,1,5,"Central",0.0554,0.00323514574633045
500,0.75,0.2,1,5,"Tail",0.058,0.00330563155841664
500,0.75,0.2,1,5,"Localized",0.0418,0.00283029185774188
500,0.75,0.2,1,8,"Uniform",0,0
500,0.75,0.2,1,8,"Central",0.0532,0.00317394895989208
500,0.75,0.2,1,8,"Tail",0.0544,0.0032075111847038
500,0.75,0.2,1,8,"Localized",0.0372,0.00267642149146953
500,0.75,0.2,1.5,1,"Uniform",0,0
500,0.75,0.2,1.5,1,"Central",0.053,0.00316831185333767
500,0.75,0.2,1.5,1,"Tail",0.0528,0.00316266216975509
500,0.75,0.2,1.5,1,"Localized",0.0306,0.00243571919563812
500,0.75,0.2,1.5,2,"Uniform",0,0
500,0.75,0.2,1.5,2,"Central",0.0504,0.00309385972532693
500,0.75,0.2,1.5,2,"Tail",0.0522,0.00314563697841947
500,0.75,0.2,1.5,2,"Localized",0.0328,0.00251889499582654
500,0.75,0.2,1.5,3,"Uniform",0,0
500,0.75,0.2,1.5,3,"Central",0.0494,0.0030646252625729
500,0.75,0.2,1.5,3,"Tail",0.0542,0.00320194815698193
500,0.75,0.2,1.5,3,"Localized",0.031,0.00245108139399735
500,0.75,0.2,1.5,5,"Uniform",0,0
500,0.75,0.2,1.5,5,"Central",0.0512,0.0031170036894428
500,0.75,0.2,1.5,5,"Tail",0.0532,0.00317394895989208
500,0.75,0.2,1.5,5,"Localized",0.036,0.00263453980801202
500,0.75,0.2,1.5,8,"Uniform",0,0
500,0.75,0.2,1.5,8,"Central",0.0476,0.00301112072159188
500,0.75,0.2,1.5,8,"Tail",0.0562,0.00325704037432759
500,0.75,0.2,1.5,8,"Localized",0.0346,0.0025846794772273
500,0.75,0.2,2,1,"Uniform",0,0
500,0.75,0.2,2,1,"Central",0.044,0.00290048271844533
500,0.75,0.2,2,1,"Tail",0.057,0.00327874976172321
500,0.75,0.2,2,1,"Localized",0.0266,0.00227562914377541
500,0.75,0.2,2,2,"Uniform",0,0
500,0.75,0.2,2,2,"Central",0.0458,0.00295642892693195
500,0.75,0.2,2,2,"Tail",0.053,0.00316831185333767
500,0.75,0.2,2,2,"Localized",0.0242,0.00217321697030002
500,0.75,0.2,2,3,"Uniform",0,0
500,0.75,0.2,2,3,"Central",0.0426,0.00285605462132642
500,0.75,0.2,2,3,"Tail",0.061,0.00338464178311383
500,0.75,0.2,2,3,"Localized",0.0256,0.00223359083092674
500,0.75,0.2,2,5,"Uniform",0,0
500,0.75,0.2,2,5,"Central",0.0522,0.00314563697841947
500,0.75,0.2,2,5,"Tail",0.0538,0.00319078548323136
500,0.75,0.2,2,5,"Localized",0.026,0.00225051105307217
500,0.75,0.2,2,8,"Uniform",0,0
500,0.75,0.2,2,8,"Central",0.0484,0.00303504332753257
500,0.75,0.2,2,8,"Tail",0.0564,0.00326248494249399
500,0.75,0.2,2,8,"Localized",0.0324,0.00250400638976821
1000,0.25,0.05,0.5,1,"Uniform",0,0
1000,0.25,0.05,0.5,1,"Central",0.0418,0.00283029185774188
1000,0.25,0.05,0.5,1,"Tail",0.0544,0.0032075111847038
1000,0.25,0.05,0.5,1,"Localized",0.0422,0.00284320804725929
1000,0.25,0.05,0.5,2,"Uniform",0,0
1000,0.25,0.05,0.5,2,"Central",0.0522,0.00314563697841947
1000,0.25,0.05,0.5,2,"Tail",0.0534,0.00317957355631223
1000,0.25,0.05,0.5,2,"Localized",0.0384,0.00271755183943195
1000,0.25,0.05,0.5,3,"Uniform",0,0
1000,0.25,0.05,0.5,3,"Central",0.052,0.00313993630508646
1000,0.25,0.05,0.5,3,"Tail",0.054,0.00319637294444813
1000,0.25,0.05,0.5,3,"Localized",0.0476,0.00301112072159188
1000,0.25,0.05,0.5,5,"Uniform",0,0
1000,0.25,0.05,0.5,5,"Central",0.0486,0.0030409879973456
1000,0.25,0.05,0.5,5,"Tail",0.056,0.00325158422926425
1000,0.25,0.05,0.5,5,"Localized",0.0462,0.00296868859936505
1000,0.25,0.05,0.5,8,"Uniform",0,0
1000,0.25,0.05,0.5,8,"Central",0.0498,0.00307636018697421
1000,0.25,0.05,0.5,8,"Tail",0.053,0.00316831185333767
1000,0.25,0.05,0.5,8,"Localized",0.0404,0.00278452293939195
1000,0.25,0.05,1,1,"Uniform",0,0
1000,0.25,0.05,1,1,"Central",0.04,0.0027712812921102
1000,0.25,0.05,1,1,"Tail",0.0536,0.00318518570887162
1000,0.25,0.05,1,1,"Localized",0.0438,0.00289418589589542
1000,0.25,0.05,1,2,"Uniform",0,0
1000,0.25,0.05,1,2,"Central",0.061,0.00338464178311383
1000,0.25,0.05,1,2,"Tail",0.0482,0.00302908435009658
1000,0.25,0.05,1,2,"Localized",0.042,0.00283675871374356
1000,0.25,0.05,1,3,"Uniform",0,0
1000,0.25,0.05,1,3,"Central",0.0512,0.0031170036894428
1000,0.25,0.05,1,3,"Tail",0.0528,0.00316266216975509
1000,0.25,0.05,1,3,"Localized",0.0312,0.00245872161905328
1000,0.25,0.05,1,5,"Uniform",0,0
1000,0.25,0.05,1,5,"Central",0.0396,0.00275796446677618
1000,0.25,0.05,1,5,"Tail",0.0564,0.00326248494249399
1000,0.25,0.05,1,5,"Localized",0.0364,0.00264858603787002
1000,0.25,0.05,1,8,"Uniform",0,0
1000,0.25,0.05,1,8,"Central",0.0494,0.0030646252625729
1000,0.25,0.05,1,8,"Tail",0.0528,0.00316266216975509
1000,0.25,0.05,1,8,"Localized",0.0416,0.00282380735886852
1000,0.25,0.05,1.5,1,"Uniform",0,0
1000,0.25,0.05,1.5,1,"Central",0.039,0.00273784586856163
1000,0.25,0.05,1.5,1,"Tail",0.063,0.00343601513384327
1000,0.25,0.05,1.5,1,"Localized",0.032,0.00248901586977665
1000,0.25,0.05,1.5,2,"Uniform",0,0
1000,0.25,0.05,1.5,2,"Central",0.0516,0.00312849612433834
1000,0.25,0.05,1.5,2,"Tail",0.0486,0.0030409879973456
1000,0.25,0.05,1.5,2,"Localized",0.032,0.00248901586977665
1000,0.25,0.05,1.5,3,"Uniform",0,0
1000,0.25,0.05,1.5,3,"Central",0.0518,0.0031342227106573
1000,0.25,0.05,1.5,3,"Tail",0.0584,0.00331630637909105
1000,0.25,0.05,1.5,3,"Localized",0.036,0.00263453980801202
1000,0.25,0.05,1.5,5,"Uniform",0,0
1000,0.25,0.05,1.5,5,"Central",0.0458,0.00295642892693195
1000,0.25,0.05,1.5,5,"Tail",0.0558,0.00324611644892786
1000,0.25,0.05,1.5,5,"Localized",0.0362,0.00264157377334043
1000,0.25,0.05,1.5,8,"Uniform",0,0
1000,0.25,0.05,1.5,8,"Central",0.0476,0.00301112072159188
1000,0.25,0.05,1.5,8,"Tail",0.0534,0.00317957355631223
1000,0.25,0.05,1.5,8,"Localized",0.0334,0.00254104073166882
1000,0.25,0.05,2,1,"Uniform",0,0
1000,0.25,0.05,2,1,"Central",0.0468,0.00298696367570816
1000,0.25,0.05,2,1,"Tail",0.063,0.00343601513384327
1000,0.25,0.05,2,1,"Localized",0.0302,0.00242024626846112
1000,0.25,0.05,2,2,"Uniform",0,0
1000,0.25,0.05,2,2,"Central",0.0522,0.00314563697841947
1000,0.25,0.05,2,2,"Tail",0.052,0.00313993630508646
1000,0.25,0.05,2,2,"Localized",0.0304,0.00242799670510485
1000,0.25,0.05,2,3,"Uniform",0,0
1000,0.25,0.05,2,3,"Central",0.0488,0.00304691844328003
1000,0.25,0.05,2,3,"Tail",0.0508,0.00310545842026584
1000,0.25,0.05,2,3,"Localized",0.0244,0.00218195508661384
1000,0.25,0.05,2,5,"Uniform",0,0
1000,0.25,0.05,2,5,"Central",0.0452,0.00293792307591605
1000,0.25,0.05,2,5,"Tail",0.056,0.00325158422926425
1000,0.25,0.05,2,5,"Localized",0.0288,0.00236518751899294
1000,0.25,0.05,2,8,"Uniform",0,0
1000,0.25,0.05,2,8,"Central",0.051,0.00311123769583746
1000,0.25,0.05,2,8,"Tail",0.0472,0.00299907185642492
1000,0.25,0.05,2,8,"Localized",0.0286,0.0023572034277932
1000,0.25,0.1,0.5,1,"Uniform",0,0
1000,0.25,0.1,0.5,1,"Central",0.0428,0.00286245209566903
1000,0.25,0.1,0.5,1,"Tail",0.058,0.00330563155841664
1000,0.25,0.1,0.5,1,"Localized",0.0474,0.00300510365877785
1000,0.25,0.1,0.5,2,"Uniform",0,0
1000,0.25,0.1,0.5,2,"Central",0.0498,0.00307636018697421
1000,0.25,0.1,0.5,2,"Tail",0.0468,0.00298696367570816
1000,0.25,0.1,0.5,2,"Localized",0.0352,0.00260618341641566
1000,0.25,0.1,0.5,3,"Uniform",0,0
1000,0.25,0.1,0.5,3,"Central",0.0498,0.00307636018697421
1000,0.25,0.1,0.5,3,"Tail",0.0532,0.00317394895989208
1000,0.25,0.1,0.5,3,"Localized",0.0432,0.00287519599331941
1000,0.25,0.1,0.5,5,"Uniform",0,0
1000,0.25,0.1,0.5,5,"Central",0.047,0.00299302522541993
1000,0.25,0.1,0.5,5,"Tail",0.053,0.00316831185333767
1000,0.25,0.1,0.5,5,"Localized",0.05,0.00308220700148449
1000,0.25,0.1,0.5,8,"Uniform",0,0
1000,0.25,0.1,0.5,8,"Central",0.0492,0.00305873699425106
1000,0.25,0.1,0.5,8,"Tail",0.054,0.00319637294444813
1000,0.25,0.1,0.5,8,"Localized",0.0506,0.00309966578843591
1000,0.25,0.1,1,1,"Uniform",0,0
1000,0.25,0.1,1,1,"Central",0.0422,0.00284320804725929
1000,0.25,0.1,1,1,"Tail",0.0654,0.00349636496950762
1000,0.25,0.1,1,1,"Localized",0.0354,0.00261330595223751
1000,0.25,0.1,1,2,"Uniform",0,0
1000,0.25,0.1,1,2,"Central",0.0574,0.0032895361375124
1000,0.25,0.1,1,2,"Tail",0.0478,0.00301712313305241
1000,0.25,0.1,1,2,"Localized",0.034,0.0025629670306112
1000,0.25,0.1,1,3,"Uniform",0,0
1000,0.25,0.1,1,3,"Central",0.0468,0.00298696367570816
1000,0.25,0.1,1,3,"Tail",0.0552,0.0032296427046966
1000,0.25,0.1,1,3,"Localized",0.034,0.0025629670306112
1000,0.25,0.1,1,5,"Uniform",0,0
1000,0.25,0.1,1,5,"Central",0.0434,0.00288154264240528
1000,0.25,0.1,1,5,"Tail",0.0592,0.0033375248313683
1000,0.25,0.1,1,5,"Localized",0.0412,0.00281078494374792
1000,0.25,0.1,1,8,"Uniform",0,0
1000,0.25,0.1,1,8,"Central",0.0548,0.00321860093829602
1000,0.25,0.1,1,8,"Tail",0.0506,0.00309966578843591
1000,0.25,0.1,1,8,"Localized",0.0426,0.00285605462132642
1000,0.25,0.1,1.5,1,"Uniform",0,0
1000,0.25,0.1,1.5,1,"Central",0.0442,0.00290676314824583
1000,0.25,0.1,1.5,1,"Tail",0.063,0.00343601513384327
1000,0.25,0.1,1.5,1,"Localized",0.0358,0.00262748396760094
1000,0.25,0.1,1.5,2,"Uniform",0,0
1000,0.25,0.1,1.5,2,"Central",0.0556,0.00324063697442339
1000,0.25,0.1,1.5,2,"Tail",0.0472,0.00299907185642492
1000,0.25,0.1,1.5,2,"Localized",0.0298,0.00240466047499434
1000,0.25,0.1,1.5,3,"Uniform",0,0
1000,0.25,0.1,1.5,3,"Central",0.0508,0.00310545842026584
1000,0.25,0.1,1.5,3,"Tail",0.057,0.00327874976172321
1000,0.25,0.1,1.5,3,"Localized",0.03,0.00241246761636296
1000,0.25,0.1,1.5,5,"Uniform",0,0
1000,0.25,0.1,1.5,5,"Central",0.046,0.00296256645495084
1000,0.25,0.1,1.5,5,"Tail",0.0628,0.00343092290790685
1000,0.25,0.1,1.5,5,"Localized",0.0326,0.00251146331846595
1000,0.25,0.1,1.5,8,"Uniform",0,0
1000,0.25,0.1,1.5,8,"Central",0.0486,0.0030409879973456
1000,0.25,0.1,1.5,8,"Tail",0.051,0.00311123769583746
1000,0.25,0.1,1.5,8,"Localized",0.0308,0.00244341400503476
1000,0.25,0.1,2,1,"Uniform",0,0
1000,0.25,0.1,2,1,"Central",0.0428,0.00286245209566903
1000,0.25,0.1,2,1,"Tail",0.0608,0.00337944847571316
1000,0.25,0.1,2,1,"Localized",0.0262,0.00225891832521674
1000,0.25,0.1,2,2,"Uniform",0,0
1000,0.25,0.1,2,2,"Central",0.057,0.00327874976172321
1000,0.25,0.1,2,2,"Tail",0.0558,0.00324611644892786
1000,0.25,0.1,2,2,"Localized",0.0246,0.00219065469666034
1000,0.25,0.1,2,3,"Uniform",0,0
1000,0.25,0.1,2,3,"Central",0.0514,0.00312275647465504
1000,0.25,0.1,2,3,"Tail",0.0506,0.00309966578843591
1000,0.25,0.1,2,3,"Localized",0.026,0.00225051105307217
1000,0.25,0.1,2,5,"Uniform",0,0
1000,0.25,0.1,2,5,"Central",0.0444,0.00291302729132427
1000,0.25,0.1,2,5,"Tail",0.0586,0.00332162731202644
1000,0.25,0.1,2,5,"Localized",0.0288,0.00236518751899294
1000,0.25,0.1,2,8,"Uniform",0,0
1000,0.25,0.1,2,8,"Central",0.0492,0.00305873699425106
1000,0.25,0.1,2,8,"Tail",0.0558,0.00324611644892786
1000,0.25,0.1,2,8,"Localized",0.0322,0.00249652398346181
1000,0.25,0.2,0.5,1,"Uniform",0,0
1000,0.25,0.2,0.5,1,"Central",0.0444,0.00291302729132427
1000,0.25,0.2,0.5,1,"Tail",0.0624,0.00342070869850094
1000,0.25,0.2,0.5,1,"Localized",0.0428,0.00286245209566903
1000,0.25,0.2,0.5,2,"Uniform",0,0
1000,0.25,0.2,0.5,2,"Central",0.0564,0.00326248494249399
1000,0.25,0.2,0.5,2,"Tail",0.0476,0.00301112072159188
1000,0.25,0.2,0.5,2,"Localized",0.0426,0.00285605462132642
1000,0.25,0.2,0.5,3,"Uniform",0,0
1000,0.25,0.2,0.5,3,"Central",0.0452,0.00293792307591605
1000,0.25,0.2,0.5,3,"Tail",0.052,0.00313993630508646
1000,0.25,0.2,0.5,3,"Localized",0.0434,0.00288154264240528
1000,0.25,0.2,0.5,5,"Uniform",0,0
1000,0.25,0.2,0.5,5,"Central",0.0484,0.00303504332753257
1000,0.25,0.2,0.5,5,"Tail",0.062,0.00341045451516363
1000,0.25,0.2,0.5,5,"Localized",0.037,0.00266949433413896
1000,0.25,0.2,0.5,8,"Uniform",0,0
1000,0.25,0.2,0.5,8,"Central",0.0554,0.00323514574633045
1000,0.25,0.2,0.5,8,"Tail",0.0526,0.00315699984162179
1000,0.25,0.2,0.5,8,"Localized",0.0522,0.00314563697841947
1000,0.25,0.2,1,1,"Uniform",0,0
1000,0.25,0.2,1,1,"Central",0.0368,0.00266254614983478
1000,0.25,0.2,1,1,"Tail",0.0606,0.00337424480439698
1000,0.25,0.2,1,1,"Localized",0.034,0.0025629670306112
1000,0.25,0.2,1,2,"Uniform",0,0
1000,0.25,0.2,1,2,"Central",0.048,0.00302311098043059
1000,0.25,0.2,1,2,"Tail",0.0542,0.00320194815698193
1000,0.25,0.2,1,2,"Localized",0.0378,0.00269707841932711
1000,0.25,0.2,1,3,"Uniform",0,0
1000,0.25,0.2,1,3,"Central",0.0498,0.00307636018697421
1000,0.25,0.2,1,3,"Tail",0.0564,0.00326248494249399
1000,0.25,0.2,1,3,"Localized",0.0378,0.00269707841932711
1000,0.25,0.2,1,5,"Uniform",0,0
1000,0.25,0.2,1,5,"Central",0.0404,0.00278452293939195
1000,0.25,0.2,1,5,"Tail",0.056,0.00325158422926425
1000,0.25,0.2,1,5,"Localized",0.0404,0.00278452293939195
1000,0.25,0.2,1,8,"Uniform",0,0
1000,0.25,0.2,1,8,"Central",0.047,0.00299302522541993
1000,0.25,0.2,1,8,"Tail",0.0512,0.0031170036894428
1000,0.25,0.2,1,8,"Localized",0.039,0.00273784586856163
1000,0.25,0.2,1.5,1,"Uniform",0,0
1000,0.25,0.2,1.5,1,"Central",0.0408,0.00279769047608916
1000,0.25,0.2,1.5,1,"Tail",0.0648,0.00348140661227614
1000,0.25,0.2,1.5,1,"Localized",0.03,0.00241246761636296
1000,0.25,0.2,1.5,2,"Uniform",0,0
1000,0.25,0.2,1.5,2,"Central",0.0506,0.00309966578843591
1000,0.25,0.2,1.5,2,"Tail",0.0488,0.00304691844328003
1000,0.25,0.2,1.5,2,"Localized",0.028,0.00233306665142683
1000,0.25,0.2,1.5,3,"Uniform",0,0
1000,0.25,0.2,1.5,3,"Central",0.0438,0.00289418589589542
1000,0.25,0.2,1.5,3,"Tail",0.0516,0.00312849612433834
1000,0.25,0.2,1.5,3,"Localized",0.0354,0.00261330595223751
1000,0.25,0.2,1.5,5,"Uniform",0,0
1000,0.25,0.2,1.5,5,"Central",0.0402,0.00277791144567281
1000,0.25,0.2,1.5,5,"Tail",0.0628,0.00343092290790685
1000,0.25,0.2,1.5,5,"Localized",0.0364,0.00264858603787002
1000,0.25,0.2,1.5,8,"Uniform",0,0
1000,0.25,0.2,1.5,8,"Central",0.0478,0.00301712313305241
1000,0.25,0.2,1.5,8,"Tail",0.0566,0.00326791799162709
1000,0.25,0.2,1.5,8,"Localized",0.0322,0.00249652398346181
1000,0.25,0.2,2,1,"Uniform",0,0
1000,0.25,0.2,2,1,"Central",0.0364,0.00264858603787002
1000,0.25,0.2,2,1,"Tail",0.068,0.00356022471200906
1000,0.25,0.2,2,1,"Localized",0.0266,0.00227562914377541
1000,0.25,0.2,2,2,"Uniform",0,0
1000,0.25,0.2,2,2,"Central",0.0468,0.00298696367570816
1000,0.25,0.2,2,2,"Tail",0.0534,0.00317957355631223
1000,0.25,0.2,2,2,"Localized",0.0248,0.00219931625738546
1000,0.25,0.2,2,3,"Uniform",0,0
1000,0.25,0.2,2,3,"Central",0.0414,0.00281730509529941
1000,0.25,0.2,2,3,"Tail",0.058,0.00330563155841664
1000,0.25,0.2,2,3,"Localized",0.0236,0.00214676687136727
1000,0.25,0.2,2,5,"Uniform",0,0
1000,0.25,0.2,2,5,"Central",0.0456,0.00295027591929975
1000,0.25,0.2,2,5,"Tail",0.063,0.00343601513384327
1000,0.25,0.2,2,5,"Localized",0.0344,0.00257746542168852
1000,0.25,0.2,2,8,"Uniform",0,0
1000,0.25,0.2,2,8,"Central",0.0458,0.00295642892693195
1000,0.25,0.2,2,8,"Tail",0.0586,0.00332162731202644
1000,0.25,0.2,2,8,"Localized",0.0334,0.00254104073166882
1000,0.5,0.05,0.5,1,"Uniform",0,0
1000,0.5,0.05,0.5,1,"Central",0.0384,0.00271755183943195
1000,0.5,0.05,0.5,1,"Tail",0.0588,0.00332693733033852
1000,0.5,0.05,0.5,1,"Localized",0.04,0.0027712812921102
1000,0.5,0.05,0.5,2,"Uniform",0,0
1000,0.5,0.05,0.5,2,"Central",0.0514,0.00312275647465504
1000,0.5,0.05,0.5,2,"Tail",0.0498,0.00307636018697421
1000,0.5,0.05,0.5,2,"Localized",0.0496,0.00307049963361014
1000,0.5,0.05,0.5,3,"Uniform",0,0
1000,0.5,0.05,0.5,3,"Central",0.0492,0.00305873699425106
1000,0.5,0.05,0.5,3,"Tail",0.0486,0.0030409879973456
1000,0.5,0.05,0.5,3,"Localized",0.0362,0.00264157377334043
1000,0.5,0.05,0.5,5,"Uniform",0,0
1000,0.5,0.05,0.5,5,"Central",0.0436,0.00288787257336608
1000,0.5,0.05,0.5,5,"Tail",0.0574,0.0032895361375124
1000,0.5,0.05,0.5,5,"Localized",0.0438,0.00289418589589542
1000,0.5,0.05,0.5,8,"Uniform",0,0
1000,0.5,0.05,0.5,8,"Central",0.0458,0.00295642892693195
1000,0.5,0.05,0.5,8,"Tail",0.0508,0.00310545842026584
1000,0.5,0.05,0.5,8,"Localized",0.0484,0.00303504332753257
1000,0.5,0.05,1,1,"Uniform",0,0
1000,0.5,0.05,1,1,"Central",0.0406,0.00279111590586991
1000,0.5,0.05,1,1,"Tail",0.0592,0.0033375248313683
1000,0.5,0.05,1,1,"Localized",0.0354,0.00261330595223751
1000,0.5,0.05,1,2,"Uniform",0,0
1000,0.5,0.05,1,2,"Central",0.0506,0.00309966578843591
1000,0.5,0.05,1,2,"Tail",0.06,0.00335857112474933
1000,0.5,0.05,1,2,"Localized",0.0364,0.00264858603787002
1000,0.5,0.05,1,3,"Uniform",0,0
1000,0.5,0.05,1,3,"Central",0.0374,0.00268332778467335
1000,0.5,0.05,1,3,"Tail",0.056,0.00325158422926425
1000,0.5,0.05,1,3,"Localized",0.0384,0.00271755183943195
1000,0.5,0.05,1,5,"Uniform",0,0
1000,0.5,0.05,1,5,"Central",0.0374,0.00268332778467335
1000,0.5,0.05,1,5,"Tail",0.0596,0.00334806929438445
1000,0.5,0.05,1,5,"Localized",0.0388,0.00273110087693589
1000,0.5,0.05,1,8,"Uniform",0,0
1000,0.5,0.05,1,8,"Central",0.0456,0.00295027591929975
1000,0.5,0.05,1,8,"Tail",0.0544,0.0032075111847038
1000,0.5,0.05,1,8,"Localized",0.0388,0.00273110087693589
1000,0.5,0.05,1.5,1,"Uniform",0,0
1000,0.5,0.05,1.5,1,"Central",0.0356,0.00262040607540129
1000,0.5,0.05,1.5,1,"Tail",0.0688,0.00357956868910208
1000,0.5,0.05,1.5,1,"Localized",0.0304,0.00242799670510485
1000,0.5,0.05,1.5,2,"Uniform",0,0
1000,0.5,0.05,1.5,2,"Central",0.0426,0.00285605462132642
1000,0.5,0.05,1.5,2,"Tail",0.05,0.00308220700148449
1000,0.5,0.05,1.5,2,"Localized",0.037,0.00266949433413896
1000,0.5,0.05,1.5,3,"Uniform",0,0
1000,0.5,0.05,1.5,3,"Central",0.0416,0.00282380735886852
1000,0.5,0.05,1.5,3,"Tail",0.0594,0.00334280241713446
1000,0.5,0.05,1.5,3,"Localized",0.0316,0.00247392158323581
1000,0.5,0.05,1.5,5,"Uniform",0,0
1000,0.5,0.05,1.5,5,"Central",0.0372,0.00267642149146953
1000,0.5,0.05,1.5,5,"Tail",0.066,0.00351123909752668
1000,0.5,0.05,1.5,5,"Localized",0.036,0.00263453980801202
1000,0.5,0.05,1.5,8,"Uniform",0,0
1000,0.5,0.05,1.5,8,"Central",0.043,0.00286883251515316
1000,0.5,0.05,1.5,8,"Tail",0.0532,0.00317394895989208
1000,0.5,0.05,1.5,8,"Localized",0.0382,0.0027107474983849
1000,0.5,0.05,2,1,"Uniform",0,0
1000,0.5,0.05,2,1,"Central",0.0338,0.0025556822963741
1000,0.5,0.05,2,1,"Tail",0.0736,0.00369277781622453
1000,0.5,0.05,2,1,"Localized",0.0314,0.00246633493264804
1000,0.5,0.05,2,2,"Uniform",0,0
1000,0.5,0.05,2,2,"Central",0.0388,0.00273110087693589
1000,0.5,0.05,2,2,"Tail",0.0562,0.00325704037432759
1000,0.5,0.05,2,2,"Localized",0.0312,0.00245872161905328
1000,0.5,0.05,2,3,"Uniform",0,0
1000,0.5,0.05,2,3,"Central",0.0366,0.00265557677350891
1000,0.5,0.05,2,3,"Tail",0.0626,0.00342582077756557
1000,0.5,0.05,2,3,"Localized",0.0342,0.0025702280054501
1000,0.5,0.05,2,5,"Uniform",0,0
1000,0.5,0.05,2,5,"Central",0.0322,0.00249652398346181
1000,0.5,0.05,2,5,"Tail",0.07,0.00360832371053374
1000,0.5,0.05,2,5,"Localized",0.033,0.00252630164469724
1000,0.5,0.05,2,8,"Uniform",0,0
1000,0.5,0.05,2,8,"Central",0.045,0.00293172304285381
1000,0.5,0.05,2,8,"Tail",0.0532,0.00317394895989208
1000,0.5,0.05,2,8,"Localized",0.0312,0.00245872161905328
1000,0.5,0.1,0.5,1,"Uniform",0,0
1000,0.5,0.1,0.5,1,"Central",0.0398,0.00276463234445378
1000,0.5,0.1,0.5,1,"Tail",0.0618,0.00340531232047811
1000,0.5,0.1,0.5,1,"Localized",0.0464,0.00297479545515318
1000,0.5,0.1,0.5,2,"Uniform",0,0
1000,0.5,0.1,0.5,2,"Central",0.0442,0.00290676314824583
1000,0.5,0.1,0.5,2,"Tail",0.0512,0.0031170036894428
1000,0.5,0.1,0.5,2,"Localized",0.0416,0.00282380735886852
1000,0.5,0.1,0.5,3,"Uniform",0,0
1000,0.5,0.1,0.5,3,"Central",0.0436,0.00288787257336608
1000,0.5,0.1,0.5,3,"Tail",0.0592,0.0033375248313683
1000,0.5,0.1,0.5,3,"Localized",0.0396,0.00275796446677618
1000,0.5,0.1,0.5,5,"Uniform",0,0
1000,0.5,0.1,0.5,5,"Central",0.0412,0.00281078494374792
1000,0.5,0.1,0.5,5,"Tail",0.0604,0.00336903072114221
1000,0.5,0.1,0.5,5,"Localized",0.038,0.0027039230758289
1000,0.5,0.1,0.5,8,"Uniform",0,0
1000,0.5,0.1,0.5,8,"Central",0.0424,0.00284963997726029
1000,0.5,0.1,0.5,8,"Tail",0.0506,0.00309966578843591
1000,0.5,0.1,0.5,8,"Localized",0.035,0.00259903828367341
1000,0.5,0.1,1,1,"Uniform",0,0
1000,0.5,0.1,1,1,"Central",0.0272,0.00230044169671826
1000,0.5,0.1,1,1,"Tail",0.0634,0.00344617004803884
1000,0.5,0.1,1,1,"Localized",0.0374,0.00268332778467335
1000,0.5,0.1,1,2,"Uniform",0,0
1000,0.5,0.1,1,2,"Central",0.0446,0.00291927525252416
1000,0.5,0.1,1,2,"Tail",0.053,0.00316831185333767
1000,0.5,0.1,1,2,"Localized",0.0366,0.00265557677350891
1000,0.5,0.1,1,3,"Uniform",0,0
1000,0.5,0.1,1,3,"Central",0.0436,0.00288787257336608
1000,0.5,0.1,1,3,"Tail",0.06,0.00335857112474933
1000,0.5,0.1,1,3,"Localized",0.0318,0.00248148181536758
1000,0.5,0.1,1,5,"Uniform",0,0
1000,0.5,0.1,1,5,"Central",0.0408,0.00279769047608916
1000,0.5,0.1,1,5,"Tail",0.0606,0.00337424480439698
1000,0.5,0.1,1,5,"Localized",0.0416,0.00282380735886852
1000,0.5,0.1,1,8,"Uniform",0,0
1000,0.5,0.1,1,8,"Central",0.0434,0.00288154264240528
1000,0.5,0.1,1,8,"Tail",0.0506,0.00309966578843591
1000,0.5,0.1,1,8,"Localized",0.0496,0.00307049963361014
1000,0.5,0.1,1.5,1,"Uniform",0,0
1000,0.5,0.1,1.5,1,"Central",0.0306,0.00243571919563812
1000,0.5,0.1,1.5,1,"Tail",0.0744,0.0037111895667023
1000,0.5,0.1,1.5,1,"Localized",0.025,0.00220794021658196
1000,0.5,0.1,1.5,2,"Uniform",0,0
1000,0.5,0.1,1.5,2,"Central",0.0432,0.00287519599331941
1000,0.5,0.1,1.5,2,"Tail",0.066,0.00351123909752668
1000,0.5,0.1,1.5,2,"Localized",0.0334,0.00254104073166882
1000,0.5,0.1,1.5,3,"Uniform",0,0
1000,0.5,0.1,1.5,3,"Central",0.0384,0.00271755183943195
1000,0.5,0.1,1.5,3,"Tail",0.0642,0.00346636293541227
1000,0.5,0.1,1.5,3,"Localized",0.0332,0.0025336834845734
1000,0.5,0.1,1.5,5,"Uniform",0,0
1000,0.5,0.1,1.5,5,"Central",0.034,0.0025629670306112
1000,0.5,0.1,1.5,5,"Tail",0.0672,0.00354073890593475
1000,0.5,0.1,1.5,5,"Localized",0.0384,0.00271755183943195
1000,0.5,0.1,1.5,8,"Uniform",0,0
1000,0.5,0.1,1.5,8,"Central",0.0374,0.00268332778467335
1000,0.5,0.1,1.5,8,"Tail",0.0594,0.00334280241713446
1000,0.5,0.1,1.5,8,"Localized",0.042,0.00283675871374356
1000,0.5,0.1,2,1,"Uniform",0,0
1000,0.5,0.1,2,1,"Central",0.03,0.00241246761636296
1000,0.5,0.1,2,1,"Tail",0.078,0.00379251895183136
1000,0.5,0.1,2,1,"Localized",0.0266,0.00227562914377541
1000,0.5,0.1,2,2,"Uniform",0,0
1000,0.5,0.1,2,2,"Central",0.0346,0.0025846794772273
1000,0.5,0.1,2,2,"Tail",0.0652,0.00349138826256834
1000,0.5,0.1,2,2,"Localized",0.0308,0.00244341400503476
1000,0.5,0.1,2,3,"Uniform",0,0
1000,0.5,0.1,2,3,"Central",0.0264,0.00226729089443768
1000,0.5,0.1,2,3,"Tail",0.063,0.00343601513384327
1000,0.5,0.1,2,3,"Localized",0.0236,0.00214676687136727
1000,0.5,0.1,2,5,"Uniform",0,0
1000,0.5,0.1,2,5,"Central",0.0312,0.00245872161905328
1000,0.5,0.1,2,5,"Tail",0.073,0.00367888570086106
1000,0.5,0.1,2,5,"Localized",0.0312,0.00245872161905328
1000,0.5,0.1,2,8,"Uniform",0,0
1000,0.5,0.1,2,8,"Central",0.038,0.0027039230758289
1000,0.5,0.1,2,8,"Tail",0.0578,0.00330027756408457
1000,0.5,0.1,2,8,"Localized",0.035,0.00259903828367341
1000,0.5,0.2,0.5,1,"Uniform",0,0
1000,0.5,0.2,0.5,1,"Central",0.0364,0.00264858603787002
1000,0.5,0.2,0.5,1,"Tail",0.068,0.00356022471200906
1000,0.5,0.2,0.5,1,"Localized",0.0402,0.00277791144567281
1000,0.5,0.2,0.5,2,"Uniform",0,0
1000,0.5,0.2,0.5,2,"Central",0.0484,0.00303504332753257
1000,0.5,0.2,0.5,2,"Tail",0.057,0.00327874976172321
1000,0.5,0.2,0.5,2,"Localized",0.0384,0.00271755183943195
1000,0.5,0.2,0.5,3,"Uniform",0,0
1000,0.5,0.2,0.5,3,"Central",0.0412,0.00281078494374792
1000,0.5,0.2,0.5,3,"Tail",0.0494,0.0030646252625729
1000,0.5,0.2,0.5,3,"Localized",0.041,0.00280424677944007
1000,0.5,0.2,0.5,5,"Uniform",0,0
1000,0.5,0.2,0.5,5,"Central",0.0412,0.00281078494374792
1000,0.5,0.2,0.5,5,"Tail",0.0582,0.003310974478911
1000,0.5,0.2,0.5,5,"Localized",0.0482,0.00302908435009658
1000,0.5,0.2,0.5,8,"Uniform",0,0
1000,0.5,0.2,0.5,8,"Central",0.0378,0.00269707841932711
1000,0.5,0.2,0.5,8,"Tail",0.0524,0.00315132480077824
1000,0.5,0.2,0.5,8,"Localized",0.041,0.00280424677944007
1000,0.5,0.2,1,1,"Uniform",0,0
1000,0.5,0.2,1,1,"Central",0.0334,0.00254104073166882
1000,0.5,0.2,1,1,"Tail",0.07,0.00360832371053374
1000,0.5,0.2,1,1,"Localized",0.042,0.00283675871374356
1000,0.5,0.2,1,2,"Uniform",0,0
1000,0.5,0.2,1,2,"Central",0.0418,0.00283029185774188
1000,0.5,0.2,1,2,"Tail",0.0586,0.00332162731202644
1000,0.5,0.2,1,2,"Localized",0.0426,0.00285605462132642
1000,0.5,0.2,1,3,"Uniform",0,0
1000,0.5,0.2,1,3,"Central",0.0358,0.00262748396760094
1000,0.5,0.2,1,3,"Tail",0.0642,0.00346636293541227
1000,0.5,0.2,1,3,"Localized",0.0394,0.00275127752144345
1000,0.5,0.2,1,5,"Uniform",0,0
1000,0.5,0.2,1,5,"Central",0.0324,0.00250400638976821
1000,0.5,0.2,1,5,"Tail",0.062,0.00341045451516363
1000,0.5,0.2,1,5,"Localized",0.0368,0.00266254614983478
1000,0.5,0.2,1,8,"Uniform",0,0
1000,0.5,0.2,1,8,"Central",0.0436,0.00288787257336608
1000,0.5,0.2,1,8,"Tail",0.0578,0.00330027756408457
1000,0.5,0.2,1,8,"Localized",0.0472,0.00299907185642492
1000,0.5,0.2,1.5,1,"Uniform",0,0
1000,0.5,0.2,1.5,1,"Central",0.0254,0.00222507707731665
1000,0.5,0.2,1.5,1,"Tail",0.0782,0.00379696615734194
1000,0.5,0.2,1.5,1,"Localized",0.033,0.00252630164469724
1000,0.5,0.2,1.5,2,"Uniform",0,0
1000,0.5,0.2,1.5,2,"Central",0.033,0.00252630164469724
1000,0.5,0.2,1.5,2,"Tail",0.0678,0.00355536664775941
1000,0.5,0.2,1.5,2,"Localized",0.0302,0.00242024626846112
1000,0.5,0.2,1.5,3,"Uniform",0,0
1000,0.5,0.2,1.5,3,"Central",0.0326,0.00251146331846595
1000,0.5,0.2,1.5,3,"Tail",0.0744,0.0037111895667023
1000,0.5,0.2,1.5,3,"Localized",0.035,0.00259903828367341
1000,0.5,0.2,1.5,5,"Uniform",0,0
1000,0.5,0.2,1.5,5,"Central",0.0292,0.00238106530779817
1000,0.5,0.2,1.5,5,"Tail",0.0794,0.00382349682882045
1000,0.5,0.2,1.5,5,"Localized",0.03,0.00241246761636296
1000,0.5,0.2,1.5,8,"Uniform",0,0
1000,0.5,0.2,1.5,8,"Central",0.0368,0.00266254614983478
1000,0.5,0.2,1.5,8,"Tail",0.0602,0.00336380617753164
1000,0.5,0.2,1.5,8,"Localized",0.0378,0.00269707841932711
1000,0.5,0.2,2,1,"Uniform",0,0
1000,0.5,0.2,2,1,"Central",0.0208,0.00201828441999635
1000,0.5,0.2,2,1,"Tail",0.0986,0.00421611290171409
1000,0.5,0.2,2,1,"Localized",0.0274,0.00230864635663412
1000,0.5,0.2,2,2,"Uniform",0,0
1000,0.5,0.2,2,2,"Central",0.033,0.00252630164469724
1000,0.5,0.2,2,2,"Tail",0.0788,0.00381026403284602
1000,0.5,0.2,2,2,"Localized",0.027,0.00229220417938717
1000,0.5,0.2,2,3,"Uniform",0,0
1000,0.5,0.2,2,3,"Central",0.0298,0.00240466047499434
1000,0.5,0.2,2,3,"Tail",0.0778,0.00378806441339109
1000,0.5,0.2,2,3,"Localized",0.0286,0.0023572034277932
1000,0.5,0.2,2,5,"Uniform",0,0
1000,0.5,0.2,2,5,"Central",0.0274,0.00230864635663412
1000,0.5,0.2,2,5,"Tail",0.0758,0.00374310993693747
1000,0.5,0.2,2,5,"Localized",0.0316,0.00247392158323581
1000,0.5,0.2,2,8,"Uniform",0,0
1000,0.5,0.2,2,8,"Central",0.0368,0.00266254614983478
1000,0.5,0.2,2,8,"Tail",0.0636,0.0034512328232097
1000,0.5,0.2,2,8,"Localized",0.0306,0.00243571919563812
1000,0.75,0.05,0.5,1,"Uniform",0,0
1000,0.75,0.05,0.5,1,"Central",0.0412,0.00281078494374792
1000,0.75,0.05,0.5,1,"Tail",0.0602,0.00336380617753164
1000,0.75,0.05,0.5,1,"Localized",0.0404,0.00278452293939195
1000,0.75,0.05,0.5,2,"Uniform",0,0
1000,0.75,0.05,0.5,2,"Central",0.0584,0.00331630637909105
1000,0.75,0.05,0.5,2,"Tail",0.0536,0.00318518570887162
1000,0.75,0.05,0.5,2,"Localized",0.0414,0.00281730509529941
1000,0.75,0.05,0.5,3,"Uniform",0,0
1000,0.75,0.05,0.5,3,"Central",0.0474,0.00300510365877785
1000,0.75,0.05,0.5,3,"Tail",0.0522,0.00314563697841947
1000,0.75,0.05,0.5,3,"Localized",0.0508,0.00310545842026584
1000,0.75,0.05,0.5,5,"Uniform",0,0
1000,0.75,0.05,0.5,5,"Central",0.0418,0.00283029185774188
1000,0.75,0.05,0.5,5,"Tail",0.0564,0.00326248494249399
1000,0.75,0.05,0.5,5,"Localized",0.0476,0.00301112072159188
1000,0.75,0.05,0.5,8,"Uniform",0,0
1000,0.75,0.05,0.5,8,"Central",0.048,0.00302311098043059
1000,0.75,0.05,0.5,8,"Tail",0.0488,0.00304691844328003
1000,0.75,0.05,0.5,8,"Localized",0.043,0.00286883251515316
1000,0.75,0.05,1,1,"Uniform",0,0
1000,0.75,0.05,1,1,"Central",0.045,0.00293172304285381
1000,0.75,0.05,1,1,"Tail",0.0554,0.00323514574633045
1000,0.75,0.05,1,1,"Localized",0.0348,0.00259187036712873
1000,0.75,0.05,1,2,"Uniform",0,0
1000,0.75,0.05,1,2,"Central",0.0524,0.00315132480077824
1000,0.75,0.05,1,2,"Tail",0.054,0.00319637294444813
1000,0.75,0.05,1,2,"Localized",0.0342,0.0025702280054501
1000,0.75,0.05,1,3,"Uniform",0,0
1000,0.75,0.05,1,3,"Central",0.0504,0.00309385972532693
1000,0.75,0.05,1,3,"Tail",0.0544,0.0032075111847038
1000,0.75,0.05,1,3,"Localized",0.0424,0.00284963997726029
1000,0.75,0.05,1,5,"Uniform",0,0
1000,0.75,0.05,1,5,"Central",0.049,0.00305283474822991
1000,0.75,0.05,1,5,"Tail",0.0546,0.00321306209090332
1000,0.75,0.05,1,5,"Localized",0.0382,0.0027107474983849
1000,0.75,0.05,1,8,"Uniform",0,0
1000,0.75,0.05,1,8,"Central",0.0482,0.00302908435009658
1000,0.75,0.05,1,8,"Tail",0.0496,0.00307049963361014
1000,0.75,0.05,1,8,"Localized",0.037,0.00266949433413896
1000,0.75,0.05,1.5,1,"Uniform",0,0
1000,0.75,0.05,1.5,1,"Central",0.0454,0.00294410733499986
1000,0.75,0.05,1.5,1,"Tail",0.0656,0.00350133231784702
1000,0.75,0.05,1.5,1,"Localized",0.0388,0.00273110087693589
1000,0.75,0.05,1.5,2,"Uniform",0,0
1000,0.75,0.05,1.5,2,"Central",0.0508,0.00310545842026584
1000,0.75,0.05,1.5,2,"Tail",0.051,0.00311123769583746
1000,0.75,0.05,1.5,2,"Localized",0.035,0.00259903828367341
1000,0.75,0.05,1.5,3,"Uniform",0,0
1000,0.75,0.05,1.5,3,"Central",0.0614,0.00339499749631719
1000,0.75,0.05,1.5,3,"Tail",0.056,0.00325158422926425
1000,0.75,0.05,1.5,3,"Localized",0.036,0.00263453980801202
1000,0.75,0.05,1.5,5,"Uniform",0,0
1000,0.75,0.05,1.5,5,"Central",0.0426,0.00285605462132642
1000,0.75,0.05,1.5,5,"Tail",0.0538,0.00319078548323136
1000,0.75,0.05,1.5,5,"Localized",0.0342,0.0025702280054501
1000,0.75,0.05,1.5,8,"Uniform",0,0
1000,0.75,0.05,1.5,8,"Central",0.0502,0.00308804015517933
1000,0.75,0.05,1.5,8,"Tail",0.049,0.00305283474822991
1000,0.75,0.05,1.5,8,"Localized",0.0398,0.00276463234445378
1000,0.75,0.05,2,1,"Uniform",0,0
1000,0.75,0.05,2,1,"Central",0.0442,0.00290676314824583
1000,0.75,0.05,2,1,"Tail",0.0618,0.00340531232047811
1000,0.75,0.05,2,1,"Localized",0.027,0.00229220417938717
1000,0.75,0.05,2,2,"Uniform",0,0
1000,0.75,0.05,2,2,"Central",0.0532,0.00317394895989208
1000,0.75,0.05,2,2,"Tail",0.0518,0.0031342227106573
1000,0.75,0.05,2,2,"Localized",0.0266,0.00227562914377541
1000,0.75,0.05,2,3,"Uniform",0,0
1000,0.75,0.05,2,3,"Central",0.0524,0.00315132480077824
1000,0.75,0.05,2,3,"Tail",0.0522,0.00314563697841947
1000,0.75,0.05,2,3,"Localized",0.0264,0.00226729089443768
1000,0.75,0.05,2,5,"Uniform",0,0
1000,0.75,0.05,2,5,"Central",0.0404,0.00278452293939195
1000,0.75,0.05,2,5,"Tail",0.0554,0.00323514574633045
1000,0.75,0.05,2,5,"Localized",0.0312,0.00245872161905328
1000,0.75,0.05,2,8,"Uniform",0,0
1000,0.75,0.05,2,8,"Central",0.0528,0.00316266216975509
1000,0.75,0.05,2,8,"Tail",0.0574,0.0032895361375124
1000,0.75,0.05,2,8,"Localized",0.0412,0.00281078494374792
1000,0.75,0.1,0.5,1,"Uniform",0,0
1000,0.75,0.1,0.5,1,"Central",0.0456,0.00295027591929975
1000,0.75,0.1,0.5,1,"Tail",0.0594,0.00334280241713446
1000,0.75,0.1,0.5,1,"Localized",0.0418,0.00283029185774188
1000,0.75,0.1,0.5,2,"Uniform",0,0
1000,0.75,0.1,0.5,2,"Central",0.052,0.00313993630508646
1000,0.75,0.1,0.5,2,"Tail",0.0498,0.00307636018697421
1000,0.75,0.1,0.5,2,"Localized",0.0454,0.00294410733499986
1000,0.75,0.1,0.5,3,"Uniform",0,0
1000,0.75,0.1,0.5,3,"Central",0.0466,0.00298088711627931
1000,0.75,0.1,0.5,3,"Tail",0.0496,0.00307049963361014
1000,0.75,0.1,0.5,3,"Localized",0.0496,0.00307049963361014
1000,0.75,0.1,0.5,5,"Uniform",0,0
1000,0.75,0.1,0.5,5,"Central",0.0454,0.00294410733499986
1000,0.75,0.1,0.5,5,"Tail",0.057,0.00327874976172321
1000,0.75,0.1,0.5,5,"Localized",0.0444,0.00291302729132427
1000,0.75,0.1,0.5,8,"Uniform",0,0
1000,0.75,0.1,0.5,8,"Central",0.0516,0.00312849612433834
1000,0.75,0.1,0.5,8,"Tail",0.0526,0.00315699984162179
1000,0.75,0.1,0.5,8,"Localized",0.0404,0.00278452293939195
1000,0.75,0.1,1,1,"Uniform",0,0
1000,0.75,0.1,1,1,"Central",0.0384,0.00271755183943195
1000,0.75,0.1,1,1,"Tail",0.057,0.00327874976172321
1000,0.75,0.1,1,1,"Localized",0.0344,0.00257746542168852
1000,0.75,0.1,1,2,"Uniform",0,0
1000,0.75,0.1,1,2,"Central",0.0508,0.00310545842026584
1000,0.75,0.1,1,2,"Tail",0.0522,0.00314563697841947
1000,0.75,0.1,1,2,"Localized",0.0366,0.00265557677350891
1000,0.75,0.1,1,3,"Uniform",0,0
1000,0.75,0.1,1,3,"Central",0.0524,0.00315132480077824
1000,0.75,0.1,1,3,"Tail",0.048,0.00302311098043059
1000,0.75,0.1,1,3,"Localized",0.0396,0.00275796446677618
1000,0.75,0.1,1,5,"Uniform",0,0
1000,0.75,0.1,1,5,"Central",0.0466,0.00298088711627931
1000,0.75,0.1,1,5,"Tail",0.058,0.00330563155841664
1000,0.75,0.1,1,5,"Localized",0.0358,0.00262748396760094
1000,0.75,0.1,1,8,"Uniform",0,0
1000,0.75,0.1,1,8,"Central",0.0476,0.00301112072159188
1000,0.75,0.1,1,8,"Tail",0.0484,0.00303504332753257
1000,0.75,0.1,1,8,"Localized",0.0426,0.00285605462132642
1000,0.75,0.1,1.5,1,"Uniform",0,0
1000,0.75,0.1,1.5,1,"Central",0.044,0.00290048271844533
1000,0.75,0.1,1.5,1,"Tail",0.0586,0.00332162731202644
1000,0.75,0.1,1.5,1,"Localized",0.0298,0.00240466047499434
1000,0.75,0.1,1.5,2,"Uniform",0,0
1000,0.75,0.1,1.5,2,"Central",0.0556,0.00324063697442339
1000,0.75,0.1,1.5,2,"Tail",0.0528,0.00316266216975509
1000,0.75,0.1,1.5,2,"Localized",0.0374,0.00268332778467335
1000,0.75,0.1,1.5,3,"Uniform",0,0
1000,0.75,0.1,1.5,3,"Central",0.0444,0.00291302729132427
1000,0.75,0.1,1.5,3,"Tail",0.0542,0.00320194815698193
1000,0.75,0.1,1.5,3,"Localized",0.0264,0.00226729089443768
1000,0.75,0.1,1.5,5,"Uniform",0,0
1000,0.75,0.1,1.5,5,"Central",0.0424,0.00284963997726029
1000,0.75,0.1,1.5,5,"Tail",0.0582,0.003310974478911
1000,0.75,0.1,1.5,5,"Localized",0.0284,0.00234918879615922
1000,0.75,0.1,1.5,8,"Uniform",0,0
1000,0.75,0.1,1.5,8,"Central",0.0458,0.00295642892693195
1000,0.75,0.1,1.5,8,"Tail",0.0548,0.00321860093829602
1000,0.75,0.1,1.5,8,"Localized",0.0364,0.00264858603787002
1000,0.75,0.1,2,1,"Uniform",0,0
1000,0.75,0.1,2,1,"Central",0.0432,0.00287519599331941
1000,0.75,0.1,2,1,"Tail",0.0612,0.00338982477423244
1000,0.75,0.1,2,1,"Localized",0.0302,0.00242024626846112
1000,0.75,0.1,2,2,"Uniform",0,0
1000,0.75,0.1,2,2,"Central",0.0576,0.00329491244193226
1000,0.75,0.1,2,2,"Tail",0.0534,0.00317957355631223
1000,0.75,0.1,2,2,"Localized",0.0264,0.00226729089443768
1000,0.75,0.1,2,3,"Uniform",0,0
1000,0.75,0.1,2,3,"Central",0.0492,0.00305873699425106
1000,0.75,0.1,2,3,"Tail",0.049,0.00305283474822991
1000,0.75,0.1,2,3,"Localized",0.0282,0.00234114331043616
1000,0.75,0.1,2,5,"Uniform",0,0
1000,0.75,0.1,2,5,"Central",0.0484,0.00303504332753257
1000,0.75,0.1,2,5,"Tail",0.0562,0.00325704037432759
1000,0.75,0.1,2,5,"Localized",0.027,0.00229220417938717
1000,0.75,0.1,2,8,"Uniform",0,0
1000,0.75,0.1,2,8,"Central",0.0548,0.00321860093829602
1000,0.75,0.1,2,8,"Tail",0.0564,0.00326248494249399
1000,0.75,0.1,2,8,"Localized",0.0366,0.00265557677350891
1000,0.75,0.2,0.5,1,"Uniform",0,0
1000,0.75,0.2,0.5,1,"Central",0.0406,0.00279111590586991
1000,0.75,0.2,0.5,1,"Tail",0.0608,0.00337944847571316
1000,0.75,0.2,0.5,1,"Localized",0.0442,0.00290676314824583
1000,0.75,0.2,0.5,2,"Uniform",0,0
1000,0.75,0.2,0.5,2,"Central",0.0508,0.00310545842026584
1000,0.75,0.2,0.5,2,"Tail",0.057,0.00327874976172321
1000,0.75,0.2,0.5,2,"Localized",0.0358,0.00262748396760094
1000,0.75,0.2,0.5,3,"Uniform",0,0
1000,0.75,0.2,0.5,3,"Central",0.0444,0.00291302729132427
1000,0.75,0.2,0.5,3,"Tail",0.0518,0.0031342227106573
1000,0.75,0.2,0.5,3,"Localized",0.0452,0.00293792307591605
1000,0.75,0.2,0.5,5,"Uniform",0,0
1000,0.75,0.2,0.5,5,"Central",0.0428,0.00286245209566903
1000,0.75,0.2,0.5,5,"Tail",0.054,0.00319637294444813
1000,0.75,0.2,0.5,5,"Localized",0.048,0.00302311098043059
1000,0.75,0.2,0.5,8,"Uniform",0,0
1000,0.75,0.2,0.5,8,"Central",0.0512,0.0031170036894428
1000,0.75,0.2,0.5,8,"Tail",0.0528,0.00316266216975509
1000,0.75,0.2,0.5,8,"Localized",0.0366,0.00265557677350891
1000,0.75,0.2,1,1,"Uniform",0,0
1000,0.75,0.2,1,1,"Central",0.0384,0.00271755183943195
1000,0.75,0.2,1,1,"Tail",0.0614,0.00339499749631719
1000,0.75,0.2,1,1,"Localized",0.032,0.00248901586977665
1000,0.75,0.2,1,2,"Uniform",0,0
1000,0.75,0.2,1,2,"Central",0.0538,0.00319078548323136
1000,0.75,0.2,1,2,"Tail",0.0542,0.00320194815698193
1000,0.75,0.2,1,2,"Localized",0.0356,0.00262040607540129
1000,0.75,0.2,1,3,"Uniform",0,0
1000,0.75,0.2,1,3,"Central",0.0434,0.00288154264240528
1000,0.75,0.2,1,3,"Tail",0.0554,0.00323514574633045
1000,0.75,0.2,1,3,"Localized",0.0382,0.0027107474983849
1000,0.75,0.2,1,5,"Uniform",0,0
1000,0.75,0.2,1,5,"Central",0.041,0.00280424677944007
1000,0.75,0.2,1,5,"Tail",0.055,0.0032241277890307
1000,0.75,0.2,1,5,"Localized",0.0402,0.00277791144567281
1000,0.75,0.2,1,8,"Uniform",0,0
1000,0.75,0.2,1,8,"Central",0.0478,0.00301712313305241
1000,0.75,0.2,1,8,"Tail",0.0544,0.0032075111847038
1000,0.75,0.2,1,8,"Localized",0.0374,0.00268332778467335
1000,0.75,0.2,1.5,1,"Uniform",0,0
1000,0.75,0.2,1.5,1,"Central",0.0406,0.00279111590586991
1000,0.75,0.2,1.5,1,"Tail",0.0572,0.00328414859590732
1000,0.75,0.2,1.5,1,"Localized",0.0314,0.00246633493264804
1000,0.75,0.2,1.5,2,"Uniform",0,0
1000,0.75,0.2,1.5,2,"Central",0.0528,0.00316266216975509
1000,0.75,0.2,1.5,2,"Tail",0.061,0.00338464178311383
1000,0.75,0.2,1.5,2,"Localized",0.0274,0.00230864635663412
1000,0.75,0.2,1.5,3,"Uniform",0,0
1000,0.75,0.2,1.5,3,"Central",0.0486,0.0030409879973456
1000,0.75,0.2,1.5,3,"Tail",0.0578,0.00330027756408457
1000,0.75,0.2,1.5,3,"Localized",0.0272,0.00230044169671826
1000,0.75,0.2,1.5,5,"Uniform",0,0
1000,0.75,0.2,1.5,5,"Central",0.0354,0.00261330595223751
1000,0.75,0.2,1.5,5,"Tail",0.0564,0.00326248494249399
1000,0.75,0.2,1.5,5,"Localized",0.0328,0.00251889499582654
1000,0.75,0.2,1.5,8,"Uniform",0,0
1000,0.75,0.2,1.5,8,"Central",0.0452,0.00293792307591605
1000,0.75,0.2,1.5,8,"Tail",0.0506,0.00309966578843591
1000,0.75,0.2,1.5,8,"Localized",0.0426,0.00285605462132642
1000,0.75,0.2,2,1,"Uniform",0,0
1000,0.75,0.2,2,1,"Central",0.044,0.00290048271844533
1000,0.75,0.2,2,1,"Tail",0.0648,0.00348140661227614
1000,0.75,0.2,2,1,"Localized",0.0226,0.00210186774084384
1000,0.75,0.2,2,2,"Uniform",0,0
1000,0.75,0.2,2,2,"Central",0.0464,0.00297479545515318
1000,0.75,0.2,2,2,"Tail",0.0518,0.0031342227106573
1000,0.75,0.2,2,2,"Localized",0.0258,0.00224206868761865
1000,0.75,0.2,2,3,"Uniform",0,0
1000,0.75,0.2,2,3,"Central",0.0468,0.00298696367570816
1000,0.75,0.2,2,3,"Tail",0.0568,0.00327333957908433
1000,0.75,0.2,2,3,"Localized",0.033,0.00252630164469724
1000,0.75,0.2,2,5,"Uniform",0,0
1000,0.75,0.2,2,5,"Central",0.0426,0.00285605462132642
1000,0.75,0.2,2,5,"Tail",0.0612,0.00338982477423244
1000,0.75,0.2,2,5,"Localized",0.029,0.00237314137800511
1000,0.75,0.2,2,8,"Uniform",0,0
1000,0.75,0.2,2,8,"Central",0.0444,0.00291302729132427
1000,0.75,0.2,2,8,"Tail",0.0576,0.00329491244193226
1000,0.75,0.2,2,8,"Localized",0.0358,0.00262748396760094
